RGIId   ,GLIMSId ,                      Area,  25,  75, 125, 175, 225, 275, 325, 375, 425, 475, 525, 575, 625, 675, 725, 775, 825, 875, 925, 975,1025,1075,1125,1175,1225,1275,1325,1375,1425,1475,1525,1575,1625,1675,1725,1775,1825,1875,1925,1975,2025,2075,2125,2175,2225,2275,2325
RGI60-07.00001,G017035E76705N,         0.597,   0,   0,  25, 192, 215, 198, 165, 123,  72,  10,   0,   0,   0,   0,   0,   0,   0,   0,   0,   0,   0,   0,   0,   0,   0,   0,   0,   0,   0,   0,   0,   0,   0,   0,   0,   0,   0,   0,   0,   0,   0,   0,   0,   0,   0,   0,   0
RGI60-07.00002,G016189E76787N,         0.581,   0,   0,   0,   0,  38, 284, 197, 189, 158,  90,  36,   8,   0,   0,   0,   0,   0,   0,   0,   0,   0,   0,   0,   0,   0,   0,   0,   0,   0,   0,   0,   0,   0,   0,   0,   0,   0,   0,   0,   0,   0,   0,   0,   0,   0,   0,   0
RGI60-07.00003,G016392E76919N,         0.388,   0,   0,   0, 118, 126, 149, 203, 190, 110,  81,  23,   0,   0,   0,   0,   0,   0,   0,   0,   0,   0,   0,   0,   0,   0,   0,   0,   0,   0,   0,   0,   0,   0,   0,   0,   0,   0,   0,   0,   0,   0,   0,   0,   0,   0,   0,   0
RGI60-07.00004,G015993E76942N,         1.044,   0,   0,   0,   0,   0,   0,   0,   0,   0,   0,   0,   0,   0,  12, 132, 357, 203, 178, 118,   0,   0,   0,   0,   0,   0,   0,   0,   0,   0,   0,   0,   0,   0,   0,   0,   0,   0,   0,   0,   0,   0,   0,   0,   0,   0,   0,   0
RGI60-07.00005,G016497E76956N,         0.500,   0,   0,   0,  21, 371, 357, 196,  55,   0,   0,   0,   0,   0,   0,   0,   0,   0,   0,   0,   0,   0,   0,   0,   0,   0,   0,   0,   0,   0,   0,   0,   0,   0,   0,   0,   0,   0,   0,   0,   0,   0,   0,   0,   0,   0,   0,   0
RGI60-07.00006,G016429E76938N,        13.618,   0,   0,  23, 135, 190, 120, 165, 196,  80,  47,  29,  14,   1,   0,   0,   0,   0,   0,   0,   0,   0,   0,   0,   0,   0,   0,   0,   0,   0,   0,   0,   0,   0,   0,   0,   0,   0,   0,   0,   0,   0,   0,   0,   0,   0,   0,   0
RGI60-07.00007,G016426E76966N,         0.559,   0,   0,  16, 259, 274, 297, 117,  34,   3,   0,   0,   0,   0,   0,   0,   0,   0,   0,   0,   0,   0,   0,   0,   0,   0,   0,   0,   0,   0,   0,   0,   0,   0,   0,   0,   0,   0,   0,   0,   0,   0,   0,   0,   0,   0,   0,   0
RGI60-07.00008,G016104E77038N,         1.577,   0,  16, 198, 225, 247, 167,  97,  42,   8,   0,   0,   0,   0,   0,   0,   0,   0,   0,   0,   0,   0,   0,   0,   0,   0,   0,   0,   0,   0,   0,   0,   0,   0,   0,   0,   0,   0,   0,   0,   0,   0,   0,   0,   0,   0,   0,   0
RGI60-07.00009,G015271E77047N,         0.651,   0,   0,   0,   0,   0,  53, 274, 331, 189, 123,  30,   0,   0,   0,   0,   0,   0,   0,   0,   0,   0,   0,   0,   0,   0,   0,   0,   0,   0,   0,   0,   0,   0,   0,   0,   0,   0,   0,   0,   0,   0,   0,   0,   0,   0,   0,   0
RGI60-07.00010,G015780E77043N,         1.456,   0,   0,   0,   0,  61, 199, 159, 193, 144, 120,  70,  42,  12,   0,   0,   0,   0,   0,   0,   0,   0,   0,   0,   0,   0,   0,   0,   0,   0,   0,   0,   0,   0,   0,   0,   0,   0,   0,   0,   0,   0,   0,   0,   0,   0,   0,   0
RGI60-07.00011,G016092E77050N,         0.659,   0,   0,  26, 269, 367, 224,  98,  15,   1,   0,   0,   0,   0,   0,   0,   0,   0,   0,   0,   0,   0,   0,   0,   0,   0,   0,   0,   0,   0,   0,   0,   0,   0,   0,   0,   0,   0,   0,   0,   0,   0,   0,   0,   0,   0,   0,   0
RGI60-07.00012,G015893E77068N,         0.513,   0,   0,  80, 213, 224, 166, 120,  76,  54,  47,  20,   0,   0,   0,   0,   0,   0,   0,   0,   0,   0,   0,   0,   0,   0,   0,   0,   0,   0,   0,   0,   0,   0,   0,   0,   0,   0,   0,   0,   0,   0,   0,   0,   0,   0,   0,   0
RGI60-07.00013,G015760E77079N,         0.083,   0,   0,   0,   0,   0,  38, 106, 220, 242, 318,  76,   0,   0,   0,   0,   0,   0,   0,   0,   0,   0,   0,   0,   0,   0,   0,   0,   0,   0,   0,   0,   0,   0,   0,   0,   0,   0,   0,   0,   0,   0,   0,   0,   0,   0,   0,   0
RGI60-07.00014,G015877E77080N,         0.194,   0,   0,   0,  74, 208, 155,  87, 133, 159, 100,  61,  23,   0,   0,   0,   0,   0,   0,   0,   0,   0,   0,   0,   0,   0,   0,   0,   0,   0,   0,   0,   0,   0,   0,   0,   0,   0,   0,   0,   0,   0,   0,   0,   0,   0,   0,   0
RGI60-07.00015,G015746E77081N,         0.312,   0,   0,   0,   0,  44,  58,  88, 104, 122, 146, 100,  82, 124, 120,  12,   0,   0,   0,   0,   0,   0,   0,   0,   0,   0,   0,   0,   0,   0,   0,   0,   0,   0,   0,   0,   0,   0,   0,   0,   0,   0,   0,   0,   0,   0,   0,   0
RGI60-07.00016,G015859E77084N,         0.229,   0,   0, 302, 250, 181, 135, 102,  30,   0,   0,   0,   0,   0,   0,   0,   0,   0,   0,   0,   0,   0,   0,   0,   0,   0,   0,   0,   0,   0,   0,   0,   0,   0,   0,   0,   0,   0,   0,   0,   0,   0,   0,   0,   0,   0,   0,   0
RGI60-07.00017,G015308E77119N,         0.688,   0,   0,   0,   0,   1,  64, 221, 123,  91,  94, 130, 117,  74,  38,  25,  18,   4,   0,   0,   0,   0,   0,   0,   0,   0,   0,   0,   0,   0,   0,   0,   0,   0,   0,   0,   0,   0,   0,   0,   0,   0,   0,   0,   0,   0,   0,   0
RGI60-07.00018,G015264E77153N,         0.559,   0,   0,   0,   0,   0,   0,  27, 128, 270, 201, 200, 125,  38,  10,   1,   0,   0,   0,   0,   0,   0,   0,   0,   0,   0,   0,   0,   0,   0,   0,   0,   0,   0,   0,   0,   0,   0,   0,   0,   0,   0,   0,   0,   0,   0,   0,   0
RGI60-07.00019,G015267E77165N,         0.329,   0,   0,   0,   0,   0,   2, 121, 280, 258, 187, 129,  23,   0,   0,   0,   0,   0,   0,   0,   0,   0,   0,   0,   0,   0,   0,   0,   0,   0,   0,   0,   0,   0,   0,   0,   0,   0,   0,   0,   0,   0,   0,   0,   0,   0,   0,   0
RGI60-07.00020,G017333E77171N,         0.439,   0,   0,   0,   0,   0,  46, 238, 337, 332,  47,   0,   0,   0,   0,   0,   0,   0,   0,   0,   0,   0,   0,   0,   0,   0,   0,   0,   0,   0,   0,   0,   0,   0,   0,   0,   0,   0,   0,   0,   0,   0,   0,   0,   0,   0,   0,   0
RGI60-07.00021,G014675E77314N,         0.552,   0,   0,   0,   0,   0,  47,  90, 140, 374, 243,  95,  11,   0,   0,   0,   0,   0,   0,   0,   0,   0,   0,   0,   0,   0,   0,   0,   0,   0,   0,   0,   0,   0,   0,   0,   0,   0,   0,   0,   0,   0,   0,   0,   0,   0,   0,   0
RGI60-07.00022,G014647E77325N,         0.469,   0,   0,   0,   0,   0,   0, 104, 241, 289, 223,  95,  33,  15,   0,   0,   0,   0,   0,   0,   0,   0,   0,   0,   0,   0,   0,   0,   0,   0,   0,   0,   0,   0,   0,   0,   0,   0,   0,   0,   0,   0,   0,   0,   0,   0,   0,   0
RGI60-07.00023,G017366E77324N,         0.951,   0,   0, 124, 172, 235, 205, 130,  97,  37,   0,   0,   0,   0,   0,   0,   0,   0,   0,   0,   0,   0,   0,   0,   0,   0,   0,   0,   0,   0,   0,   0,   0,   0,   0,   0,   0,   0,   0,   0,   0,   0,   0,   0,   0,   0,   0,   0
RGI60-07.00024,G016100E77347N,         1.025,   0,   0,   0,   0,   0,  15, 106, 162, 179, 210, 210,  81,  37,   0,   0,   0,   0,   0,   0,   0,   0,   0,   0,   0,   0,   0,   0,   0,   0,   0,   0,   0,   0,   0,   0,   0,   0,   0,   0,   0,   0,   0,   0,   0,   0,   0,   0
RGI60-07.00025,G023512E79401N,      1095.853,  17,  92, 102, 127, 114,  78,  92,  81,  69,  59,  59,  63,  38,   9,   0,   0,   0,   0,   0,   0,   0,   0,   0,   0,   0,   0,   0,   0,   0,   0,   0,   0,   0,   0,   0,   0,   0,   0,   0,   0,   0,   0,   0,   0,   0,   0,   0
RGI60-07.00026,G024447E79366N,       153.538,  15, 120, 133, 233, 186, 110, 185,  18,   0,   0,   0,   0,   0,   0,   0,   0,   0,   0,   0,   0,   0,   0,   0,   0,   0,   0,   0,   0,   0,   0,   0,   0,   0,   0,   0,   0,   0,   0,   0,   0,   0,   0,   0,   0,   0,   0,   0
RGI60-07.00027,G024554E79593N,      1226.367,   8,  49,  54,  56,  59,  65,  38,  49,  53,  68,  84, 106, 122,  84,  82,  23,   0,   0,   0,   0,   0,   0,   0,   0,   0,   0,   0,   0,   0,   0,   0,   0,   0,   0,   0,   0,   0,   0,   0,   0,   0,   0,   0,   0,   0,   0,   0
RGI60-07.00028,G025275E79607N,       249.109,   0,  49,  59,  74,  94, 136,  88, 108,  95,  89,  96,  70,  42,   0,   0,   0,   0,   0,   0,   0,   0,   0,   0,   0,   0,   0,   0,   0,   0,   0,   0,   0,   0,   0,   0,   0,   0,   0,   0,   0,   0,   0,   0,   0,   0,   0,   0
RGI60-07.00029,G025601E79742N,       662.905,   6,  28,  36,  51,  58,  69,  66,  50,  65,  71, 105,  79, 130, 140,  46,   0,   0,   0,   0,   0,   0,   0,   0,   0,   0,   0,   0,   0,   0,   0,   0,   0,   0,   0,   0,   0,   0,   0,   0,   0,   0,   0,   0,   0,   0,   0,   0
RGI60-07.00030,G026348E79807N,       175.992,   6,  27,  64,  90, 100, 132,  73,  73, 129,  96, 121,  77,  12,   0,   0,   0,   0,   0,   0,   0,   0,   0,   0,   0,   0,   0,   0,   0,   0,   0,   0,   0,   0,   0,   0,   0,   0,   0,   0,   0,   0,   0,   0,   0,   0,   0,   0
RGI60-07.00031,G026607E79872N,       218.616,   3,  53,  57,  65,  98, 201,  64,  67, 116, 135, 118,  23,   0,   0,   0,   0,   0,   0,   0,   0,   0,   0,   0,   0,   0,   0,   0,   0,   0,   0,   0,   0,   0,   0,   0,   0,   0,   0,   0,   0,   0,   0,   0,   0,   0,   0,   0
RGI60-07.00032,G020228E80242N,        16.277,   0,  12,  39,  56,  57,  72, 127, 175, 197, 107,  58,  75,  25,   0,   0,   0,   0,   0,   0,   0,   0,   0,   0,   0,   0,   0,   0,   0,   0,   0,   0,   0,   0,   0,   0,   0,   0,   0,   0,   0,   0,   0,   0,   0,   0,   0,   0
RGI60-07.00033,G020064E80206N,        38.758,   3,   5,  21,  63,  81,  53,  65, 119, 263, 176,  92,  50,   9,   0,   0,   0,   0,   0,   0,   0,   0,   0,   0,   0,   0,   0,   0,   0,   0,   0,   0,   0,   0,   0,   0,   0,   0,   0,   0,   0,   0,   0,   0,   0,   0,   0,   0
RGI60-07.00034,G020171E80152N,        82.176,   0,   0,   0,  16,  60,  45, 126, 142, 168, 219, 192,  31,   1,   0,   0,   0,   0,   0,   0,   0,   0,   0,   0,   0,   0,   0,   0,   0,   0,   0,   0,   0,   0,   0,   0,   0,   0,   0,   0,   0,   0,   0,   0,   0,   0,   0,   0
RGI60-07.00035,G021342E80037N,       224.739,   5,  10,  17,  28,  42,  48,  55,  85, 129, 124, 193, 210,  54,   0,   0,   0,   0,   0,   0,   0,   0,   0,   0,   0,   0,   0,   0,   0,   0,   0,   0,   0,   0,   0,   0,   0,   0,   0,   0,   0,   0,   0,   0,   0,   0,   0,   0
RGI60-07.00036,G020565E80186N,        67.387,   4,  27,  46,  55,  41,  46,  56,  79, 104, 192, 236, 103,  11,   0,   0,   0,   0,   0,   0,   0,   0,   0,   0,   0,   0,   0,   0,   0,   0,   0,   0,   0,   0,   0,   0,   0,   0,   0,   0,   0,   0,   0,   0,   0,   0,   0,   0
RGI60-07.00037,G021872E79984N,       112.063,   1,   8,  18,  31,  66, 105, 126, 159,  82, 133, 166, 105,   0,   0,   0,   0,   0,   0,   0,   0,   0,   0,   0,   0,   0,   0,   0,   0,   0,   0,   0,   0,   0,   0,   0,   0,   0,   0,   0,   0,   0,   0,   0,   0,   0,   0,   0
RGI60-07.00038,G019402E79953N,        61.667,   0,   0,   7,  24,  59,  80,  98, 110, 164, 228, 183,  47,   0,   0,   0,   0,   0,   0,   0,   0,   0,   0,   0,   0,   0,   0,   0,   0,   0,   0,   0,   0,   0,   0,   0,   0,   0,   0,   0,   0,   0,   0,   0,   0,   0,   0,   0
RGI60-07.00039,G019005E79891N,        54.782,   0,   2,   7,  56, 104, 122, 159, 226, 150, 125,  49,   0,   0,   0,   0,   0,   0,   0,   0,   0,   0,   0,   0,   0,   0,   0,   0,   0,   0,   0,   0,   0,   0,   0,   0,   0,   0,   0,   0,   0,   0,   0,   0,   0,   0,   0,   0
RGI60-07.00040,G021854E79884N,        56.294,   0,   2,   4,  10,  29, 137, 174, 158, 166, 168, 150,   2,   0,   0,   0,   0,   0,   0,   0,   0,   0,   0,   0,   0,   0,   0,   0,   0,   0,   0,   0,   0,   0,   0,   0,   0,   0,   0,   0,   0,   0,   0,   0,   0,   0,   0,   0
RGI60-07.00041,G020987E80120N,       158.996,   8,  23,  43,  68, 105, 103,  71,  55,  86, 139, 181, 118,   0,   0,   0,   0,   0,   0,   0,   0,   0,   0,   0,   0,   0,   0,   0,   0,   0,   0,   0,   0,   0,   0,   0,   0,   0,   0,   0,   0,   0,   0,   0,   0,   0,   0,   0
RGI60-07.00042,G021497E79894N,       109.841,  15,  22,  36,  48,  50,  57,  64,  91, 101, 127, 198, 158,  33,   0,   0,   0,   0,   0,   0,   0,   0,   0,   0,   0,   0,   0,   0,   0,   0,   0,   0,   0,   0,   0,   0,   0,   0,   0,   0,   0,   0,   0,   0,   0,   0,   0,   0
RGI60-07.00043,G021160E79852N,        44.960,   4,  25,  57,  86, 103, 119, 138, 149, 149, 112,  53,   5,   0,   0,   0,   0,   0,   0,   0,   0,   0,   0,   0,   0,   0,   0,   0,   0,   0,   0,   0,   0,   0,   0,   0,   0,   0,   0,   0,   0,   0,   0,   0,   0,   0,   0,   0
RGI60-07.00044,G019183E80017N,         1.397,   0,   0,   0,   0, 458, 542,   0,   0,   0,   0,   0,   0,   0,   0,   0,   0,   0,   0,   0,   0,   0,   0,   0,   0,   0,   0,   0,   0,   0,   0,   0,   0,   0,   0,   0,   0,   0,   0,   0,   0,   0,   0,   0,   0,   0,   0,   0
RGI60-07.00045,G018696E79893N,         8.600,   0,   0,   0, 228, 520, 252,   0,   0,   0,   0,   0,   0,   0,   0,   0,   0,   0,   0,   0,   0,   0,   0,   0,   0,   0,   0,   0,   0,   0,   0,   0,   0,   0,   0,   0,   0,   0,   0,   0,   0,   0,   0,   0,   0,   0,   0,   0
RGI60-07.00046,G019589E80409N,         5.053,   0,  29,  63,  67,  74,  99, 123, 101, 114, 124, 106,  88,  12,   0,   0,   0,   0,   0,   0,   0,   0,   0,   0,   0,   0,   0,   0,   0,   0,   0,   0,   0,   0,   0,   0,   0,   0,   0,   0,   0,   0,   0,   0,   0,   0,   0,   0
RGI60-07.00047,G020231E80334N,         0.705,   0,   0,  70, 624, 292,  14,   0,   0,   0,   0,   0,   0,   0,   0,   0,   0,   0,   0,   0,   0,   0,   0,   0,   0,   0,   0,   0,   0,   0,   0,   0,   0,   0,   0,   0,   0,   0,   0,   0,   0,   0,   0,   0,   0,   0,   0,   0
RGI60-07.00048,G019734E80467N,         0.517,   0,   0,   0, 171, 369, 233, 147,  80,   0,   0,   0,   0,   0,   0,   0,   0,   0,   0,   0,   0,   0,   0,   0,   0,   0,   0,   0,   0,   0,   0,   0,   0,   0,   0,   0,   0,   0,   0,   0,   0,   0,   0,   0,   0,   0,   0,   0
RGI60-07.00049,G020117E80381N,         1.560,  43, 178, 509, 270,   0,   0,   0,   0,   0,   0,   0,   0,   0,   0,   0,   0,   0,   0,   0,   0,   0,   0,   0,   0,   0,   0,   0,   0,   0,   0,   0,   0,   0,   0,   0,   0,   0,   0,   0,   0,   0,   0,   0,   0,   0,   0,   0
RGI60-07.00050,G019935E80409N,         4.121,   0,  22, 289, 445,  75,  66,  65,  26,  12,   0,   0,   0,   0,   0,   0,   0,   0,   0,   0,   0,   0,   0,   0,   0,   0,   0,   0,   0,   0,   0,   0,   0,   0,   0,   0,   0,   0,   0,   0,   0,   0,   0,   0,   0,   0,   0,   0
RGI60-07.00051,G020094E80284N,         3.615,   0,   0,   0,  36,  89, 230, 272, 309,  64,   0,   0,   0,   0,   0,   0,   0,   0,   0,   0,   0,   0,   0,   0,   0,   0,   0,   0,   0,   0,   0,   0,   0,   0,   0,   0,   0,   0,   0,   0,   0,   0,   0,   0,   0,   0,   0,   0
RGI60-07.00052,G020224E80277N,         1.727,   0,   0,   0,   0,   4, 101, 148, 169, 276, 302,   0,   0,   0,   0,   0,   0,   0,   0,   0,   0,   0,   0,   0,   0,   0,   0,   0,   0,   0,   0,   0,   0,   0,   0,   0,   0,   0,   0,   0,   0,   0,   0,   0,   0,   0,   0,   0
RGI60-07.00053,G020090E80255N,        13.573,   0,   1,  17,  35,  49, 108, 186, 340, 228,  36,   0,   0,   0,   0,   0,   0,   0,   0,   0,   0,   0,   0,   0,   0,   0,   0,   0,   0,   0,   0,   0,   0,   0,   0,   0,   0,   0,   0,   0,   0,   0,   0,   0,   0,   0,   0,   0
RGI60-07.00054,G020453E80238N,        15.223,   0,   0,   4,  28,  67,  84, 127, 173, 233, 148,  72,  61,   3,   0,   0,   0,   0,   0,   0,   0,   0,   0,   0,   0,   0,   0,   0,   0,   0,   0,   0,   0,   0,   0,   0,   0,   0,   0,   0,   0,   0,   0,   0,   0,   0,   0,   0
RGI60-07.00055,G019603E80427N,         0.465,   0,   0,   0,  39, 488, 280, 122,  63,   8,   0,   0,   0,   0,   0,   0,   0,   0,   0,   0,   0,   0,   0,   0,   0,   0,   0,   0,   0,   0,   0,   0,   0,   0,   0,   0,   0,   0,   0,   0,   0,   0,   0,   0,   0,   0,   0,   0
RGI60-07.00056,G019796E80426N,         1.635,   0,   0,   0,   0,   0,   6,  56, 162, 565, 211,   0,   0,   0,   0,   0,   0,   0,   0,   0,   0,   0,   0,   0,   0,   0,   0,   0,   0,   0,   0,   0,   0,   0,   0,   0,   0,   0,   0,   0,   0,   0,   0,   0,   0,   0,   0,   0
RGI60-07.00057,G019659E80420N,         0.555,   0,  12, 150, 271, 269, 135,  80,  35,  29,  19,   0,   0,   0,   0,   0,   0,   0,   0,   0,   0,   0,   0,   0,   0,   0,   0,   0,   0,   0,   0,   0,   0,   0,   0,   0,   0,   0,   0,   0,   0,   0,   0,   0,   0,   0,   0,   0
RGI60-07.00058,G019781E80440N,         0.391,   0,   0,   0,   0,   0,   0,   0, 467, 533,   0,   0,   0,   0,   0,   0,   0,   0,   0,   0,   0,   0,   0,   0,   0,   0,   0,   0,   0,   0,   0,   0,   0,   0,   0,   0,   0,   0,   0,   0,   0,   0,   0,   0,   0,   0,   0,   0
RGI60-07.00059,G019811E80445N,         0.286,   0,   0, 196, 516, 200,  55,  29,   4,   0,   0,   0,   0,   0,   0,   0,   0,   0,   0,   0,   0,   0,   0,   0,   0,   0,   0,   0,   0,   0,   0,   0,   0,   0,   0,   0,   0,   0,   0,   0,   0,   0,   0,   0,   0,   0,   0,   0
RGI60-07.00060,G026792E79933N,        79.912,   0,  27,  58,  85, 103, 198, 163, 174, 115,  65,  12,   0,   0,   0,   0,   0,   0,   0,   0,   0,   0,   0,   0,   0,   0,   0,   0,   0,   0,   0,   0,   0,   0,   0,   0,   0,   0,   0,   0,   0,   0,   0,   0,   0,   0,   0,   0
RGI60-07.00061,G026793E79997N,        84.651,   0,   9,  64, 110, 117, 207, 176, 184,  86,  46,   1,   0,   0,   0,   0,   0,   0,   0,   0,   0,   0,   0,   0,   0,   0,   0,   0,   0,   0,   0,   0,   0,   0,   0,   0,   0,   0,   0,   0,   0,   0,   0,   0,   0,   0,   0,   0
RGI60-07.00062,G026018E80013N,       692.661,   3,  23,  49,  65,  49,  53,  80,  83,  84,  89, 137, 126, 104,  55,   0,   0,   0,   0,   0,   0,   0,   0,   0,   0,   0,   0,   0,   0,   0,   0,   0,   0,   0,   0,   0,   0,   0,   0,   0,   0,   0,   0,   0,   0,   0,   0,   0
RGI60-07.00063,G021473E78065N,        17.288,   0,   0,   0,   9,  30,  51,  76, 284, 221, 158, 157,  14,   0,   0,   0,   0,   0,   0,   0,   0,   0,   0,   0,   0,   0,   0,   0,   0,   0,   0,   0,   0,   0,   0,   0,   0,   0,   0,   0,   0,   0,   0,   0,   0,   0,   0,   0
RGI60-07.00064,G020962E79419N,        69.091,   3,  16,  32,  61, 130, 167, 150, 177, 166,  98,   0,   0,   0,   0,   0,   0,   0,   0,   0,   0,   0,   0,   0,   0,   0,   0,   0,   0,   0,   0,   0,   0,   0,   0,   0,   0,   0,   0,   0,   0,   0,   0,   0,   0,   0,   0,   0
RGI60-07.00065,G021345E79426N,        80.210,  18,  53,  67,  80, 115, 128, 170, 187, 141,  41,   0,   0,   0,   0,   0,   0,   0,   0,   0,   0,   0,   0,   0,   0,   0,   0,   0,   0,   0,   0,   0,   0,   0,   0,   0,   0,   0,   0,   0,   0,   0,   0,   0,   0,   0,   0,   0
RGI60-07.00066,G020428E79490N,        37.767,   0,  16,  46, 109, 153, 180, 158, 153, 141,  44,   0,   0,   0,   0,   0,   0,   0,   0,   0,   0,   0,   0,   0,   0,   0,   0,   0,   0,   0,   0,   0,   0,   0,   0,   0,   0,   0,   0,   0,   0,   0,   0,   0,   0,   0,   0,   0
RGI60-07.00067,G020395E79549N,        22.325,   0,  28,  37, 107, 155,  76,  93, 130, 194, 180,   0,   0,   0,   0,   0,   0,   0,   0,   0,   0,   0,   0,   0,   0,   0,   0,   0,   0,   0,   0,   0,   0,   0,   0,   0,   0,   0,   0,   0,   0,   0,   0,   0,   0,   0,   0,   0
RGI60-07.00068,G020189E79570N,        29.824,   0,  14,  19,  25,  51, 101, 238, 393, 123,  36,   0,   0,   0,   0,   0,   0,   0,   0,   0,   0,   0,   0,   0,   0,   0,   0,   0,   0,   0,   0,   0,   0,   0,   0,   0,   0,   0,   0,   0,   0,   0,   0,   0,   0,   0,   0,   0
RGI60-07.00069,G020069E79605N,        12.352,  12,  19,  22,  30, 119, 221, 287, 275,  15,   0,   0,   0,   0,   0,   0,   0,   0,   0,   0,   0,   0,   0,   0,   0,   0,   0,   0,   0,   0,   0,   0,   0,   0,   0,   0,   0,   0,   0,   0,   0,   0,   0,   0,   0,   0,   0,   0
RGI60-07.00070,G020136E79517N,        58.493,   0,   5,  40,  78, 104, 118, 179, 254, 171,  51,   0,   0,   0,   0,   0,   0,   0,   0,   0,   0,   0,   0,   0,   0,   0,   0,   0,   0,   0,   0,   0,   0,   0,   0,   0,   0,   0,   0,   0,   0,   0,   0,   0,   0,   0,   0,   0
RGI60-07.00071,G027984E80082N,         9.396, 108, 208, 218, 258, 208,   0,   0,   0,   0,   0,   0,   0,   0,   0,   0,   0,   0,   0,   0,   0,   0,   0,   0,   0,   0,   0,   0,   0,   0,   0,   0,   0,   0,   0,   0,   0,   0,   0,   0,   0,   0,   0,   0,   0,   0,   0,   0
RGI60-07.00072,G028089E80062N,         8.985, 113, 197, 284, 306, 100,   0,   0,   0,   0,   0,   0,   0,   0,   0,   0,   0,   0,   0,   0,   0,   0,   0,   0,   0,   0,   0,   0,   0,   0,   0,   0,   0,   0,   0,   0,   0,   0,   0,   0,   0,   0,   0,   0,   0,   0,   0,   0
RGI60-07.00073,G028126E80087N,         9.366,  88, 203, 262, 300, 147,   0,   0,   0,   0,   0,   0,   0,   0,   0,   0,   0,   0,   0,   0,   0,   0,   0,   0,   0,   0,   0,   0,   0,   0,   0,   0,   0,   0,   0,   0,   0,   0,   0,   0,   0,   0,   0,   0,   0,   0,   0,   0
RGI60-07.00074,G022688E80141N,         3.688,   0,   0,   0,   0,   0,  49,  78, 126, 245, 362, 140,   0,   0,   0,   0,   0,   0,   0,   0,   0,   0,   0,   0,   0,   0,   0,   0,   0,   0,   0,   0,   0,   0,   0,   0,   0,   0,   0,   0,   0,   0,   0,   0,   0,   0,   0,   0
RGI60-07.00075,G022592E80122N,        11.774,   0,   0,   9,  19,  26,  74, 130, 224, 287, 215,  16,   0,   0,   0,   0,   0,   0,   0,   0,   0,   0,   0,   0,   0,   0,   0,   0,   0,   0,   0,   0,   0,   0,   0,   0,   0,   0,   0,   0,   0,   0,   0,   0,   0,   0,   0,   0
RGI60-07.00076,G022679E80102N,         8.565,   0,   0,   0,   2,  37,  92, 168, 295, 218, 171,  17,   0,   0,   0,   0,   0,   0,   0,   0,   0,   0,   0,   0,   0,   0,   0,   0,   0,   0,   0,   0,   0,   0,   0,   0,   0,   0,   0,   0,   0,   0,   0,   0,   0,   0,   0,   0
RGI60-07.00077,G022793E80122N,        11.195,   0,   0,   0,   1,  29,  63, 104, 255, 305, 217,  26,   0,   0,   0,   0,   0,   0,   0,   0,   0,   0,   0,   0,   0,   0,   0,   0,   0,   0,   0,   0,   0,   0,   0,   0,   0,   0,   0,   0,   0,   0,   0,   0,   0,   0,   0,   0
RGI60-07.00078,G022885E80355N,         2.463,   0,   0,   0,  26, 136, 201, 199, 273, 151,  14,   0,   0,   0,   0,   0,   0,   0,   0,   0,   0,   0,   0,   0,   0,   0,   0,   0,   0,   0,   0,   0,   0,   0,   0,   0,   0,   0,   0,   0,   0,   0,   0,   0,   0,   0,   0,   0
RGI60-07.00079,G022870E80345N,         1.002,   0,   0,   0,   0,   0,   0, 193, 365, 361,  81,   0,   0,   0,   0,   0,   0,   0,   0,   0,   0,   0,   0,   0,   0,   0,   0,   0,   0,   0,   0,   0,   0,   0,   0,   0,   0,   0,   0,   0,   0,   0,   0,   0,   0,   0,   0,   0
RGI60-07.00080,G023178E80433N,         1.612,   2,  39,  41,  43, 107, 156, 236, 369,   7,   0,   0,   0,   0,   0,   0,   0,   0,   0,   0,   0,   0,   0,   0,   0,   0,   0,   0,   0,   0,   0,   0,   0,   0,   0,   0,   0,   0,   0,   0,   0,   0,   0,   0,   0,   0,   0,   0
RGI60-07.00081,G023152E80415N,         6.177,  47,  98, 186, 342, 137,  82,  79,  29,   0,   0,   0,   0,   0,   0,   0,   0,   0,   0,   0,   0,   0,   0,   0,   0,   0,   0,   0,   0,   0,   0,   0,   0,   0,   0,   0,   0,   0,   0,   0,   0,   0,   0,   0,   0,   0,   0,   0
RGI60-07.00082,G023110E80399N,         0.319,   0,   0,  74, 604, 322,   0,   0,   0,   0,   0,   0,   0,   0,   0,   0,   0,   0,   0,   0,   0,   0,   0,   0,   0,   0,   0,   0,   0,   0,   0,   0,   0,   0,   0,   0,   0,   0,   0,   0,   0,   0,   0,   0,   0,   0,   0,   0
RGI60-07.00083,G023079E80437N,         2.013,  11,  56,  80,  72,  78, 140, 409, 154,   0,   0,   0,   0,   0,   0,   0,   0,   0,   0,   0,   0,   0,   0,   0,   0,   0,   0,   0,   0,   0,   0,   0,   0,   0,   0,   0,   0,   0,   0,   0,   0,   0,   0,   0,   0,   0,   0,   0
RGI60-07.00084,G022469E80387N,         2.329,   0,   0,   0,   0,  39, 384, 420, 154,   3,   0,   0,   0,   0,   0,   0,   0,   0,   0,   0,   0,   0,   0,   0,   0,   0,   0,   0,   0,   0,   0,   0,   0,   0,   0,   0,   0,   0,   0,   0,   0,   0,   0,   0,   0,   0,   0,   0
RGI60-07.00085,G022447E80375N,         2.360,   0,   0,   0,  31, 181, 238, 319, 194,  37,   0,   0,   0,   0,   0,   0,   0,   0,   0,   0,   0,   0,   0,   0,   0,   0,   0,   0,   0,   0,   0,   0,   0,   0,   0,   0,   0,   0,   0,   0,   0,   0,   0,   0,   0,   0,   0,   0
RGI60-07.00086,G014468E77356N,         0.516,   0,   0,   0,   0,   0, 127, 535, 247,  87,   4,   0,   0,   0,   0,   0,   0,   0,   0,   0,   0,   0,   0,   0,   0,   0,   0,   0,   0,   0,   0,   0,   0,   0,   0,   0,   0,   0,   0,   0,   0,   0,   0,   0,   0,   0,   0,   0
RGI60-07.00087,G014410E77362N,         0.564,   0,   0,   0,   0,   0,  22, 272, 378, 156, 101,  71,   0,   0,   0,   0,   0,   0,   0,   0,   0,   0,   0,   0,   0,   0,   0,   0,   0,   0,   0,   0,   0,   0,   0,   0,   0,   0,   0,   0,   0,   0,   0,   0,   0,   0,   0,   0
RGI60-07.00088,G014458E77366N,         0.861,   0,   0,   0,   0,  31, 214, 318, 254, 127,  55,   1,   0,   0,   0,   0,   0,   0,   0,   0,   0,   0,   0,   0,   0,   0,   0,   0,   0,   0,   0,   0,   0,   0,   0,   0,   0,   0,   0,   0,   0,   0,   0,   0,   0,   0,   0,   0
RGI60-07.00089,G014329E77371N,         0.587,   0,   0,   0,   0,   0,  12, 194, 315, 170, 160, 112,  37,   0,   0,   0,   0,   0,   0,   0,   0,   0,   0,   0,   0,   0,   0,   0,   0,   0,   0,   0,   0,   0,   0,   0,   0,   0,   0,   0,   0,   0,   0,   0,   0,   0,   0,   0
RGI60-07.00090,G014374E77374N,         0.761,   0,   0,   0,   0,   8, 172, 189, 183, 157, 147, 116,  28,   0,   0,   0,   0,   0,   0,   0,   0,   0,   0,   0,   0,   0,   0,   0,   0,   0,   0,   0,   0,   0,   0,   0,   0,   0,   0,   0,   0,   0,   0,   0,   0,   0,   0,   0
RGI60-07.00091,G014706E77379N,         0.493,   0,   0,   0,   0,   0,   0,   0, 126, 374, 198, 163,  97,  42,   0,   0,   0,   0,   0,   0,   0,   0,   0,   0,   0,   0,   0,   0,   0,   0,   0,   0,   0,   0,   0,   0,   0,   0,   0,   0,   0,   0,   0,   0,   0,   0,   0,   0
RGI60-07.00092,G016440E77410N,         1.146,   0,   0,   0,   0,   0,  32,  57,  51,  74,  99, 150, 170, 188,  98,  65,  16,   0,   0,   0,   0,   0,   0,   0,   0,   0,   0,   0,   0,   0,   0,   0,   0,   0,   0,   0,   0,   0,   0,   0,   0,   0,   0,   0,   0,   0,   0,   0
RGI60-07.00093,G015976E77404N,         3.259,   0,   0,   0,   0,   0,  65, 148, 164, 170, 184, 166,  84,  19,   0,   0,   0,   0,   0,   0,   0,   0,   0,   0,   0,   0,   0,   0,   0,   0,   0,   0,   0,   0,   0,   0,   0,   0,   0,   0,   0,   0,   0,   0,   0,   0,   0,   0
RGI60-07.00094,G016652E77403N,         1.904,   0,   0,   0,   0, 101, 103, 113, 159, 240, 190,  77,  17,   0,   0,   0,   0,   0,   0,   0,   0,   0,   0,   0,   0,   0,   0,   0,   0,   0,   0,   0,   0,   0,   0,   0,   0,   0,   0,   0,   0,   0,   0,   0,   0,   0,   0,   0
RGI60-07.00095,G014487E77422N,         0.278,   0,   0,   0,   0,   0, 191, 297, 336, 176,   0,   0,   0,   0,   0,   0,   0,   0,   0,   0,   0,   0,   0,   0,   0,   0,   0,   0,   0,   0,   0,   0,   0,   0,   0,   0,   0,   0,   0,   0,   0,   0,   0,   0,   0,   0,   0,   0
RGI60-07.00096,G016008E77418N,         0.573,   0,   0,   0,   0,   0,   0, 137, 251, 306, 214,  89,   3,   0,   0,   0,   0,   0,   0,   0,   0,   0,   0,   0,   0,   0,   0,   0,   0,   0,   0,   0,   0,   0,   0,   0,   0,   0,   0,   0,   0,   0,   0,   0,   0,   0,   0,   0
RGI60-07.00097,G014642E77430N,         0.468,   0,   0,   0,   0,   0,   0,  92, 281, 292, 215, 116,   4,   0,   0,   0,   0,   0,   0,   0,   0,   0,   0,   0,   0,   0,   0,   0,   0,   0,   0,   0,   0,   0,   0,   0,   0,   0,   0,   0,   0,   0,   0,   0,   0,   0,   0,   0
RGI60-07.00098,G016570E77412N,         2.217,   0,   0,   0,   0,   0,  21, 227, 246, 165, 112,  97,  74,  30,  14,  14,   0,   0,   0,   0,   0,   0,   0,   0,   0,   0,   0,   0,   0,   0,   0,   0,   0,   0,   0,   0,   0,   0,   0,   0,   0,   0,   0,   0,   0,   0,   0,   0
RGI60-07.00099,G016508E77423N,         0.535,   0,   0,   0,   0,   0,  64, 243, 232, 103, 102,  94, 101,  60,   1,   0,   0,   0,   0,   0,   0,   0,   0,   0,   0,   0,   0,   0,   0,   0,   0,   0,   0,   0,   0,   0,   0,   0,   0,   0,   0,   0,   0,   0,   0,   0,   0,   0
RGI60-07.00100,G015950E77424N,         3.856,   0,   0,   0,   0,   0,   2,  25, 120, 203, 203, 216, 141,  64,  19,   7,   0,   0,   0,   0,   0,   0,   0,   0,   0,   0,   0,   0,   0,   0,   0,   0,   0,   0,   0,   0,   0,   0,   0,   0,   0,   0,   0,   0,   0,   0,   0,   0
RGI60-07.00101,G014646E77454N,         0.559,   0,   0,   0,   0,   0,   0,   0,  93, 258, 223, 215, 142,  63,   6,   0,   0,   0,   0,   0,   0,   0,   0,   0,   0,   0,   0,   0,   0,   0,   0,   0,   0,   0,   0,   0,   0,   0,   0,   0,   0,   0,   0,   0,   0,   0,   0,   0
RGI60-07.00102,G015867E77450N,         1.558,   0,   0,   0,   0,   7,  18,  45,  95, 169, 295, 162,  97,  88,  19,   5,   0,   0,   0,   0,   0,   0,   0,   0,   0,   0,   0,   0,   0,   0,   0,   0,   0,   0,   0,   0,   0,   0,   0,   0,   0,   0,   0,   0,   0,   0,   0,   0
RGI60-07.00103,G015910E77445N,         0.920,   0,   0,   0,   0,   0,   0, 118, 194, 270, 175, 159,  65,  19,   0,   0,   0,   0,   0,   0,   0,   0,   0,   0,   0,   0,   0,   0,   0,   0,   0,   0,   0,   0,   0,   0,   0,   0,   0,   0,   0,   0,   0,   0,   0,   0,   0,   0
RGI60-07.00104,G015788E77451N,         1.802,   0,   0,   0,   0,   0,   0,  26,  78, 123, 181, 120, 153, 223,  86,  10,   0,   0,   0,   0,   0,   0,   0,   0,   0,   0,   0,   0,   0,   0,   0,   0,   0,   0,   0,   0,   0,   0,   0,   0,   0,   0,   0,   0,   0,   0,   0,   0
RGI60-07.00105,G014363E77461N,         0.886,   0,   0,   0,   0,   0,   0,  70, 171, 194, 196, 198, 115,  49,   7,   0,   0,   0,   0,   0,   0,   0,   0,   0,   0,   0,   0,   0,   0,   0,   0,   0,   0,   0,   0,   0,   0,   0,   0,   0,   0,   0,   0,   0,   0,   0,   0,   0
RGI60-07.00106,G014442E77445N,         5.143,   0,   0,   0, 144, 124,  31,  15,  33, 150, 191, 167,  90,  39,  15,   1,   0,   0,   0,   0,   0,   0,   0,   0,   0,   0,   0,   0,   0,   0,   0,   0,   0,   0,   0,   0,   0,   0,   0,   0,   0,   0,   0,   0,   0,   0,   0,   0
RGI60-07.00107,G015833E77461N,         0.661,   0,   0,   0,   0,   0,   2,  64, 126, 175, 263, 239, 116,  15,   0,   0,   0,   0,   0,   0,   0,   0,   0,   0,   0,   0,   0,   0,   0,   0,   0,   0,   0,   0,   0,   0,   0,   0,   0,   0,   0,   0,   0,   0,   0,   0,   0,   0
RGI60-07.00108,G014406E77470N,         1.946,   0,   0,  63,  62, 106, 303, 132, 113, 114,  86,  20,   1,   0,   0,   0,   0,   0,   0,   0,   0,   0,   0,   0,   0,   0,   0,   0,   0,   0,   0,   0,   0,   0,   0,   0,   0,   0,   0,   0,   0,   0,   0,   0,   0,   0,   0,   0
RGI60-07.00109,G015798E77473N,         0.615,   0,   0,   0,   0,   0,   0,   6,  63, 102, 226, 238, 211, 113,  36,   5,   0,   0,   0,   0,   0,   0,   0,   0,   0,   0,   0,   0,   0,   0,   0,   0,   0,   0,   0,   0,   0,   0,   0,   0,   0,   0,   0,   0,   0,   0,   0,   0
RGI60-07.00110,G014118E77486N,         0.702,   0,   0,   0,   0,   4, 228, 362, 243, 108,  50,   5,   0,   0,   0,   0,   0,   0,   0,   0,   0,   0,   0,   0,   0,   0,   0,   0,   0,   0,   0,   0,   0,   0,   0,   0,   0,   0,   0,   0,   0,   0,   0,   0,   0,   0,   0,   0
RGI60-07.00111,G014164E77485N,         1.028,   0,   0,   0,  66, 144, 312, 235, 173,  68,   2,   0,   0,   0,   0,   0,   0,   0,   0,   0,   0,   0,   0,   0,   0,   0,   0,   0,   0,   0,   0,   0,   0,   0,   0,   0,   0,   0,   0,   0,   0,   0,   0,   0,   0,   0,   0,   0
RGI60-07.00112,G015442E77461N,         0.917,   0,   0,   0,   0,   0,   0,   0,  24, 250, 276, 158, 123,  88,  68,  13,   0,   0,   0,   0,   0,   0,   0,   0,   0,   0,   0,   0,   0,   0,   0,   0,   0,   0,   0,   0,   0,   0,   0,   0,   0,   0,   0,   0,   0,   0,   0,   0
RGI60-07.00113,G015380E77481N,         2.749,   0,   0,   0,   0,   0,  26,  78, 108, 129, 178, 175, 170,  82,  28,  22,   4,   0,   0,   0,   0,   0,   0,   0,   0,   0,   0,   0,   0,   0,   0,   0,   0,   0,   0,   0,   0,   0,   0,   0,   0,   0,   0,   0,   0,   0,   0,   0
RGI60-07.00114,G015444E77469N,         0.736,   0,   0,   0,   0,   0,   0,   0,  25, 230, 191, 108, 137, 135,  81,  84,   9,   0,   0,   0,   0,   0,   0,   0,   0,   0,   0,   0,   0,   0,   0,   0,   0,   0,   0,   0,   0,   0,   0,   0,   0,   0,   0,   0,   0,   0,   0,   0
RGI60-07.00115,G015013E77500N,         0.385,   0,   0,   0,   0,   0,   0,   0,   0,   3,  57, 114, 144, 184, 218, 144,  98,  38,   0,   0,   0,   0,   0,   0,   0,   0,   0,   0,   0,   0,   0,   0,   0,   0,   0,   0,   0,   0,   0,   0,   0,   0,   0,   0,   0,   0,   0,   0
RGI60-07.00116,G014864E77505N,         0.262,   0,   0,   0,   0,   0,   0,   0,  26, 221, 331, 248, 119,  55,   0,   0,   0,   0,   0,   0,   0,   0,   0,   0,   0,   0,   0,   0,   0,   0,   0,   0,   0,   0,   0,   0,   0,   0,   0,   0,   0,   0,   0,   0,   0,   0,   0,   0
RGI60-07.00117,G016427E77508N,         0.866,   0,   0,   0,   0,   0,   0,   8, 120, 224, 265, 253, 124,   6,   0,   0,   0,   0,   0,   0,   0,   0,   0,   0,   0,   0,   0,   0,   0,   0,   0,   0,   0,   0,   0,   0,   0,   0,   0,   0,   0,   0,   0,   0,   0,   0,   0,   0
RGI60-07.00118,G015104E77504N,         5.390,   0,   0,  21,  82,  74,  92,  83,  94, 164, 137, 106,  73,  31,  13,   7,   7,   8,   6,   2,   0,   0,   0,   0,   0,   0,   0,   0,   0,   0,   0,   0,   0,   0,   0,   0,   0,   0,   0,   0,   0,   0,   0,   0,   0,   0,   0,   0
RGI60-07.00119,G016317E77524N,         2.007,   0,   0,   0,   0,   0,   0,   0,   0,  80, 199, 244, 223, 147,  86,  21,   0,   0,   0,   0,   0,   0,   0,   0,   0,   0,   0,   0,   0,   0,   0,   0,   0,   0,   0,   0,   0,   0,   0,   0,   0,   0,   0,   0,   0,   0,   0,   0
RGI60-07.00120,G015032E77527N,         3.049,   0,   0,   0,   0,   0,   0,   0,  45,  73,  87,  93, 157, 145, 115,  90,  66,  53,  32,  16,  12,   9,   6,   1,   0,   0,   0,   0,   0,   0,   0,   0,   0,   0,   0,   0,   0,   0,   0,   0,   0,   0,   0,   0,   0,   0,   0,   0
RGI60-07.00121,G014302E77471N,         0.116,   0,   0,   0,   0,   0,   0,   0,   0,  59, 586, 355,   0,   0,   0,   0,   0,   0,   0,   0,   0,   0,   0,   0,   0,   0,   0,   0,   0,   0,   0,   0,   0,   0,   0,   0,   0,   0,   0,   0,   0,   0,   0,   0,   0,   0,   0,   0
RGI60-07.00122,G014199E77491N,         0.200,   0,   0,   0,   0,   0,   0,   0,   0,  90, 418, 328, 164,   0,   0,   0,   0,   0,   0,   0,   0,   0,   0,   0,   0,   0,   0,   0,   0,   0,   0,   0,   0,   0,   0,   0,   0,   0,   0,   0,   0,   0,   0,   0,   0,   0,   0,   0
RGI60-07.00123,G014199E77505N,         0.522,   0,   0,   0,   0,   0,   0,   0, 146, 439, 368,  47,   0,   0,   0,   0,   0,   0,   0,   0,   0,   0,   0,   0,   0,   0,   0,   0,   0,   0,   0,   0,   0,   0,   0,   0,   0,   0,   0,   0,   0,   0,   0,   0,   0,   0,   0,   0
RGI60-07.00124,G014348E77507N,        30.609,   0,   0,  10,  66,  91, 113, 128, 180, 186, 123,  61,  30,   9,   3,   0,   0,   0,   0,   0,   0,   0,   0,   0,   0,   0,   0,   0,   0,   0,   0,   0,   0,   0,   0,   0,   0,   0,   0,   0,   0,   0,   0,   0,   0,   0,   0,   0
RGI60-07.00125,G014400E77482N,         1.140,   0,   0,   0,  45, 165, 197, 105,  67, 142,  66,  60,  60,  87,   6,   0,   0,   0,   0,   0,   0,   0,   0,   0,   0,   0,   0,   0,   0,   0,   0,   0,   0,   0,   0,   0,   0,   0,   0,   0,   0,   0,   0,   0,   0,   0,   0,   0
RGI60-07.00126,G016239E77533N,         2.153,   0,   0,   0,   0,   0,  18,  89, 103,  92, 142, 105, 121, 138,  83,  46,  24,  20,  14,   5,   0,   0,   0,   0,   0,   0,   0,   0,   0,   0,   0,   0,   0,   0,   0,   0,   0,   0,   0,   0,   0,   0,   0,   0,   0,   0,   0,   0
RGI60-07.00127,G017512E77535N,         0.493,   0,   0,  19, 199, 203, 312, 216,  43,   8,   0,   0,   0,   0,   0,   0,   0,   0,   0,   0,   0,   0,   0,   0,   0,   0,   0,   0,   0,   0,   0,   0,   0,   0,   0,   0,   0,   0,   0,   0,   0,   0,   0,   0,   0,   0,   0,   0
RGI60-07.00128,G014362E77543N,         4.710,   0,   0,   0,   0,  79,  88, 180, 277, 207,  83,  41,  25,  20,   0,   0,   0,   0,   0,   0,   0,   0,   0,   0,   0,   0,   0,   0,   0,   0,   0,   0,   0,   0,   0,   0,   0,   0,   0,   0,   0,   0,   0,   0,   0,   0,   0,   0
RGI60-07.00129,G016196E77551N,         0.809,   0,   0,   0,   0,   0,  12,  19,  25,  53,  61,  73, 118, 131, 144, 163, 131,  58,  12,   0,   0,   0,   0,   0,   0,   0,   0,   0,   0,   0,   0,   0,   0,   0,   0,   0,   0,   0,   0,   0,   0,   0,   0,   0,   0,   0,   0,   0
RGI60-07.00130,G016425E77537N,        11.086,   0,   0,   0,   0,   9,  71,  55, 116, 131, 165, 133, 141, 116,  40,  18,   4,   1,   0,   0,   0,   0,   0,   0,   0,   0,   0,   0,   0,   0,   0,   0,   0,   0,   0,   0,   0,   0,   0,   0,   0,   0,   0,   0,   0,   0,   0,   0
RGI60-07.00131,G016276E77551N,         2.849,   0,   0,   0,   0,   0,   8, 103, 114, 138, 168, 130,  94,  73,  57,  29,  28,  24,  16,  12,   5,   1,   0,   0,   0,   0,   0,   0,   0,   0,   0,   0,   0,   0,   0,   0,   0,   0,   0,   0,   0,   0,   0,   0,   0,   0,   0,   0
RGI60-07.00132,G016321E77565N,         3.011,   0,   0,   0,   0,   0,  26,  62,  82,  97,  96, 107, 125, 110,  74,  62,  45,  29,  21,  24,  19,  11,  10,   0,   0,   0,   0,   0,   0,   0,   0,   0,   0,   0,   0,   0,   0,   0,   0,   0,   0,   0,   0,   0,   0,   0,   0,   0
RGI60-07.00133,G017785E77583N,         2.444,   0,   0,   6, 107, 157, 248, 222, 157,  68,  31,   4,   0,   0,   0,   0,   0,   0,   0,   0,   0,   0,   0,   0,   0,   0,   0,   0,   0,   0,   0,   0,   0,   0,   0,   0,   0,   0,   0,   0,   0,   0,   0,   0,   0,   0,   0,   0
RGI60-07.00134,G016144E77604N,         1.616,   0,   0,   0,   0,   0,   0,   0,   0,   0,  58, 131, 186, 195, 162,  78,  65,  45,  44,  30,   6,   0,   0,   0,   0,   0,   0,   0,   0,   0,   0,   0,   0,   0,   0,   0,   0,   0,   0,   0,   0,   0,   0,   0,   0,   0,   0,   0
RGI60-07.00135,G015907E77595N,         6.128,   0,   0,   0,   0,   0,   0,   1,  68, 164, 219, 232, 149,  82,  45,  28,   9,   3,   0,   0,   0,   0,   0,   0,   0,   0,   0,   0,   0,   0,   0,   0,   0,   0,   0,   0,   0,   0,   0,   0,   0,   0,   0,   0,   0,   0,   0,   0
RGI60-07.00136,G015779E77613N,         0.703,   0,   0,   0,   0,   0,   0,  26, 178, 171, 136, 120,  99,  78,  60,  56,  42,  24,  10,   0,   0,   0,   0,   0,   0,   0,   0,   0,   0,   0,   0,   0,   0,   0,   0,   0,   0,   0,   0,   0,   0,   0,   0,   0,   0,   0,   0,   0
RGI60-07.00137,G015504E77603N,         0.669,   0,   0,   0,   0,   0,   0,   0,   0,   0, 237, 229, 229, 201, 104,   0,   0,   0,   0,   0,   0,   0,   0,   0,   0,   0,   0,   0,   0,   0,   0,   0,   0,   0,   0,   0,   0,   0,   0,   0,   0,   0,   0,   0,   0,   0,   0,   0
RGI60-07.00138,G015565E77601N,         1.155,   0,   0,   0,   0,   0,   0,  36, 146, 234, 229, 132,  74,  74,  66,   9,   0,   0,   0,   0,   0,   0,   0,   0,   0,   0,   0,   0,   0,   0,   0,   0,   0,   0,   0,   0,   0,   0,   0,   0,   0,   0,   0,   0,   0,   0,   0,   0
RGI60-07.00139,G015543E77616N,         2.105,   0,   0,   0,   0,   0,   0,   0,   0, 135, 191, 234, 148, 112, 101,  53,  22,   4,   0,   0,   0,   0,   0,   0,   0,   0,   0,   0,   0,   0,   0,   0,   0,   0,   0,   0,   0,   0,   0,   0,   0,   0,   0,   0,   0,   0,   0,   0
RGI60-07.00140,G015847E77618N,         4.566,   0,   0,   0,   0,   0,   0,   0, 165, 258, 149, 101, 111,  79,  73,  52,  12,   0,   0,   0,   0,   0,   0,   0,   0,   0,   0,   0,   0,   0,   0,   0,   0,   0,   0,   0,   0,   0,   0,   0,   0,   0,   0,   0,   0,   0,   0,   0
RGI60-07.00141,G015151E77632N,         0.713,   0,   0,   0,   0,   0,  36, 113, 375, 148,  85,  85,  88,  67,   3,   0,   0,   0,   0,   0,   0,   0,   0,   0,   0,   0,   0,   0,   0,   0,   0,   0,   0,   0,   0,   0,   0,   0,   0,   0,   0,   0,   0,   0,   0,   0,   0,   0
RGI60-07.00142,G015491E77628N,         1.079,   0,   0,   0,   0,   0,   0,   0,  42,  84,  52,  88, 131, 134, 112, 119,  78,  64,  58,  38,   0,   0,   0,   0,   0,   0,   0,   0,   0,   0,   0,   0,   0,   0,   0,   0,   0,   0,   0,   0,   0,   0,   0,   0,   0,   0,   0,   0
RGI60-07.00143,G015123E77645N,         0.786,   0,   0,   0,   0,   0,   0,   0,   0, 284, 323, 257, 120,  14,   2,   0,   0,   0,   0,   0,   0,   0,   0,   0,   0,   0,   0,   0,   0,   0,   0,   0,   0,   0,   0,   0,   0,   0,   0,   0,   0,   0,   0,   0,   0,   0,   0,   0
RGI60-07.00144,G015146E77656N,         0.511,   0,   0,   0,   0,   0,   0,   0, 100, 245, 304, 173, 147,  31,   0,   0,   0,   0,   0,   0,   0,   0,   0,   0,   0,   0,   0,   0,   0,   0,   0,   0,   0,   0,   0,   0,   0,   0,   0,   0,   0,   0,   0,   0,   0,   0,   0,   0
RGI60-07.00145,G015101E77655N,         0.479,   0,   0,   0,   0,   0,   0,   0,  31, 161, 203, 182, 203, 146,  62,  12,   0,   0,   0,   0,   0,   0,   0,   0,   0,   0,   0,   0,   0,   0,   0,   0,   0,   0,   0,   0,   0,   0,   0,   0,   0,   0,   0,   0,   0,   0,   0,   0
RGI60-07.00146,G014878E77655N,         1.012,   0,   0,   0,   0,   0,   0,  88, 195, 308, 213, 144,  47,   5,   0,   0,   0,   0,   0,   0,   0,   0,   0,   0,   0,   0,   0,   0,   0,   0,   0,   0,   0,   0,   0,   0,   0,   0,   0,   0,   0,   0,   0,   0,   0,   0,   0,   0
RGI60-07.00147,G015675E77647N,         4.616,   0,   0,   0,   0,   0,   0,  21, 123, 228, 316, 154,  87,  58,  13,   0,   0,   0,   0,   0,   0,   0,   0,   0,   0,   0,   0,   0,   0,   0,   0,   0,   0,   0,   0,   0,   0,   0,   0,   0,   0,   0,   0,   0,   0,   0,   0,   0
RGI60-07.00148,G015527E77644N,         6.643,   0,   0,   0,   0,   0,  22, 105, 125, 238, 165, 102,  94,  78,  40,  17,  10,   4,   0,   0,   0,   0,   0,   0,   0,   0,   0,   0,   0,   0,   0,   0,   0,   0,   0,   0,   0,   0,   0,   0,   0,   0,   0,   0,   0,   0,   0,   0
RGI60-07.00149,G015988E77668N,         0.733,   0,   0,   0,   0,   0,   0,   0,  70, 133, 268, 292, 179,  58,   0,   0,   0,   0,   0,   0,   0,   0,   0,   0,   0,   0,   0,   0,   0,   0,   0,   0,   0,   0,   0,   0,   0,   0,   0,   0,   0,   0,   0,   0,   0,   0,   0,   0
RGI60-07.00150,G015762E77642N,         1.847,   0,   0,   0,   0,   0,   0,   0,   9, 245, 288, 182, 148,  97,  13,  11,   7,   0,   0,   0,   0,   0,   0,   0,   0,   0,   0,   0,   0,   0,   0,   0,   0,   0,   0,   0,   0,   0,   0,   0,   0,   0,   0,   0,   0,   0,   0,   0
RGI60-07.00151,G015771E77661N,         4.739,   0,   0,   0,   0,   0,   0,  34, 215, 169, 151, 115, 102,  61,  36,  39,  23,  21,  24,   8,   2,   0,   0,   0,   0,   0,   0,   0,   0,   0,   0,   0,   0,   0,   0,   0,   0,   0,   0,   0,   0,   0,   0,   0,   0,   0,   0,   0
RGI60-07.00152,G015176E77668N,         0.827,   0,   0,   0,   0,   0,   0,   8,  55, 125, 246, 257, 174, 115,  20,   0,   0,   0,   0,   0,   0,   0,   0,   0,   0,   0,   0,   0,   0,   0,   0,   0,   0,   0,   0,   0,   0,   0,   0,   0,   0,   0,   0,   0,   0,   0,   0,   0
RGI60-07.00153,G016039E77658N,         1.017,   0,   0,   0,   0,   0,   0,   0,   0,   1,  65, 152, 171, 115, 130, 112, 130,  76,  41,   7,   0,   0,   0,   0,   0,   0,   0,   0,   0,   0,   0,   0,   0,   0,   0,   0,   0,   0,   0,   0,   0,   0,   0,   0,   0,   0,   0,   0
RGI60-07.00154,G015907E77653N,        10.601,   0,   0,   0,   0,   0,   0,  51,  80, 123, 206, 158, 102,  94,  66,  50,  36,  21,  10,   3,   0,   0,   0,   0,   0,   0,   0,   0,   0,   0,   0,   0,   0,   0,   0,   0,   0,   0,   0,   0,   0,   0,   0,   0,   0,   0,   0,   0
RGI60-07.00155,G015295E77681N,         0.621,   0,   0,   0,   0,   0,  61, 147, 179, 205, 259, 128,  21,   0,   0,   0,   0,   0,   0,   0,   0,   0,   0,   0,   0,   0,   0,   0,   0,   0,   0,   0,   0,   0,   0,   0,   0,   0,   0,   0,   0,   0,   0,   0,   0,   0,   0,   0
RGI60-07.00156,G015945E77676N,         0.642,   0,   0,   0,   0,   0,   0,  12,  12,  14,  25,  69, 113, 140, 112, 107,  96,  80,  98,  95,  27,   0,   0,   0,   0,   0,   0,   0,   0,   0,   0,   0,   0,   0,   0,   0,   0,   0,   0,   0,   0,   0,   0,   0,   0,   0,   0,   0
RGI60-07.00157,G015425E77679N,         3.044,   0,   0,   0,   0,   0,   0,  32, 118, 133, 125, 148, 138, 111,  76,  68,  42,   9,   0,   0,   0,   0,   0,   0,   0,   0,   0,   0,   0,   0,   0,   0,   0,   0,   0,   0,   0,   0,   0,   0,   0,   0,   0,   0,   0,   0,   0,   0
RGI60-07.00158,G015346E77688N,         0.562,   0,   0,   0,   0,   0,   0,   0,  92, 232, 193, 124, 117, 124,  90,  28,   0,   0,   0,   0,   0,   0,   0,   0,   0,   0,   0,   0,   0,   0,   0,   0,   0,   0,   0,   0,   0,   0,   0,   0,   0,   0,   0,   0,   0,   0,   0,   0
RGI60-07.00159,G015688E77688N,         1.360,   0,   0,   0,   0,   0,   0,   0,  53, 253, 323, 185, 132,  52,   2,   0,   0,   0,   0,   0,   0,   0,   0,   0,   0,   0,   0,   0,   0,   0,   0,   0,   0,   0,   0,   0,   0,   0,   0,   0,   0,   0,   0,   0,   0,   0,   0,   0
RGI60-07.00160,G015366E77663N,         4.745,   0,   0,   0,   0,   0,  33, 111, 185, 206, 235,  70,  58,  64,  17,  14,   7,   0,   0,   0,   0,   0,   0,   0,   0,   0,   0,   0,   0,   0,   0,   0,   0,   0,   0,   0,   0,   0,   0,   0,   0,   0,   0,   0,   0,   0,   0,   0
RGI60-07.00161,G015584E77670N,        12.140,   0,   0,   0,   0,   4,  24,  58, 149, 206, 165, 120, 100,  77,  57,  30,   9,   1,   0,   0,   0,   0,   0,   0,   0,   0,   0,   0,   0,   0,   0,   0,   0,   0,   0,   0,   0,   0,   0,   0,   0,   0,   0,   0,   0,   0,   0,   0
RGI60-07.00162,G016479E77693N,         0.696,   0,   0,   0,   0,   0,   0,   0,  17, 121, 152, 198, 203, 182,  88,  36,   3,   0,   0,   0,   0,   0,   0,   0,   0,   0,   0,   0,   0,   0,   0,   0,   0,   0,   0,   0,   0,   0,   0,   0,   0,   0,   0,   0,   0,   0,   0,   0
RGI60-07.00163,G016204E77697N,         4.308,   0,   0,   0,   0,   0,   0,   0,   0,  18,  54, 118, 184, 161, 101, 102,  75,  47,  36,  32,  34,  24,  13,   1,   0,   0,   0,   0,   0,   0,   0,   0,   0,   0,   0,   0,   0,   0,   0,   0,   0,   0,   0,   0,   0,   0,   0,   0
RGI60-07.00164,G016715E77708N,         3.713,   0,   0,   0,   0,   0,   0,  49, 104, 137, 138, 114, 140,  94,  62,  46,  32,  33,  27,  14,  10,   0,   0,   0,   0,   0,   0,   0,   0,   0,   0,   0,   0,   0,   0,   0,   0,   0,   0,   0,   0,   0,   0,   0,   0,   0,   0,   0
RGI60-07.00165,G016107E77711N,         3.461,   0,   0,   0,   0,   0,   0,   5,  31,  56, 105, 113, 126, 140, 122, 101,  86,  67,  31,  12,   5,   0,   0,   0,   0,   0,   0,   0,   0,   0,   0,   0,   0,   0,   0,   0,   0,   0,   0,   0,   0,   0,   0,   0,   0,   0,   0,   0
RGI60-07.00166,G015683E77706N,         3.952,   0,   0,   0,   0,   0,  22,  43,  87, 243, 197, 163,  97,  46,  32,  25,  20,  20,   5,   0,   0,   0,   0,   0,   0,   0,   0,   0,   0,   0,   0,   0,   0,   0,   0,   0,   0,   0,   0,   0,   0,   0,   0,   0,   0,   0,   0,   0
RGI60-07.00167,G015608E77721N,         0.955,   0,   0,   0,   0,   0,   0, 124, 237, 357, 205,  56,  21,   0,   0,   0,   0,   0,   0,   0,   0,   0,   0,   0,   0,   0,   0,   0,   0,   0,   0,   0,   0,   0,   0,   0,   0,   0,   0,   0,   0,   0,   0,   0,   0,   0,   0,   0
RGI60-07.00168,G018126E77703N,         1.246,   0,   0,   0,   0,  80, 167, 291, 341, 107,  11,   3,   0,   0,   0,   0,   0,   0,   0,   0,   0,   0,   0,   0,   0,   0,   0,   0,   0,   0,   0,   0,   0,   0,   0,   0,   0,   0,   0,   0,   0,   0,   0,   0,   0,   0,   0,   0
RGI60-07.00169,G016338E77706N,        10.084,   0,   0,   0,   0,   0,   0,  24,  58,  92, 100, 102, 111, 118, 109,  91,  74,  49,  38,  20,  14,   0,   0,   0,   0,   0,   0,   0,   0,   0,   0,   0,   0,   0,   0,   0,   0,   0,   0,   0,   0,   0,   0,   0,   0,   0,   0,   0
RGI60-07.00170,G017434E77719N,         0.466,   0,   0,   0,   0,   0,   0,   0,  24,  94, 170, 245, 265, 158,  44,   0,   0,   0,   0,   0,   0,   0,   0,   0,   0,   0,   0,   0,   0,   0,   0,   0,   0,   0,   0,   0,   0,   0,   0,   0,   0,   0,   0,   0,   0,   0,   0,   0
RGI60-07.00171,G017081E77715N,         2.439,   0,   0,   0,   0,   0,   2, 114,  57,  65,  79, 109, 160, 186, 161,  61,   6,   0,   0,   0,   0,   0,   0,   0,   0,   0,   0,   0,   0,   0,   0,   0,   0,   0,   0,   0,   0,   0,   0,   0,   0,   0,   0,   0,   0,   0,   0,   0
RGI60-07.00172,G016063E77734N,         0.443,   0,   0,   0,   0,   0,   0,   0,  31, 130, 214, 269, 260,  93,   3,   0,   0,   0,   0,   0,   0,   0,   0,   0,   0,   0,   0,   0,   0,   0,   0,   0,   0,   0,   0,   0,   0,   0,   0,   0,   0,   0,   0,   0,   0,   0,   0,   0
RGI60-07.00173,G016188E77724N,         3.848,   0,   0,   0,   0,   0,  12,  48,  62,  83,  85,  90, 101,  76,  84,  89,  85,  84,  55,  33,  13,   0,   0,   0,   0,   0,   0,   0,   0,   0,   0,   0,   0,   0,   0,   0,   0,   0,   0,   0,   0,   0,   0,   0,   0,   0,   0,   0
RGI60-07.00174,G016936E77747N,         0.723,   0,   0,   0,   0,   0,   2,  41,  61,  51,  56, 148, 191, 117, 102,  93,  50,  33,  28,  13,  10,   4,   0,   0,   0,   0,   0,   0,   0,   0,   0,   0,   0,   0,   0,   0,   0,   0,   0,   0,   0,   0,   0,   0,   0,   0,   0,   0
RGI60-07.00175,G017128E77733N,         2.657,   0,   0,   0,   0,  41, 101, 115, 145, 150, 123,  93,  97,  91,  43,   1,   0,   0,   0,   0,   0,   0,   0,   0,   0,   0,   0,   0,   0,   0,   0,   0,   0,   0,   0,   0,   0,   0,   0,   0,   0,   0,   0,   0,   0,   0,   0,   0
RGI60-07.00176,G016228E77750N,         1.948,   0,   0,   0,   0,   0,   1,  14,  27,  48,  44,  56,  63,  84,  88,  83,  80,  74,  83,  79,  58,  59,  47,  12,   0,   0,   0,   0,   0,   0,   0,   0,   0,   0,   0,   0,   0,   0,   0,   0,   0,   0,   0,   0,   0,   0,   0,   0
RGI60-07.00177,G016331E77739N,         2.960,   0,   0,   0,   0,   0,   0,   5,  40,  97, 155, 105, 115,  98,  70,  62,  49,  38,  38,  36,  27,  25,  19,  15,   6,   0,   0,   0,   0,   0,   0,   0,   0,   0,   0,   0,   0,   0,   0,   0,   0,   0,   0,   0,   0,   0,   0,   0
RGI60-07.00178,G016793E77745N,         1.749,   0,   0,   0,   0,   0,   0,   0,  21, 101,  77, 101, 130, 138, 142, 115,  39,  31,  25,  29,  21,  21,   9,   0,   0,   0,   0,   0,   0,   0,   0,   0,   0,   0,   0,   0,   0,   0,   0,   0,   0,   0,   0,   0,   0,   0,   0,   0
RGI60-07.00179,G016692E77762N,         0.593,   0,   0,   0,   0,   0,   0,   0,   0,   4,  44,  96, 100, 145, 174, 177, 115,  78,  67,   0,   0,   0,   0,   0,   0,   0,   0,   0,   0,   0,   0,   0,   0,   0,   0,   0,   0,   0,   0,   0,   0,   0,   0,   0,   0,   0,   0,   0
RGI60-07.00180,G016840E77752N,         1.282,   0,   0,   0,   0,   0,   0,   0,   8,  28,  83,  88, 209, 213, 247, 108,  16,   0,   0,   0,   0,   0,   0,   0,   0,   0,   0,   0,   0,   0,   0,   0,   0,   0,   0,   0,   0,   0,   0,   0,   0,   0,   0,   0,   0,   0,   0,   0
RGI60-07.00181,G016954E77760N,         0.699,   0,   0,   0,   0,   0,   0,   0,   0,  59, 124, 145, 120,  49,  35,  39,  30,  32,  40,  40,  54,  70,  81,  55,  27,   0,   0,   0,   0,   0,   0,   0,   0,   0,   0,   0,   0,   0,   0,   0,   0,   0,   0,   0,   0,   0,   0,   0
RGI60-07.00182,G017370E77767N,         0.432,   0,   0,   0,   0,   0,   0,   0,  56, 127, 211, 229, 131,  97,  61,  42,  26,  19,   1,   0,   0,   0,   0,   0,   0,   0,   0,   0,   0,   0,   0,   0,   0,   0,   0,   0,   0,   0,   0,   0,   0,   0,   0,   0,   0,   0,   0,   0
RGI60-07.00183,G016600E77775N,         0.748,   0,   0,   0,   0,   0,   0,   4, 110, 184, 164, 189, 151, 117,  76,   5,   0,   0,   0,   0,   0,   0,   0,   0,   0,   0,   0,   0,   0,   0,   0,   0,   0,   0,   0,   0,   0,   0,   0,   0,   0,   0,   0,   0,   0,   0,   0,   0
RGI60-07.00184,G016720E77777N,         1.068,   0,   0,   0,   0,   0,   0,   0,  30,  77, 117, 134, 172, 189, 162,  62,  42,  15,   0,   0,   0,   0,   0,   0,   0,   0,   0,   0,   0,   0,   0,   0,   0,   0,   0,   0,   0,   0,   0,   0,   0,   0,   0,   0,   0,   0,   0,   0
RGI60-07.00185,G016669E77783N,         0.686,   0,   0,   0,   0,   0,   0,   0,   5,  97, 206, 343, 244, 105,   0,   0,   0,   0,   0,   0,   0,   0,   0,   0,   0,   0,   0,   0,   0,   0,   0,   0,   0,   0,   0,   0,   0,   0,   0,   0,   0,   0,   0,   0,   0,   0,   0,   0
RGI60-07.00186,G017156E77821N,         0.450,   0,   0,   0,   0,   0,   0,   0,   0,   0,   0,   0,   0,   0,   0,  17, 396, 587,   0,   0,   0,   0,   0,   0,   0,   0,   0,   0,   0,   0,   0,   0,   0,   0,   0,   0,   0,   0,   0,   0,   0,   0,   0,   0,   0,   0,   0,   0
RGI60-07.00187,G017189E77831N,         1.733,   0,   0,   0,   0,   0,   1,  95, 134, 153, 237, 170, 123,  65,  22,   0,   0,   0,   0,   0,   0,   0,   0,   0,   0,   0,   0,   0,   0,   0,   0,   0,   0,   0,   0,   0,   0,   0,   0,   0,   0,   0,   0,   0,   0,   0,   0,   0
RGI60-07.00188,G015851E77867N,         2.059,   0,   0,   0,   0,   0,   0,   0,   0,  98,  88,  63,  42,  23,  34,  42,  76,  91,  91, 144, 158,  50,   0,   0,   0,   0,   0,   0,   0,   0,   0,   0,   0,   0,   0,   0,   0,   0,   0,   0,   0,   0,   0,   0,   0,   0,   0,   0
RGI60-07.00189,G016126E77879N,         0.824,   0,   0,   0,   0,   0,   0,   0,   2, 103, 124, 161, 161, 140, 111,  89,  54,  39,  14,   2,   0,   0,   0,   0,   0,   0,   0,   0,   0,   0,   0,   0,   0,   0,   0,   0,   0,   0,   0,   0,   0,   0,   0,   0,   0,   0,   0,   0
RGI60-07.00190,G016184E77887N,         0.967,   0,   0,   0,   0,   0,   0,   0,  86, 159, 149, 204, 131, 131, 121,  19,   0,   0,   0,   0,   0,   0,   0,   0,   0,   0,   0,   0,   0,   0,   0,   0,   0,   0,   0,   0,   0,   0,   0,   0,   0,   0,   0,   0,   0,   0,   0,   0
RGI60-07.00191,G017061E77882N,         2.353,   0,   0,   0,   0,   0,  54,  65, 115, 216, 275, 117,  54,  33,  26,  22,  22,   1,   0,   0,   0,   0,   0,   0,   0,   0,   0,   0,   0,   0,   0,   0,   0,   0,   0,   0,   0,   0,   0,   0,   0,   0,   0,   0,   0,   0,   0,   0
RGI60-07.00192,G017110E77893N,         0.853,   0,   0,   0,   0,   0,   0,   0,  36,  76, 118, 152, 198, 142,  95,  86,  51,  43,   3,   0,   0,   0,   0,   0,   0,   0,   0,   0,   0,   0,   0,   0,   0,   0,   0,   0,   0,   0,   0,   0,   0,   0,   0,   0,   0,   0,   0,   0
RGI60-07.00193,G016220E77899N,         1.952,   0,   0,   0,   0,   0,   0,   0,  19,  87,  88, 167, 168, 134, 114, 104,  57,  42,  20,   0,   0,   0,   0,   0,   0,   0,   0,   0,   0,   0,   0,   0,   0,   0,   0,   0,   0,   0,   0,   0,   0,   0,   0,   0,   0,   0,   0,   0
RGI60-07.00194,G015846E77903N,         0.510,   0,   0,   0,   0,   0,   0,   0,   9,  53,  95, 127, 130, 148, 187, 153,  79,  19,   0,   0,   0,   0,   0,   0,   0,   0,   0,   0,   0,   0,   0,   0,   0,   0,   0,   0,   0,   0,   0,   0,   0,   0,   0,   0,   0,   0,   0,   0
RGI60-07.00195,G016104E77890N,         1.860,   0,   0,   0,   0,   0,   0,   4,  58,  55,  70,  88,  75,  97, 118,  91,  65,  61,  79,  90,  38,  11,   0,   0,   0,   0,   0,   0,   0,   0,   0,   0,   0,   0,   0,   0,   0,   0,   0,   0,   0,   0,   0,   0,   0,   0,   0,   0
RGI60-07.00196,G016010E77898N,         2.453,   0,   0,   0,   0,   0,   0,   7,  91, 311, 122,  80,  46,  63,  74,  60,  57,  58,  29,   2,   0,   0,   0,   0,   0,   0,   0,   0,   0,   0,   0,   0,   0,   0,   0,   0,   0,   0,   0,   0,   0,   0,   0,   0,   0,   0,   0,   0
RGI60-07.00197,G015951E77892N,         2.177,   0,   0,   0,   0,   0,   2,  38, 139, 189,  98,  64,  56,  79,  70,  88,  89,  80,   8,   0,   0,   0,   0,   0,   0,   0,   0,   0,   0,   0,   0,   0,   0,   0,   0,   0,   0,   0,   0,   0,   0,   0,   0,   0,   0,   0,   0,   0
RGI60-07.00198,G016131E77901N,         1.664,   0,   0,   0,   0,   0,   0,  10,  68,  77,  36,  67, 114,  97, 100, 117, 109, 122,  83,   0,   0,   0,   0,   0,   0,   0,   0,   0,   0,   0,   0,   0,   0,   0,   0,   0,   0,   0,   0,   0,   0,   0,   0,   0,   0,   0,   0,   0
RGI60-07.00199,G015904E77907N,         0.528,   0,   0,   0,   0,   0,   0,   0,  11,  39,  63,  89, 156, 319, 187,  83,  47,   6,   0,   0,   0,   0,   0,   0,   0,   0,   0,   0,   0,   0,   0,   0,   0,   0,   0,   0,   0,   0,   0,   0,   0,   0,   0,   0,   0,   0,   0,   0
RGI60-07.00200,G016259E77912N,         0.652,   0,   0,   0,   0,   0,   0,   0,   0,   0,   3,  89, 154, 173, 157, 110,  74,  79,  79,  54,  25,   3,   0,   0,   0,   0,   0,   0,   0,   0,   0,   0,   0,   0,   0,   0,   0,   0,   0,   0,   0,   0,   0,   0,   0,   0,   0,   0
RGI60-07.00201,G017344E77912N,         1.209,   0,   0,   0,   0,   0,   0,  40, 160, 190, 151, 153,  88,  66,  41,  38,  42,  31,   0,   0,   0,   0,   0,   0,   0,   0,   0,   0,   0,   0,   0,   0,   0,   0,   0,   0,   0,   0,   0,   0,   0,   0,   0,   0,   0,   0,   0,   0
RGI60-07.00202,G017582E77915N,         0.954,   0,   0,   0,   0,  68, 170, 132, 200, 214, 157,  58,   1,   0,   0,   0,   0,   0,   0,   0,   0,   0,   0,   0,   0,   0,   0,   0,   0,   0,   0,   0,   0,   0,   0,   0,   0,   0,   0,   0,   0,   0,   0,   0,   0,   0,   0,   0
RGI60-07.00203,G017294E77907N,         2.212,   0,   0,   0,  26, 122, 119, 116,  74, 125, 124, 188,  74,  22,   9,   1,   0,   0,   0,   0,   0,   0,   0,   0,   0,   0,   0,   0,   0,   0,   0,   0,   0,   0,   0,   0,   0,   0,   0,   0,   0,   0,   0,   0,   0,   0,   0,   0
RGI60-07.00204,G016228E77931N,         1.491,   0,   0,   0,   0,   0,   0,   0,  82, 145, 120,  73, 110, 102,  84,  69,  84,  62,  61,   8,   0,   0,   0,   0,   0,   0,   0,   0,   0,   0,   0,   0,   0,   0,   0,   0,   0,   0,   0,   0,   0,   0,   0,   0,   0,   0,   0,   0
RGI60-07.00205,G016165E77920N,         2.247,   0,   0,   0,   0,   0,   0,  51, 112,  90,  66,  88,  87,  91, 104, 104, 120,  83,   4,   0,   0,   0,   0,   0,   0,   0,   0,   0,   0,   0,   0,   0,   0,   0,   0,   0,   0,   0,   0,   0,   0,   0,   0,   0,   0,   0,   0,   0
RGI60-07.00206,G017550E77926N,         0.591,   0,   0,   0,   0,   0,  66,  96, 144, 210, 251, 160,  72,   1,   0,   0,   0,   0,   0,   0,   0,   0,   0,   0,   0,   0,   0,   0,   0,   0,   0,   0,   0,   0,   0,   0,   0,   0,   0,   0,   0,   0,   0,   0,   0,   0,   0,   0
RGI60-07.00207,G016364E77931N,         2.453,   0,   0,   0,   0,   0,   0,   0,   0,  39,  61,  76, 122, 136,  90, 118,  92,  63,  49,  52,  58,  44,   0,   0,   0,   0,   0,   0,   0,   0,   0,   0,   0,   0,   0,   0,   0,   0,   0,   0,   0,   0,   0,   0,   0,   0,   0,   0
RGI60-07.00208,G014714E77367N,         2.356,   0,   0,   0,   0,  60,  94, 166, 173, 106,  74, 262,  55,   9,   1,   0,   0,   0,   0,   0,   0,   0,   0,   0,   0,   0,   0,   0,   0,   0,   0,   0,   0,   0,   0,   0,   0,   0,   0,   0,   0,   0,   0,   0,   0,   0,   0,   0
RGI60-07.00209,G015485E77027N,         0.418,   0,   0,   0,   0,   0,   0,  74, 317, 284, 215,  81,  29,   0,   0,   0,   0,   0,   0,   0,   0,   0,   0,   0,   0,   0,   0,   0,   0,   0,   0,   0,   0,   0,   0,   0,   0,   0,   0,   0,   0,   0,   0,   0,   0,   0,   0,   0
RGI60-07.00210,G017150E77901N,         1.102,   0,   0,   0,   0,   0,   7,  83,  57,  57,  79,  96, 106, 128, 132,  64,  52,  34,  31,  74,   0,   0,   0,   0,   0,   0,   0,   0,   0,   0,   0,   0,   0,   0,   0,   0,   0,   0,   0,   0,   0,   0,   0,   0,   0,   0,   0,   0
RGI60-07.00211,G016565E77366N,         0.959,   0,   0,   0,   0,   0,   0,   0,  23,  57,  89, 100, 116, 152, 150, 110, 109,  94,   0,   0,   0,   0,   0,   0,   0,   0,   0,   0,   0,   0,   0,   0,   0,   0,   0,   0,   0,   0,   0,   0,   0,   0,   0,   0,   0,   0,   0,   0
RGI60-07.00212,G017473E77433N,         0.812,   0,   0,   0,   0,  33, 167, 308, 315, 151,  26,   0,   0,   0,   0,   0,   0,   0,   0,   0,   0,   0,   0,   0,   0,   0,   0,   0,   0,   0,   0,   0,   0,   0,   0,   0,   0,   0,   0,   0,   0,   0,   0,   0,   0,   0,   0,   0
RGI60-07.00213,G018188E77558N,         1.195,   0,   0,   0,   0,   9,  91, 217, 406, 223,  54,   0,   0,   0,   0,   0,   0,   0,   0,   0,   0,   0,   0,   0,   0,   0,   0,   0,   0,   0,   0,   0,   0,   0,   0,   0,   0,   0,   0,   0,   0,   0,   0,   0,   0,   0,   0,   0
RGI60-07.00214,G017220E76952N,         1.535,   0,   0,   0,   0,   2,  46, 500, 247, 174,  31,   0,   0,   0,   0,   0,   0,   0,   0,   0,   0,   0,   0,   0,   0,   0,   0,   0,   0,   0,   0,   0,   0,   0,   0,   0,   0,   0,   0,   0,   0,   0,   0,   0,   0,   0,   0,   0
RGI60-07.00215,G014037E78326N,         0.438,   0,   0,   0,  23, 187, 242, 258, 195,  84,  11,   0,   0,   0,   0,   0,   0,   0,   0,   0,   0,   0,   0,   0,   0,   0,   0,   0,   0,   0,   0,   0,   0,   0,   0,   0,   0,   0,   0,   0,   0,   0,   0,   0,   0,   0,   0,   0
RGI60-07.00216,G013787E78220N,         0.506,   0,  19, 188, 236, 217, 184, 140,  16,   0,   0,   0,   0,   0,   0,   0,   0,   0,   0,   0,   0,   0,   0,   0,   0,   0,   0,   0,   0,   0,   0,   0,   0,   0,   0,   0,   0,   0,   0,   0,   0,   0,   0,   0,   0,   0,   0,   0
RGI60-07.00217,G013262E78322N,         0.570,   0,   0,   0,   0,   9, 245, 234, 188, 154, 142,  28,   0,   0,   0,   0,   0,   0,   0,   0,   0,   0,   0,   0,   0,   0,   0,   0,   0,   0,   0,   0,   0,   0,   0,   0,   0,   0,   0,   0,   0,   0,   0,   0,   0,   0,   0,   0
RGI60-07.00218,G013845E78272N,         0.139,   0,   0,   0,   0,   0,   0,  32, 216, 360, 270, 122,   0,   0,   0,   0,   0,   0,   0,   0,   0,   0,   0,   0,   0,   0,   0,   0,   0,   0,   0,   0,   0,   0,   0,   0,   0,   0,   0,   0,   0,   0,   0,   0,   0,   0,   0,   0
RGI60-07.00219,G013485E78260N,         2.759,   0,   0, 111, 232, 182, 109,  53,  26,  24,  26,  29,  23,  25,  33,  38,  45,  31,  13,   0,   0,   0,   0,   0,   0,   0,   0,   0,   0,   0,   0,   0,   0,   0,   0,   0,   0,   0,   0,   0,   0,   0,   0,   0,   0,   0,   0,   0
RGI60-07.00220,G013575E78238N,         1.418,   0,   0,   0,   5,  53, 115, 152, 229, 209, 104,  43,  36,  14,  14,  18,   8,   0,   0,   0,   0,   0,   0,   0,   0,   0,   0,   0,   0,   0,   0,   0,   0,   0,   0,   0,   0,   0,   0,   0,   0,   0,   0,   0,   0,   0,   0,   0
RGI60-07.00221,G013667E78237N,         6.792,   2,  51, 111, 228, 156, 114,  80,  49,  46,  60,  40,  26,  18,  15,   4,   0,   0,   0,   0,   0,   0,   0,   0,   0,   0,   0,   0,   0,   0,   0,   0,   0,   0,   0,   0,   0,   0,   0,   0,   0,   0,   0,   0,   0,   0,   0,   0
RGI60-07.00222,G013599E78268N,         9.752,   3,  61, 126, 283, 293, 143,  54,  11,   4,   5,   6,   6,   5,   0,   0,   0,   0,   0,   0,   0,   0,   0,   0,   0,   0,   0,   0,   0,   0,   0,   0,   0,   0,   0,   0,   0,   0,   0,   0,   0,   0,   0,   0,   0,   0,   0,   0
RGI60-07.00223,G013634E78301N,         8.014,   0,  30,  96, 118, 161, 139, 150, 136, 105,  51,  11,   3,   0,   0,   0,   0,   0,   0,   0,   0,   0,   0,   0,   0,   0,   0,   0,   0,   0,   0,   0,   0,   0,   0,   0,   0,   0,   0,   0,   0,   0,   0,   0,   0,   0,   0,   0
RGI60-07.00224,G017309E77341N,        15.812,  28,  77,  95, 113, 145, 159, 110, 105,  88,  60,  14,   3,   3,   0,   0,   0,   0,   0,   0,   0,   0,   0,   0,   0,   0,   0,   0,   0,   0,   0,   0,   0,   0,   0,   0,   0,   0,   0,   0,   0,   0,   0,   0,   0,   0,   0,   0
RGI60-07.00225,G018349E77736N,         0.872,   0,   0,   0,   0,   7,  85, 154, 302, 229, 212,  11,   0,   0,   0,   0,   0,   0,   0,   0,   0,   0,   0,   0,   0,   0,   0,   0,   0,   0,   0,   0,   0,   0,   0,   0,   0,   0,   0,   0,   0,   0,   0,   0,   0,   0,   0,   0
RGI60-07.00226,G016203E77666N,        19.533,   0,   0,   0,   0,   0,   0,  23,  66, 125, 142, 110,  96,  84,  87,  79,  66,  45,  34,  21,  10,   9,   3,   0,   0,   0,   0,   0,   0,   0,   0,   0,   0,   0,   0,   0,   0,   0,   0,   0,   0,   0,   0,   0,   0,   0,   0,   0
RGI60-07.00227,G016098E77626N,        27.113,   0,   0,   0,   0,   0,  22,  60,  55, 104, 128, 158, 144, 110,  64,  44,  30,  27,  23,  18,   9,   3,   1,   0,   0,   0,   0,   0,   0,   0,   0,   0,   0,   0,   0,   0,   0,   0,   0,   0,   0,   0,   0,   0,   0,   0,   0,   0
RGI60-07.00228,G015002E77401N,       136.418,   0,   2,  21,  40,  41,  44,  73,  95, 154, 113, 111,  97, 102,  74,  24,   6,   2,   1,   0,   0,   0,   0,   0,   0,   0,   0,   0,   0,   0,   0,   0,   0,   0,   0,   0,   0,   0,   0,   0,   0,   0,   0,   0,   0,   0,   0,   0
RGI60-07.00229,G014997E77472N,        27.098,   0,   0,   0,  22,  48,  57,  80,  93, 107, 119, 131, 210,  86,  24,  12,   7,   3,   1,   0,   0,   0,   0,   0,   0,   0,   0,   0,   0,   0,   0,   0,   0,   0,   0,   0,   0,   0,   0,   0,   0,   0,   0,   0,   0,   0,   0,   0
RGI60-07.00230,G015335E77466N,         2.914,   0,   0,   0,   0,   0,   6, 101,  93, 117, 215, 193, 107, 121,  47,   0,   0,   0,   0,   0,   0,   0,   0,   0,   0,   0,   0,   0,   0,   0,   0,   0,   0,   0,   0,   0,   0,   0,   0,   0,   0,   0,   0,   0,   0,   0,   0,   0
RGI60-07.00231,G015238E77461N,        34.040,   0,   0,   0,   6,  53,  79,  93,  92, 115, 124, 118,  91,  59,  57,  52,  31,  16,   9,   4,   1,   0,   0,   0,   0,   0,   0,   0,   0,   0,   0,   0,   0,   0,   0,   0,   0,   0,   0,   0,   0,   0,   0,   0,   0,   0,   0,   0
RGI60-07.00232,G015443E77448N,         5.411,   0,   0,   0,   3,  17,  37,  75,  67,  96, 143, 270, 156,  96,  30,   8,   2,   0,   0,   0,   0,   0,   0,   0,   0,   0,   0,   0,   0,   0,   0,   0,   0,   0,   0,   0,   0,   0,   0,   0,   0,   0,   0,   0,   0,   0,   0,   0
RGI60-07.00233,G015467E77421N,        29.934,   0,   0,   0,   1,  66, 106,  73,  69, 111,  90, 140, 140,  79,  49,  31,  20,  13,   5,   2,   1,   1,   1,   2,   0,   0,   0,   0,   0,   0,   0,   0,   0,   0,   0,   0,   0,   0,   0,   0,   0,   0,   0,   0,   0,   0,   0,   0
RGI60-07.00234,G015916E77387N,         7.104,   0,   0,   0,   0,   1,  56,  87, 108, 164, 176, 136, 127,  70,  41,  28,   6,   0,   0,   0,   0,   0,   0,   0,   0,   0,   0,   0,   0,   0,   0,   0,   0,   0,   0,   0,   0,   0,   0,   0,   0,   0,   0,   0,   0,   0,   0,   0
RGI60-07.00235,G015873E77333N,        98.526,   0,   0,   0,  24,  64,  57,  83, 120, 110, 151, 156, 105,  64,  31,  18,   9,   5,   2,   1,   0,   0,   0,   0,   0,   0,   0,   0,   0,   0,   0,   0,   0,   0,   0,   0,   0,   0,   0,   0,   0,   0,   0,   0,   0,   0,   0,   0
RGI60-07.00236,G016170E77327N,        10.583,   0,   0,   0,   0,  21,  86, 103, 270, 237, 126,  75,  49,  30,   3,   0,   0,   0,   0,   0,   0,   0,   0,   0,   0,   0,   0,   0,   0,   0,   0,   0,   0,   0,   0,   0,   0,   0,   0,   0,   0,   0,   0,   0,   0,   0,   0,   0
RGI60-07.00237,G016117E77285N,       117.561,   0,   0,   0,   5,  59, 125, 152, 202, 110,  93, 108,  63,  40,  26,  10,   4,   2,   1,   0,   0,   0,   0,   0,   0,   0,   0,   0,   0,   0,   0,   0,   0,   0,   0,   0,   0,   0,   0,   0,   0,   0,   0,   0,   0,   0,   0,   0
RGI60-07.00238,G016281E77164N,       206.536,   0,   0,   0,  39, 142, 260, 153, 125, 102,  69,  48,  33,  13,   8,   4,   3,   1,   0,   0,   0,   0,   0,   0,   0,   0,   0,   0,   0,   0,   0,   0,   0,   0,   0,   0,   0,   0,   0,   0,   0,   0,   0,   0,   0,   0,   0,   0
RGI60-07.00239,G015923E77153N,        53.086,   0,   0,   0,  34,  47,  42,  44, 131, 244, 232, 140,  55,  22,   8,   1,   0,   0,   0,   0,   0,   0,   0,   0,   0,   0,   0,   0,   0,   0,   0,   0,   0,   0,   0,   0,   0,   0,   0,   0,   0,   0,   0,   0,   0,   0,   0,   0
RGI60-07.00240,G015580E77075N,        64.211,   0,   0,  15,  79,  84, 152, 160, 141, 214, 117,  32,   5,   1,   0,   0,   0,   0,   0,   0,   0,   0,   0,   0,   0,   0,   0,   0,   0,   0,   0,   0,   0,   0,   0,   0,   0,   0,   0,   0,   0,   0,   0,   0,   0,   0,   0,   0
RGI60-07.00241,G015652E77396N,        80.444,   0,   0,   0,  18,  58,  72,  97, 105,  89,  92, 131, 138,  80,  51,  34,  18,  11,   3,   2,   1,   0,   0,   0,   0,   0,   0,   0,   0,   0,   0,   0,   0,   0,   0,   0,   0,   0,   0,   0,   0,   0,   0,   0,   0,   0,   0,   0
RGI60-07.00242,G015389E77211N,       141.099,   0,   0,   6,  47,  56,  37,  73, 139, 137, 156,  87,  63,  52,  34,  83,  22,   6,   2,   0,   0,   0,   0,   0,   0,   0,   0,   0,   0,   0,   0,   0,   0,   0,   0,   0,   0,   0,   0,   0,   0,   0,   0,   0,   0,   0,   0,   0
RGI60-07.00243,G015269E77135N,         9.463,   0,   0,   7,  77,  85,  93,  77, 105, 233, 135,  80,  49,  45,  13,   1,   0,   0,   0,   0,   0,   0,   0,   0,   0,   0,   0,   0,   0,   0,   0,   0,   0,   0,   0,   0,   0,   0,   0,   0,   0,   0,   0,   0,   0,   0,   0,   0
RGI60-07.00244,G015696E77169N,        99.268,   0,   0,   0,  16,  64, 102, 125, 134, 151,  96,  96,  58,  49,  59,  35,  12,   3,   0,   0,   0,   0,   0,   0,   0,   0,   0,   0,   0,   0,   0,   0,   0,   0,   0,   0,   0,   0,   0,   0,   0,   0,   0,   0,   0,   0,   0,   0
RGI60-07.00245,G015359E77053N,         0.494,   0,   0,   0,   0,   0,   0,  18,  60, 122, 238, 356, 203,   3,   0,   0,   0,   0,   0,   0,   0,   0,   0,   0,   0,   0,   0,   0,   0,   0,   0,   0,   0,   0,   0,   0,   0,   0,   0,   0,   0,   0,   0,   0,   0,   0,   0,   0
RGI60-07.00246,G015394E77080N,        26.722,   0,   0,   0,  40,  67, 107, 103, 156, 183, 154, 103,  44,  28,  10,   4,   1,   0,   0,   0,   0,   0,   0,   0,   0,   0,   0,   0,   0,   0,   0,   0,   0,   0,   0,   0,   0,   0,   0,   0,   0,   0,   0,   0,   0,   0,   0,   0
RGI60-07.00247,G016093E77099N,        14.343,   0,  10,  46,  76, 143, 251, 201, 130,  88,  45,   8,   2,   0,   0,   0,   0,   0,   0,   0,   0,   0,   0,   0,   0,   0,   0,   0,   0,   0,   0,   0,   0,   0,   0,   0,   0,   0,   0,   0,   0,   0,   0,   0,   0,   0,   0,   0
RGI60-07.00248,G016129E77066N,         5.834,   0,   7,  76,  55,  53, 138, 206, 221, 136,  74,  26,   8,   0,   0,   0,   0,   0,   0,   0,   0,   0,   0,   0,   0,   0,   0,   0,   0,   0,   0,   0,   0,   0,   0,   0,   0,   0,   0,   0,   0,   0,   0,   0,   0,   0,   0,   0
RGI60-07.00249,G016203E77045N,         5.206,   0,   0, 138, 163, 113, 181, 170, 120,  76,  25,   9,   4,   1,   0,   0,   0,   0,   0,   0,   0,   0,   0,   0,   0,   0,   0,   0,   0,   0,   0,   0,   0,   0,   0,   0,   0,   0,   0,   0,   0,   0,   0,   0,   0,   0,   0,   0
RGI60-07.00250,G017164E77152N,        52.821,   0,   0,   0, 109, 211, 202, 144, 117,  82,  50,  33,  24,  23,   5,   0,   0,   0,   0,   0,   0,   0,   0,   0,   0,   0,   0,   0,   0,   0,   0,   0,   0,   0,   0,   0,   0,   0,   0,   0,   0,   0,   0,   0,   0,   0,   0,   0
RGI60-07.00251,G017203E77205N,        16.565,   0,   0,  62, 127, 115, 138, 190, 124, 104,  59,  41,  21,  15,   4,   0,   0,   0,   0,   0,   0,   0,   0,   0,   0,   0,   0,   0,   0,   0,   0,   0,   0,   0,   0,   0,   0,   0,   0,   0,   0,   0,   0,   0,   0,   0,   0,   0
RGI60-07.00252,G016192E76798N,         0.865,   0,   0,   0,  64,  61, 126, 182, 292,  87, 143,  40,   5,   0,   0,   0,   0,   0,   0,   0,   0,   0,   0,   0,   0,   0,   0,   0,   0,   0,   0,   0,   0,   0,   0,   0,   0,   0,   0,   0,   0,   0,   0,   0,   0,   0,   0,   0
RGI60-07.00253,G016118E76838N,        47.105,   0,   0,  43,  64,  51,  88, 288, 140,  71,  65,  88,  48,  27,  13,   6,   4,   2,   2,   0,   0,   0,   0,   0,   0,   0,   0,   0,   0,   0,   0,   0,   0,   0,   0,   0,   0,   0,   0,   0,   0,   0,   0,   0,   0,   0,   0,   0
RGI60-07.00254,G016067E76942N,         9.954,   0,  35,  87, 101, 130, 210,  80,  82,  86,  59,  44,  30,  24,  20,  10,   2,   0,   0,   0,   0,   0,   0,   0,   0,   0,   0,   0,   0,   0,   0,   0,   0,   0,   0,   0,   0,   0,   0,   0,   0,   0,   0,   0,   0,   0,   0,   0
RGI60-07.00255,G016005E76925N,         0.756,   0,   0,   0,  46, 126, 125,  89, 163,  96,  79,  78,  49,  31,  43,  61,  14,   0,   0,   0,   0,   0,   0,   0,   0,   0,   0,   0,   0,   0,   0,   0,   0,   0,   0,   0,   0,   0,   0,   0,   0,   0,   0,   0,   0,   0,   0,   0
RGI60-07.00256,G016004E76908N,        11.180,   0,   0,  39, 147,  97,  98,  62,  99, 140,  87,  70,  57,  44,  30,  16,   5,   2,   1,   2,   2,   1,   1,   0,   0,   0,   0,   0,   0,   0,   0,   0,   0,   0,   0,   0,   0,   0,   0,   0,   0,   0,   0,   0,   0,   0,   0,   0
RGI60-07.00257,G016147E76953N,         1.882,   0,   2, 123, 169, 128, 132, 167,  69,  53,  74,  38,  19,  10,   8,   6,   2,   0,   0,   0,   0,   0,   0,   0,   0,   0,   0,   0,   0,   0,   0,   0,   0,   0,   0,   0,   0,   0,   0,   0,   0,   0,   0,   0,   0,   0,   0,   0
RGI60-07.00258,G016210E76932N,         2.442,   0,  27, 147, 158,  67,  61,  57,  53, 104,  95,  62,  52,  36,  25,  16,  11,  17,   6,   4,   2,   0,   0,   0,   0,   0,   0,   0,   0,   0,   0,   0,   0,   0,   0,   0,   0,   0,   0,   0,   0,   0,   0,   0,   0,   0,   0,   0
RGI60-07.00259,G016218E76896N,        18.852,   0,   4,  21, 228, 138, 147,  40,  26,  27,  34,  64,  59,  66,  50,  23,  16,  13,   8,   9,   8,   6,   5,   4,   3,   1,   0,   0,   0,   0,   0,   0,   0,   0,   0,   0,   0,   0,   0,   0,   0,   0,   0,   0,   0,   0,   0,   0
RGI60-07.00260,G015992E76887N,         0.567,   0,   0,   0,   0,   0,  91, 220, 645,  44,   0,   0,   0,   0,   0,   0,   0,   0,   0,   0,   0,   0,   0,   0,   0,   0,   0,   0,   0,   0,   0,   0,   0,   0,   0,   0,   0,   0,   0,   0,   0,   0,   0,   0,   0,   0,   0,   0
RGI60-07.00261,G016270E76775N,        21.071,   0,   0,  40,  76,  79,  94,  97, 187, 205, 131,  47,  24,  16,   3,   1,   0,   0,   0,   0,   0,   0,   0,   0,   0,   0,   0,   0,   0,   0,   0,   0,   0,   0,   0,   0,   0,   0,   0,   0,   0,   0,   0,   0,   0,   0,   0,   0
RGI60-07.00262,G016649E76667N,        23.263,   0, 108, 147, 148, 112, 152, 232,  63,  17,  14,   4,   2,   1,   0,   0,   0,   0,   0,   0,   0,   0,   0,   0,   0,   0,   0,   0,   0,   0,   0,   0,   0,   0,   0,   0,   0,   0,   0,   0,   0,   0,   0,   0,   0,   0,   0,   0
RGI60-07.00263,G016402E76867N,        56.537,   0,   0,   4,  76, 197, 159, 237, 114,  65,  51,  40,  35,  10,   4,   4,   4,   0,   0,   0,   0,   0,   0,   0,   0,   0,   0,   0,   0,   0,   0,   0,   0,   0,   0,   0,   0,   0,   0,   0,   0,   0,   0,   0,   0,   0,   0,   0
RGI60-07.00264,G016621E76798N,         0.018,   0,   0,   0,   0,   0,   0,   0,   0,   0,   0,   0, 551, 414,  35,   0,   0,   0,   0,   0,   0,   0,   0,   0,   0,   0,   0,   0,   0,   0,   0,   0,   0,   0,   0,   0,   0,   0,   0,   0,   0,   0,   0,   0,   0,   0,   0,   0
RGI60-07.00265,G016505E76761N,       114.950,   0,  26,  94,  96, 268, 121, 150, 115,  53,  37,  24,  11,   4,   1,   0,   0,   0,   0,   0,   0,   0,   0,   0,   0,   0,   0,   0,   0,   0,   0,   0,   0,   0,   0,   0,   0,   0,   0,   0,   0,   0,   0,   0,   0,   0,   0,   0
RGI60-07.00266,G017169E77866N,        21.899,   0,   0,   0,   0,  17,  54, 104, 106, 162, 152, 104,  98,  82,  55,  38,  21,   7,   0,   0,   0,   0,   0,   0,   0,   0,   0,   0,   0,   0,   0,   0,   0,   0,   0,   0,   0,   0,   0,   0,   0,   0,   0,   0,   0,   0,   0,   0
RGI60-07.00267,G016965E77863N,         1.691,   0,   0,   0,   0,   0,  25,  66, 111, 133, 174, 169, 115, 140,  58,   9,   0,   0,   0,   0,   0,   0,   0,   0,   0,   0,   0,   0,   0,   0,   0,   0,   0,   0,   0,   0,   0,   0,   0,   0,   0,   0,   0,   0,   0,   0,   0,   0
RGI60-07.00268,G017218E77905N,         0.907,   0,   0,   0,   0,   0,   0,  47, 116, 157, 146, 147, 144, 158,  72,  13,   0,   0,   0,   0,   0,   0,   0,   0,   0,   0,   0,   0,   0,   0,   0,   0,   0,   0,   0,   0,   0,   0,   0,   0,   0,   0,   0,   0,   0,   0,   0,   0
RGI60-07.00269,G017368E77903N,         0.205,   0,   0,   0,   0,   0,   0,   0,   0,   0, 115, 187, 155,  85,  70, 176, 167,  45,   0,   0,   0,   0,   0,   0,   0,   0,   0,   0,   0,   0,   0,   0,   0,   0,   0,   0,   0,   0,   0,   0,   0,   0,   0,   0,   0,   0,   0,   0
RGI60-07.00270,G017398E77894N,        14.187,   0,   0,   2,  21,  42,  99, 128, 134, 150, 149, 113,  77,  48,  29,   7,   1,   0,   0,   0,   0,   0,   0,   0,   0,   0,   0,   0,   0,   0,   0,   0,   0,   0,   0,   0,   0,   0,   0,   0,   0,   0,   0,   0,   0,   0,   0,   0
RGI60-07.00271,G016953E77850N,         2.317,   0,   0,   0,   0,   0,   0,   0,   0,   0,   0,  39, 127, 155, 220, 288, 171,   0,   0,   0,   0,   0,   0,   0,   0,   0,   0,   0,   0,   0,   0,   0,   0,   0,   0,   0,   0,   0,   0,   0,   0,   0,   0,   0,   0,   0,   0,   0
RGI60-07.00272,G017283E77822N,         7.622,   0,   0,   0,   0,  22,  51,  95, 105, 109, 129, 163, 161,  89,  47,  23,   5,   1,   0,   0,   0,   0,   0,   0,   0,   0,   0,   0,   0,   0,   0,   0,   0,   0,   0,   0,   0,   0,   0,   0,   0,   0,   0,   0,   0,   0,   0,   0
RGI60-07.00273,G017378E77799N,        10.367,   0,   0,   0,  42,  52,  44, 104, 102, 116, 189, 134, 113,  56,  28,  16,   3,   1,   0,   0,   0,   0,   0,   0,   0,   0,   0,   0,   0,   0,   0,   0,   0,   0,   0,   0,   0,   0,   0,   0,   0,   0,   0,   0,   0,   0,   0,   0
RGI60-07.00274,G017576E77881N,        61.187,   0,   0,  18,  75, 212,  63, 104, 132, 106, 114,  79,  50,  32,  10,   4,   1,   0,   0,   0,   0,   0,   0,   0,   0,   0,   0,   0,   0,   0,   0,   0,   0,   0,   0,   0,   0,   0,   0,   0,   0,   0,   0,   0,   0,   0,   0,   0
RGI60-07.00275,G017955E77821N,        75.120,   0,   0,  37, 224,  96, 114, 120, 144, 107,  81,  49,  17,   7,   3,   1,   0,   0,   0,   0,   0,   0,   0,   0,   0,   0,   0,   0,   0,   0,   0,   0,   0,   0,   0,   0,   0,   0,   0,   0,   0,   0,   0,   0,   0,   0,   0,   0
RGI60-07.00276,G018127E77813N,        24.440,   0,   0, 120, 128, 142, 143, 165, 117,  89,  60,  23,  12,   1,   0,   0,   0,   0,   0,   0,   0,   0,   0,   0,   0,   0,   0,   0,   0,   0,   0,   0,   0,   0,   0,   0,   0,   0,   0,   0,   0,   0,   0,   0,   0,   0,   0,   0
RGI60-07.00277,G018266E77796N,        29.393,   0,   0,  85, 199, 233, 219,  78,  64,  73,  37,  10,   2,   0,   0,   0,   0,   0,   0,   0,   0,   0,   0,   0,   0,   0,   0,   0,   0,   0,   0,   0,   0,   0,   0,   0,   0,   0,   0,   0,   0,   0,   0,   0,   0,   0,   0,   0
RGI60-07.00278,G018166E77803N,         0.116,   0,   0,   0,   0,   0,   0,   0, 166, 299, 535,   0,   0,   0,   0,   0,   0,   0,   0,   0,   0,   0,   0,   0,   0,   0,   0,   0,   0,   0,   0,   0,   0,   0,   0,   0,   0,   0,   0,   0,   0,   0,   0,   0,   0,   0,   0,   0
RGI60-07.00279,G018113E77676N,        23.872,   0,   7,  58, 101, 138, 114, 217, 187,  82,  79,  17,   0,   0,   0,   0,   0,   0,   0,   0,   0,   0,   0,   0,   0,   0,   0,   0,   0,   0,   0,   0,   0,   0,   0,   0,   0,   0,   0,   0,   0,   0,   0,   0,   0,   0,   0,   0
RGI60-07.00280,G017200E77713N,        18.770,   0,   0,   0, 147, 157,  79,  36, 142, 101,  97,  75,  60,  53,  27,  20,   5,   1,   0,   0,   0,   0,   0,   0,   0,   0,   0,   0,   0,   0,   0,   0,   0,   0,   0,   0,   0,   0,   0,   0,   0,   0,   0,   0,   0,   0,   0,   0
RGI60-07.00281,G017170E77719N,         2.514,   0,   0,   0,   0,  11, 110, 160, 178, 112, 146, 101,  72,  72,  34,   4,   0,   0,   0,   0,   0,   0,   0,   0,   0,   0,   0,   0,   0,   0,   0,   0,   0,   0,   0,   0,   0,   0,   0,   0,   0,   0,   0,   0,   0,   0,   0,   0
RGI60-07.00282,G017018E77709N,         0.991,   0,   0,   0,   0,   0,   0,   0,  39,  60, 127, 249, 225, 161,  84,  43,  12,   0,   0,   0,   0,   0,   0,   0,   0,   0,   0,   0,   0,   0,   0,   0,   0,   0,   0,   0,   0,   0,   0,   0,   0,   0,   0,   0,   0,   0,   0,   0
RGI60-07.00283,G016964E77691N,        46.903,   0,   0,   8,  28,  40,  43,  67,  77, 100, 122, 144, 123, 100,  70,  44,  19,   5,   4,   3,   3,   0,   0,   0,   0,   0,   0,   0,   0,   0,   0,   0,   0,   0,   0,   0,   0,   0,   0,   0,   0,   0,   0,   0,   0,   0,   0,   0
RGI60-07.00284,G016717E77738N,         6.264,   0,   0,   0,   0,   0,   0,   9,  38,  64, 118, 147, 211, 146,  86,  62,  58,  25,  19,  10,   4,   3,   0,   0,   0,   0,   0,   0,   0,   0,   0,   0,   0,   0,   0,   0,   0,   0,   0,   0,   0,   0,   0,   0,   0,   0,   0,   0
RGI60-07.00285,G013742E78346N,        48.304,   3,  14,  52,  67,  91,  98, 135, 154, 141, 121,  82,  37,   5,   0,   0,   0,   0,   0,   0,   0,   0,   0,   0,   0,   0,   0,   0,   0,   0,   0,   0,   0,   0,   0,   0,   0,   0,   0,   0,   0,   0,   0,   0,   0,   0,   0,   0
RGI60-07.00286,G013814E78291N,         0.288,   0,   0,  86, 262, 332, 232,  86,   2,   0,   0,   0,   0,   0,   0,   0,   0,   0,   0,   0,   0,   0,   0,   0,   0,   0,   0,   0,   0,   0,   0,   0,   0,   0,   0,   0,   0,   0,   0,   0,   0,   0,   0,   0,   0,   0,   0,   0
RGI60-07.00287,G013832E78280N,         0.346,   0,   0,  31, 239, 407, 269,  54,   0,   0,   0,   0,   0,   0,   0,   0,   0,   0,   0,   0,   0,   0,   0,   0,   0,   0,   0,   0,   0,   0,   0,   0,   0,   0,   0,   0,   0,   0,   0,   0,   0,   0,   0,   0,   0,   0,   0,   0
RGI60-07.00288,G013748E78313N,         1.230,   0,   0,  76, 150, 632,  87,  49,   6,   0,   0,   0,   0,   0,   0,   0,   0,   0,   0,   0,   0,   0,   0,   0,   0,   0,   0,   0,   0,   0,   0,   0,   0,   0,   0,   0,   0,   0,   0,   0,   0,   0,   0,   0,   0,   0,   0,   0
RGI60-07.00289,G013700E78305N,         0.182,   0,   0,   0,  65, 364, 476,  95,   0,   0,   0,   0,   0,   0,   0,   0,   0,   0,   0,   0,   0,   0,   0,   0,   0,   0,   0,   0,   0,   0,   0,   0,   0,   0,   0,   0,   0,   0,   0,   0,   0,   0,   0,   0,   0,   0,   0,   0
RGI60-07.00290,G013132E78486N,         3.335,   0,   2,  72, 155, 190, 158, 104, 124,  92,  41,  19,  13,   9,  10,   7,   4,   0,   0,   0,   0,   0,   0,   0,   0,   0,   0,   0,   0,   0,   0,   0,   0,   0,   0,   0,   0,   0,   0,   0,   0,   0,   0,   0,   0,   0,   0,   0
RGI60-07.00291,G012907E78488N,         0.825,   0,   0, 109, 319, 250, 133,  60,  33,  13,  14,  22,  28,  19,   0,   0,   0,   0,   0,   0,   0,   0,   0,   0,   0,   0,   0,   0,   0,   0,   0,   0,   0,   0,   0,   0,   0,   0,   0,   0,   0,   0,   0,   0,   0,   0,   0,   0
RGI60-07.00292,G012848E78487N,         0.914,   0,   0, 131, 347, 243, 169,  79,  27,   4,   0,   0,   0,   0,   0,   0,   0,   0,   0,   0,   0,   0,   0,   0,   0,   0,   0,   0,   0,   0,   0,   0,   0,   0,   0,   0,   0,   0,   0,   0,   0,   0,   0,   0,   0,   0,   0,   0
RGI60-07.00293,G018057E77573N,        32.710,   0,   0,  14, 172, 233, 257, 146,  93,  60,  21,   4,   0,   0,   0,   0,   0,   0,   0,   0,   0,   0,   0,   0,   0,   0,   0,   0,   0,   0,   0,   0,   0,   0,   0,   0,   0,   0,   0,   0,   0,   0,   0,   0,   0,   0,   0,   0
RGI60-07.00294,G017931E77619N,        37.556,   0,   0,  22, 105, 138, 226, 127, 199,  83,  53,  26,  14,   7,   0,   0,   0,   0,   0,   0,   0,   0,   0,   0,   0,   0,   0,   0,   0,   0,   0,   0,   0,   0,   0,   0,   0,   0,   0,   0,   0,   0,   0,   0,   0,   0,   0,   0
RGI60-07.00295,G016526E77665N,        51.168,   0,   0,   0,   0,   6,  26,  59,  53,  97, 106, 173, 153, 107,  77,  52,  34,  20,  14,  11,   7,   4,   1,   0,   0,   0,   0,   0,   0,   0,   0,   0,   0,   0,   0,   0,   0,   0,   0,   0,   0,   0,   0,   0,   0,   0,   0,   0
RGI60-07.00296,G017589E77655N,       118.221,   0,   0,  13, 111, 113, 129, 155, 139, 111,  95,  70,  37,  18,   7,   2,   0,   0,   0,   0,   0,   0,   0,   0,   0,   0,   0,   0,   0,   0,   0,   0,   0,   0,   0,   0,   0,   0,   0,   0,   0,   0,   0,   0,   0,   0,   0,   0
RGI60-07.00297,G016304E77606N,        18.373,   0,   0,   0,   0,   7,  34,  72,  93, 158, 130, 103, 104,  94,  75,  44,  28,  23,  15,  12,   7,   1,   0,   0,   0,   0,   0,   0,   0,   0,   0,   0,   0,   0,   0,   0,   0,   0,   0,   0,   0,   0,   0,   0,   0,   0,   0,   0
RGI60-07.00298,G016669E77352N,        50.583,   0,   0,   0,  45,  65,  62,  99,  89, 185, 180, 116,  91,  44,  13,   5,   4,   2,   0,   0,   0,   0,   0,   0,   0,   0,   0,   0,   0,   0,   0,   0,   0,   0,   0,   0,   0,   0,   0,   0,   0,   0,   0,   0,   0,   0,   0,   0
RGI60-07.00299,G016775E76775N,       136.856,   0,  28, 147, 185, 255, 128, 131,  49,  30,  18,  12,  10,   4,   1,   2,   0,   0,   0,   0,   0,   0,   0,   0,   0,   0,   0,   0,   0,   0,   0,   0,   0,   0,   0,   0,   0,   0,   0,   0,   0,   0,   0,   0,   0,   0,   0,   0
RGI60-07.00300,G017063E76932N,        13.431,   0,  20,  92, 233, 376, 113,  73,  51,  27,  12,   3,   0,   0,   0,   0,   0,   0,   0,   0,   0,   0,   0,   0,   0,   0,   0,   0,   0,   0,   0,   0,   0,   0,   0,   0,   0,   0,   0,   0,   0,   0,   0,   0,   0,   0,   0,   0
RGI60-07.00301,G014995E77286N,       312.535,   0,   0,   3,  62,  93, 115, 112, 102, 107,  74,  67,  65,  67,  74,  40,  15,   3,   1,   0,   0,   0,   0,   0,   0,   0,   0,   0,   0,   0,   0,   0,   0,   0,   0,   0,   0,   0,   0,   0,   0,   0,   0,   0,   0,   0,   0,   0
RGI60-07.00302,G013277E78420N,       144.255,   0,   2,  33,  44,  77,  76,  85, 118,  99, 164, 175,  96,  23,   6,   2,   0,   0,   0,   0,   0,   0,   0,   0,   0,   0,   0,   0,   0,   0,   0,   0,   0,   0,   0,   0,   0,   0,   0,   0,   0,   0,   0,   0,   0,   0,   0,   0
RGI60-07.00303,G013224E78481N,         3.237,   0,   0,   3,  48,  64,  66,  71,  86,  77,  64, 362,  87,  33,  22,  12,   5,   0,   0,   0,   0,   0,   0,   0,   0,   0,   0,   0,   0,   0,   0,   0,   0,   0,   0,   0,   0,   0,   0,   0,   0,   0,   0,   0,   0,   0,   0,   0
RGI60-07.00304,G012649E78469N,        14.517,   0,  25,  64,  95, 140, 267, 181, 129,  48,  38,  11,   2,   0,   0,   0,   0,   0,   0,   0,   0,   0,   0,   0,   0,   0,   0,   0,   0,   0,   0,   0,   0,   0,   0,   0,   0,   0,   0,   0,   0,   0,   0,   0,   0,   0,   0,   0
RGI60-07.00305,G013031E78474N,        11.047,   0,   7,  51,  73,  85, 175, 253, 206,  93,  35,  15,   6,   1,   0,   0,   0,   0,   0,   0,   0,   0,   0,   0,   0,   0,   0,   0,   0,   0,   0,   0,   0,   0,   0,   0,   0,   0,   0,   0,   0,   0,   0,   0,   0,   0,   0,   0
RGI60-07.00306,G012553E78476N,         1.372,   0,   0,   0,  84, 215, 284, 273, 100,  40,   4,   0,   0,   0,   0,   0,   0,   0,   0,   0,   0,   0,   0,   0,   0,   0,   0,   0,   0,   0,   0,   0,   0,   0,   0,   0,   0,   0,   0,   0,   0,   0,   0,   0,   0,   0,   0,   0
RGI60-07.00307,G013405E78493N,        25.661,   0,  10,  32,  41,  58,  97, 116, 120, 112, 115, 167,  85,  30,  10,   4,   3,   0,   0,   0,   0,   0,   0,   0,   0,   0,   0,   0,   0,   0,   0,   0,   0,   0,   0,   0,   0,   0,   0,   0,   0,   0,   0,   0,   0,   0,   0,   0
RGI60-07.00308,G012640E78429N,         0.484,   0,   0,   0,   0, 120,  86,  93, 212, 260, 151,  77,   1,   0,   0,   0,   0,   0,   0,   0,   0,   0,   0,   0,   0,   0,   0,   0,   0,   0,   0,   0,   0,   0,   0,   0,   0,   0,   0,   0,   0,   0,   0,   0,   0,   0,   0,   0
RGI60-07.00309,G012519E78464N,         0.247,   0,   0,   0,   0,   8, 178, 360, 293, 120,  41,   0,   0,   0,   0,   0,   0,   0,   0,   0,   0,   0,   0,   0,   0,   0,   0,   0,   0,   0,   0,   0,   0,   0,   0,   0,   0,   0,   0,   0,   0,   0,   0,   0,   0,   0,   0,   0
RGI60-07.00310,G012494E78479N,         0.288,   0,   0,   0,   0,  41, 396, 377, 186,   0,   0,   0,   0,   0,   0,   0,   0,   0,   0,   0,   0,   0,   0,   0,   0,   0,   0,   0,   0,   0,   0,   0,   0,   0,   0,   0,   0,   0,   0,   0,   0,   0,   0,   0,   0,   0,   0,   0
RGI60-07.00311,G012741E78452N,        13.115,   0,   0,  67, 123, 189, 228, 129,  87, 110,  55,   9,   3,   0,   0,   0,   0,   0,   0,   0,   0,   0,   0,   0,   0,   0,   0,   0,   0,   0,   0,   0,   0,   0,   0,   0,   0,   0,   0,   0,   0,   0,   0,   0,   0,   0,   0,   0
RGI60-07.00312,G012906E78458N,        10.772,   0,   0,  43,  87, 116, 104, 184, 183, 147,  83,  38,  10,   5,   0,   0,   0,   0,   0,   0,   0,   0,   0,   0,   0,   0,   0,   0,   0,   0,   0,   0,   0,   0,   0,   0,   0,   0,   0,   0,   0,   0,   0,   0,   0,   0,   0,   0
RGI60-07.00313,G017791E77854N,        64.258,   0,   0,  23, 104, 197,  85, 101, 154, 123, 111,  49,  25,  17,   7,   3,   1,   0,   0,   0,   0,   0,   0,   0,   0,   0,   0,   0,   0,   0,   0,   0,   0,   0,   0,   0,   0,   0,   0,   0,   0,   0,   0,   0,   0,   0,   0,   0
RGI60-07.00314,G018357E77761N,         2.720,   0,   1,  45,  69,  49, 113, 163, 180, 289,  88,   3,   0,   0,   0,   0,   0,   0,   0,   0,   0,   0,   0,   0,   0,   0,   0,   0,   0,   0,   0,   0,   0,   0,   0,   0,   0,   0,   0,   0,   0,   0,   0,   0,   0,   0,   0,   0
RGI60-07.00315,G018171E77607N,        29.776,   3,  31,  66, 110, 176, 293, 165,  86,  43,  18,   8,   1,   0,   0,   0,   0,   0,   0,   0,   0,   0,   0,   0,   0,   0,   0,   0,   0,   0,   0,   0,   0,   0,   0,   0,   0,   0,   0,   0,   0,   0,   0,   0,   0,   0,   0,   0
RGI60-07.00316,G017781E77613N,        12.498,   0,   0,  52,  64,  90, 115, 129, 141, 193, 102,  52,  31,  17,   8,   6,   0,   0,   0,   0,   0,   0,   0,   0,   0,   0,   0,   0,   0,   0,   0,   0,   0,   0,   0,   0,   0,   0,   0,   0,   0,   0,   0,   0,   0,   0,   0,   0
RGI60-07.00317,G017488E77515N,         2.957,   0,   0,  36, 230, 177, 164, 123, 106,  67,  61,  21,  15,   0,   0,   0,   0,   0,   0,   0,   0,   0,   0,   0,   0,   0,   0,   0,   0,   0,   0,   0,   0,   0,   0,   0,   0,   0,   0,   0,   0,   0,   0,   0,   0,   0,   0,   0
RGI60-07.00318,G017253E77422N,        30.809,   0,   0,  65, 127, 237, 227,  95,  72,  68,  42,  26,  17,  17,   7,   0,   0,   0,   0,   0,   0,   0,   0,   0,   0,   0,   0,   0,   0,   0,   0,   0,   0,   0,   0,   0,   0,   0,   0,   0,   0,   0,   0,   0,   0,   0,   0,   0
RGI60-07.00319,G017116E77352N,        53.570,   0,   0, 106, 217, 136,  74,  87,  92,  86,  57,  60,  55,  26,   4,   0,   0,   0,   0,   0,   0,   0,   0,   0,   0,   0,   0,   0,   0,   0,   0,   0,   0,   0,   0,   0,   0,   0,   0,   0,   0,   0,   0,   0,   0,   0,   0,   0
RGI60-07.00320,G017199E77087N,        15.344,   1,  22,  51, 102, 122, 540,  98,  49,  15,   0,   0,   0,   0,   0,   0,   0,   0,   0,   0,   0,   0,   0,   0,   0,   0,   0,   0,   0,   0,   0,   0,   0,   0,   0,   0,   0,   0,   0,   0,   0,   0,   0,   0,   0,   0,   0,   0
RGI60-07.00321,G017148E77247N,        42.361,   0,   0,   4,  74, 246, 194, 159, 132,  64,  41,  51,  24,  10,   1,   0,   0,   0,   0,   0,   0,   0,   0,   0,   0,   0,   0,   0,   0,   0,   0,   0,   0,   0,   0,   0,   0,   0,   0,   0,   0,   0,   0,   0,   0,   0,   0,   0
RGI60-07.00322,G016669E77295N,       179.887,   0,   0,   0,  21,  49,  73, 107, 147, 238, 143, 113,  71,  30,   7,   1,   0,   0,   0,   0,   0,   0,   0,   0,   0,   0,   0,   0,   0,   0,   0,   0,   0,   0,   0,   0,   0,   0,   0,   0,   0,   0,   0,   0,   0,   0,   0,   0
RGI60-07.00323,G017284E77313N,         8.193,   0,   0,  55, 129, 225, 260,  95,  79,  70,  62,  19,   5,   1,   0,   0,   0,   0,   0,   0,   0,   0,   0,   0,   0,   0,   0,   0,   0,   0,   0,   0,   0,   0,   0,   0,   0,   0,   0,   0,   0,   0,   0,   0,   0,   0,   0,   0
RGI60-07.00324,G016789E77141N,       173.408,   0,   0,   0,  23, 219, 181, 129, 106, 103,  91,  73,  38,  25,   9,   2,   1,   0,   0,   0,   0,   0,   0,   0,   0,   0,   0,   0,   0,   0,   0,   0,   0,   0,   0,   0,   0,   0,   0,   0,   0,   0,   0,   0,   0,   0,   0,   0
RGI60-07.00325,G016420E77950N,         5.878,   0,   0,   0,   0,   0,   0,   4,  21,  42, 121, 101, 124, 107, 165,  84,  58,  50,  33,  24,  20,  19,  15,   9,   3,   0,   0,   0,   0,   0,   0,   0,   0,   0,   0,   0,   0,   0,   0,   0,   0,   0,   0,   0,   0,   0,   0,   0
RGI60-07.00326,G016980E77963N,         0.458,   0,   0,   0,   0,   0,   0,   0,   0,   4,  30,  46,  69, 215, 307, 249,  80,   0,   0,   0,   0,   0,   0,   0,   0,   0,   0,   0,   0,   0,   0,   0,   0,   0,   0,   0,   0,   0,   0,   0,   0,   0,   0,   0,   0,   0,   0,   0
RGI60-07.00327,G017004E77974N,         0.474,   0,   0,   0,   0,   0,   0,   0, 138, 121, 144, 140, 223, 192,  42,   0,   0,   0,   0,   0,   0,   0,   0,   0,   0,   0,   0,   0,   0,   0,   0,   0,   0,   0,   0,   0,   0,   0,   0,   0,   0,   0,   0,   0,   0,   0,   0,   0
RGI60-07.00328,G016912E77974N,         1.204,   0,   0,   0,   0,   0,   0,  48,  88, 126, 115, 135, 243, 113,  87,  39,   6,   0,   0,   0,   0,   0,   0,   0,   0,   0,   0,   0,   0,   0,   0,   0,   0,   0,   0,   0,   0,   0,   0,   0,   0,   0,   0,   0,   0,   0,   0,   0
RGI60-07.00329,G018326E77962N,         1.203,   0,   0,   0,   0,   0,   0,   0,   2, 123, 211, 176, 387, 101,   0,   0,   0,   0,   0,   0,   0,   0,   0,   0,   0,   0,   0,   0,   0,   0,   0,   0,   0,   0,   0,   0,   0,   0,   0,   0,   0,   0,   0,   0,   0,   0,   0,   0
RGI60-07.00330,G017123E77982N,         0.633,   0,   0,   0,   0,   0,   0,   0,  10,  57,  72, 121, 101, 155, 179, 157, 119,  29,   0,   0,   0,   0,   0,   0,   0,   0,   0,   0,   0,   0,   0,   0,   0,   0,   0,   0,   0,   0,   0,   0,   0,   0,   0,   0,   0,   0,   0,   0
RGI60-07.00331,G017186E77984N,         1.249,   0,   0,   0,   0,   0,   0,   0,  67, 144, 225, 176, 201, 137,  48,   2,   0,   0,   0,   0,   0,   0,   0,   0,   0,   0,   0,   0,   0,   0,   0,   0,   0,   0,   0,   0,   0,   0,   0,   0,   0,   0,   0,   0,   0,   0,   0,   0
RGI60-07.00332,G017434E78011N,         0.400,   0,   0,   0,   0,   0,   0,   0,  22,  47,  90, 159, 191, 187, 173, 126,   5,   0,   0,   0,   0,   0,   0,   0,   0,   0,   0,   0,   0,   0,   0,   0,   0,   0,   0,   0,   0,   0,   0,   0,   0,   0,   0,   0,   0,   0,   0,   0
RGI60-07.00333,G017134E78009N,         0.914,   0,   0,   0,   0,   0,   0,   0,  29,  71, 105, 120, 128, 205, 178,  89,  46,  26,   3,   0,   0,   0,   0,   0,   0,   0,   0,   0,   0,   0,   0,   0,   0,   0,   0,   0,   0,   0,   0,   0,   0,   0,   0,   0,   0,   0,   0,   0
RGI60-07.00334,G018284E78004N,         0.512,   0,   0,   0,   0,  31, 132, 250, 307, 230,  50,   0,   0,   0,   0,   0,   0,   0,   0,   0,   0,   0,   0,   0,   0,   0,   0,   0,   0,   0,   0,   0,   0,   0,   0,   0,   0,   0,   0,   0,   0,   0,   0,   0,   0,   0,   0,   0
RGI60-07.00335,G016542E78018N,         0.957,   0,   0,   0,   0,   0,   0,  56,  85, 130, 203, 178, 142, 147,  59,   0,   0,   0,   0,   0,   0,   0,   0,   0,   0,   0,   0,   0,   0,   0,   0,   0,   0,   0,   0,   0,   0,   0,   0,   0,   0,   0,   0,   0,   0,   0,   0,   0
RGI60-07.00336,G017340E78019N,         0.812,   0,   0,   0,   0,   0,   0,   0,  11,  50,  92, 150, 179, 188, 183,  85,  33,  25,   4,   0,   0,   0,   0,   0,   0,   0,   0,   0,   0,   0,   0,   0,   0,   0,   0,   0,   0,   0,   0,   0,   0,   0,   0,   0,   0,   0,   0,   0
RGI60-07.00337,G017572E78019N,         0.426,   0,   0,   0,   0,   0,   0,  28, 100, 163, 199, 199, 232,  79,   0,   0,   0,   0,   0,   0,   0,   0,   0,   0,   0,   0,   0,   0,   0,   0,   0,   0,   0,   0,   0,   0,   0,   0,   0,   0,   0,   0,   0,   0,   0,   0,   0,   0
RGI60-07.00338,G017427E78021N,         0.861,   0,   0,   0,   0,   0,   1,  76, 129, 170, 208, 125, 115, 123,  52,   1,   0,   0,   0,   0,   0,   0,   0,   0,   0,   0,   0,   0,   0,   0,   0,   0,   0,   0,   0,   0,   0,   0,   0,   0,   0,   0,   0,   0,   0,   0,   0,   0
RGI60-07.00339,G016620E77924N,         1.201,   0,   0,   0,   0,   0,   0,   0,   0,   0,  26, 137, 172, 231, 269, 137,  26,   2,   0,   0,   0,   0,   0,   0,   0,   0,   0,   0,   0,   0,   0,   0,   0,   0,   0,   0,   0,   0,   0,   0,   0,   0,   0,   0,   0,   0,   0,   0
RGI60-07.00340,G016612E78012N,         2.561,   0,   0,   0,   0,   0,   0,   8,  27,  39,  36,  39,  60,  39,  25, 148, 164, 182, 108,  60,  31,  15,  19,   0,   0,   0,   0,   0,   0,   0,   0,   0,   0,   0,   0,   0,   0,   0,   0,   0,   0,   0,   0,   0,   0,   0,   0,   0
RGI60-07.00341,G016747E78002N,        15.126,   0,   0,   0,   0,   0,  18,  33,  45,  54,  60, 109, 127, 120,  96, 107,  68,  69,  51,  23,  19,   1,   0,   0,   0,   0,   0,   0,   0,   0,   0,   0,   0,   0,   0,   0,   0,   0,   0,   0,   0,   0,   0,   0,   0,   0,   0,   0
RGI60-07.00342,G016695E77946N,        10.959,   0,   0,   0,   0,   0,   7,  40,  53,  88, 101, 122, 132, 125, 158,  88,  43,  23,  18,   2,   0,   0,   0,   0,   0,   0,   0,   0,   0,   0,   0,   0,   0,   0,   0,   0,   0,   0,   0,   0,   0,   0,   0,   0,   0,   0,   0,   0
RGI60-07.00343,G016822E77967N,         5.903,   0,   0,   0,   0,   0,  46,  54,  72,  75, 102, 149, 129,  84,  64,  52,  40,  88,  40,   5,   0,   0,   0,   0,   0,   0,   0,   0,   0,   0,   0,   0,   0,   0,   0,   0,   0,   0,   0,   0,   0,   0,   0,   0,   0,   0,   0,   0
RGI60-07.00344,G016554E77971N,        36.087,   0,   0,   0,   0,   0,   5,  30,  50,  55,  76,  72,  81,  99, 158, 163, 109,  67,  23,  11,   1,   0,   0,   0,   0,   0,   0,   0,   0,   0,   0,   0,   0,   0,   0,   0,   0,   0,   0,   0,   0,   0,   0,   0,   0,   0,   0,   0
RGI60-07.00345,G016869E78032N,         0.358,   0,   0,   0,   0,   0,   0,   0,   0,   0,  47, 144, 270, 327, 172,  40,   0,   0,   0,   0,   0,   0,   0,   0,   0,   0,   0,   0,   0,   0,   0,   0,   0,   0,   0,   0,   0,   0,   0,   0,   0,   0,   0,   0,   0,   0,   0,   0
RGI60-07.00346,G016749E78033N,         0.415,   0,   0,   0,   0,   0,   0,   0,   0,  47,  77,  84, 225, 188, 197, 126,  56,   0,   0,   0,   0,   0,   0,   0,   0,   0,   0,   0,   0,   0,   0,   0,   0,   0,   0,   0,   0,   0,   0,   0,   0,   0,   0,   0,   0,   0,   0,   0
RGI60-07.00347,G016807E78028N,         1.914,   0,   0,   0,   0,   0,   0,   0,   5,  63, 149, 162, 137, 104,  83,  87,  83,  65,  38,  14,  10,   0,   0,   0,   0,   0,   0,   0,   0,   0,   0,   0,   0,   0,   0,   0,   0,   0,   0,   0,   0,   0,   0,   0,   0,   0,   0,   0
RGI60-07.00348,G017039E78036N,         0.667,   0,   0,   0,   0,   0,   0,   0,  12,  42,  69, 138, 129, 145, 145, 132, 144,  35,   9,   0,   0,   0,   0,   0,   0,   0,   0,   0,   0,   0,   0,   0,   0,   0,   0,   0,   0,   0,   0,   0,   0,   0,   0,   0,   0,   0,   0,   0
RGI60-07.00349,G017121E78027N,         2.557,   0,   0,   0,   0,   0,  12,  42,  53,  86, 107, 160, 173, 149, 125,  60,  22,   9,   2,   0,   0,   0,   0,   0,   0,   0,   0,   0,   0,   0,   0,   0,   0,   0,   0,   0,   0,   0,   0,   0,   0,   0,   0,   0,   0,   0,   0,   0
RGI60-07.00350,G017025E78021N,         6.625,   0,   0,   0,   0,   0,   7,  38,  56,  68,  93,  95, 108, 140, 140, 125,  60,  45,  21,   4,   0,   0,   0,   0,   0,   0,   0,   0,   0,   0,   0,   0,   0,   0,   0,   0,   0,   0,   0,   0,   0,   0,   0,   0,   0,   0,   0,   0
RGI60-07.00351,G016933E78011N,         6.197,   0,   0,   0,   0,   0,   7,  39,  49, 107,  99, 103, 129, 177, 159, 101,  22,   7,   1,   0,   0,   0,   0,   0,   0,   0,   0,   0,   0,   0,   0,   0,   0,   0,   0,   0,   0,   0,   0,   0,   0,   0,   0,   0,   0,   0,   0,   0
RGI60-07.00352,G017016E77994N,         7.363,   0,   0,   0,   0,   0,   4,  50,  36,  61,  70, 133, 160, 172, 123,  90,  54,  30,   9,   6,   2,   0,   0,   0,   0,   0,   0,   0,   0,   0,   0,   0,   0,   0,   0,   0,   0,   0,   0,   0,   0,   0,   0,   0,   0,   0,   0,   0
RGI60-07.00353,G017161E77996N,         1.987,   0,   0,   0,   0,   0,  36,  57,  38,  69, 178, 203, 153, 131,  70,  53,   9,   3,   0,   0,   0,   0,   0,   0,   0,   0,   0,   0,   0,   0,   0,   0,   0,   0,   0,   0,   0,   0,   0,   0,   0,   0,   0,   0,   0,   0,   0,   0
RGI60-07.00354,G017094E78024N,         0.205,   0,   0,   0,   0,   0,   0,   0,   0,   0,   0,   0,  24,  58,  79, 161, 219, 432,  27,   0,   0,   0,   0,   0,   0,   0,   0,   0,   0,   0,   0,   0,   0,   0,   0,   0,   0,   0,   0,   0,   0,   0,   0,   0,   0,   0,   0,   0
RGI60-07.00355,G017442E78038N,         1.427,   0,   0,   0,   0,   0,   3,  52,  77,  87,  84, 131, 208, 181, 109,  63,   5,   0,   0,   0,   0,   0,   0,   0,   0,   0,   0,   0,   0,   0,   0,   0,   0,   0,   0,   0,   0,   0,   0,   0,   0,   0,   0,   0,   0,   0,   0,   0
RGI60-07.00356,G017810E77977N,         0.654,   0,   0,   0,   0,   0,   0,   0,  41,  63, 110, 199, 353, 230,   4,   0,   0,   0,   0,   0,   0,   0,   0,   0,   0,   0,   0,   0,   0,   0,   0,   0,   0,   0,   0,   0,   0,   0,   0,   0,   0,   0,   0,   0,   0,   0,   0,   0
RGI60-07.00357,G017953E77935N,         1.579,   0,   0,   0,   0,  27, 100, 155, 222, 172, 193,  99,  30,   2,   0,   0,   0,   0,   0,   0,   0,   0,   0,   0,   0,   0,   0,   0,   0,   0,   0,   0,   0,   0,   0,   0,   0,   0,   0,   0,   0,   0,   0,   0,   0,   0,   0,   0
RGI60-07.00358,G018218E78004N,         1.733,   0,   0,   0,   0,  21,  64, 131, 164, 209, 273, 122,  16,   0,   0,   0,   0,   0,   0,   0,   0,   0,   0,   0,   0,   0,   0,   0,   0,   0,   0,   0,   0,   0,   0,   0,   0,   0,   0,   0,   0,   0,   0,   0,   0,   0,   0,   0
RGI60-07.00359,G018106E77968N,         0.820,   0,   0,   0,   0,   0,   0,  19, 142, 232, 241, 331,  35,   0,   0,   0,   0,   0,   0,   0,   0,   0,   0,   0,   0,   0,   0,   0,   0,   0,   0,   0,   0,   0,   0,   0,   0,   0,   0,   0,   0,   0,   0,   0,   0,   0,   0,   0
RGI60-07.00360,G017829E77933N,         4.104,   0,   0,   0,   0,  42,  80, 151, 294, 223, 152,  32,  15,   7,   4,   0,   0,   0,   0,   0,   0,   0,   0,   0,   0,   0,   0,   0,   0,   0,   0,   0,   0,   0,   0,   0,   0,   0,   0,   0,   0,   0,   0,   0,   0,   0,   0,   0
RGI60-07.00361,G017832E78009N,         2.130,   0,   0,   0,   0,  24,  71, 141, 253, 234, 189,  54,  34,   0,   0,   0,   0,   0,   0,   0,   0,   0,   0,   0,   0,   0,   0,   0,   0,   0,   0,   0,   0,   0,   0,   0,   0,   0,   0,   0,   0,   0,   0,   0,   0,   0,   0,   0
RGI60-07.00362,G017965E78017N,        11.512,   0,   0,  15,  95, 103, 114, 188, 164, 158,  93,  54,  16,   0,   0,   0,   0,   0,   0,   0,   0,   0,   0,   0,   0,   0,   0,   0,   0,   0,   0,   0,   0,   0,   0,   0,   0,   0,   0,   0,   0,   0,   0,   0,   0,   0,   0,   0
RGI60-07.00363,G018099E78008N,         7.917,   0,   0,   8,  68,  90, 124, 214, 181, 134,  82,  60,  39,   0,   0,   0,   0,   0,   0,   0,   0,   0,   0,   0,   0,   0,   0,   0,   0,   0,   0,   0,   0,   0,   0,   0,   0,   0,   0,   0,   0,   0,   0,   0,   0,   0,   0,   0
RGI60-07.00364,G018152E77985N,         7.779,   0,   0,   1,  32,  63,  90, 226, 244, 226,  88,  29,   1,   0,   0,   0,   0,   0,   0,   0,   0,   0,   0,   0,   0,   0,   0,   0,   0,   0,   0,   0,   0,   0,   0,   0,   0,   0,   0,   0,   0,   0,   0,   0,   0,   0,   0,   0
RGI60-07.00365,G018287E77991N,         2.973,   0,   0,   0,  15,  38, 130, 142, 157, 196, 182, 137,   3,   0,   0,   0,   0,   0,   0,   0,   0,   0,   0,   0,   0,   0,   0,   0,   0,   0,   0,   0,   0,   0,   0,   0,   0,   0,   0,   0,   0,   0,   0,   0,   0,   0,   0,   0
RGI60-07.00366,G018017E77967N,        29.416,   0,   0,   1,  42,  71,  92, 101, 157, 204, 154, 110,  55,  12,   1,   0,   0,   0,   0,   0,   0,   0,   0,   0,   0,   0,   0,   0,   0,   0,   0,   0,   0,   0,   0,   0,   0,   0,   0,   0,   0,   0,   0,   0,   0,   0,   0,   0
RGI60-07.00367,G017816E77990N,         2.777,   0,   0,   0,   0,  47,  83, 196, 185, 135,  93, 110,  79,  71,   1,   0,   0,   0,   0,   0,   0,   0,   0,   0,   0,   0,   0,   0,   0,   0,   0,   0,   0,   0,   0,   0,   0,   0,   0,   0,   0,   0,   0,   0,   0,   0,   0,   0
RGI60-07.00368,G017079E78045N,         0.434,   0,   0,   0,   0,   0,   0,   0,  32,  71, 107, 134, 131, 143, 107,  95,  63,  78,  39,   0,   0,   0,   0,   0,   0,   0,   0,   0,   0,   0,   0,   0,   0,   0,   0,   0,   0,   0,   0,   0,   0,   0,   0,   0,   0,   0,   0,   0
RGI60-07.00369,G017123E78046N,         0.884,   0,   0,   0,   0,   0,   0,   0,   1,  21,  86, 167, 215, 240, 167,  73,  30,   0,   0,   0,   0,   0,   0,   0,   0,   0,   0,   0,   0,   0,   0,   0,   0,   0,   0,   0,   0,   0,   0,   0,   0,   0,   0,   0,   0,   0,   0,   0
RGI60-07.00370,G017658E78043N,         1.025,   0,   0,   0,   0,   0,  16,  85, 162, 232, 227, 136, 107,  35,   0,   0,   0,   0,   0,   0,   0,   0,   0,   0,   0,   0,   0,   0,   0,   0,   0,   0,   0,   0,   0,   0,   0,   0,   0,   0,   0,   0,   0,   0,   0,   0,   0,   0
RGI60-07.00371,G017670E78050N,         0.802,   0,   0,   0,   0,   0,  47, 115, 156, 157, 144, 163, 140,  78,   0,   0,   0,   0,   0,   0,   0,   0,   0,   0,   0,   0,   0,   0,   0,   0,   0,   0,   0,   0,   0,   0,   0,   0,   0,   0,   0,   0,   0,   0,   0,   0,   0,   0
RGI60-07.00372,G017879E78066N,         0.924,   0,   0,   0,   0,   0,   5,  93, 224, 219, 211, 145,  92,  11,   0,   0,   0,   0,   0,   0,   0,   0,   0,   0,   0,   0,   0,   0,   0,   0,   0,   0,   0,   0,   0,   0,   0,   0,   0,   0,   0,   0,   0,   0,   0,   0,   0,   0
RGI60-07.00373,G016715E78078N,         0.556,   0,   0,   0,   0,   0,   0,   0,   2,  37,  70, 140, 256, 300,  96,  48,  42,   9,   0,   0,   0,   0,   0,   0,   0,   0,   0,   0,   0,   0,   0,   0,   0,   0,   0,   0,   0,   0,   0,   0,   0,   0,   0,   0,   0,   0,   0,   0
RGI60-07.00374,G017973E78067N,         3.341,   0,   0,   0,   0,   0,   0,  53, 148, 232, 267, 232,  66,   2,   0,   0,   0,   0,   0,   0,   0,   0,   0,   0,   0,   0,   0,   0,   0,   0,   0,   0,   0,   0,   0,   0,   0,   0,   0,   0,   0,   0,   0,   0,   0,   0,   0,   0
RGI60-07.00375,G018732E78072N,         0.497,   0,   0,   0,  35, 122, 287, 227, 221,  97,  11,   0,   0,   0,   0,   0,   0,   0,   0,   0,   0,   0,   0,   0,   0,   0,   0,   0,   0,   0,   0,   0,   0,   0,   0,   0,   0,   0,   0,   0,   0,   0,   0,   0,   0,   0,   0,   0
RGI60-07.00376,G017472E78089N,         4.451,   0,   0,   0,   0,   0,   8,  28,  62,  84,  92, 170, 190, 179, 111,  63,  12,   1,   0,   0,   0,   0,   0,   0,   0,   0,   0,   0,   0,   0,   0,   0,   0,   0,   0,   0,   0,   0,   0,   0,   0,   0,   0,   0,   0,   0,   0,   0
RGI60-07.00377,G017263E78089N,         1.255,   0,   0,   0,   0,   0,   0,   2,  41,  79, 101, 108, 140, 171, 104, 161,  93,   0,   0,   0,   0,   0,   0,   0,   0,   0,   0,   0,   0,   0,   0,   0,   0,   0,   0,   0,   0,   0,   0,   0,   0,   0,   0,   0,   0,   0,   0,   0
RGI60-07.00378,G017230E78086N,         1.852,   0,   0,   0,   0,   0,   0,   0,   2,  30,  57,  77, 118,  89, 109, 327, 179,  12,   0,   0,   0,   0,   0,   0,   0,   0,   0,   0,   0,   0,   0,   0,   0,   0,   0,   0,   0,   0,   0,   0,   0,   0,   0,   0,   0,   0,   0,   0
RGI60-07.00379,G017285E78102N,         0.714,   0,   0,   0,   0,   0,   0,   0,   0,  66, 158, 146, 159, 191, 186,  69,  25,   0,   0,   0,   0,   0,   0,   0,   0,   0,   0,   0,   0,   0,   0,   0,   0,   0,   0,   0,   0,   0,   0,   0,   0,   0,   0,   0,   0,   0,   0,   0
RGI60-07.00380,G017204E78099N,         2.357,   0,   0,   0,   0,   0,   0,   0,  14,  42,  91, 118, 140, 167, 198, 123, 102,   5,   0,   0,   0,   0,   0,   0,   0,   0,   0,   0,   0,   0,   0,   0,   0,   0,   0,   0,   0,   0,   0,   0,   0,   0,   0,   0,   0,   0,   0,   0
RGI60-07.00381,G017321E78107N,         0.531,   0,   0,   0,   0,   0,   0,   0,   0,   0,  28,  81, 179, 283, 302, 127,   0,   0,   0,   0,   0,   0,   0,   0,   0,   0,   0,   0,   0,   0,   0,   0,   0,   0,   0,   0,   0,   0,   0,   0,   0,   0,   0,   0,   0,   0,   0,   0
RGI60-07.00382,G018809E78086N,         3.813,   0,   0,   0,  19,  68, 122, 229, 244, 212,  85,  21,   0,   0,   0,   0,   0,   0,   0,   0,   0,   0,   0,   0,   0,   0,   0,   0,   0,   0,   0,   0,   0,   0,   0,   0,   0,   0,   0,   0,   0,   0,   0,   0,   0,   0,   0,   0
RGI60-07.00383,G016980E78124N,         0.672,   0,   0,   0,   0,   0,   0,   0,   0,  52, 137, 232, 195, 123, 119,  71,  71,   0,   0,   0,   0,   0,   0,   0,   0,   0,   0,   0,   0,   0,   0,   0,   0,   0,   0,   0,   0,   0,   0,   0,   0,   0,   0,   0,   0,   0,   0,   0
RGI60-07.00384,G018880E78101N,         1.662,   0,   0,   0,  29, 132, 234, 248, 170, 148,  39,   0,   0,   0,   0,   0,   0,   0,   0,   0,   0,   0,   0,   0,   0,   0,   0,   0,   0,   0,   0,   0,   0,   0,   0,   0,   0,   0,   0,   0,   0,   0,   0,   0,   0,   0,   0,   0
RGI60-07.00385,G018825E78100N,         0.567,   0,   0,   0,   0,  45, 163, 217, 274, 297,   4,   0,   0,   0,   0,   0,   0,   0,   0,   0,   0,   0,   0,   0,   0,   0,   0,   0,   0,   0,   0,   0,   0,   0,   0,   0,   0,   0,   0,   0,   0,   0,   0,   0,   0,   0,   0,   0
RGI60-07.00386,G016779E78081N,         1.032,   0,   0,   0,   0,   0,   0,   0,   7,  56, 101, 126, 155, 212, 226,  90,  27,   0,   0,   0,   0,   0,   0,   0,   0,   0,   0,   0,   0,   0,   0,   0,   0,   0,   0,   0,   0,   0,   0,   0,   0,   0,   0,   0,   0,   0,   0,   0
RGI60-07.00387,G016639E78078N,         1.545,   0,   0,   0,   0,   0,   0,  13,  38,  60, 127, 264, 156, 109,  93,  89,  41,  10,   0,   0,   0,   0,   0,   0,   0,   0,   0,   0,   0,   0,   0,   0,   0,   0,   0,   0,   0,   0,   0,   0,   0,   0,   0,   0,   0,   0,   0,   0
RGI60-07.00388,G017003E78111N,         4.393,   0,   0,   0,   0,   0,   0,   0,  10,  88, 125, 105, 150, 178, 179,  95,  36,  12,  10,   5,   6,   1,   0,   0,   0,   0,   0,   0,   0,   0,   0,   0,   0,   0,   0,   0,   0,   0,   0,   0,   0,   0,   0,   0,   0,   0,   0,   0
RGI60-07.00389,G016877E78088N,         7.849,   0,   0,   0,   0,   0,   8,  28,  46,  80, 108, 123, 161, 140, 143,  75,  45,  31,  11,   1,   0,   0,   0,   0,   0,   0,   0,   0,   0,   0,   0,   0,   0,   0,   0,   0,   0,   0,   0,   0,   0,   0,   0,   0,   0,   0,   0,   0
RGI60-07.00390,G017389E78149N,         0.573,   0,   0,   0,   0,   0,   0,   0,   0,   0,   0,   0, 352, 352, 172,  81,  42,   1,   0,   0,   0,   0,   0,   0,   0,   0,   0,   0,   0,   0,   0,   0,   0,   0,   0,   0,   0,   0,   0,   0,   0,   0,   0,   0,   0,   0,   0,   0
RGI60-07.00391,G018277E78142N,         1.062,   0,  12,  35,  39,  79,  91, 118, 168, 171, 245,  42,   0,   0,   0,   0,   0,   0,   0,   0,   0,   0,   0,   0,   0,   0,   0,   0,   0,   0,   0,   0,   0,   0,   0,   0,   0,   0,   0,   0,   0,   0,   0,   0,   0,   0,   0,   0
RGI60-07.00392,G017270E78129N,        12.747,   0,   0,   0,   0,   0,  17,  47,  64, 114, 114, 111, 109,  91,  79,  73,  67,  83,  31,   0,   0,   0,   0,   0,   0,   0,   0,   0,   0,   0,   0,   0,   0,   0,   0,   0,   0,   0,   0,   0,   0,   0,   0,   0,   0,   0,   0,   0
RGI60-07.00393,G017158E78114N,         1.379,   0,   0,   0,   0,   0,   0,   0,   0,  27,  99, 168, 258,  82,  65,  92, 199,  10,   0,   0,   0,   0,   0,   0,   0,   0,   0,   0,   0,   0,   0,   0,   0,   0,   0,   0,   0,   0,   0,   0,   0,   0,   0,   0,   0,   0,   0,   0
RGI60-07.00394,G018193E78141N,         0.527,   0,  17,  46,  61, 108, 194, 348, 226,   0,   0,   0,   0,   0,   0,   0,   0,   0,   0,   0,   0,   0,   0,   0,   0,   0,   0,   0,   0,   0,   0,   0,   0,   0,   0,   0,   0,   0,   0,   0,   0,   0,   0,   0,   0,   0,   0,   0
RGI60-07.00395,G017205E78156N,         2.271,   0,   0,   0,   0,   0,   0,   4,  14,  21,  35,  63, 194, 171, 145, 154, 111,  50,  37,   1,   0,   0,   0,   0,   0,   0,   0,   0,   0,   0,   0,   0,   0,   0,   0,   0,   0,   0,   0,   0,   0,   0,   0,   0,   0,   0,   0,   0
RGI60-07.00396,G017108E78160N,         4.780,   0,   0,   0,   0,   0,   0,   0,   5,  16,  35,  62,  89, 136, 176, 207, 157,  89,  28,   0,   0,   0,   0,   0,   0,   0,   0,   0,   0,   0,   0,   0,   0,   0,   0,   0,   0,   0,   0,   0,   0,   0,   0,   0,   0,   0,   0,   0
RGI60-07.00397,G017127E78182N,         5.474,   0,   0,   0,   0,   0,   0,   0,   4,  22,  50,  64,  68, 146, 228, 166, 116,  84,  52,   0,   0,   0,   0,   0,   0,   0,   0,   0,   0,   0,   0,   0,   0,   0,   0,   0,   0,   0,   0,   0,   0,   0,   0,   0,   0,   0,   0,   0
RGI60-07.00398,G017530E78207N,         0.374,   0,   0,   0,   0,   0,  32,  77, 103, 161, 220, 202, 190,  15,   0,   0,   0,   0,   0,   0,   0,   0,   0,   0,   0,   0,   0,   0,   0,   0,   0,   0,   0,   0,   0,   0,   0,   0,   0,   0,   0,   0,   0,   0,   0,   0,   0,   0
RGI60-07.00399,G017523E78170N,         3.505,   0,   0,   0,   0,   0,   0,   8,  20,  34,  85, 113, 152, 205, 214, 169,   0,   0,   0,   0,   0,   0,   0,   0,   0,   0,   0,   0,   0,   0,   0,   0,   0,   0,   0,   0,   0,   0,   0,   0,   0,   0,   0,   0,   0,   0,   0,   0
RGI60-07.00400,G017756E78198N,         0.600,   0,   0,   0,   0,   0,   0,  16,  49,  60,  87, 225, 330, 199,  34,   0,   0,   0,   0,   0,   0,   0,   0,   0,   0,   0,   0,   0,   0,   0,   0,   0,   0,   0,   0,   0,   0,   0,   0,   0,   0,   0,   0,   0,   0,   0,   0,   0
RGI60-07.00401,G017678E78216N,         0.343,   0,   0,   0,   0,   0,   0,   0,   0,  57, 216, 302, 405,  20,   0,   0,   0,   0,   0,   0,   0,   0,   0,   0,   0,   0,   0,   0,   0,   0,   0,   0,   0,   0,   0,   0,   0,   0,   0,   0,   0,   0,   0,   0,   0,   0,   0,   0
RGI60-07.00402,G017374E78033N,         2.337,   0,   0,   0,   0,   7,  29,  35,  51,  95, 107,  75,  82, 111, 135, 117,  68,  32,  31,  24,   1,   0,   0,   0,   0,   0,   0,   0,   0,   0,   0,   0,   0,   0,   0,   0,   0,   0,   0,   0,   0,   0,   0,   0,   0,   0,   0,   0
RGI60-07.00403,G017585E78183N,         6.329,   0,   0,   0,   4,  17,  41,  62,  70,  64,  72, 102, 159, 213, 135,  61,   0,   0,   0,   0,   0,   0,   0,   0,   0,   0,   0,   0,   0,   0,   0,   0,   0,   0,   0,   0,   0,   0,   0,   0,   0,   0,   0,   0,   0,   0,   0,   0
RGI60-07.00404,G017428E78111N,         5.144,   0,   0,   0,   0,   0,   0,  11,  47,  73, 123, 222, 152, 140, 123,  62,  32,  14,   1,   0,   0,   0,   0,   0,   0,   0,   0,   0,   0,   0,   0,   0,   0,   0,   0,   0,   0,   0,   0,   0,   0,   0,   0,   0,   0,   0,   0,   0
RGI60-07.00405,G017527E78140N,        19.975,   0,   0,   0,   2,  19,  27,  43,  55,  92, 140, 239, 168, 101,  72,  38,   3,   1,   0,   0,   0,   0,   0,   0,   0,   0,   0,   0,   0,   0,   0,   0,   0,   0,   0,   0,   0,   0,   0,   0,   0,   0,   0,   0,   0,   0,   0,   0
RGI60-07.00406,G017565E78044N,         5.372,   0,   0,   0,   2,  34,  54, 153, 162, 162, 161, 123,  92,  52,   5,   0,   0,   0,   0,   0,   0,   0,   0,   0,   0,   0,   0,   0,   0,   0,   0,   0,   0,   0,   0,   0,   0,   0,   0,   0,   0,   0,   0,   0,   0,   0,   0,   0
RGI60-07.00407,G017687E78066N,         3.261,   0,   0,   0,   0,  37, 105, 108, 150, 183, 148, 143,  88,  33,   5,   0,   0,   0,   0,   0,   0,   0,   0,   0,   0,   0,   0,   0,   0,   0,   0,   0,   0,   0,   0,   0,   0,   0,   0,   0,   0,   0,   0,   0,   0,   0,   0,   0
RGI60-07.00408,G017484E78062N,         7.090,   0,   0,   0,   1,  18,  39,  58,  93, 117, 165, 166, 130,  97,  57,  44,  15,   0,   0,   0,   0,   0,   0,   0,   0,   0,   0,   0,   0,   0,   0,   0,   0,   0,   0,   0,   0,   0,   0,   0,   0,   0,   0,   0,   0,   0,   0,   0
RGI60-07.00409,G017698E78107N,        39.032,   0,   0,   4,  33,  72,  66, 104,  96, 141, 154, 170,  86,  51,  17,   6,   0,   0,   0,   0,   0,   0,   0,   0,   0,   0,   0,   0,   0,   0,   0,   0,   0,   0,   0,   0,   0,   0,   0,   0,   0,   0,   0,   0,   0,   0,   0,   0
RGI60-07.00410,G017898E78131N,         3.801,   0,   0,   0,   0,   0,   0,   0,   7, 117, 554, 322,   0,   0,   0,   0,   0,   0,   0,   0,   0,   0,   0,   0,   0,   0,   0,   0,   0,   0,   0,   0,   0,   0,   0,   0,   0,   0,   0,   0,   0,   0,   0,   0,   0,   0,   0,   0
RGI60-07.00411,G017749E78156N,        17.492,   0,   0,   0,  18,  60,  58,  57,  85, 106, 134, 168, 125,  93,  67,  29,   0,   0,   0,   0,   0,   0,   0,   0,   0,   0,   0,   0,   0,   0,   0,   0,   0,   0,   0,   0,   0,   0,   0,   0,   0,   0,   0,   0,   0,   0,   0,   0
RGI60-07.00412,G017835E78139N,         0.228,   0,   0,   0,   0,   0,   0,   0, 136, 483, 381,   0,   0,   0,   0,   0,   0,   0,   0,   0,   0,   0,   0,   0,   0,   0,   0,   0,   0,   0,   0,   0,   0,   0,   0,   0,   0,   0,   0,   0,   0,   0,   0,   0,   0,   0,   0,   0
RGI60-07.00413,G017781E78180N,        12.906,   0,   0,   2,  19,  40,  44,  52,  70,  69, 119, 170, 212, 161,  42,   0,   0,   0,   0,   0,   0,   0,   0,   0,   0,   0,   0,   0,   0,   0,   0,   0,   0,   0,   0,   0,   0,   0,   0,   0,   0,   0,   0,   0,   0,   0,   0,   0
RGI60-07.00414,G017646E78202N,         5.215,   0,   0,   0,   0,   0,  12,  28,  54,  65,  89, 127, 293, 290,  42,   0,   0,   0,   0,   0,   0,   0,   0,   0,   0,   0,   0,   0,   0,   0,   0,   0,   0,   0,   0,   0,   0,   0,   0,   0,   0,   0,   0,   0,   0,   0,   0,   0
RGI60-07.00415,G017470E78048N,         0.550,   0,   0,   0,   0,   0,   0,   0,   0, 116, 228, 307, 229,  72,  48,   0,   0,   0,   0,   0,   0,   0,   0,   0,   0,   0,   0,   0,   0,   0,   0,   0,   0,   0,   0,   0,   0,   0,   0,   0,   0,   0,   0,   0,   0,   0,   0,   0
RGI60-07.00416,G017600E78216N,         0.765,   0,   0,   0,   0,   0,  10,  64,  87, 186, 184, 169, 130,  82,  88,   0,   0,   0,   0,   0,   0,   0,   0,   0,   0,   0,   0,   0,   0,   0,   0,   0,   0,   0,   0,   0,   0,   0,   0,   0,   0,   0,   0,   0,   0,   0,   0,   0
RGI60-07.00417,G017987E78252N,         0.578,   0,   0,   0,   0,   0,   1,  52,  83, 177, 171, 167, 252,  97,   0,   0,   0,   0,   0,   0,   0,   0,   0,   0,   0,   0,   0,   0,   0,   0,   0,   0,   0,   0,   0,   0,   0,   0,   0,   0,   0,   0,   0,   0,   0,   0,   0,   0
RGI60-07.00418,G018357E78145N,         2.915,   0,   0,   0,  16,  36,  73, 117,  91, 110, 146, 177, 167,  65,   2,   0,   0,   0,   0,   0,   0,   0,   0,   0,   0,   0,   0,   0,   0,   0,   0,   0,   0,   0,   0,   0,   0,   0,   0,   0,   0,   0,   0,   0,   0,   0,   0,   0
RGI60-07.00419,G018162E78257N,         1.722,   0,   0,   0,   0,   0,   7,  10,  32,  75, 106, 135, 207, 189, 164,  75,   0,   0,   0,   0,   0,   0,   0,   0,   0,   0,   0,   0,   0,   0,   0,   0,   0,   0,   0,   0,   0,   0,   0,   0,   0,   0,   0,   0,   0,   0,   0,   0
RGI60-07.00420,G018779E78233N,         3.449,   0,   1,  18,  51,  81, 141, 258, 270, 180,   0,   0,   0,   0,   0,   0,   0,   0,   0,   0,   0,   0,   0,   0,   0,   0,   0,   0,   0,   0,   0,   0,   0,   0,   0,   0,   0,   0,   0,   0,   0,   0,   0,   0,   0,   0,   0,   0
RGI60-07.00421,G018623E78273N,        67.072,  86,  40,  40,  46,  67,  76, 119, 117, 128, 145, 124,  12,   0,   0,   0,   0,   0,   0,   0,   0,   0,   0,   0,   0,   0,   0,   0,   0,   0,   0,   0,   0,   0,   0,   0,   0,   0,   0,   0,   0,   0,   0,   0,   0,   0,   0,   0
RGI60-07.00422,G017312E77555N,        76.765,   0,   0,  85,  97,  84, 169, 145, 114, 105,  69,  43,  35,  34,  16,   4,   0,   0,   0,   0,   0,   0,   0,   0,   0,   0,   0,   0,   0,   0,   0,   0,   0,   0,   0,   0,   0,   0,   0,   0,   0,   0,   0,   0,   0,   0,   0,   0
RGI60-07.00423,G025585E80093N,       101.317,   0,   0,   7,  41,  70, 174, 138, 153, 166, 138,  94,  19,   0,   0,   0,   0,   0,   0,   0,   0,   0,   0,   0,   0,   0,   0,   0,   0,   0,   0,   0,   0,   0,   0,   0,   0,   0,   0,   0,   0,   0,   0,   0,   0,   0,   0,   0
RGI60-07.00424,G025167E80030N,       241.290,   2,  15,  20,  36,  47,  65,  64,  59,  66,  84, 110, 124, 161, 128,  19,   0,   0,   0,   0,   0,   0,   0,   0,   0,   0,   0,   0,   0,   0,   0,   0,   0,   0,   0,   0,   0,   0,   0,   0,   0,   0,   0,   0,   0,   0,   0,   0
RGI60-07.00425,G024732E80038N,       472.613,   1,  14,  18,  27,  37,  60,  66,  71,  78, 131, 143,  56,  82, 109, 105,   2,   0,   0,   0,   0,   0,   0,   0,   0,   0,   0,   0,   0,   0,   0,   0,   0,   0,   0,   0,   0,   0,   0,   0,   0,   0,   0,   0,   0,   0,   0,   0
RGI60-07.00426,G018054E78180N,         2.169,   0,   0,   0,   0,   5,  37,  77, 116, 107, 174, 259, 225,   0,   0,   0,   0,   0,   0,   0,   0,   0,   0,   0,   0,   0,   0,   0,   0,   0,   0,   0,   0,   0,   0,   0,   0,   0,   0,   0,   0,   0,   0,   0,   0,   0,   0,   0
RGI60-07.00427,G018134E78239N,        10.388,   0,   0,   0,   2,  16,  25,  42,  56,  91, 115, 199, 187, 162,  97,   8,   0,   0,   0,   0,   0,   0,   0,   0,   0,   0,   0,   0,   0,   0,   0,   0,   0,   0,   0,   0,   0,   0,   0,   0,   0,   0,   0,   0,   0,   0,   0,   0
RGI60-07.00428,G018206E78185N,        39.995,   0,   0,   3,  34,  26,  46,  53, 122, 134, 142, 145, 164, 113,  18,   0,   0,   0,   0,   0,   0,   0,   0,   0,   0,   0,   0,   0,   0,   0,   0,   0,   0,   0,   0,   0,   0,   0,   0,   0,   0,   0,   0,   0,   0,   0,   0,   0
RGI60-07.00429,G018519E78232N,        60.438,   0,   7,  35,  83,  83,  92, 123, 125,  98,  85,  97,  87,  72,  12,   1,   0,   0,   0,   0,   0,   0,   0,   0,   0,   0,   0,   0,   0,   0,   0,   0,   0,   0,   0,   0,   0,   0,   0,   0,   0,   0,   0,   0,   0,   0,   0,   0
RGI60-07.00430,G018732E78305N,         1.650,   0,   0,   7,  52, 159, 198, 174, 203, 207,   0,   0,   0,   0,   0,   0,   0,   0,   0,   0,   0,   0,   0,   0,   0,   0,   0,   0,   0,   0,   0,   0,   0,   0,   0,   0,   0,   0,   0,   0,   0,   0,   0,   0,   0,   0,   0,   0
RGI60-07.00431,G018771E78289N,         3.195,   0,   9,  49,  78, 106, 223, 175, 161, 199,   0,   0,   0,   0,   0,   0,   0,   0,   0,   0,   0,   0,   0,   0,   0,   0,   0,   0,   0,   0,   0,   0,   0,   0,   0,   0,   0,   0,   0,   0,   0,   0,   0,   0,   0,   0,   0,   0
RGI60-07.00432,G017948E78243N,         2.522,   0,   0,   0,   0,   0,   0,   4,  23,  36,  46,  86, 449, 356,   0,   0,   0,   0,   0,   0,   0,   0,   0,   0,   0,   0,   0,   0,   0,   0,   0,   0,   0,   0,   0,   0,   0,   0,   0,   0,   0,   0,   0,   0,   0,   0,   0,   0
RGI60-07.00433,G018026E78197N,         0.911,   0,   0,   0,   0,   0,  36,  51,  61,  85,  94, 299, 374,   0,   0,   0,   0,   0,   0,   0,   0,   0,   0,   0,   0,   0,   0,   0,   0,   0,   0,   0,   0,   0,   0,   0,   0,   0,   0,   0,   0,   0,   0,   0,   0,   0,   0,   0
RGI60-07.00434,G018020E78215N,         8.455,   0,   0,   0,   3,   8,  20,  50,  97, 111, 161, 166, 270,  96,  18,   0,   0,   0,   0,   0,   0,   0,   0,   0,   0,   0,   0,   0,   0,   0,   0,   0,   0,   0,   0,   0,   0,   0,   0,   0,   0,   0,   0,   0,   0,   0,   0,   0
RGI60-07.00435,G018633E78319N,         3.071,   0,   0,  13,  35,  57,  95, 139, 185, 249, 172,  55,   0,   0,   0,   0,   0,   0,   0,   0,   0,   0,   0,   0,   0,   0,   0,   0,   0,   0,   0,   0,   0,   0,   0,   0,   0,   0,   0,   0,   0,   0,   0,   0,   0,   0,   0,   0
RGI60-07.00436,G018508E78165N,        12.287,   0,   0,   0,   1,  22, 144, 369, 162,  80,  44,  51,  62,  47,  18,   0,   0,   0,   0,   0,   0,   0,   0,   0,   0,   0,   0,   0,   0,   0,   0,   0,   0,   0,   0,   0,   0,   0,   0,   0,   0,   0,   0,   0,   0,   0,   0,   0
RGI60-07.00437,G018528E78188N,        25.584,   0,   2,  11,  28, 109, 144, 181, 118, 101,  78,  88,  76,  47,  17,   0,   0,   0,   0,   0,   0,   0,   0,   0,   0,   0,   0,   0,   0,   0,   0,   0,   0,   0,   0,   0,   0,   0,   0,   0,   0,   0,   0,   0,   0,   0,   0,   0
RGI60-07.00438,G017161E77002N,         1.050,   0,   0,  38, 193, 296, 224, 119,  63,  32,  21,  14,   0,   0,   0,   0,   0,   0,   0,   0,   0,   0,   0,   0,   0,   0,   0,   0,   0,   0,   0,   0,   0,   0,   0,   0,   0,   0,   0,   0,   0,   0,   0,   0,   0,   0,   0,   0
RGI60-07.00439,G017186E77292N,        18.580,   0,   0,  53, 162, 237, 119,  97,  66,  48,  53,  45,  53,  51,  16,   0,   0,   0,   0,   0,   0,   0,   0,   0,   0,   0,   0,   0,   0,   0,   0,   0,   0,   0,   0,   0,   0,   0,   0,   0,   0,   0,   0,   0,   0,   0,   0,   0
RGI60-07.00440,G016789E76963N,        37.490,   0,   0,  10,  54, 250, 331, 220,  94,  29,   9,   3,   0,   0,   0,   0,   0,   0,   0,   0,   0,   0,   0,   0,   0,   0,   0,   0,   0,   0,   0,   0,   0,   0,   0,   0,   0,   0,   0,   0,   0,   0,   0,   0,   0,   0,   0,   0
RGI60-07.00441,G015987E76834N,         1.983,   0,   0,   0,   0,   0,   0,   0,   3,  69,  65,  81, 171, 257, 205, 149,   0,   0,   0,   0,   0,   0,   0,   0,   0,   0,   0,   0,   0,   0,   0,   0,   0,   0,   0,   0,   0,   0,   0,   0,   0,   0,   0,   0,   0,   0,   0,   0
RGI60-07.00442,G015104E77212N,         3.062,   0,   0,   0,   0,  93,  65, 135, 154, 176, 162,  93,  48,  27,  15,   5,   3,   3,   5,   7,   9,   0,   0,   0,   0,   0,   0,   0,   0,   0,   0,   0,   0,   0,   0,   0,   0,   0,   0,   0,   0,   0,   0,   0,   0,   0,   0,   0
RGI60-07.00443,G014643E77345N,         1.183,   0,   0,   0,   4,  71, 124, 111,  95, 193, 388,  14,   0,   0,   0,   0,   0,   0,   0,   0,   0,   0,   0,   0,   0,   0,   0,   0,   0,   0,   0,   0,   0,   0,   0,   0,   0,   0,   0,   0,   0,   0,   0,   0,   0,   0,   0,   0
RGI60-07.00444,G017047E76723N,         7.620,   0,   9, 180, 269, 192, 180, 109,  45,  15,   1,   0,   0,   0,   0,   0,   0,   0,   0,   0,   0,   0,   0,   0,   0,   0,   0,   0,   0,   0,   0,   0,   0,   0,   0,   0,   0,   0,   0,   0,   0,   0,   0,   0,   0,   0,   0,   0
RGI60-07.00445,G016969E76703N,         0.364,   0,   0,   0,   0,   0, 133, 290, 325, 136, 116,   0,   0,   0,   0,   0,   0,   0,   0,   0,   0,   0,   0,   0,   0,   0,   0,   0,   0,   0,   0,   0,   0,   0,   0,   0,   0,   0,   0,   0,   0,   0,   0,   0,   0,   0,   0,   0
RGI60-07.00446,G015969E76868N,         0.916,   0,   0,   0,   0,   0,   0,  49, 887,  54,  10,   0,   0,   0,   0,   0,   0,   0,   0,   0,   0,   0,   0,   0,   0,   0,   0,   0,   0,   0,   0,   0,   0,   0,   0,   0,   0,   0,   0,   0,   0,   0,   0,   0,   0,   0,   0,   0
RGI60-07.00447,G017341E77187N,         4.604,   0,   2, 304, 279, 148, 132,  79,  26,  20,   8,   2,   0,   0,   0,   0,   0,   0,   0,   0,   0,   0,   0,   0,   0,   0,   0,   0,   0,   0,   0,   0,   0,   0,   0,   0,   0,   0,   0,   0,   0,   0,   0,   0,   0,   0,   0,   0
RGI60-07.00448,G016920E76890N,        42.052,   0,   5, 209, 326, 103, 159, 145,  40,   9,   4,   0,   0,   0,   0,   0,   0,   0,   0,   0,   0,   0,   0,   0,   0,   0,   0,   0,   0,   0,   0,   0,   0,   0,   0,   0,   0,   0,   0,   0,   0,   0,   0,   0,   0,   0,   0,   0
RGI60-07.00449,G016555E77390N,         8.985,   0,   0,   0,   0,   9,  49, 152, 135, 229, 149,  97,  66,  47,  41,  21,   5,   0,   0,   0,   0,   0,   0,   0,   0,   0,   0,   0,   0,   0,   0,   0,   0,   0,   0,   0,   0,   0,   0,   0,   0,   0,   0,   0,   0,   0,   0,   0
RGI60-07.00450,G016895E76657N,         7.487,   0,   3, 116, 205, 233, 222, 195,  24,   2,   0,   0,   0,   0,   0,   0,   0,   0,   0,   0,   0,   0,   0,   0,   0,   0,   0,   0,   0,   0,   0,   0,   0,   0,   0,   0,   0,   0,   0,   0,   0,   0,   0,   0,   0,   0,   0,   0
RGI60-07.00451,G016686E76619N,         4.433,   0,   0,   0,  26,  57, 115,  97, 244, 282,  92,  42,  26,  19,   0,   0,   0,   0,   0,   0,   0,   0,   0,   0,   0,   0,   0,   0,   0,   0,   0,   0,   0,   0,   0,   0,   0,   0,   0,   0,   0,   0,   0,   0,   0,   0,   0,   0
RGI60-07.00452,G016784E76634N,        13.131,   0,   1,  49,  99,  95, 152, 417, 132,  43,  11,   1,   0,   0,   0,   0,   0,   0,   0,   0,   0,   0,   0,   0,   0,   0,   0,   0,   0,   0,   0,   0,   0,   0,   0,   0,   0,   0,   0,   0,   0,   0,   0,   0,   0,   0,   0,   0
RGI60-07.00453,G016918E76675N,         3.556,   0,   0,  28, 165, 481, 283,  38,   5,   0,   0,   0,   0,   0,   0,   0,   0,   0,   0,   0,   0,   0,   0,   0,   0,   0,   0,   0,   0,   0,   0,   0,   0,   0,   0,   0,   0,   0,   0,   0,   0,   0,   0,   0,   0,   0,   0,   0
RGI60-07.00454,G016879E76684N,         0.534,   0,   0,   0,   0,   0,  99, 526, 259, 100,  16,   0,   0,   0,   0,   0,   0,   0,   0,   0,   0,   0,   0,   0,   0,   0,   0,   0,   0,   0,   0,   0,   0,   0,   0,   0,   0,   0,   0,   0,   0,   0,   0,   0,   0,   0,   0,   0
RGI60-07.00455,G016899E76637N,         1.639,   0,   0,   0,   0,  56, 160, 261, 293, 133,  49,  30,  18,   0,   0,   0,   0,   0,   0,   0,   0,   0,   0,   0,   0,   0,   0,   0,   0,   0,   0,   0,   0,   0,   0,   0,   0,   0,   0,   0,   0,   0,   0,   0,   0,   0,   0,   0
RGI60-07.00456,G012728E78551N,         1.049,   0,   0,   0,   0,   3,  67, 210, 305, 145, 123,  92,  36,  18,   1,   0,   0,   0,   0,   0,   0,   0,   0,   0,   0,   0,   0,   0,   0,   0,   0,   0,   0,   0,   0,   0,   0,   0,   0,   0,   0,   0,   0,   0,   0,   0,   0,   0
RGI60-07.00457,G013305E78527N,         1.981,   0,   0,   0,   0,   0, 183, 194, 199, 163, 128,  84,  34,  15,   0,   0,   0,   0,   0,   0,   0,   0,   0,   0,   0,   0,   0,   0,   0,   0,   0,   0,   0,   0,   0,   0,   0,   0,   0,   0,   0,   0,   0,   0,   0,   0,   0,   0
RGI60-07.00458,G014216E78514N,         1.721,   0,   0,   0,  73,  93, 180, 261, 207, 119,  59,   8,   0,   0,   0,   0,   0,   0,   0,   0,   0,   0,   0,   0,   0,   0,   0,   0,   0,   0,   0,   0,   0,   0,   0,   0,   0,   0,   0,   0,   0,   0,   0,   0,   0,   0,   0,   0
RGI60-07.00459,G014229E78451N,         0.644,   0,   0,   0,  12, 221, 334, 178, 104,  97,  54,   0,   0,   0,   0,   0,   0,   0,   0,   0,   0,   0,   0,   0,   0,   0,   0,   0,   0,   0,   0,   0,   0,   0,   0,   0,   0,   0,   0,   0,   0,   0,   0,   0,   0,   0,   0,   0
RGI60-07.00460,G014178E78454N,         0.396,   0,   0,   0,   0,   0,   0,   0,  27, 231, 441, 301,   0,   0,   0,   0,   0,   0,   0,   0,   0,   0,   0,   0,   0,   0,   0,   0,   0,   0,   0,   0,   0,   0,   0,   0,   0,   0,   0,   0,   0,   0,   0,   0,   0,   0,   0,   0
RGI60-07.00461,G014104E78453N,         0.372,   0,   0,   0,   0,  49, 116, 232, 252, 215, 116,  20,   0,   0,   0,   0,   0,   0,   0,   0,   0,   0,   0,   0,   0,   0,   0,   0,   0,   0,   0,   0,   0,   0,   0,   0,   0,   0,   0,   0,   0,   0,   0,   0,   0,   0,   0,   0
RGI60-07.00462,G014307E78444N,         0.987,   0,   0,   0,   0, 106, 201, 207, 171, 152, 106,  49,   8,   0,   0,   0,   0,   0,   0,   0,   0,   0,   0,   0,   0,   0,   0,   0,   0,   0,   0,   0,   0,   0,   0,   0,   0,   0,   0,   0,   0,   0,   0,   0,   0,   0,   0,   0
RGI60-07.00463,G013869E78378N,        38.089,   0,   0,  14, 136, 195, 158, 146, 166,  87,  47,  35,  11,   3,   2,   0,   0,   0,   0,   0,   0,   0,   0,   0,   0,   0,   0,   0,   0,   0,   0,   0,   0,   0,   0,   0,   0,   0,   0,   0,   0,   0,   0,   0,   0,   0,   0,   0
RGI60-07.00464,G013797E78464N,       110.250,   0,   0,  19,  88,  89,  78, 102, 129, 157, 133, 105,  63,  23,  10,   4,   0,   0,   0,   0,   0,   0,   0,   0,   0,   0,   0,   0,   0,   0,   0,   0,   0,   0,   0,   0,   0,   0,   0,   0,   0,   0,   0,   0,   0,   0,   0,   0
RGI60-07.00465,G013895E78545N,       119.079,   0,   0,   7,  27,  57,  93, 143, 102, 119, 112, 100, 116,  68,  35,  13,   4,   1,   1,   1,   1,   0,   0,   0,   0,   0,   0,   0,   0,   0,   0,   0,   0,   0,   0,   0,   0,   0,   0,   0,   0,   0,   0,   0,   0,   0,   0,   0
RGI60-07.00466,G013443E78527N,        10.140,   0,   0,   0,   7,  27, 105, 193, 164, 172, 121,  87,  61,  38,  17,   6,   2,   0,   0,   0,   0,   0,   0,   0,   0,   0,   0,   0,   0,   0,   0,   0,   0,   0,   0,   0,   0,   0,   0,   0,   0,   0,   0,   0,   0,   0,   0,   0
RGI60-07.00467,G013452E78559N,         2.181,   0,   0,   0,  50,  86,  75,  91, 128, 163, 164, 117,  82,  32,   7,   4,   1,   0,   0,   0,   0,   0,   0,   0,   0,   0,   0,   0,   0,   0,   0,   0,   0,   0,   0,   0,   0,   0,   0,   0,   0,   0,   0,   0,   0,   0,   0,   0
RGI60-07.00468,G013567E78579N,        29.338,   2,  10,  22,  82,  63,  37,  47,  48,  56, 110, 144, 126,  91,  67,  51,  31,   8,   4,   1,   0,   0,   0,   0,   0,   0,   0,   0,   0,   0,   0,   0,   0,   0,   0,   0,   0,   0,   0,   0,   0,   0,   0,   0,   0,   0,   0,   0
RGI60-07.00469,G013012E78562N,         1.608,   0,  18,  82, 152, 152, 259, 232,  96,   9,   0,   0,   0,   0,   0,   0,   0,   0,   0,   0,   0,   0,   0,   0,   0,   0,   0,   0,   0,   0,   0,   0,   0,   0,   0,   0,   0,   0,   0,   0,   0,   0,   0,   0,   0,   0,   0,   0
RGI60-07.00470,G012917E78624N,        46.591,   0,   0,  46,  91,  88,  86, 139, 159, 176,  98,  73,  32,  10,   2,   0,   0,   0,   0,   0,   0,   0,   0,   0,   0,   0,   0,   0,   0,   0,   0,   0,   0,   0,   0,   0,   0,   0,   0,   0,   0,   0,   0,   0,   0,   0,   0,   0
RGI60-07.00471,G012910E78569N,        21.261,   0,   2,  19,  62,  89,  99, 116, 152, 159, 124,  77,  52,  31,  15,   3,   0,   0,   0,   0,   0,   0,   0,   0,   0,   0,   0,   0,   0,   0,   0,   0,   0,   0,   0,   0,   0,   0,   0,   0,   0,   0,   0,   0,   0,   0,   0,   0
RGI60-07.00472,G012659E78556N,         4.228,   0,   0,   6,  89, 143, 132, 170, 132, 131,  87,  66,  34,   9,   1,   0,   0,   0,   0,   0,   0,   0,   0,   0,   0,   0,   0,   0,   0,   0,   0,   0,   0,   0,   0,   0,   0,   0,   0,   0,   0,   0,   0,   0,   0,   0,   0,   0
RGI60-07.00473,G014223E78623N,         1.024,   0,   0,   0,   0,   0,  57, 190, 200, 160, 144, 143,  77,  21,   8,   0,   0,   0,   0,   0,   0,   0,   0,   0,   0,   0,   0,   0,   0,   0,   0,   0,   0,   0,   0,   0,   0,   0,   0,   0,   0,   0,   0,   0,   0,   0,   0,   0
RGI60-07.00474,G013820E78651N,       165.161,   0,   1,  34,  31,  30,  61,  62,  76,  82,  75, 118, 115, 120,  90,  48,  26,  16,   9,   5,   1,   0,   0,   0,   0,   0,   0,   0,   0,   0,   0,   0,   0,   0,   0,   0,   0,   0,   0,   0,   0,   0,   0,   0,   0,   0,   0,   0
RGI60-07.00475,G013467E78569N,         0.415,   0,   0,   0,   0,   0,   0,   0,  21, 331, 256, 220, 130,  42,   0,   0,   0,   0,   0,   0,   0,   0,   0,   0,   0,   0,   0,   0,   0,   0,   0,   0,   0,   0,   0,   0,   0,   0,   0,   0,   0,   0,   0,   0,   0,   0,   0,   0
RGI60-07.00476,G013368E78654N,        74.429,   0,   1,   6,  40,  52,  41,  61,  61,  75, 102, 119, 113,  98,  78,  65,  54,  23,   8,   2,   1,   0,   0,   0,   0,   0,   0,   0,   0,   0,   0,   0,   0,   0,   0,   0,   0,   0,   0,   0,   0,   0,   0,   0,   0,   0,   0,   0
RGI60-07.00477,G012970E78551N,         0.264,   0,   0,   0,   0,  21, 148, 233, 282, 245,  64,   7,   0,   0,   0,   0,   0,   0,   0,   0,   0,   0,   0,   0,   0,   0,   0,   0,   0,   0,   0,   0,   0,   0,   0,   0,   0,   0,   0,   0,   0,   0,   0,   0,   0,   0,   0,   0
RGI60-07.00478,G014096E78461N,         0.112,   0,   0,   0,   0,   0,   0,   0,   0, 257, 564, 179,   0,   0,   0,   0,   0,   0,   0,   0,   0,   0,   0,   0,   0,   0,   0,   0,   0,   0,   0,   0,   0,   0,   0,   0,   0,   0,   0,   0,   0,   0,   0,   0,   0,   0,   0,   0
RGI60-07.00479,G014175E78465N,         0.135,   0,   0,   0,   0, 182, 384, 350,  84,   0,   0,   0,   0,   0,   0,   0,   0,   0,   0,   0,   0,   0,   0,   0,   0,   0,   0,   0,   0,   0,   0,   0,   0,   0,   0,   0,   0,   0,   0,   0,   0,   0,   0,   0,   0,   0,   0,   0
RGI60-07.00480,G014191E78461N,         0.454,   0,   0,   0,   3, 170, 301, 248, 193,  74,  11,   0,   0,   0,   0,   0,   0,   0,   0,   0,   0,   0,   0,   0,   0,   0,   0,   0,   0,   0,   0,   0,   0,   0,   0,   0,   0,   0,   0,   0,   0,   0,   0,   0,   0,   0,   0,   0
RGI60-07.00481,G014201E78525N,         0.757,   0,   0,   0,  20, 142, 243, 161, 201, 186,  47,   0,   0,   0,   0,   0,   0,   0,   0,   0,   0,   0,   0,   0,   0,   0,   0,   0,   0,   0,   0,   0,   0,   0,   0,   0,   0,   0,   0,   0,   0,   0,   0,   0,   0,   0,   0,   0
RGI60-07.00482,G013110E78664N,        82.410,   0,  15,  50,  57,  66,  70,  68,  80,  97, 106, 120, 141,  83,  31,  10,   3,   2,   1,   0,   0,   0,   0,   0,   0,   0,   0,   0,   0,   0,   0,   0,   0,   0,   0,   0,   0,   0,   0,   0,   0,   0,   0,   0,   0,   0,   0,   0
RGI60-07.00483,G013042E78569N,         0.419,   0,   0,   0,  30, 120, 174, 307, 207, 141,  21,   0,   0,   0,   0,   0,   0,   0,   0,   0,   0,   0,   0,   0,   0,   0,   0,   0,   0,   0,   0,   0,   0,   0,   0,   0,   0,   0,   0,   0,   0,   0,   0,   0,   0,   0,   0,   0
RGI60-07.00484,G012794E78550N,         0.194,   0,   0,   0,   0,   0,   0,   0, 231, 454, 299,  16,   0,   0,   0,   0,   0,   0,   0,   0,   0,   0,   0,   0,   0,   0,   0,   0,   0,   0,   0,   0,   0,   0,   0,   0,   0,   0,   0,   0,   0,   0,   0,   0,   0,   0,   0,   0
RGI60-07.00485,G013211E78361N,         0.600,   0,   0,   0,   0,   0,   0,   0, 158, 281, 185, 156, 137,  70,  13,   0,   0,   0,   0,   0,   0,   0,   0,   0,   0,   0,   0,   0,   0,   0,   0,   0,   0,   0,   0,   0,   0,   0,   0,   0,   0,   0,   0,   0,   0,   0,   0,   0
RGI60-07.00486,G012229E78882N,         0.179,   0,   0,   0,   0,  42, 251, 396, 219,  92,   0,   0,   0,   0,   0,   0,   0,   0,   0,   0,   0,   0,   0,   0,   0,   0,   0,   0,   0,   0,   0,   0,   0,   0,   0,   0,   0,   0,   0,   0,   0,   0,   0,   0,   0,   0,   0,   0
RGI60-07.00487,G012113E78854N,         3.618,   0,   0,   0,  21,  43,  65,  95, 128, 145, 125, 110,  85,  95,  59,  13,   8,   6,   2,   0,   0,   0,   0,   0,   0,   0,   0,   0,   0,   0,   0,   0,   0,   0,   0,   0,   0,   0,   0,   0,   0,   0,   0,   0,   0,   0,   0,   0
RGI60-07.00488,G011933E78781N,         1.182,   0,   0,   0,   3,  76, 121, 186, 241, 165, 141,  63,   4,   0,   0,   0,   0,   0,   0,   0,   0,   0,   0,   0,   0,   0,   0,   0,   0,   0,   0,   0,   0,   0,   0,   0,   0,   0,   0,   0,   0,   0,   0,   0,   0,   0,   0,   0
RGI60-07.00489,G011888E78756N,         0.673,   0,   0,   0,   0,   0,   0,  61, 196, 174, 199, 208,  88,  65,   9,   0,   0,   0,   0,   0,   0,   0,   0,   0,   0,   0,   0,   0,   0,   0,   0,   0,   0,   0,   0,   0,   0,   0,   0,   0,   0,   0,   0,   0,   0,   0,   0,   0
RGI60-07.00490,G012125E78665N,         3.586,   0,   0,   0,   4, 142, 176, 198, 173, 110,  85,  42,  27,  18,  14,   7,   3,   1,   0,   0,   0,   0,   0,   0,   0,   0,   0,   0,   0,   0,   0,   0,   0,   0,   0,   0,   0,   0,   0,   0,   0,   0,   0,   0,   0,   0,   0,   0
RGI60-07.00491,G012070E78732N,         4.650,   0,   0,  29,  71,  92, 161, 193, 156, 135,  69,  47,  28,  13,   3,   2,   1,   0,   0,   0,   0,   0,   0,   0,   0,   0,   0,   0,   0,   0,   0,   0,   0,   0,   0,   0,   0,   0,   0,   0,   0,   0,   0,   0,   0,   0,   0,   0
RGI60-07.00492,G012069E78677N,         2.869,   0,   0,   0,  53, 213, 242, 139, 106, 114,  69,  39,  15,   8,   2,   0,   0,   0,   0,   0,   0,   0,   0,   0,   0,   0,   0,   0,   0,   0,   0,   0,   0,   0,   0,   0,   0,   0,   0,   0,   0,   0,   0,   0,   0,   0,   0,   0
RGI60-07.00493,G012031E78878N,         5.205,   0,  28,  68,  75,  85, 121, 135, 136, 139, 118,  48,  34,   9,   3,   1,   0,   0,   0,   0,   0,   0,   0,   0,   0,   0,   0,   0,   0,   0,   0,   0,   0,   0,   0,   0,   0,   0,   0,   0,   0,   0,   0,   0,   0,   0,   0,   0
RGI60-07.00494,G011921E78902N,         1.218,   0,   0,   0,  57, 214, 300, 202, 125,  73,  28,   1,   0,   0,   0,   0,   0,   0,   0,   0,   0,   0,   0,   0,   0,   0,   0,   0,   0,   0,   0,   0,   0,   0,   0,   0,   0,   0,   0,   0,   0,   0,   0,   0,   0,   0,   0,   0
RGI60-07.00495,G011967E78891N,         0.858,   0,   0,   0,  44, 149, 150, 160, 204, 118,  66,  40,  20,   9,  12,  28,   0,   0,   0,   0,   0,   0,   0,   0,   0,   0,   0,   0,   0,   0,   0,   0,   0,   0,   0,   0,   0,   0,   0,   0,   0,   0,   0,   0,   0,   0,   0,   0
RGI60-07.00496,G012161E78871N,         5.016,   0,   0,  14,  49,  82, 103, 125, 171, 152, 144, 117,  33,   8,   2,   0,   0,   0,   0,   0,   0,   0,   0,   0,   0,   0,   0,   0,   0,   0,   0,   0,   0,   0,   0,   0,   0,   0,   0,   0,   0,   0,   0,   0,   0,   0,   0,   0
RGI60-07.00497,G012286E78857N,         6.249,   0,   2,  21,  31,  42,  48,  64,  73,  95, 115, 159, 162,  94,  60,  23,  10,   1,   0,   0,   0,   0,   0,   0,   0,   0,   0,   0,   0,   0,   0,   0,   0,   0,   0,   0,   0,   0,   0,   0,   0,   0,   0,   0,   0,   0,   0,   0
RGI60-07.00498,G011937E78864N,         1.001,   0,   0,   0,   0,   0,  59, 111, 208, 234, 151, 118,  59,  52,   8,   0,   0,   0,   0,   0,   0,   0,   0,   0,   0,   0,   0,   0,   0,   0,   0,   0,   0,   0,   0,   0,   0,   0,   0,   0,   0,   0,   0,   0,   0,   0,   0,   0
RGI60-07.00499,G012384E78837N,         5.873,   0,   0,  22,  40,  50,  62,  97,  94, 107, 122, 157, 128,  71,  25,  19,   4,   2,   0,   0,   0,   0,   0,   0,   0,   0,   0,   0,   0,   0,   0,   0,   0,   0,   0,   0,   0,   0,   0,   0,   0,   0,   0,   0,   0,   0,   0,   0
RGI60-07.00500,G011843E78797N,         0.649,   0,   0,  30, 106,  98, 120, 182, 212, 128,  93,  26,   5,   0,   0,   0,   0,   0,   0,   0,   0,   0,   0,   0,   0,   0,   0,   0,   0,   0,   0,   0,   0,   0,   0,   0,   0,   0,   0,   0,   0,   0,   0,   0,   0,   0,   0,   0
RGI60-07.00501,G012292E78699N,        73.265,   0,   5,  41,  75,  78,  85,  61,  77, 113, 125, 174,  94,  51,  17,   3,   1,   0,   0,   0,   0,   0,   0,   0,   0,   0,   0,   0,   0,   0,   0,   0,   0,   0,   0,   0,   0,   0,   0,   0,   0,   0,   0,   0,   0,   0,   0,   0
RGI60-07.00502,G012646E78650N,       126.582,   0,   0,  11,  25,  53,  60,  66,  75,  86, 111, 180, 168, 101,  43,  17,   4,   0,   0,   0,   0,   0,   0,   0,   0,   0,   0,   0,   0,   0,   0,   0,   0,   0,   0,   0,   0,   0,   0,   0,   0,   0,   0,   0,   0,   0,   0,   0
RGI60-07.00503,G011695E78908N,         4.637,   0,  39, 122, 177,  99,  98, 120, 151,  77,  62,  46,   8,   1,   0,   0,   0,   0,   0,   0,   0,   0,   0,   0,   0,   0,   0,   0,   0,   0,   0,   0,   0,   0,   0,   0,   0,   0,   0,   0,   0,   0,   0,   0,   0,   0,   0,   0
RGI60-07.00504,G011831E78888N,         9.811,   0,   0,  52, 179, 156, 139, 160, 120,  81,  58,  33,  11,   8,   3,   0,   0,   0,   0,   0,   0,   0,   0,   0,   0,   0,   0,   0,   0,   0,   0,   0,   0,   0,   0,   0,   0,   0,   0,   0,   0,   0,   0,   0,   0,   0,   0,   0
RGI60-07.00505,G012193E78808N,         0.404,   0,   0,   0,   0,  60, 120, 217, 215, 117,  54,  68,  72,  40,  26,  11,   0,   0,   0,   0,   0,   0,   0,   0,   0,   0,   0,   0,   0,   0,   0,   0,   0,   0,   0,   0,   0,   0,   0,   0,   0,   0,   0,   0,   0,   0,   0,   0
RGI60-07.00506,G012500E78780N,        66.139,   0,  13,  43,  66,  64,  87,  84,  70,  96, 107, 111, 110,  89,  40,  14,   5,   1,   0,   0,   0,   0,   0,   0,   0,   0,   0,   0,   0,   0,   0,   0,   0,   0,   0,   0,   0,   0,   0,   0,   0,   0,   0,   0,   0,   0,   0,   0
RGI60-07.00507,G011954E78768N,         4.693,   0,   0,  21,  45,  57,  60,  79, 141, 224, 161, 118,  49,  39,   6,   0,   0,   0,   0,   0,   0,   0,   0,   0,   0,   0,   0,   0,   0,   0,   0,   0,   0,   0,   0,   0,   0,   0,   0,   0,   0,   0,   0,   0,   0,   0,   0,   0
RGI60-07.00508,G011873E78764N,         0.330,   0,   0,   0,   0,  17, 183, 154, 179, 207, 135,  95,  30,   0,   0,   0,   0,   0,   0,   0,   0,   0,   0,   0,   0,   0,   0,   0,   0,   0,   0,   0,   0,   0,   0,   0,   0,   0,   0,   0,   0,   0,   0,   0,   0,   0,   0,   0
RGI60-07.00509,G011932E78750N,         1.688,   0,   0,   0,   0,  60, 176, 177, 226, 198, 131,  32,   0,   0,   0,   0,   0,   0,   0,   0,   0,   0,   0,   0,   0,   0,   0,   0,   0,   0,   0,   0,   0,   0,   0,   0,   0,   0,   0,   0,   0,   0,   0,   0,   0,   0,   0,   0
RGI60-07.00510,G011990E78746N,         1.395,   0,   0,   0,   0,  14,  65, 130, 220, 148, 143, 155,  70,  55,   0,   0,   0,   0,   0,   0,   0,   0,   0,   0,   0,   0,   0,   0,   0,   0,   0,   0,   0,   0,   0,   0,   0,   0,   0,   0,   0,   0,   0,   0,   0,   0,   0,   0
RGI60-07.00511,G012192E78768N,        57.860,   2,  22,  35,  38,  62,  78,  84,  96, 108, 120, 127,  90,  66,  49,  16,   3,   2,   1,   1,   0,   0,   0,   0,   0,   0,   0,   0,   0,   0,   0,   0,   0,   0,   0,   0,   0,   0,   0,   0,   0,   0,   0,   0,   0,   0,   0,   0
RGI60-07.00512,G014696E78918N,        38.459,   0,   0,   0,   0,  10,  22,  45,  49,  57,  78,  92, 105, 106,  99,  90,  76,  59,  49,  34,  18,   8,   2,   1,   0,   0,   0,   0,   0,   0,   0,   0,   0,   0,   0,   0,   0,   0,   0,   0,   0,   0,   0,   0,   0,   0,   0,   0
RGI60-07.00513,G012253E78650N,        12.575,   0,   0,   0,  49, 122,  88, 153, 262, 103,  71,  52,  44,  25,  11,   8,  10,   2,   0,   0,   0,   0,   0,   0,   0,   0,   0,   0,   0,   0,   0,   0,   0,   0,   0,   0,   0,   0,   0,   0,   0,   0,   0,   0,   0,   0,   0,   0
RGI60-07.00514,G012843E78776N,        64.544,   0,   0,   9,  43,  40,  91,  65,  71,  83, 113, 137, 122, 113,  73,  29,   9,   2,   0,   0,   0,   0,   0,   0,   0,   0,   0,   0,   0,   0,   0,   0,   0,   0,   0,   0,   0,   0,   0,   0,   0,   0,   0,   0,   0,   0,   0,   0
RGI60-07.00515,G012378E78608N,         1.156,   0,   0,   0,   0,  59, 157, 181, 104,  99,  84,  76,  72, 140,  28,   0,   0,   0,   0,   0,   0,   0,   0,   0,   0,   0,   0,   0,   0,   0,   0,   0,   0,   0,   0,   0,   0,   0,   0,   0,   0,   0,   0,   0,   0,   0,   0,   0
RGI60-07.00516,G012315E78618N,         5.266,   0,   0,   0,  29,  80, 134, 229,  98, 166,  82,  64,  46,  30,  24,  16,   2,   0,   0,   0,   0,   0,   0,   0,   0,   0,   0,   0,   0,   0,   0,   0,   0,   0,   0,   0,   0,   0,   0,   0,   0,   0,   0,   0,   0,   0,   0,   0
RGI60-07.00517,G012297E78632N,         2.525,   0,   0,   0,   0,   0,  93, 173, 238, 171,  86,  73,  79,  50,  26,  10,   1,   0,   0,   0,   0,   0,   0,   0,   0,   0,   0,   0,   0,   0,   0,   0,   0,   0,   0,   0,   0,   0,   0,   0,   0,   0,   0,   0,   0,   0,   0,   0
RGI60-07.00518,G014881E78907N,         1.451,   0,   0,   0,   0,   0,   0,   0,   5, 165, 187,  96,  66,  60,  67,  88,  96,  81,  59,  30,   0,   0,   0,   0,   0,   0,   0,   0,   0,   0,   0,   0,   0,   0,   0,   0,   0,   0,   0,   0,   0,   0,   0,   0,   0,   0,   0,   0
RGI60-07.00519,G014962E78874N,         2.632,   0,   0,   0,   0,   0,   9,  76, 134, 156, 159, 116, 141, 109,  68,  30,   2,   0,   0,   0,   0,   0,   0,   0,   0,   0,   0,   0,   0,   0,   0,   0,   0,   0,   0,   0,   0,   0,   0,   0,   0,   0,   0,   0,   0,   0,   0,   0
RGI60-07.00520,G014965E78857N,         3.232,   0,   0,   0,   0,   0,   0,  23, 138,  83, 134, 144, 107,  81,  92,  86,  84,  24,   4,   0,   0,   0,   0,   0,   0,   0,   0,   0,   0,   0,   0,   0,   0,   0,   0,   0,   0,   0,   0,   0,   0,   0,   0,   0,   0,   0,   0,   0
RGI60-07.00521,G015012E78833N,         1.633,   0,   0,   0,   0,   0,   0,   0,   5,  64, 195, 202, 173, 179, 121,  57,   4,   0,   0,   0,   0,   0,   0,   0,   0,   0,   0,   0,   0,   0,   0,   0,   0,   0,   0,   0,   0,   0,   0,   0,   0,   0,   0,   0,   0,   0,   0,   0
RGI60-07.00522,G014776E78813N,         1.860,   0,   0,   0,   0,   0,   0,  16,  82, 202, 235, 150, 149, 122,  28,  12,   4,   0,   0,   0,   0,   0,   0,   0,   0,   0,   0,   0,   0,   0,   0,   0,   0,   0,   0,   0,   0,   0,   0,   0,   0,   0,   0,   0,   0,   0,   0,   0
RGI60-07.00523,G014877E78777N,         1.528,   0,   0,   0,   0,   0,   0,  36, 141, 115, 150,  73,  19,  27,  81, 158, 144,  37,  19,   0,   0,   0,   0,   0,   0,   0,   0,   0,   0,   0,   0,   0,   0,   0,   0,   0,   0,   0,   0,   0,   0,   0,   0,   0,   0,   0,   0,   0
RGI60-07.00524,G012706E79025N,        53.988,   0,   1,  10,  19,  21,  43,  46,  26,  25,  15,  27,  49,  65,  88,  92, 107, 108, 115,  65,  38,  26,  12,   2,   0,   0,   0,   0,   0,   0,   0,   0,   0,   0,   0,   0,   0,   0,   0,   0,   0,   0,   0,   0,   0,   0,   0,   0
RGI60-07.00525,G015010E78711N,         0.826,   0,   0,   0,   0,   0,   0,   0,  27, 189, 296, 273, 163,  44,   8,   0,   0,   0,   0,   0,   0,   0,   0,   0,   0,   0,   0,   0,   0,   0,   0,   0,   0,   0,   0,   0,   0,   0,   0,   0,   0,   0,   0,   0,   0,   0,   0,   0
RGI60-07.00526,G014406E78619N,         0.530,   0,   0,   0,   0,   1,  86, 219, 254, 145, 159, 121,  15,   0,   0,   0,   0,   0,   0,   0,   0,   0,   0,   0,   0,   0,   0,   0,   0,   0,   0,   0,   0,   0,   0,   0,   0,   0,   0,   0,   0,   0,   0,   0,   0,   0,   0,   0
RGI60-07.00527,G014093E78669N,        28.470,   0,   0,  33,  32,  53,  75, 101, 139, 136, 121, 136,  81,  58,  26,   6,   2,   1,   0,   0,   0,   0,   0,   0,   0,   0,   0,   0,   0,   0,   0,   0,   0,   0,   0,   0,   0,   0,   0,   0,   0,   0,   0,   0,   0,   0,   0,   0
RGI60-07.00528,G014249E78643N,         3.274,   0,   0,   0,   0,  20, 112, 188, 251, 206, 128,  66,  28,   1,   0,   0,   0,   0,   0,   0,   0,   0,   0,   0,   0,   0,   0,   0,   0,   0,   0,   0,   0,   0,   0,   0,   0,   0,   0,   0,   0,   0,   0,   0,   0,   0,   0,   0
RGI60-07.00529,G013891E78748N,       132.743,   0,   0,  29,  60,  46,  47,  62,  72,  68,  86, 115, 111,  99,  95,  59,  32,  12,   4,   3,   0,   0,   0,   0,   0,   0,   0,   0,   0,   0,   0,   0,   0,   0,   0,   0,   0,   0,   0,   0,   0,   0,   0,   0,   0,   0,   0,   0
RGI60-07.00530,G014219E78769N,        30.531,   0,   0,   9,  70,  62,  69,  69,  68,  83, 121, 127, 110,  92,  70,  34,  10,   4,   2,   0,   0,   0,   0,   0,   0,   0,   0,   0,   0,   0,   0,   0,   0,   0,   0,   0,   0,   0,   0,   0,   0,   0,   0,   0,   0,   0,   0,   0
RGI60-07.00531,G013777E78859N,       111.779,   0,   1,  15,  39,  36,  26,  76,  84,  78,  94, 103, 117, 107,  91,  61,  34,  24,   8,   3,   2,   1,   0,   0,   0,   0,   0,   0,   0,   0,   0,   0,   0,   0,   0,   0,   0,   0,   0,   0,   0,   0,   0,   0,   0,   0,   0,   0
RGI60-07.00532,G014031E78921N,        90.645,   0,   0,  34,  56,  57,  29,  46,  44,  46,  50,  64,  79,  86, 158, 129,  69,  27,  12,   8,   3,   2,   1,   0,   0,   0,   0,   0,   0,   0,   0,   0,   0,   0,   0,   0,   0,   0,   0,   0,   0,   0,   0,   0,   0,   0,   0,   0
RGI60-07.00533,G014152E78979N,       134.647,   0,   4,  16,  31,  39,  49,  43,  42,  52,  55,  68,  79,  85, 153, 110,  74,  36,  26,  22,  10,   5,   1,   0,   0,   0,   0,   0,   0,   0,   0,   0,   0,   0,   0,   0,   0,   0,   0,   0,   0,   0,   0,   0,   0,   0,   0,   0
RGI60-07.00534,G014833E78777N,         0.739,   0,   0,   0,   0,   0,   0,   0,   0,  63, 218, 323, 163,  27,  20,  89,  93,   4,   0,   0,   0,   0,   0,   0,   0,   0,   0,   0,   0,   0,   0,   0,   0,   0,   0,   0,   0,   0,   0,   0,   0,   0,   0,   0,   0,   0,   0,   0
RGI60-07.00535,G014866E78840N,         3.546,   0,   0,   0,   0,   0,   0,  47, 151, 150,  81, 106, 144, 104,  83,  61,  67,   6,   0,   0,   0,   0,   0,   0,   0,   0,   0,   0,   0,   0,   0,   0,   0,   0,   0,   0,   0,   0,   0,   0,   0,   0,   0,   0,   0,   0,   0,   0
RGI60-07.00536,G014666E78886N,         1.374,   0,   0,   0,   0,   0,   0,   0,   0,   0,   1,  19,  43,  51,  44,  51, 131, 174, 233, 159,  64,  28,   2,   0,   0,   0,   0,   0,   0,   0,   0,   0,   0,   0,   0,   0,   0,   0,   0,   0,   0,   0,   0,   0,   0,   0,   0,   0
RGI60-07.00537,G014706E78875N,         2.209,   0,   0,   0,   0,   0,   0,   0,   0,   5,  53, 137, 112, 115, 107, 108, 110, 110, 135,   8,   0,   0,   0,   0,   0,   0,   0,   0,   0,   0,   0,   0,   0,   0,   0,   0,   0,   0,   0,   0,   0,   0,   0,   0,   0,   0,   0,   0
RGI60-07.00538,G014602E78853N,         2.086,   0,   0,   0,   0,   0,   0,   0,  19, 113, 101, 160, 141, 152, 155, 106,  46,   7,   0,   0,   0,   0,   0,   0,   0,   0,   0,   0,   0,   0,   0,   0,   0,   0,   0,   0,   0,   0,   0,   0,   0,   0,   0,   0,   0,   0,   0,   0
RGI60-07.00539,G014059E78867N,         1.302,   0,   0,   0,   0,   0,   0,   0,   0,   0,  14,  91, 268, 236, 280,  75,  33,   3,   0,   0,   0,   0,   0,   0,   0,   0,   0,   0,   0,   0,   0,   0,   0,   0,   0,   0,   0,   0,   0,   0,   0,   0,   0,   0,   0,   0,   0,   0
RGI60-07.00540,G014935E78898N,         0.621,   0,   0,   0,   0,   0,   0,   0,  38, 144, 273, 291, 156,  98,   0,   0,   0,   0,   0,   0,   0,   0,   0,   0,   0,   0,   0,   0,   0,   0,   0,   0,   0,   0,   0,   0,   0,   0,   0,   0,   0,   0,   0,   0,   0,   0,   0,   0
RGI60-07.00541,G015046E78866N,         0.400,   0,   0,   0,   0,   0,   0,   0,   0,   0,   0, 151, 209, 213, 174, 107, 146,   0,   0,   0,   0,   0,   0,   0,   0,   0,   0,   0,   0,   0,   0,   0,   0,   0,   0,   0,   0,   0,   0,   0,   0,   0,   0,   0,   0,   0,   0,   0
RGI60-07.00542,G014747E78833N,         0.429,   0,   0,   0,   0,   0,   0,   0,   0,   0,   0,  22,  61, 171, 229, 216, 180,  86,  32,   3,   0,   0,   0,   0,   0,   0,   0,   0,   0,   0,   0,   0,   0,   0,   0,   0,   0,   0,   0,   0,   0,   0,   0,   0,   0,   0,   0,   0
RGI60-07.00543,G014781E78838N,         0.895,   0,   0,   0,   0,   0,   0,   0,   0,   0,   8,  85, 190, 221, 213, 140,  69,  45,  29,   0,   0,   0,   0,   0,   0,   0,   0,   0,   0,   0,   0,   0,   0,   0,   0,   0,   0,   0,   0,   0,   0,   0,   0,   0,   0,   0,   0,   0
RGI60-07.00544,G014841E78869N,         4.576,   0,   0,   0,   0,   0,   0,   2,  48,  74,  52, 136, 133, 149, 141, 118,  87,  38,  22,   0,   0,   0,   0,   0,   0,   0,   0,   0,   0,   0,   0,   0,   0,   0,   0,   0,   0,   0,   0,   0,   0,   0,   0,   0,   0,   0,   0,   0
RGI60-07.00545,G014752E78871N,         0.746,   0,   0,   0,   0,   0,   0,   0,   0,   0,   0,  32,  93, 124, 210, 224, 184, 111,  22,   0,   0,   0,   0,   0,   0,   0,   0,   0,   0,   0,   0,   0,   0,   0,   0,   0,   0,   0,   0,   0,   0,   0,   0,   0,   0,   0,   0,   0
RGI60-07.00546,G014295E78788N,         2.333,   0,   0,   0,   0,   0,   0,   8,  10,  11,  66, 317, 270, 318,   0,   0,   0,   0,   0,   0,   0,   0,   0,   0,   0,   0,   0,   0,   0,   0,   0,   0,   0,   0,   0,   0,   0,   0,   0,   0,   0,   0,   0,   0,   0,   0,   0,   0
RGI60-07.00547,G014065E78810N,         2.571,   0,   0,   0,   0,  40,  39,  67, 109,  67,  42,  27,  50, 103, 185, 179,  61,  15,   9,   7,   0,   0,   0,   0,   0,   0,   0,   0,   0,   0,   0,   0,   0,   0,   0,   0,   0,   0,   0,   0,   0,   0,   0,   0,   0,   0,   0,   0
RGI60-07.00548,G014157E78808N,         0.633,   0,   0,   0,  14, 138, 129, 171, 216, 207, 118,   7,   0,   0,   0,   0,   0,   0,   0,   0,   0,   0,   0,   0,   0,   0,   0,   0,   0,   0,   0,   0,   0,   0,   0,   0,   0,   0,   0,   0,   0,   0,   0,   0,   0,   0,   0,   0
RGI60-07.00549,G012483E79027N,         7.392,   0,   0,   0,   9,  23,  45,  68,  81,  59,  86, 133, 144, 113,  69,  67,  47,  37,  15,   2,   2,   0,   0,   0,   0,   0,   0,   0,   0,   0,   0,   0,   0,   0,   0,   0,   0,   0,   0,   0,   0,   0,   0,   0,   0,   0,   0,   0
RGI60-07.00550,G012985E78845N,        11.607,   0,   0,   0,   0,   0,  12,  26,  42,  92,  88, 111,  51,  95, 116, 165,  69,  27,  14,  10,  14,  20,  18,  15,  13,   2,   0,   0,   0,   0,   0,   0,   0,   0,   0,   0,   0,   0,   0,   0,   0,   0,   0,   0,   0,   0,   0,   0
RGI60-07.00551,G024127E79998N,       356.465,   2,  11,  17,  19,  23,  42,  44,  55,  70,  74, 152,  95,  99, 124, 158,  15,   0,   0,   0,   0,   0,   0,   0,   0,   0,   0,   0,   0,   0,   0,   0,   0,   0,   0,   0,   0,   0,   0,   0,   0,   0,   0,   0,   0,   0,   0,   0
RGI60-07.00552,G023577E79964N,       328.261,   2,   4,   8,   8,  19,  33,  53,  73,  69, 100,  87,  90, 106, 115, 184,  49,   0,   0,   0,   0,   0,   0,   0,   0,   0,   0,   0,   0,   0,   0,   0,   0,   0,   0,   0,   0,   0,   0,   0,   0,   0,   0,   0,   0,   0,   0,   0
RGI60-07.00553,G014147E78691N,         0.611,   0,   0,   0,   0,   0,   0,   0,   1, 266, 616, 117,   0,   0,   0,   0,   0,   0,   0,   0,   0,   0,   0,   0,   0,   0,   0,   0,   0,   0,   0,   0,   0,   0,   0,   0,   0,   0,   0,   0,   0,   0,   0,   0,   0,   0,   0,   0
RGI60-07.00554,G015029E79019N,         7.097,   0,   0,   0,   0,   0,   0,   1,  14,  73,  79, 102, 116, 176, 190, 115,  75,  37,  12,   6,   4,   0,   0,   0,   0,   0,   0,   0,   0,   0,   0,   0,   0,   0,   0,   0,   0,   0,   0,   0,   0,   0,   0,   0,   0,   0,   0,   0
RGI60-07.00555,G014887E79032N,         5.581,   0,   0,   0,   0,   0,   0,   0,   7,  30,  52,  80, 104, 168, 180, 130,  99,  86,  35,  14,  12,   3,   0,   0,   0,   0,   0,   0,   0,   0,   0,   0,   0,   0,   0,   0,   0,   0,   0,   0,   0,   0,   0,   0,   0,   0,   0,   0
RGI60-07.00556,G014641E79012N,        94.686,   0,   0,   6,  34,  32,  29,  34,  49,  55,  43,  51,  69,  74,  93,  95, 102,  74,  55,  46,  26,  18,  11,   4,   0,   0,   0,   0,   0,   0,   0,   0,   0,   0,   0,   0,   0,   0,   0,   0,   0,   0,   0,   0,   0,   0,   0,   0
RGI60-07.00557,G012321E79026N,         2.664,   0,   0,   0,   0,   0,  26,  63,  93, 145, 213, 165, 124,  79,  47,  17,   9,   8,   7,   4,   0,   0,   0,   0,   0,   0,   0,   0,   0,   0,   0,   0,   0,   0,   0,   0,   0,   0,   0,   0,   0,   0,   0,   0,   0,   0,   0,   0
RGI60-07.00558,G012371E79073N,        88.684,   0,   0,   1,   7,  16,  34,  83,  51,  74,  79, 100,  95, 103,  83,  63,  54,  40,  41,  37,  23,  13,   2,   1,   0,   0,   0,   0,   0,   0,   0,   0,   0,   0,   0,   0,   0,   0,   0,   0,   0,   0,   0,   0,   0,   0,   0,   0
RGI60-07.00559,G016072E78857N,         4.177,   0,   0,   0,   0,   0,   0,   0,   6,  52, 101, 104, 118, 125, 138, 110,  91,  79,  50,  20,   6,   0,   0,   0,   0,   0,   0,   0,   0,   0,   0,   0,   0,   0,   0,   0,   0,   0,   0,   0,   0,   0,   0,   0,   0,   0,   0,   0
RGI60-07.00560,G015629E78851N,         1.702,   0,   0,   0,   0,   0,   0,   1,  47, 105, 179, 130, 123, 160,  88,  58,  68,  34,   7,   0,   0,   0,   0,   0,   0,   0,   0,   0,   0,   0,   0,   0,   0,   0,   0,   0,   0,   0,   0,   0,   0,   0,   0,   0,   0,   0,   0,   0
RGI60-07.00561,G015664E78919N,         2.146,   0,   0,   0,   0,   0,   0,   0,  10,  46,  62, 100, 103, 109, 146,  94,  75,  47,  65,  71,  57,  15,   0,   0,   0,   0,   0,   0,   0,   0,   0,   0,   0,   0,   0,   0,   0,   0,   0,   0,   0,   0,   0,   0,   0,   0,   0,   0
RGI60-07.00562,G011539E78918N,         0.529,   0,   0,   0,   0,  78, 311, 179, 160, 147, 112,  13,   0,   0,   0,   0,   0,   0,   0,   0,   0,   0,   0,   0,   0,   0,   0,   0,   0,   0,   0,   0,   0,   0,   0,   0,   0,   0,   0,   0,   0,   0,   0,   0,   0,   0,   0,   0
RGI60-07.00563,G011618E78920N,         0.916,   0,   0,   0,  48, 191,  62,  95, 192, 133, 142,  89,  48,   0,   0,   0,   0,   0,   0,   0,   0,   0,   0,   0,   0,   0,   0,   0,   0,   0,   0,   0,   0,   0,   0,   0,   0,   0,   0,   0,   0,   0,   0,   0,   0,   0,   0,   0
RGI60-07.00564,G015984E78862N,         0.698,   0,   0,   0,   0,   0,   0,   0,   0,   0,  27,  63, 113, 105,  99,  88, 108, 107, 103, 117,  67,   3,   0,   0,   0,   0,   0,   0,   0,   0,   0,   0,   0,   0,   0,   0,   0,   0,   0,   0,   0,   0,   0,   0,   0,   0,   0,   0
RGI60-07.00565,G016155E78749N,        22.019,   0,   0,  19,  37,  21,  49,  47,  86, 108, 110, 127, 136, 101,  71,  49,  22,  11,   5,   1,   0,   0,   0,   0,   0,   0,   0,   0,   0,   0,   0,   0,   0,   0,   0,   0,   0,   0,   0,   0,   0,   0,   0,   0,   0,   0,   0,   0
RGI60-07.00566,G015831E78806N,         0.891,   0,   0,   0,   0,   0,   0,   0,   0,  44,  88, 104, 139, 139, 119, 150,  79,  44,  44,  39,  11,   0,   0,   0,   0,   0,   0,   0,   0,   0,   0,   0,   0,   0,   0,   0,   0,   0,   0,   0,   0,   0,   0,   0,   0,   0,   0,   0
RGI60-07.00567,G016533E78775N,         1.308,   0,   0,   0,   0,   0,   0,  25, 155, 262, 376, 163,  19,   0,   0,   0,   0,   0,   0,   0,   0,   0,   0,   0,   0,   0,   0,   0,   0,   0,   0,   0,   0,   0,   0,   0,   0,   0,   0,   0,   0,   0,   0,   0,   0,   0,   0,   0
RGI60-07.00568,G015842E78680N,         2.628,   0,   0,   0,   0,   0,   0,   0,   0,  30,  64, 142, 273, 399,  81,  11,   0,   0,   0,   0,   0,   0,   0,   0,   0,   0,   0,   0,   0,   0,   0,   0,   0,   0,   0,   0,   0,   0,   0,   0,   0,   0,   0,   0,   0,   0,   0,   0
RGI60-07.00569,G016362E78684N,         0.563,   0,   0,   0,   0,   0,   0,  25, 109, 115, 115, 188, 172, 155,  81,  10,  28,   2,   0,   0,   0,   0,   0,   0,   0,   0,   0,   0,   0,   0,   0,   0,   0,   0,   0,   0,   0,   0,   0,   0,   0,   0,   0,   0,   0,   0,   0,   0
RGI60-07.00570,G017292E78702N,       206.313,   0,   0,   5,  11,  16,  35,  26,  30,  39,  71,  65,  67,  63,  52,  52,  61,  72,  86,  94,  65,  30,  28,  24,   8,   0,   0,   0,   0,   0,   0,   0,   0,   0,   0,   0,   0,   0,   0,   0,   0,   0,   0,   0,   0,   0,   0,   0
RGI60-07.00571,G015777E78622N,         0.936,   0,   0,   0,   0,   0,   0,   5,  74, 176,  98, 143, 343, 161,   0,   0,   0,   0,   0,   0,   0,   0,   0,   0,   0,   0,   0,   0,   0,   0,   0,   0,   0,   0,   0,   0,   0,   0,   0,   0,   0,   0,   0,   0,   0,   0,   0,   0
RGI60-07.00572,G016942E78602N,         3.081,   0,   0,   0,   0,   0,  11,  70, 104, 113, 132, 131,  44,  36,  41,  39,  37,  40,  41,  41,  43,  58,  19,   0,   0,   0,   0,   0,   0,   0,   0,   0,   0,   0,   0,   0,   0,   0,   0,   0,   0,   0,   0,   0,   0,   0,   0,   0
RGI60-07.00573,G016811E78594N,         0.651,   0,   0,   0,   0,   0,   0,   0,   8,  89, 184, 212, 169, 132, 122,  71,  13,   0,   0,   0,   0,   0,   0,   0,   0,   0,   0,   0,   0,   0,   0,   0,   0,   0,   0,   0,   0,   0,   0,   0,   0,   0,   0,   0,   0,   0,   0,   0
RGI60-07.00574,G016923E78576N,         3.439,   0,   0,   0,   0,   0,  18,  39,  58,  93,  99, 100,  93,  99,  89,  84,  78,  61,  42,  32,  15,   0,   0,   0,   0,   0,   0,   0,   0,   0,   0,   0,   0,   0,   0,   0,   0,   0,   0,   0,   0,   0,   0,   0,   0,   0,   0,   0
RGI60-07.00575,G017388E78573N,         0.724,   0,   0,   0,   0,   0,   0,   0, 190, 249, 232, 214,  93,  20,   2,   0,   0,   0,   0,   0,   0,   0,   0,   0,   0,   0,   0,   0,   0,   0,   0,   0,   0,   0,   0,   0,   0,   0,   0,   0,   0,   0,   0,   0,   0,   0,   0,   0
RGI60-07.00576,G016674E78530N,         3.536,   0,   0,   0,   0,   6,  44,  65,  71,  94, 275, 137,  84,  44,  33,  35,  36,  44,  32,   0,   0,   0,   0,   0,   0,   0,   0,   0,   0,   0,   0,   0,   0,   0,   0,   0,   0,   0,   0,   0,   0,   0,   0,   0,   0,   0,   0,   0
RGI60-07.00577,G015885E78534N,         0.999,   0,   0,   0,   0,   0,   0,   2, 123, 331, 257, 167,  91,  29,   0,   0,   0,   0,   0,   0,   0,   0,   0,   0,   0,   0,   0,   0,   0,   0,   0,   0,   0,   0,   0,   0,   0,   0,   0,   0,   0,   0,   0,   0,   0,   0,   0,   0
RGI60-07.00578,G017347E78605N,        11.380,   0,   0,   0,   0,  10,  56,  62,  72,  80,  90, 115, 149, 153, 115,  37,  12,  10,  12,  15,   9,   3,   0,   0,   0,   0,   0,   0,   0,   0,   0,   0,   0,   0,   0,   0,   0,   0,   0,   0,   0,   0,   0,   0,   0,   0,   0,   0
RGI60-07.00579,G017222E78589N,         1.726,   0,   0,   0,   0,   0,   0,   0,  35, 140, 173, 223, 226,  85,  35,  11,  16,  21,  23,  12,   0,   0,   0,   0,   0,   0,   0,   0,   0,   0,   0,   0,   0,   0,   0,   0,   0,   0,   0,   0,   0,   0,   0,   0,   0,   0,   0,   0
RGI60-07.00580,G017109E78584N,         7.252,   0,   0,   0,   8,  43,  69,  88,  88, 132, 143, 120,  74,  38,  24,  15,  18,  26,  39,  42,  19,   9,   5,   0,   0,   0,   0,   0,   0,   0,   0,   0,   0,   0,   0,   0,   0,   0,   0,   0,   0,   0,   0,   0,   0,   0,   0,   0
RGI60-07.00581,G016789E78542N,         0.800,   0,   0,   0,   0,   0,   0,   7,  90, 141, 149,  88,  88, 145, 170, 104,  18,   0,   0,   0,   0,   0,   0,   0,   0,   0,   0,   0,   0,   0,   0,   0,   0,   0,   0,   0,   0,   0,   0,   0,   0,   0,   0,   0,   0,   0,   0,   0
RGI60-07.00582,G016740E78513N,         2.731,   0,   0,   0,   0,  17,  34,  28,  49,  65, 108, 184, 204, 162,  83,  24,  12,  13,  17,   0,   0,   0,   0,   0,   0,   0,   0,   0,   0,   0,   0,   0,   0,   0,   0,   0,   0,   0,   0,   0,   0,   0,   0,   0,   0,   0,   0,   0
RGI60-07.00583,G016860E78702N,         1.683,   0,   0,   0,   0,   0,   0,   0,  14,  62, 105, 128, 135,  85,  55,  73,  91, 124,  73,  46,   9,   0,   0,   0,   0,   0,   0,   0,   0,   0,   0,   0,   0,   0,   0,   0,   0,   0,   0,   0,   0,   0,   0,   0,   0,   0,   0,   0
RGI60-07.00584,G016944E78739N,        27.131,   0,   0,   0,   4,  12,   9,  15,  29,  39,  57,  80, 115, 138, 145, 181,  99,  40,  17,   7,   8,   5,   0,   0,   0,   0,   0,   0,   0,   0,   0,   0,   0,   0,   0,   0,   0,   0,   0,   0,   0,   0,   0,   0,   0,   0,   0,   0
RGI60-07.00585,G016816E78750N,         3.040,   0,   0,   0,   0,   0,   0,   0,   0,  16,  45,  73, 100, 179, 486,  92,   9,   0,   0,   0,   0,   0,   0,   0,   0,   0,   0,   0,   0,   0,   0,   0,   0,   0,   0,   0,   0,   0,   0,   0,   0,   0,   0,   0,   0,   0,   0,   0
RGI60-07.00586,G016699E78924N,        12.322,   0,   0,   0,   0,   4,  11,  10,  15,  10,  17,  21,  20,  19,  22,  43,  68,  91,  97,  95, 120,  93,  97,  77,  52,  18,   0,   0,   0,   0,   0,   0,   0,   0,   0,   0,   0,   0,   0,   0,   0,   0,   0,   0,   0,   0,   0,   0
RGI60-07.00587,G016255E78797N,        20.345,   0,   0,   0,  12,  46,  67,  61,  78, 109, 126, 134, 125,  93,  72,  36,  23,  13,   3,   2,   0,   0,   0,   0,   0,   0,   0,   0,   0,   0,   0,   0,   0,   0,   0,   0,   0,   0,   0,   0,   0,   0,   0,   0,   0,   0,   0,   0
RGI60-07.00588,G015966E78809N,         3.661,   0,   0,   0,   0,   0,   0,   0,   0,  20, 100, 159, 156, 138, 133, 164,  91,  38,   1,   0,   0,   0,   0,   0,   0,   0,   0,   0,   0,   0,   0,   0,   0,   0,   0,   0,   0,   0,   0,   0,   0,   0,   0,   0,   0,   0,   0,   0
RGI60-07.00589,G016147E78803N,         2.833,   0,   0,   0,   0,   0,   0,  59,  58,  55,  94, 141, 186, 150,  80,  62,  40,  32,  29,  14,   0,   0,   0,   0,   0,   0,   0,   0,   0,   0,   0,   0,   0,   0,   0,   0,   0,   0,   0,   0,   0,   0,   0,   0,   0,   0,   0,   0
RGI60-07.00590,G016068E78807N,         4.867,   0,   0,   0,   0,   0,   0,  55, 175, 112, 102, 102, 103, 113,  84,  68,  51,  26,   8,   1,   0,   0,   0,   0,   0,   0,   0,   0,   0,   0,   0,   0,   0,   0,   0,   0,   0,   0,   0,   0,   0,   0,   0,   0,   0,   0,   0,   0
RGI60-07.00591,G016044E78749N,         2.556,   0,   0,   0,   0,   0,   0,   0,   0,   0,   1,  53, 146, 209, 266, 142,  41,  32,  38,  52,  20,   0,   0,   0,   0,   0,   0,   0,   0,   0,   0,   0,   0,   0,   0,   0,   0,   0,   0,   0,   0,   0,   0,   0,   0,   0,   0,   0
RGI60-07.00592,G015999E78769N,         6.136,   0,   0,   0,   0,   0,   0,   0,   3,  34,  85, 160, 107, 176, 141, 148, 101,  39,   6,   0,   0,   0,   0,   0,   0,   0,   0,   0,   0,   0,   0,   0,   0,   0,   0,   0,   0,   0,   0,   0,   0,   0,   0,   0,   0,   0,   0,   0
RGI60-07.00593,G016258E78698N,         3.820,   0,   0,   0,   0,   0,  24,  60,  93, 128, 160, 235, 177,  84,  32,   7,   0,   0,   0,   0,   0,   0,   0,   0,   0,   0,   0,   0,   0,   0,   0,   0,   0,   0,   0,   0,   0,   0,   0,   0,   0,   0,   0,   0,   0,   0,   0,   0
RGI60-07.00594,G015991E78791N,         2.351,   0,   0,   0,   0,   0,   0,   0,   6,  42,  82,  88, 108, 118, 175, 268, 104,   9,   0,   0,   0,   0,   0,   0,   0,   0,   0,   0,   0,   0,   0,   0,   0,   0,   0,   0,   0,   0,   0,   0,   0,   0,   0,   0,   0,   0,   0,   0
RGI60-07.00595,G016145E78714N,         7.054,   0,   0,   0,   0,   0,   0, 102, 118, 137, 167,  94,  93,  91,  61,  31,  20,  23,  34,  21,   7,   1,   0,   0,   0,   0,   0,   0,   0,   0,   0,   0,   0,   0,   0,   0,   0,   0,   0,   0,   0,   0,   0,   0,   0,   0,   0,   0
RGI60-07.00596,G015950E78678N,         1.021,   0,   0,   0,   0,   0,   0,   0,   0,  15,  80,  40, 117, 294, 326, 108,  20,   0,   0,   0,   0,   0,   0,   0,   0,   0,   0,   0,   0,   0,   0,   0,   0,   0,   0,   0,   0,   0,   0,   0,   0,   0,   0,   0,   0,   0,   0,   0
RGI60-07.00597,G015908E78697N,         1.366,   0,   0,   0,   0,   0,   0,   0,  19, 144, 179,  92,  61, 117, 144, 106, 102,  36,   0,   0,   0,   0,   0,   0,   0,   0,   0,   0,   0,   0,   0,   0,   0,   0,   0,   0,   0,   0,   0,   0,   0,   0,   0,   0,   0,   0,   0,   0
RGI60-07.00598,G015743E78701N,         1.841,   0,   0,   0,   0,   0,   0,   0,   0,   0,  19,  40,  95, 324, 260, 170,  92,   0,   0,   0,   0,   0,   0,   0,   0,   0,   0,   0,   0,   0,   0,   0,   0,   0,   0,   0,   0,   0,   0,   0,   0,   0,   0,   0,   0,   0,   0,   0
RGI60-07.00599,G015878E78689N,         3.158,   0,   0,   0,   0,   0,   2,  14,  31,  55,  79,  55, 110, 187, 197, 163,  88,  19,   0,   0,   0,   0,   0,   0,   0,   0,   0,   0,   0,   0,   0,   0,   0,   0,   0,   0,   0,   0,   0,   0,   0,   0,   0,   0,   0,   0,   0,   0
RGI60-07.00600,G015574E78905N,         1.687,   0,   0,   0,   0,   0,   0,   0,   0,   4,  30,  50,  84, 138, 176, 154, 102, 101, 140,  21,   0,   0,   0,   0,   0,   0,   0,   0,   0,   0,   0,   0,   0,   0,   0,   0,   0,   0,   0,   0,   0,   0,   0,   0,   0,   0,   0,   0
RGI60-07.00601,G016009E78873N,         0.462,   0,   0,   0,   0,   0,   0,   0,   0,   0,   0,  80, 253, 196, 262, 182,  27,   0,   0,   0,   0,   0,   0,   0,   0,   0,   0,   0,   0,   0,   0,   0,   0,   0,   0,   0,   0,   0,   0,   0,   0,   0,   0,   0,   0,   0,   0,   0
RGI60-07.00602,G016263E78824N,         0.813,   0,   0,   0,   0,   0,   0,   2,  25, 137, 189, 245, 220, 138,  44,   0,   0,   0,   0,   0,   0,   0,   0,   0,   0,   0,   0,   0,   0,   0,   0,   0,   0,   0,   0,   0,   0,   0,   0,   0,   0,   0,   0,   0,   0,   0,   0,   0
RGI60-07.00603,G016526E78500N,         0.401,   0,   0,   0,   0,   0,  19, 206, 379, 379,  17,   0,   0,   0,   0,   0,   0,   0,   0,   0,   0,   0,   0,   0,   0,   0,   0,   0,   0,   0,   0,   0,   0,   0,   0,   0,   0,   0,   0,   0,   0,   0,   0,   0,   0,   0,   0,   0
RGI60-07.00604,G016737E78539N,         0.497,   0,   0,   0,   0,   0,   0,   0,  30,  63,  89,  97, 146, 147,  90,  63,  85,  92,  98,   0,   0,   0,   0,   0,   0,   0,   0,   0,   0,   0,   0,   0,   0,   0,   0,   0,   0,   0,   0,   0,   0,   0,   0,   0,   0,   0,   0,   0
RGI60-07.00605,G016691E78518N,         0.374,   0,   0,   0,   0,   0,   0,   0,   0,   0,   0,   0,   7,  40,  69,  90, 441, 273,  80,   0,   0,   0,   0,   0,   0,   0,   0,   0,   0,   0,   0,   0,   0,   0,   0,   0,   0,   0,   0,   0,   0,   0,   0,   0,   0,   0,   0,   0
RGI60-07.00606,G016113E78608N,        15.253,   0,   0,   0,   0,   0,   0,   3,  16,  55, 113, 219, 239, 226, 119,  10,   0,   0,   0,   0,   0,   0,   0,   0,   0,   0,   0,   0,   0,   0,   0,   0,   0,   0,   0,   0,   0,   0,   0,   0,   0,   0,   0,   0,   0,   0,   0,   0
RGI60-07.00607,G023090E79895N,       111.673,   0,   0,   0,   0,   3,  22,  44,  52,  72, 111, 190, 193, 183, 108,  22,   0,   0,   0,   0,   0,   0,   0,   0,   0,   0,   0,   0,   0,   0,   0,   0,   0,   0,   0,   0,   0,   0,   0,   0,   0,   0,   0,   0,   0,   0,   0,   0
RGI60-07.00608,G022975E79807N,       242.701,   0,   5,   9,  18,  32,  50,  60,  61,  75,  66,  79,  75, 165, 180,  98,  27,   0,   0,   0,   0,   0,   0,   0,   0,   0,   0,   0,   0,   0,   0,   0,   0,   0,   0,   0,   0,   0,   0,   0,   0,   0,   0,   0,   0,   0,   0,   0
RGI60-07.00609,G011690E78933N,         0.958,   0,   0,   0,   0,   9,  72, 111, 312, 233, 121,  66,  66,  10,   0,   0,   0,   0,   0,   0,   0,   0,   0,   0,   0,   0,   0,   0,   0,   0,   0,   0,   0,   0,   0,   0,   0,   0,   0,   0,   0,   0,   0,   0,   0,   0,   0,   0
RGI60-07.00610,G015713E78539N,        13.444,   0,   0,   0,   0,   0,   0,  19,  57,  55, 153, 262, 276, 165,  13,   0,   0,   0,   0,   0,   0,   0,   0,   0,   0,   0,   0,   0,   0,   0,   0,   0,   0,   0,   0,   0,   0,   0,   0,   0,   0,   0,   0,   0,   0,   0,   0,   0
RGI60-07.00611,G015725E78615N,         1.104,   0,   0,   0,   0,   0,   0,   0,   0,   2,  54, 162, 259, 450,  73,   0,   0,   0,   0,   0,   0,   0,   0,   0,   0,   0,   0,   0,   0,   0,   0,   0,   0,   0,   0,   0,   0,   0,   0,   0,   0,   0,   0,   0,   0,   0,   0,   0
RGI60-07.00612,G015833E78624N,         1.412,   0,   0,   0,   0,   0,   0,   0,   0,  40, 138, 229, 402, 158,  33,   0,   0,   0,   0,   0,   0,   0,   0,   0,   0,   0,   0,   0,   0,   0,   0,   0,   0,   0,   0,   0,   0,   0,   0,   0,   0,   0,   0,   0,   0,   0,   0,   0
RGI60-07.00613,G015795E78641N,         0.062,   0,   0,   0,   0,   0,   0,   0,   0,   0, 131, 323, 526,  20,   0,   0,   0,   0,   0,   0,   0,   0,   0,   0,   0,   0,   0,   0,   0,   0,   0,   0,   0,   0,   0,   0,   0,   0,   0,   0,   0,   0,   0,   0,   0,   0,   0,   0
RGI60-07.00614,G015810E78636N,         0.182,   0,   0,   0,   0,   0,   0,   0,   0,  28, 228, 172, 186, 386,   0,   0,   0,   0,   0,   0,   0,   0,   0,   0,   0,   0,   0,   0,   0,   0,   0,   0,   0,   0,   0,   0,   0,   0,   0,   0,   0,   0,   0,   0,   0,   0,   0,   0
RGI60-07.00615,G015766E78637N,         0.300,   0,   0,   0,   0,   0,   0,   0,   0,  99, 130, 193, 305, 273,   0,   0,   0,   0,   0,   0,   0,   0,   0,   0,   0,   0,   0,   0,   0,   0,   0,   0,   0,   0,   0,   0,   0,   0,   0,   0,   0,   0,   0,   0,   0,   0,   0,   0
RGI60-07.00616,G015811E78672N,         1.148,   0,   0,   0,   0,   0,   0,   0,  20,  90,  87, 302, 415,  86,   0,   0,   0,   0,   0,   0,   0,   0,   0,   0,   0,   0,   0,   0,   0,   0,   0,   0,   0,   0,   0,   0,   0,   0,   0,   0,   0,   0,   0,   0,   0,   0,   0,   0
RGI60-07.00617,G016020E78679N,         0.292,   0,   0,   0,   0,   0,   0,   0,   0,   0,   0,   2, 121, 420, 371,  86,   0,   0,   0,   0,   0,   0,   0,   0,   0,   0,   0,   0,   0,   0,   0,   0,   0,   0,   0,   0,   0,   0,   0,   0,   0,   0,   0,   0,   0,   0,   0,   0
RGI60-07.00618,G015928E78858N,         0.897,   0,   0,   0,   0,   0,   0,   0,   0,  32, 110, 122, 115, 126, 139, 152, 110,  70,  24,   0,   0,   0,   0,   0,   0,   0,   0,   0,   0,   0,   0,   0,   0,   0,   0,   0,   0,   0,   0,   0,   0,   0,   0,   0,   0,   0,   0,   0
RGI60-07.00619,G015998E78690N,         1.049,   0,   0,   0,   0,   0,   0,  19, 186, 235, 187, 112,  41,  28,  47,  70,  64,  11,   0,   0,   0,   0,   0,   0,   0,   0,   0,   0,   0,   0,   0,   0,   0,   0,   0,   0,   0,   0,   0,   0,   0,   0,   0,   0,   0,   0,   0,   0
RGI60-07.00620,G015973E78709N,         0.679,   0,   0,   0,   0,   0,   0,   0,   3, 230, 331, 289, 135,  12,   0,   0,   0,   0,   0,   0,   0,   0,   0,   0,   0,   0,   0,   0,   0,   0,   0,   0,   0,   0,   0,   0,   0,   0,   0,   0,   0,   0,   0,   0,   0,   0,   0,   0
RGI60-07.00621,G016015E78712N,         0.177,   0,   0,   0,   0,   0,   0,   0,   0,   0,   0,  25, 325, 194, 187, 205,  64,   0,   0,   0,   0,   0,   0,   0,   0,   0,   0,   0,   0,   0,   0,   0,   0,   0,   0,   0,   0,   0,   0,   0,   0,   0,   0,   0,   0,   0,   0,   0
RGI60-07.00622,G016022E78732N,         0.812,   0,   0,   0,   0,   0,   0,   0,   0,  12, 118, 287, 287, 283,  13,   0,   0,   0,   0,   0,   0,   0,   0,   0,   0,   0,   0,   0,   0,   0,   0,   0,   0,   0,   0,   0,   0,   0,   0,   0,   0,   0,   0,   0,   0,   0,   0,   0
RGI60-07.00623,G016053E78738N,         0.560,   0,   0,   0,   0,   0,   0,   0,   0,   0,   0,   8,  58, 163, 389, 339,  43,   0,   0,   0,   0,   0,   0,   0,   0,   0,   0,   0,   0,   0,   0,   0,   0,   0,   0,   0,   0,   0,   0,   0,   0,   0,   0,   0,   0,   0,   0,   0
RGI60-07.00624,G016230E78679N,         0.223,   0,   0,   0,   0,   0,   0,   0,   0,  70, 403, 341, 155,  31,   0,   0,   0,   0,   0,   0,   0,   0,   0,   0,   0,   0,   0,   0,   0,   0,   0,   0,   0,   0,   0,   0,   0,   0,   0,   0,   0,   0,   0,   0,   0,   0,   0,   0
RGI60-07.00625,G016331E78703N,         0.313,   0,   0,   0,   0,   0,   0,   0,   0,  22,  81,  89, 154, 281, 187, 156,  30,   0,   0,   0,   0,   0,   0,   0,   0,   0,   0,   0,   0,   0,   0,   0,   0,   0,   0,   0,   0,   0,   0,   0,   0,   0,   0,   0,   0,   0,   0,   0
RGI60-07.00626,G016301E78710N,         1.251,   0,   0,   0,   0,   0,   1, 133, 128, 163, 130, 204, 141,  74,  26,   0,   0,   0,   0,   0,   0,   0,   0,   0,   0,   0,   0,   0,   0,   0,   0,   0,   0,   0,   0,   0,   0,   0,   0,   0,   0,   0,   0,   0,   0,   0,   0,   0
RGI60-07.00627,G016278E78727N,         4.454,   0,   0,   0,   0,   6,  44,  71, 115, 152, 138, 181, 138, 127,  25,   3,   0,   0,   0,   0,   0,   0,   0,   0,   0,   0,   0,   0,   0,   0,   0,   0,   0,   0,   0,   0,   0,   0,   0,   0,   0,   0,   0,   0,   0,   0,   0,   0
RGI60-07.00628,G015959E78780N,         0.208,   0,   0,   0,   0,   0,   0,   0,   0,   0,   0,  69, 392, 464,  75,   0,   0,   0,   0,   0,   0,   0,   0,   0,   0,   0,   0,   0,   0,   0,   0,   0,   0,   0,   0,   0,   0,   0,   0,   0,   0,   0,   0,   0,   0,   0,   0,   0
RGI60-07.00629,G016037E78868N,         0.088,   0,   0,   0,   0,   0,   0,   0,   0,   0,   0,   0, 190, 197, 304, 246,  63,   0,   0,   0,   0,   0,   0,   0,   0,   0,   0,   0,   0,   0,   0,   0,   0,   0,   0,   0,   0,   0,   0,   0,   0,   0,   0,   0,   0,   0,   0,   0
RGI60-07.00630,G016844E78695N,         0.046,   0,   0,   0,   0,   0,   0,   0,   0,   0,  82, 398, 315, 205,   0,   0,   0,   0,   0,   0,   0,   0,   0,   0,   0,   0,   0,   0,   0,   0,   0,   0,   0,   0,   0,   0,   0,   0,   0,   0,   0,   0,   0,   0,   0,   0,   0,   0
RGI60-07.00631,G016026E78816N,         0.104,   0,   0,   0,   0,   0,   0,   0,   0,   0,  12, 279, 551, 158,   0,   0,   0,   0,   0,   0,   0,   0,   0,   0,   0,   0,   0,   0,   0,   0,   0,   0,   0,   0,   0,   0,   0,   0,   0,   0,   0,   0,   0,   0,   0,   0,   0,   0
RGI60-07.00632,G016197E78818N,         0.133,   0,   0,   0,   0,   0,   0,   0,   0,   0,   0,  14, 243, 462, 276,   5,   0,   0,   0,   0,   0,   0,   0,   0,   0,   0,   0,   0,   0,   0,   0,   0,   0,   0,   0,   0,   0,   0,   0,   0,   0,   0,   0,   0,   0,   0,   0,   0
RGI60-07.00633,G014925E78699N,         1.958,   0,   0,   0,   6,  49, 106,  79,  83, 183, 221, 147,  75,  42,   9,   0,   0,   0,   0,   0,   0,   0,   0,   0,   0,   0,   0,   0,   0,   0,   0,   0,   0,   0,   0,   0,   0,   0,   0,   0,   0,   0,   0,   0,   0,   0,   0,   0
RGI60-07.00634,G015007E78689N,         1.426,   0,   0,   0,   0,   4,  88, 153, 131, 191, 190, 103,  75,  64,   1,   0,   0,   0,   0,   0,   0,   0,   0,   0,   0,   0,   0,   0,   0,   0,   0,   0,   0,   0,   0,   0,   0,   0,   0,   0,   0,   0,   0,   0,   0,   0,   0,   0
RGI60-07.00635,G011542E79238N,         0.988,   0,   0,  31, 123, 219, 217, 131, 122,  74,  57,  15,  10,   1,   0,   0,   0,   0,   0,   0,   0,   0,   0,   0,   0,   0,   0,   0,   0,   0,   0,   0,   0,   0,   0,   0,   0,   0,   0,   0,   0,   0,   0,   0,   0,   0,   0,   0
RGI60-07.00636,G012131E79235N,         0.789,   0,   0,   0,   0, 102, 141, 177, 217, 181, 156,  26,   0,   0,   0,   0,   0,   0,   0,   0,   0,   0,   0,   0,   0,   0,   0,   0,   0,   0,   0,   0,   0,   0,   0,   0,   0,   0,   0,   0,   0,   0,   0,   0,   0,   0,   0,   0
RGI60-07.00637,G011594E79225N,         0.523,   0,   0, 104, 331, 332, 179,  49,   5,   0,   0,   0,   0,   0,   0,   0,   0,   0,   0,   0,   0,   0,   0,   0,   0,   0,   0,   0,   0,   0,   0,   0,   0,   0,   0,   0,   0,   0,   0,   0,   0,   0,   0,   0,   0,   0,   0,   0
RGI60-07.00638,G011477E79216N,         3.117,   0,   0,  60, 119, 165, 226, 259, 113,  47,  11,   0,   0,   0,   0,   0,   0,   0,   0,   0,   0,   0,   0,   0,   0,   0,   0,   0,   0,   0,   0,   0,   0,   0,   0,   0,   0,   0,   0,   0,   0,   0,   0,   0,   0,   0,   0,   0
RGI60-07.00639,G011488E79195N,         1.301,   0,   0, 110, 175, 122, 127, 174, 133,  84,  42,  32,   1,   0,   0,   0,   0,   0,   0,   0,   0,   0,   0,   0,   0,   0,   0,   0,   0,   0,   0,   0,   0,   0,   0,   0,   0,   0,   0,   0,   0,   0,   0,   0,   0,   0,   0,   0
RGI60-07.00640,G012072E79175N,         2.000,   0,   0,   0,  29,  50, 100, 233, 180, 125,  66,  58,  49,  43,  36,  23,   8,   0,   0,   0,   0,   0,   0,   0,   0,   0,   0,   0,   0,   0,   0,   0,   0,   0,   0,   0,   0,   0,   0,   0,   0,   0,   0,   0,   0,   0,   0,   0
RGI60-07.00641,G012146E79177N,         2.656,   0,   0,   7,  39,  67, 121, 130, 119, 156, 136,  92,  62,  48,  20,   2,   1,   0,   0,   0,   0,   0,   0,   0,   0,   0,   0,   0,   0,   0,   0,   0,   0,   0,   0,   0,   0,   0,   0,   0,   0,   0,   0,   0,   0,   0,   0,   0
RGI60-07.00642,G011448E79138N,         0.835,   0,   0,   8, 179, 265, 300, 208,  40,   0,   0,   0,   0,   0,   0,   0,   0,   0,   0,   0,   0,   0,   0,   0,   0,   0,   0,   0,   0,   0,   0,   0,   0,   0,   0,   0,   0,   0,   0,   0,   0,   0,   0,   0,   0,   0,   0,   0
RGI60-07.00643,G011959E79063N,         1.552,   0,   0,   0,   0,   0,   0,  21,  94, 225, 355, 211,  73,  17,   4,   0,   0,   0,   0,   0,   0,   0,   0,   0,   0,   0,   0,   0,   0,   0,   0,   0,   0,   0,   0,   0,   0,   0,   0,   0,   0,   0,   0,   0,   0,   0,   0,   0
RGI60-07.00644,G012085E79149N,        15.193,   0,  12,  39,  51,  59,  71, 106,  75,  89, 125, 133, 119,  71,  31,  15,   3,   1,   0,   0,   0,   0,   0,   0,   0,   0,   0,   0,   0,   0,   0,   0,   0,   0,   0,   0,   0,   0,   0,   0,   0,   0,   0,   0,   0,   0,   0,   0
RGI60-07.00645,G012536E79205N,        50.746,   0,   0,   0,   3,   3,   7,  32,  22,  27,  43,  44,  45,  46,  42,  36,  37,  82, 153, 244,  78,  32,  12,   7,   5,   0,   0,   0,   0,   0,   0,   0,   0,   0,   0,   0,   0,   0,   0,   0,   0,   0,   0,   0,   0,   0,   0,   0
RGI60-07.00646,G012237E79180N,         2.736,   0,   6,  27,  26,  26,  51,  63, 111, 112, 170, 137,  87,  56,  54,  40,  27,   7,   0,   0,   0,   0,   0,   0,   0,   0,   0,   0,   0,   0,   0,   0,   0,   0,   0,   0,   0,   0,   0,   0,   0,   0,   0,   0,   0,   0,   0,   0
RGI60-07.00647,G012149E79225N,         2.443,   0,   0,   4,  53,  76,  82,  86, 106, 118, 113, 110,  84,  39,  19,  11,  11,  12,  13,  23,  22,  14,   4,   0,   0,   0,   0,   0,   0,   0,   0,   0,   0,   0,   0,   0,   0,   0,   0,   0,   0,   0,   0,   0,   0,   0,   0,   0
RGI60-07.00648,G011982E79152N,         0.186,   0,   0,   0,   0,   0,   0,   0,   0, 153, 433, 322,  92,   0,   0,   0,   0,   0,   0,   0,   0,   0,   0,   0,   0,   0,   0,   0,   0,   0,   0,   0,   0,   0,   0,   0,   0,   0,   0,   0,   0,   0,   0,   0,   0,   0,   0,   0
RGI60-07.00649,G012153E79215N,         0.172,   0,   0,   0,   0,   0,   0,   0,   0,   0,  58, 186, 442, 197,  88,  29,   0,   0,   0,   0,   0,   0,   0,   0,   0,   0,   0,   0,   0,   0,   0,   0,   0,   0,   0,   0,   0,   0,   0,   0,   0,   0,   0,   0,   0,   0,   0,   0
RGI60-07.00650,G011565E79252N,         0.079,   0,   0,   0,   0,  40, 424, 376, 160,   0,   0,   0,   0,   0,   0,   0,   0,   0,   0,   0,   0,   0,   0,   0,   0,   0,   0,   0,   0,   0,   0,   0,   0,   0,   0,   0,   0,   0,   0,   0,   0,   0,   0,   0,   0,   0,   0,   0
RGI60-07.00651,G011568E79244N,         0.164,   0,   0,   0,   0,  27, 426, 448,  99,   0,   0,   0,   0,   0,   0,   0,   0,   0,   0,   0,   0,   0,   0,   0,   0,   0,   0,   0,   0,   0,   0,   0,   0,   0,   0,   0,   0,   0,   0,   0,   0,   0,   0,   0,   0,   0,   0,   0
RGI60-07.00652,G011589E79235N,         0.155,   0,   0, 260, 525, 215,   0,   0,   0,   0,   0,   0,   0,   0,   0,   0,   0,   0,   0,   0,   0,   0,   0,   0,   0,   0,   0,   0,   0,   0,   0,   0,   0,   0,   0,   0,   0,   0,   0,   0,   0,   0,   0,   0,   0,   0,   0,   0
RGI60-07.00653,G011413E79190N,         0.469,   0,   0,   0,   1,  91, 123, 111, 241, 338,  95,   0,   0,   0,   0,   0,   0,   0,   0,   0,   0,   0,   0,   0,   0,   0,   0,   0,   0,   0,   0,   0,   0,   0,   0,   0,   0,   0,   0,   0,   0,   0,   0,   0,   0,   0,   0,   0
RGI60-07.00654,G011874E79084N,         0.237,   0,   0,   0,   0,   0,   0, 127, 693, 180,   0,   0,   0,   0,   0,   0,   0,   0,   0,   0,   0,   0,   0,   0,   0,   0,   0,   0,   0,   0,   0,   0,   0,   0,   0,   0,   0,   0,   0,   0,   0,   0,   0,   0,   0,   0,   0,   0
RGI60-07.00655,G011928E79152N,         0.266,   0,   0,   0,   0,   0, 229, 615, 156,   0,   0,   0,   0,   0,   0,   0,   0,   0,   0,   0,   0,   0,   0,   0,   0,   0,   0,   0,   0,   0,   0,   0,   0,   0,   0,   0,   0,   0,   0,   0,   0,   0,   0,   0,   0,   0,   0,   0
RGI60-07.00656,G011988E79170N,         4.791,   0,   0,   0,   0,  55, 117, 126, 180, 181, 190,  81,  39,  18,  11,   2,   0,   0,   0,   0,   0,   0,   0,   0,   0,   0,   0,   0,   0,   0,   0,   0,   0,   0,   0,   0,   0,   0,   0,   0,   0,   0,   0,   0,   0,   0,   0,   0
RGI60-07.00657,G011209E79294N,        24.343,   0,  75,  98,  67,  37,  49,  72, 120, 137, 182, 138,  20,   4,   1,   0,   0,   0,   0,   0,   0,   0,   0,   0,   0,   0,   0,   0,   0,   0,   0,   0,   0,   0,   0,   0,   0,   0,   0,   0,   0,   0,   0,   0,   0,   0,   0,   0
RGI60-07.00658,G012013E79329N,        16.906,   0,   0,  29,  90,  82,  67,  78,  75, 101,  89, 105, 102,  72,  51,  34,  13,   5,   4,   3,   0,   0,   0,   0,   0,   0,   0,   0,   0,   0,   0,   0,   0,   0,   0,   0,   0,   0,   0,   0,   0,   0,   0,   0,   0,   0,   0,   0
RGI60-07.00659,G012332E79321N,        28.133,   0,   0,  12,  36,  52,  67,  87,  76,  94,  70, 102, 119,  78,  57,  58,  45,  22,  10,   6,   3,   1,   1,   1,   1,   1,   1,   0,   0,   0,   0,   0,   0,   0,   0,   0,   0,   0,   0,   0,   0,   0,   0,   0,   0,   0,   0,   0
RGI60-07.00660,G012171E79245N,         1.322,   0,   0,  31,  52,  59,  85,  79,  59,  46,  30,  28,  27,  40,  48,  59,  76,  66,  57,  42,  31,  29,  26,  22,   8,   0,   0,   0,   0,   0,   0,   0,   0,   0,   0,   0,   0,   0,   0,   0,   0,   0,   0,   0,   0,   0,   0,   0
RGI60-07.00661,G011718E79413N,       247.661,   0,   0,   7,  53,  65,  77,  67,  75,  75,  98,  99,  82,  82,  75,  70,  41,  21,  10,   2,   1,   0,   0,   0,   0,   0,   0,   0,   0,   0,   0,   0,   0,   0,   0,   0,   0,   0,   0,   0,   0,   0,   0,   0,   0,   0,   0,   0
RGI60-07.00662,G011305E79270N,         7.640,   0,   0,  53,  58, 113, 151, 189, 265,  86,  31,  31,  15,   7,   1,   0,   0,   0,   0,   0,   0,   0,   0,   0,   0,   0,   0,   0,   0,   0,   0,   0,   0,   0,   0,   0,   0,   0,   0,   0,   0,   0,   0,   0,   0,   0,   0,   0
RGI60-07.00663,G011133E79329N,        19.103,   0,  14,  56,  82, 129, 145, 109,  99,  89, 133, 129,  12,   3,   0,   0,   0,   0,   0,   0,   0,   0,   0,   0,   0,   0,   0,   0,   0,   0,   0,   0,   0,   0,   0,   0,   0,   0,   0,   0,   0,   0,   0,   0,   0,   0,   0,   0
RGI60-07.00664,G011112E79378N,        37.943,   1,  40,  77,  76,  63,  70,  77,  82, 126, 174, 157,  44,  11,   2,   0,   0,   0,   0,   0,   0,   0,   0,   0,   0,   0,   0,   0,   0,   0,   0,   0,   0,   0,   0,   0,   0,   0,   0,   0,   0,   0,   0,   0,   0,   0,   0,   0
RGI60-07.00665,G011380E79314N,        10.209,   0,   1,  16,  77, 101, 133, 156, 127, 205,  99,  67,  16,   2,   0,   0,   0,   0,   0,   0,   0,   0,   0,   0,   0,   0,   0,   0,   0,   0,   0,   0,   0,   0,   0,   0,   0,   0,   0,   0,   0,   0,   0,   0,   0,   0,   0,   0
RGI60-07.00666,G011437E79301N,         2.739,   0,   0,   5,  72, 140, 232, 200, 176, 107,  55,  11,   2,   0,   0,   0,   0,   0,   0,   0,   0,   0,   0,   0,   0,   0,   0,   0,   0,   0,   0,   0,   0,   0,   0,   0,   0,   0,   0,   0,   0,   0,   0,   0,   0,   0,   0,   0
RGI60-07.00667,G011433E79284N,         3.225,   0,  16,  50,  90, 106, 145, 134, 141, 115, 100,  59,  19,  10,   8,   3,   3,   1,   0,   0,   0,   0,   0,   0,   0,   0,   0,   0,   0,   0,   0,   0,   0,   0,   0,   0,   0,   0,   0,   0,   0,   0,   0,   0,   0,   0,   0,   0
RGI60-07.00668,G011375E79273N,         1.203,   0,   0,   0,   0,   0,   0,  18,  98, 178, 158, 104,  87,  91, 100,  84,  51,  31,   0,   0,   0,   0,   0,   0,   0,   0,   0,   0,   0,   0,   0,   0,   0,   0,   0,   0,   0,   0,   0,   0,   0,   0,   0,   0,   0,   0,   0,   0
RGI60-07.00669,G011730E79297N,         0.434,   0,   0,   0,  40, 296, 365, 270,  29,   0,   0,   0,   0,   0,   0,   0,   0,   0,   0,   0,   0,   0,   0,   0,   0,   0,   0,   0,   0,   0,   0,   0,   0,   0,   0,   0,   0,   0,   0,   0,   0,   0,   0,   0,   0,   0,   0,   0
RGI60-07.00670,G011753E79283N,         0.644,   0,   0,   0,  13, 112, 234, 289, 165,  99,  59,  19,   9,   1,   0,   0,   0,   0,   0,   0,   0,   0,   0,   0,   0,   0,   0,   0,   0,   0,   0,   0,   0,   0,   0,   0,   0,   0,   0,   0,   0,   0,   0,   0,   0,   0,   0,   0
RGI60-07.00671,G012213E79297N,         0.413,   0,   0,   0,   0,   0,  24,  44,  81, 148, 195, 243, 128,  89,  42,   6,   0,   0,   0,   0,   0,   0,   0,   0,   0,   0,   0,   0,   0,   0,   0,   0,   0,   0,   0,   0,   0,   0,   0,   0,   0,   0,   0,   0,   0,   0,   0,   0
RGI60-07.00672,G012185E79291N,         0.361,   0,   0,   0,   0,  31, 141, 211, 198, 210, 124,  45,  33,   7,   0,   0,   0,   0,   0,   0,   0,   0,   0,   0,   0,   0,   0,   0,   0,   0,   0,   0,   0,   0,   0,   0,   0,   0,   0,   0,   0,   0,   0,   0,   0,   0,   0,   0
RGI60-07.00673,G012153E79283N,         0.585,   0,   0,   0,   0,  45, 103, 100, 102, 168, 134,  78, 111,  60,  63,  36,   0,   0,   0,   0,   0,   0,   0,   0,   0,   0,   0,   0,   0,   0,   0,   0,   0,   0,   0,   0,   0,   0,   0,   0,   0,   0,   0,   0,   0,   0,   0,   0
RGI60-07.00674,G012105E79319N,         0.194,   0,   0,   0,   0,   0,   0,   0,   0,   6, 107, 414, 266, 133,  55,  19,   0,   0,   0,   0,   0,   0,   0,   0,   0,   0,   0,   0,   0,   0,   0,   0,   0,   0,   0,   0,   0,   0,   0,   0,   0,   0,   0,   0,   0,   0,   0,   0
RGI60-07.00675,G011115E79296N,         0.662,   0,   0,   0, 123, 250, 373, 196,  38,  13,   7,   0,   0,   0,   0,   0,   0,   0,   0,   0,   0,   0,   0,   0,   0,   0,   0,   0,   0,   0,   0,   0,   0,   0,   0,   0,   0,   0,   0,   0,   0,   0,   0,   0,   0,   0,   0,   0
RGI60-07.00676,G012231E79302N,         0.643,   0,   0,   0,   0,   0,  20, 134, 155, 216, 236, 145,  58,  19,  17,   0,   0,   0,   0,   0,   0,   0,   0,   0,   0,   0,   0,   0,   0,   0,   0,   0,   0,   0,   0,   0,   0,   0,   0,   0,   0,   0,   0,   0,   0,   0,   0,   0
RGI60-07.00677,G012234E79282N,         2.858,   0,   0,   0,   0,  28,  57,  51,  78, 132, 129, 165, 123,  82,  44,  26,  16,  16,  17,  16,  12,   7,   1,   0,   0,   0,   0,   0,   0,   0,   0,   0,   0,   0,   0,   0,   0,   0,   0,   0,   0,   0,   0,   0,   0,   0,   0,   0
RGI60-07.00678,G011061E79619N,         2.411,   0,  35,  67, 123, 197, 186, 190, 125,  68,   9,   0,   0,   0,   0,   0,   0,   0,   0,   0,   0,   0,   0,   0,   0,   0,   0,   0,   0,   0,   0,   0,   0,   0,   0,   0,   0,   0,   0,   0,   0,   0,   0,   0,   0,   0,   0,   0
RGI60-07.00679,G010974E79610N,         2.664,   0,  14,  60, 115, 194, 178, 148, 104,  73,  82,  32,   0,   0,   0,   0,   0,   0,   0,   0,   0,   0,   0,   0,   0,   0,   0,   0,   0,   0,   0,   0,   0,   0,   0,   0,   0,   0,   0,   0,   0,   0,   0,   0,   0,   0,   0,   0
RGI60-07.00680,G010907E79603N,         1.163,   0,  17,  69, 128, 173, 170, 252, 123,  60,   8,   0,   0,   0,   0,   0,   0,   0,   0,   0,   0,   0,   0,   0,   0,   0,   0,   0,   0,   0,   0,   0,   0,   0,   0,   0,   0,   0,   0,   0,   0,   0,   0,   0,   0,   0,   0,   0
RGI60-07.00681,G022842E79688N,       641.022,   3,  29,  35,  25,  25,  27,  46,  61,  78,  93, 157, 175, 172,  56,  18,   0,   0,   0,   0,   0,   0,   0,   0,   0,   0,   0,   0,   0,   0,   0,   0,   0,   0,   0,   0,   0,   0,   0,   0,   0,   0,   0,   0,   0,   0,   0,   0
RGI60-07.00682,G021855E79630N,       129.146,   1,  34,  47,  56,  68,  59,  76,  81,  98, 145, 185, 137,  13,   0,   0,   0,   0,   0,   0,   0,   0,   0,   0,   0,   0,   0,   0,   0,   0,   0,   0,   0,   0,   0,   0,   0,   0,   0,   0,   0,   0,   0,   0,   0,   0,   0,   0
RGI60-07.00683,G021280E79657N,        57.577,   2,   5,  15,  28,  55, 154, 184, 159, 143, 139, 113,   3,   0,   0,   0,   0,   0,   0,   0,   0,   0,   0,   0,   0,   0,   0,   0,   0,   0,   0,   0,   0,   0,   0,   0,   0,   0,   0,   0,   0,   0,   0,   0,   0,   0,   0,   0
RGI60-07.00684,G010743E79552N,         0.626,   0,  91, 203, 183, 231, 157,  90,  42,   3,   0,   0,   0,   0,   0,   0,   0,   0,   0,   0,   0,   0,   0,   0,   0,   0,   0,   0,   0,   0,   0,   0,   0,   0,   0,   0,   0,   0,   0,   0,   0,   0,   0,   0,   0,   0,   0,   0
RGI60-07.00685,G011042E79549N,         0.577,   0,   2, 153, 207, 235, 256, 126,  21,   0,   0,   0,   0,   0,   0,   0,   0,   0,   0,   0,   0,   0,   0,   0,   0,   0,   0,   0,   0,   0,   0,   0,   0,   0,   0,   0,   0,   0,   0,   0,   0,   0,   0,   0,   0,   0,   0,   0
RGI60-07.00686,G010777E79520N,         0.924,   0,  96, 239, 135, 194, 159, 136,  41,   0,   0,   0,   0,   0,   0,   0,   0,   0,   0,   0,   0,   0,   0,   0,   0,   0,   0,   0,   0,   0,   0,   0,   0,   0,   0,   0,   0,   0,   0,   0,   0,   0,   0,   0,   0,   0,   0,   0
RGI60-07.00687,G010918E79510N,         1.861,   0,  52, 137, 144, 196, 157,  95,  54,  47,  42,  43,  32,   1,   0,   0,   0,   0,   0,   0,   0,   0,   0,   0,   0,   0,   0,   0,   0,   0,   0,   0,   0,   0,   0,   0,   0,   0,   0,   0,   0,   0,   0,   0,   0,   0,   0,   0
RGI60-07.00688,G011138E79534N,         4.359,   0,  24,  43,  71, 105, 151, 179, 145, 141, 102,  33,   6,   0,   0,   0,   0,   0,   0,   0,   0,   0,   0,   0,   0,   0,   0,   0,   0,   0,   0,   0,   0,   0,   0,   0,   0,   0,   0,   0,   0,   0,   0,   0,   0,   0,   0,   0
RGI60-07.00689,G011254E79585N,         2.176,   0,   0,   3,  62, 164, 355, 142,  24,  22,  28,  49,  53,  28,  27,  18,  16,   9,   0,   0,   0,   0,   0,   0,   0,   0,   0,   0,   0,   0,   0,   0,   0,   0,   0,   0,   0,   0,   0,   0,   0,   0,   0,   0,   0,   0,   0,   0
RGI60-07.00690,G011118E79584N,         2.170,   0,   0,   2,  48,  81, 102, 174, 267, 214,  94,  17,   1,   0,   0,   0,   0,   0,   0,   0,   0,   0,   0,   0,   0,   0,   0,   0,   0,   0,   0,   0,   0,   0,   0,   0,   0,   0,   0,   0,   0,   0,   0,   0,   0,   0,   0,   0
RGI60-07.00691,G011041E79599N,         1.444,   0,   0,  20, 135, 152, 222, 186, 134, 130,  21,   0,   0,   0,   0,   0,   0,   0,   0,   0,   0,   0,   0,   0,   0,   0,   0,   0,   0,   0,   0,   0,   0,   0,   0,   0,   0,   0,   0,   0,   0,   0,   0,   0,   0,   0,   0,   0
RGI60-07.00692,G011364E79615N,         0.972,   0,   0,  56, 133, 226, 244, 174, 117,  38,  11,   1,   0,   0,   0,   0,   0,   0,   0,   0,   0,   0,   0,   0,   0,   0,   0,   0,   0,   0,   0,   0,   0,   0,   0,   0,   0,   0,   0,   0,   0,   0,   0,   0,   0,   0,   0,   0
RGI60-07.00693,G010890E79550N,         0.325,   0,   0,  38, 129, 215, 227, 247, 123,  21,   0,   0,   0,   0,   0,   0,   0,   0,   0,   0,   0,   0,   0,   0,   0,   0,   0,   0,   0,   0,   0,   0,   0,   0,   0,   0,   0,   0,   0,   0,   0,   0,   0,   0,   0,   0,   0,   0
RGI60-07.00694,G011181E79545N,         0.138,   0,   9, 149, 186, 294, 276,  86,   0,   0,   0,   0,   0,   0,   0,   0,   0,   0,   0,   0,   0,   0,   0,   0,   0,   0,   0,   0,   0,   0,   0,   0,   0,   0,   0,   0,   0,   0,   0,   0,   0,   0,   0,   0,   0,   0,   0,   0
RGI60-07.00695,G010965E79591N,         0.195,   0,   0,   0,   0,   0,  99, 272, 345, 284,   0,   0,   0,   0,   0,   0,   0,   0,   0,   0,   0,   0,   0,   0,   0,   0,   0,   0,   0,   0,   0,   0,   0,   0,   0,   0,   0,   0,   0,   0,   0,   0,   0,   0,   0,   0,   0,   0
RGI60-07.00696,G010977E79385N,         0.209,   0,   0, 229, 382, 324,  65,   0,   0,   0,   0,   0,   0,   0,   0,   0,   0,   0,   0,   0,   0,   0,   0,   0,   0,   0,   0,   0,   0,   0,   0,   0,   0,   0,   0,   0,   0,   0,   0,   0,   0,   0,   0,   0,   0,   0,   0,   0
RGI60-07.00697,G011345E79774N,         0.873,  21, 126, 265, 312, 157,  72,  39,   7,   1,   0,   0,   0,   0,   0,   0,   0,   0,   0,   0,   0,   0,   0,   0,   0,   0,   0,   0,   0,   0,   0,   0,   0,   0,   0,   0,   0,   0,   0,   0,   0,   0,   0,   0,   0,   0,   0,   0
RGI60-07.00698,G011291E79775N,         0.255,   0,  39, 489, 246, 137,  75,  14,   0,   0,   0,   0,   0,   0,   0,   0,   0,   0,   0,   0,   0,   0,   0,   0,   0,   0,   0,   0,   0,   0,   0,   0,   0,   0,   0,   0,   0,   0,   0,   0,   0,   0,   0,   0,   0,   0,   0,   0
RGI60-07.00699,G011244E79771N,         0.681,   0,   0, 107, 184, 324, 213, 127,  45,   0,   0,   0,   0,   0,   0,   0,   0,   0,   0,   0,   0,   0,   0,   0,   0,   0,   0,   0,   0,   0,   0,   0,   0,   0,   0,   0,   0,   0,   0,   0,   0,   0,   0,   0,   0,   0,   0,   0
RGI60-07.00700,G011542E79650N,         0.757,   0,   0,   0,   0,   0, 101,  92, 136, 311, 209, 135,  16,   0,   0,   0,   0,   0,   0,   0,   0,   0,   0,   0,   0,   0,   0,   0,   0,   0,   0,   0,   0,   0,   0,   0,   0,   0,   0,   0,   0,   0,   0,   0,   0,   0,   0,   0
RGI60-07.00701,G011036E79633N,         0.507,   0,  83, 241, 182,  89,  54,  34,  16,  23,  72, 141,  44,  16,   5,   0,   0,   0,   0,   0,   0,   0,   0,   0,   0,   0,   0,   0,   0,   0,   0,   0,   0,   0,   0,   0,   0,   0,   0,   0,   0,   0,   0,   0,   0,   0,   0,   0
RGI60-07.00702,G011230E79735N,         0.330,   0,   0,   0,   0, 171, 319, 264, 135,  67,  40,   4,   0,   0,   0,   0,   0,   0,   0,   0,   0,   0,   0,   0,   0,   0,   0,   0,   0,   0,   0,   0,   0,   0,   0,   0,   0,   0,   0,   0,   0,   0,   0,   0,   0,   0,   0,   0
RGI60-07.00703,G011633E79583N,       108.589,   0,   1,  15,  47,  67,  57,  60,  79,  86, 104, 107, 100,  87,  71,  59,  28,  14,  12,   6,   0,   0,   0,   0,   0,   0,   0,   0,   0,   0,   0,   0,   0,   0,   0,   0,   0,   0,   0,   0,   0,   0,   0,   0,   0,   0,   0,   0
RGI60-07.00704,G011467E79665N,         5.976,   1,  27,  57, 104,  88,  80,  52,  73,  79, 122, 123,  95,  64,  22,   7,   3,   3,   0,   0,   0,   0,   0,   0,   0,   0,   0,   0,   0,   0,   0,   0,   0,   0,   0,   0,   0,   0,   0,   0,   0,   0,   0,   0,   0,   0,   0,   0
RGI60-07.00705,G010817E79548N,         2.291,   1,  64, 108, 154, 172, 171, 156, 105,  39,  19,  11,   0,   0,   0,   0,   0,   0,   0,   0,   0,   0,   0,   0,   0,   0,   0,   0,   0,   0,   0,   0,   0,   0,   0,   0,   0,   0,   0,   0,   0,   0,   0,   0,   0,   0,   0,   0
RGI60-07.00706,G010814E79531N,         2.064,   2, 114, 111, 169, 155, 152, 111,  93,  75,  18,   0,   0,   0,   0,   0,   0,   0,   0,   0,   0,   0,   0,   0,   0,   0,   0,   0,   0,   0,   0,   0,   0,   0,   0,   0,   0,   0,   0,   0,   0,   0,   0,   0,   0,   0,   0,   0
RGI60-07.00707,G011051E79398N,         1.267,   0,   5,  83,  77,  96, 252, 307, 135,  35,  10,   0,   0,   0,   0,   0,   0,   0,   0,   0,   0,   0,   0,   0,   0,   0,   0,   0,   0,   0,   0,   0,   0,   0,   0,   0,   0,   0,   0,   0,   0,   0,   0,   0,   0,   0,   0,   0
RGI60-07.00708,G011018E79389N,         0.170,   0,   0,   4,  92, 129, 239, 235, 242,  59,   0,   0,   0,   0,   0,   0,   0,   0,   0,   0,   0,   0,   0,   0,   0,   0,   0,   0,   0,   0,   0,   0,   0,   0,   0,   0,   0,   0,   0,   0,   0,   0,   0,   0,   0,   0,   0,   0
RGI60-07.00709,G011027E79415N,         5.107,   0,  27,  47,  55, 164, 106, 211, 204, 115,  50,  18,   3,   0,   0,   0,   0,   0,   0,   0,   0,   0,   0,   0,   0,   0,   0,   0,   0,   0,   0,   0,   0,   0,   0,   0,   0,   0,   0,   0,   0,   0,   0,   0,   0,   0,   0,   0
RGI60-07.00710,G011237E79458N,        66.140,   0,   0,   7,  37,  42,  55,  88, 121, 138, 146, 121,  96,  74,  45,  21,   7,   2,   0,   0,   0,   0,   0,   0,   0,   0,   0,   0,   0,   0,   0,   0,   0,   0,   0,   0,   0,   0,   0,   0,   0,   0,   0,   0,   0,   0,   0,   0
RGI60-07.00711,G011063E79473N,         2.816,   0,   0,  48,  46,  64,  88, 110, 125, 136, 135, 124,  77,  30,  14,   3,   0,   0,   0,   0,   0,   0,   0,   0,   0,   0,   0,   0,   0,   0,   0,   0,   0,   0,   0,   0,   0,   0,   0,   0,   0,   0,   0,   0,   0,   0,   0,   0
RGI60-07.00712,G011003E79494N,         7.631,   0,   6,  68, 119, 124, 116, 117, 102,  81,  74,  68,  41,  32,  24,  26,   2,   0,   0,   0,   0,   0,   0,   0,   0,   0,   0,   0,   0,   0,   0,   0,   0,   0,   0,   0,   0,   0,   0,   0,   0,   0,   0,   0,   0,   0,   0,   0
RGI60-07.00713,G010881E79522N,         1.179,   0,  10,  97, 102, 135, 131, 122, 154,  93,  86,  48,  21,   1,   0,   0,   0,   0,   0,   0,   0,   0,   0,   0,   0,   0,   0,   0,   0,   0,   0,   0,   0,   0,   0,   0,   0,   0,   0,   0,   0,   0,   0,   0,   0,   0,   0,   0
RGI60-07.00714,G010994E79526N,        10.352,   0,   2,  39, 112, 129, 168, 167, 127, 110,  84,  39,  13,   3,   4,   3,   0,   0,   0,   0,   0,   0,   0,   0,   0,   0,   0,   0,   0,   0,   0,   0,   0,   0,   0,   0,   0,   0,   0,   0,   0,   0,   0,   0,   0,   0,   0,   0
RGI60-07.00715,G011357E79514N,        36.581,   0,   0,   0,  22,  44,  41,  52,  89, 171, 119,  91,  74,  86,  85,  64,  48,  13,   1,   0,   0,   0,   0,   0,   0,   0,   0,   0,   0,   0,   0,   0,   0,   0,   0,   0,   0,   0,   0,   0,   0,   0,   0,   0,   0,   0,   0,   0
RGI60-07.00716,G011324E79554N,         0.522,   0,   0,   0,   0,  42, 107, 142, 112, 107, 124,  89, 116,  93,  31,  18,  13,   6,   0,   0,   0,   0,   0,   0,   0,   0,   0,   0,   0,   0,   0,   0,   0,   0,   0,   0,   0,   0,   0,   0,   0,   0,   0,   0,   0,   0,   0,   0
RGI60-07.00717,G011224E79603N,        17.278,   0,  43,  89, 100, 155, 163,  98,  84,  80,  63,  36,  29,  30,  15,  10,   5,   0,   0,   0,   0,   0,   0,   0,   0,   0,   0,   0,   0,   0,   0,   0,   0,   0,   0,   0,   0,   0,   0,   0,   0,   0,   0,   0,   0,   0,   0,   0
RGI60-07.00718,G011508E79657N,         1.937,   0,   0,   0,  38, 102, 129, 157, 116,  84,  83, 135, 114,  37,   5,   0,   0,   0,   0,   0,   0,   0,   0,   0,   0,   0,   0,   0,   0,   0,   0,   0,   0,   0,   0,   0,   0,   0,   0,   0,   0,   0,   0,   0,   0,   0,   0,   0
RGI60-07.00719,G011381E79676N,         1.664,   0,  68, 102,  83,  71, 123, 189, 199,  54,  51,  38,  20,   2,   0,   0,   0,   0,   0,   0,   0,   0,   0,   0,   0,   0,   0,   0,   0,   0,   0,   0,   0,   0,   0,   0,   0,   0,   0,   0,   0,   0,   0,   0,   0,   0,   0,   0
RGI60-07.00720,G011331E79682N,         1.039,   0,  24,  80, 130,  87,  34,  35,  27,  25,  37,  81,  97, 219, 123,   1,   0,   0,   0,   0,   0,   0,   0,   0,   0,   0,   0,   0,   0,   0,   0,   0,   0,   0,   0,   0,   0,   0,   0,   0,   0,   0,   0,   0,   0,   0,   0,   0
RGI60-07.00721,G011348E79697N,         9.198,   0,   2,  40, 126, 156, 124, 106,  82, 152,  82,  58,  34,  16,  10,   6,   6,   0,   0,   0,   0,   0,   0,   0,   0,   0,   0,   0,   0,   0,   0,   0,   0,   0,   0,   0,   0,   0,   0,   0,   0,   0,   0,   0,   0,   0,   0,   0
RGI60-07.00722,G011309E79718N,         5.284,   1,  20, 111, 140, 156, 106, 104,  71,  52,  50,  69,  70,  31,  17,   2,   0,   0,   0,   0,   0,   0,   0,   0,   0,   0,   0,   0,   0,   0,   0,   0,   0,   0,   0,   0,   0,   0,   0,   0,   0,   0,   0,   0,   0,   0,   0,   0
RGI60-07.00723,G011344E79742N,         8.216,   0,  12,  82, 196, 212, 216, 116,  56,  39,  31,  19,  12,   7,   2,   0,   0,   0,   0,   0,   0,   0,   0,   0,   0,   0,   0,   0,   0,   0,   0,   0,   0,   0,   0,   0,   0,   0,   0,   0,   0,   0,   0,   0,   0,   0,   0,   0
RGI60-07.00724,G011272E79562N,         3.277,   0,  58,  68,  66,  69,  94, 120,  96,  85,  69,  93, 103,  42,  20,   6,   8,   3,   0,   0,   0,   0,   0,   0,   0,   0,   0,   0,   0,   0,   0,   0,   0,   0,   0,   0,   0,   0,   0,   0,   0,   0,   0,   0,   0,   0,   0,   0
RGI60-07.00725,G010819E79758N,         0.792,   0,  90,  99, 258, 254, 140,  90,  50,  19,   0,   0,   0,   0,   0,   0,   0,   0,   0,   0,   0,   0,   0,   0,   0,   0,   0,   0,   0,   0,   0,   0,   0,   0,   0,   0,   0,   0,   0,   0,   0,   0,   0,   0,   0,   0,   0,   0
RGI60-07.00726,G011039E79540N,         0.725,   0,   0,   0,   0,  48, 169, 182, 296, 210,  65,  20,  10,   0,   0,   0,   0,   0,   0,   0,   0,   0,   0,   0,   0,   0,   0,   0,   0,   0,   0,   0,   0,   0,   0,   0,   0,   0,   0,   0,   0,   0,   0,   0,   0,   0,   0,   0
RGI60-07.00727,G021430E79563N,       190.814,   2,   7,  21,  35,  67, 100, 151, 143, 142, 163, 133,  36,   0,   0,   0,   0,   0,   0,   0,   0,   0,   0,   0,   0,   0,   0,   0,   0,   0,   0,   0,   0,   0,   0,   0,   0,   0,   0,   0,   0,   0,   0,   0,   0,   0,   0,   0
RGI60-07.00728,G022280E79520N,       291.426,   0,   0,  16,  46,  69,  70,  75,  96, 117, 150, 159, 180,  22,   0,   0,   0,   0,   0,   0,   0,   0,   0,   0,   0,   0,   0,   0,   0,   0,   0,   0,   0,   0,   0,   0,   0,   0,   0,   0,   0,   0,   0,   0,   0,   0,   0,   0
RGI60-07.00729,G019843E80436N,         0.428,   0,   0,   0,  15, 145, 288, 279, 177,  96,   0,   0,   0,   0,   0,   0,   0,   0,   0,   0,   0,   0,   0,   0,   0,   0,   0,   0,   0,   0,   0,   0,   0,   0,   0,   0,   0,   0,   0,   0,   0,   0,   0,   0,   0,   0,   0,   0
RGI60-07.00730,G019757E80453N,         1.227,   0,  45, 126, 205, 297, 198,  87,  37,   5,   0,   0,   0,   0,   0,   0,   0,   0,   0,   0,   0,   0,   0,   0,   0,   0,   0,   0,   0,   0,   0,   0,   0,   0,   0,   0,   0,   0,   0,   0,   0,   0,   0,   0,   0,   0,   0,   0
RGI60-07.00731,G011580E79766N,         1.112,  40, 109, 148, 168, 113, 125, 142, 137,  18,   0,   0,   0,   0,   0,   0,   0,   0,   0,   0,   0,   0,   0,   0,   0,   0,   0,   0,   0,   0,   0,   0,   0,   0,   0,   0,   0,   0,   0,   0,   0,   0,   0,   0,   0,   0,   0,   0
RGI60-07.00732,G011385E79766N,         0.598,  29,  46, 120, 154,  98,  95, 140, 158,  99,  55,   6,   0,   0,   0,   0,   0,   0,   0,   0,   0,   0,   0,   0,   0,   0,   0,   0,   0,   0,   0,   0,   0,   0,   0,   0,   0,   0,   0,   0,   0,   0,   0,   0,   0,   0,   0,   0
RGI60-07.00733,G011635E79710N,        41.848,   0,   5,  21,  41,  54,  55,  79, 100, 164, 143, 109, 106,  53,  33,  19,  10,   5,   1,   1,   1,   0,   0,   0,   0,   0,   0,   0,   0,   0,   0,   0,   0,   0,   0,   0,   0,   0,   0,   0,   0,   0,   0,   0,   0,   0,   0,   0
RGI60-07.00734,G011658E79800N,         0.812,   0,  85, 164, 187, 171, 152, 109,  71,  49,  12,   0,   0,   0,   0,   0,   0,   0,   0,   0,   0,   0,   0,   0,   0,   0,   0,   0,   0,   0,   0,   0,   0,   0,   0,   0,   0,   0,   0,   0,   0,   0,   0,   0,   0,   0,   0,   0
RGI60-07.00735,G011591E79786N,         2.983,   0,   9,  83, 212, 184, 206, 177, 103,  26,   0,   0,   0,   0,   0,   0,   0,   0,   0,   0,   0,   0,   0,   0,   0,   0,   0,   0,   0,   0,   0,   0,   0,   0,   0,   0,   0,   0,   0,   0,   0,   0,   0,   0,   0,   0,   0,   0
RGI60-07.00736,G011409E79760N,         0.485,  52,  81,  79, 133, 212, 169, 157,  99,  18,   0,   0,   0,   0,   0,   0,   0,   0,   0,   0,   0,   0,   0,   0,   0,   0,   0,   0,   0,   0,   0,   0,   0,   0,   0,   0,   0,   0,   0,   0,   0,   0,   0,   0,   0,   0,   0,   0
RGI60-07.00737,G012490E79664N,         5.382,   0,   1,  27,  51,  90, 139, 135, 182,  67, 129, 104,  56,  17,   2,   0,   0,   0,   0,   0,   0,   0,   0,   0,   0,   0,   0,   0,   0,   0,   0,   0,   0,   0,   0,   0,   0,   0,   0,   0,   0,   0,   0,   0,   0,   0,   0,   0
RGI60-07.00738,G012405E79658N,         0.622,   0,   0,   0,   0,   0,   0,   0,  92, 185, 256, 148, 104,  89,  48,  45,  28,   5,   0,   0,   0,   0,   0,   0,   0,   0,   0,   0,   0,   0,   0,   0,   0,   0,   0,   0,   0,   0,   0,   0,   0,   0,   0,   0,   0,   0,   0,   0
RGI60-07.00739,G012980E79553N,         0.994,   0,   0,   0,   0,   0,  11,  48, 109, 145, 193, 212, 176,  79,  24,   3,   0,   0,   0,   0,   0,   0,   0,   0,   0,   0,   0,   0,   0,   0,   0,   0,   0,   0,   0,   0,   0,   0,   0,   0,   0,   0,   0,   0,   0,   0,   0,   0
RGI60-07.00740,G012855E79547N,         1.752,   0,   0,  16,  47,  63,  90, 101, 162, 139, 135, 128,  69,  26,  16,   8,   0,   0,   0,   0,   0,   0,   0,   0,   0,   0,   0,   0,   0,   0,   0,   0,   0,   0,   0,   0,   0,   0,   0,   0,   0,   0,   0,   0,   0,   0,   0,   0
RGI60-07.00741,G013647E79342N,         2.653,   0,   0,   0,   0,   0,   0,   0,   0,   0,  16, 109, 118, 127, 128, 110, 126,  58,  17,  47,  66,  42,  19,  13,   4,   0,   0,   0,   0,   0,   0,   0,   0,   0,   0,   0,   0,   0,   0,   0,   0,   0,   0,   0,   0,   0,   0,   0
RGI60-07.00742,G013621E79319N,         0.998,   0,   0,   0,   0,   0,   0,   0,   0,   0,   0,  13,  68,  59,  58,  77, 136, 231, 197, 107,  54,   0,   0,   0,   0,   0,   0,   0,   0,   0,   0,   0,   0,   0,   0,   0,   0,   0,   0,   0,   0,   0,   0,   0,   0,   0,   0,   0
RGI60-07.00743,G012276E79536N,         1.594,   0,   0,   0,  51,  85, 103, 168, 167, 217, 115,  55,  22,   8,   5,   4,   0,   0,   0,   0,   0,   0,   0,   0,   0,   0,   0,   0,   0,   0,   0,   0,   0,   0,   0,   0,   0,   0,   0,   0,   0,   0,   0,   0,   0,   0,   0,   0
RGI60-07.00744,G013039E79481N,         2.351,   0,   0,   0,   0,   0,  68,  89,  93, 108, 129, 135, 113,  58,  28,  29,  43,  92,  15,   0,   0,   0,   0,   0,   0,   0,   0,   0,   0,   0,   0,   0,   0,   0,   0,   0,   0,   0,   0,   0,   0,   0,   0,   0,   0,   0,   0,   0
RGI60-07.00745,G013042E79468N,         1.713,   0,   0,   0,   0,  20,  45,  51,  60, 135, 135, 125, 154, 135,  90,  42,   8,   0,   0,   0,   0,   0,   0,   0,   0,   0,   0,   0,   0,   0,   0,   0,   0,   0,   0,   0,   0,   0,   0,   0,   0,   0,   0,   0,   0,   0,   0,   0
RGI60-07.00746,G012454E79710N,         2.175,   0,   0,   0,  21, 124, 108,  51,  82, 166, 175,  91,  97,  73,  11,   1,   0,   0,   0,   0,   0,   0,   0,   0,   0,   0,   0,   0,   0,   0,   0,   0,   0,   0,   0,   0,   0,   0,   0,   0,   0,   0,   0,   0,   0,   0,   0,   0
RGI60-07.00747,G012442E79688N,         0.975,   0,   0,   0,   0,  20,  88, 188, 314, 222, 119,  49,   0,   0,   0,   0,   0,   0,   0,   0,   0,   0,   0,   0,   0,   0,   0,   0,   0,   0,   0,   0,   0,   0,   0,   0,   0,   0,   0,   0,   0,   0,   0,   0,   0,   0,   0,   0
RGI60-07.00748,G012378E79653N,         0.329,   0,   0,   0,   0,   0,  79, 198, 279, 183,  77,  51,  58,  58,  17,   0,   0,   0,   0,   0,   0,   0,   0,   0,   0,   0,   0,   0,   0,   0,   0,   0,   0,   0,   0,   0,   0,   0,   0,   0,   0,   0,   0,   0,   0,   0,   0,   0
RGI60-07.00749,G012926E79744N,         0.707,   0,   0,   0,   0,   0,  10,  36, 199, 427, 327,   1,   0,   0,   0,   0,   0,   0,   0,   0,   0,   0,   0,   0,   0,   0,   0,   0,   0,   0,   0,   0,   0,   0,   0,   0,   0,   0,   0,   0,   0,   0,   0,   0,   0,   0,   0,   0
RGI60-07.00750,G012463E79606N,         0.338,   0,   0,   0,   0,   0,   0,   0,   0,  43, 327, 340, 235,  55,   0,   0,   0,   0,   0,   0,   0,   0,   0,   0,   0,   0,   0,   0,   0,   0,   0,   0,   0,   0,   0,   0,   0,   0,   0,   0,   0,   0,   0,   0,   0,   0,   0,   0
RGI60-07.00751,G012283E79577N,         0.217,   0,   0,   0,   0,   0,   0,  84, 264, 296, 217, 101,  38,   0,   0,   0,   0,   0,   0,   0,   0,   0,   0,   0,   0,   0,   0,   0,   0,   0,   0,   0,   0,   0,   0,   0,   0,   0,   0,   0,   0,   0,   0,   0,   0,   0,   0,   0
RGI60-07.00752,G013268E79297N,         0.173,   0,   0,   0,   0,   0,   0,   0,   0,   0,   0,   0,   0,   0,  40,  95, 229, 287, 207,  98,  33,  11,   0,   0,   0,   0,   0,   0,   0,   0,   0,   0,   0,   0,   0,   0,   0,   0,   0,   0,   0,   0,   0,   0,   0,   0,   0,   0
RGI60-07.00753,G013759E79343N,         0.658,   0,   0,   0,   0,   0,   0,   0,   0,   0,   0,   0,   0,   0,   0,   0,   0,   0,  13, 144, 248, 228, 176, 120,  71,   0,   0,   0,   0,   0,   0,   0,   0,   0,   0,   0,   0,   0,   0,   0,   0,   0,   0,   0,   0,   0,   0,   0
RGI60-07.00754,G013758E79329N,         0.185,   0,   0,   0,   0,   0,   0,   0,   0,   0,   0,   0,   0,   0,   0,  62, 268, 468, 199,   3,   0,   0,   0,   0,   0,   0,   0,   0,   0,   0,   0,   0,   0,   0,   0,   0,   0,   0,   0,   0,   0,   0,   0,   0,   0,   0,   0,   0
RGI60-07.00755,G012541E79744N,         0.473,   0,   0,  24,  89,  90, 213, 295, 171,  98,  20,   0,   0,   0,   0,   0,   0,   0,   0,   0,   0,   0,   0,   0,   0,   0,   0,   0,   0,   0,   0,   0,   0,   0,   0,   0,   0,   0,   0,   0,   0,   0,   0,   0,   0,   0,   0,   0
RGI60-07.00756,G012489E79735N,         0.594,   0,   0,   0,   0,   2, 103, 195, 247, 227, 109,  34,  33,  50,   0,   0,   0,   0,   0,   0,   0,   0,   0,   0,   0,   0,   0,   0,   0,   0,   0,   0,   0,   0,   0,   0,   0,   0,   0,   0,   0,   0,   0,   0,   0,   0,   0,   0
RGI60-07.00757,G012002E79661N,         0.386,   0,   0,   0,   2, 189, 292, 267, 136,  79,  32,   3,   0,   0,   0,   0,   0,   0,   0,   0,   0,   0,   0,   0,   0,   0,   0,   0,   0,   0,   0,   0,   0,   0,   0,   0,   0,   0,   0,   0,   0,   0,   0,   0,   0,   0,   0,   0
RGI60-07.00758,G011970E79655N,         0.346,   0,   0,   0,   0,   0,   0,  13,  82, 176, 238, 225, 141,  67,  38,  16,   4,   0,   0,   0,   0,   0,   0,   0,   0,   0,   0,   0,   0,   0,   0,   0,   0,   0,   0,   0,   0,   0,   0,   0,   0,   0,   0,   0,   0,   0,   0,   0
RGI60-07.00759,G013593E79309N,         0.446,   0,   0,   0,   0,   0,   0,   0,   0,   0,   0,   0,   0,   0,  15,  77, 102, 112, 145, 174, 160, 209,   6,   0,   0,   0,   0,   0,   0,   0,   0,   0,   0,   0,   0,   0,   0,   0,   0,   0,   0,   0,   0,   0,   0,   0,   0,   0
RGI60-07.00760,G013597E79301N,         0.344,   0,   0,   0,   0,   0,   0,   0,   0,   0,   0,   0,   4,  93, 156, 154, 129, 129, 111, 195,  29,   0,   0,   0,   0,   0,   0,   0,   0,   0,   0,   0,   0,   0,   0,   0,   0,   0,   0,   0,   0,   0,   0,   0,   0,   0,   0,   0
RGI60-07.00761,G012629E79726N,         4.140,   0,   1,  72, 129, 103,  95, 127, 137, 132, 152,  41,  11,   0,   0,   0,   0,   0,   0,   0,   0,   0,   0,   0,   0,   0,   0,   0,   0,   0,   0,   0,   0,   0,   0,   0,   0,   0,   0,   0,   0,   0,   0,   0,   0,   0,   0,   0
RGI60-07.00762,G012470E79721N,         2.388,   0,   0,   0,   3,  19, 103, 168, 142, 145, 142, 110,  75,  65,  27,   1,   0,   0,   0,   0,   0,   0,   0,   0,   0,   0,   0,   0,   0,   0,   0,   0,   0,   0,   0,   0,   0,   0,   0,   0,   0,   0,   0,   0,   0,   0,   0,   0
RGI60-07.00763,G012604E79742N,         5.650,   0,  13,  63,  80, 108, 122, 135, 124,  68,  98,  69,  53,  29,  16,  22,   0,   0,   0,   0,   0,   0,   0,   0,   0,   0,   0,   0,   0,   0,   0,   0,   0,   0,   0,   0,   0,   0,   0,   0,   0,   0,   0,   0,   0,   0,   0,   0
RGI60-07.00764,G012579E79688N,         6.076,   0,   2,  11,  21,  43,  69, 110, 157, 137, 145, 151,  81,  53,  20,   0,   0,   0,   0,   0,   0,   0,   0,   0,   0,   0,   0,   0,   0,   0,   0,   0,   0,   0,   0,   0,   0,   0,   0,   0,   0,   0,   0,   0,   0,   0,   0,   0
RGI60-07.00765,G012553E79662N,         3.351,   0,   0,   0,  18,  35,  59,  91, 273, 168, 167, 123,  40,  10,  10,   6,   0,   0,   0,   0,   0,   0,   0,   0,   0,   0,   0,   0,   0,   0,   0,   0,   0,   0,   0,   0,   0,   0,   0,   0,   0,   0,   0,   0,   0,   0,   0,   0
RGI60-07.00766,G011932E79677N,         5.326,   4,  57,  52,  58,  95,  90,  81,  73,  78, 104, 100, 125,  50,  27,   6,   0,   0,   0,   0,   0,   0,   0,   0,   0,   0,   0,   0,   0,   0,   0,   0,   0,   0,   0,   0,   0,   0,   0,   0,   0,   0,   0,   0,   0,   0,   0,   0
RGI60-07.00767,G012608E79634N,         8.191,   0,   0,  25,  45,  78,  80, 117, 132, 113, 113,  94,  73,  64,  37,  21,   8,   0,   0,   0,   0,   0,   0,   0,   0,   0,   0,   0,   0,   0,   0,   0,   0,   0,   0,   0,   0,   0,   0,   0,   0,   0,   0,   0,   0,   0,   0,   0
RGI60-07.00768,G012466E79617N,         7.480,   0,  29,  24,  21,  45,  38,  35,  88,  53,  98, 180, 201, 120,  49,  18,   1,   0,   0,   0,   0,   0,   0,   0,   0,   0,   0,   0,   0,   0,   0,   0,   0,   0,   0,   0,   0,   0,   0,   0,   0,   0,   0,   0,   0,   0,   0,   0
RGI60-07.00769,G012919E79548N,         2.092,   0,   0,  17,  36,  45,  43,  95, 123, 152, 184,  99,  55,  22,  19,  34,  43,  28,   5,   0,   0,   0,   0,   0,   0,   0,   0,   0,   0,   0,   0,   0,   0,   0,   0,   0,   0,   0,   0,   0,   0,   0,   0,   0,   0,   0,   0,   0
RGI60-07.00770,G012933E79524N,         7.118,   0,   0,   7,  48,  57,  71,  91, 108,  57,  80,  99, 129,  99, 102,  39,  12,   1,   0,   0,   0,   0,   0,   0,   0,   0,   0,   0,   0,   0,   0,   0,   0,   0,   0,   0,   0,   0,   0,   0,   0,   0,   0,   0,   0,   0,   0,   0
RGI60-07.00771,G012721E79520N,         2.354,   0,   0,   0,   0,   0,   0,  31, 112, 129, 116, 118, 141, 122, 115,  95,  21,   0,   0,   0,   0,   0,   0,   0,   0,   0,   0,   0,   0,   0,   0,   0,   0,   0,   0,   0,   0,   0,   0,   0,   0,   0,   0,   0,   0,   0,   0,   0
RGI60-07.00772,G013609E79364N,         1.733,   0,   0,   0,   0,   0,   0,   0,   0,   0,   9,  43,  64, 131, 162, 152, 151, 115,  63,  41,  15,  14,  14,  18,   8,   0,   0,   0,   0,   0,   0,   0,   0,   0,   0,   0,   0,   0,   0,   0,   0,   0,   0,   0,   0,   0,   0,   0
RGI60-07.00773,G013320E79304N,        95.887,   0,   0,   6,  16,  23,  36,  35,  41,  46,  58,  76,  91,  85,  85,  80,  64,  57,  47,  42,  39,  28,  17,  13,  10,   4,   1,   0,   0,   0,   0,   0,   0,   0,   0,   0,   0,   0,   0,   0,   0,   0,   0,   0,   0,   0,   0,   0
RGI60-07.00774,G012367E79642N,         1.433,   0,   0,   0,   0,   0,  51, 151, 178, 204, 174, 121,  81,  40,   0,   0,   0,   0,   0,   0,   0,   0,   0,   0,   0,   0,   0,   0,   0,   0,   0,   0,   0,   0,   0,   0,   0,   0,   0,   0,   0,   0,   0,   0,   0,   0,   0,   0
RGI60-07.00775,G012208E79600N,        12.934,   0,   2, 112, 248, 316, 122,  60,  63,  25,  13,  10,   8,  10,   8,   2,   1,   0,   0,   0,   0,   0,   0,   0,   0,   0,   0,   0,   0,   0,   0,   0,   0,   0,   0,   0,   0,   0,   0,   0,   0,   0,   0,   0,   0,   0,   0,   0
RGI60-07.00776,G012258E79581N,         0.766,   0,   0,   0,  32, 120, 180, 242, 258, 115,  43,   9,   1,   0,   0,   0,   0,   0,   0,   0,   0,   0,   0,   0,   0,   0,   0,   0,   0,   0,   0,   0,   0,   0,   0,   0,   0,   0,   0,   0,   0,   0,   0,   0,   0,   0,   0,   0
RGI60-07.00777,G012201E79552N,        10.779,   0,   0,  20,  65,  91,  89,  88,  86,  68,  74, 103,  90,  90,  57,  32,  16,  10,   7,   5,   5,   4,   0,   0,   0,   0,   0,   0,   0,   0,   0,   0,   0,   0,   0,   0,   0,   0,   0,   0,   0,   0,   0,   0,   0,   0,   0,   0
RGI60-07.00778,G013650E79285N,         0.758,   0,   0,   0,   0,   0,   0,   0,   0,   0,   0,  64, 121,  93, 114, 144, 216, 169,  37,  21,  15,   6,   0,   0,   0,   0,   0,   0,   0,   0,   0,   0,   0,   0,   0,   0,   0,   0,   0,   0,   0,   0,   0,   0,   0,   0,   0,   0
RGI60-07.00779,G012783E79533N,         3.415,   0,   0,   0,   1,  10,  28,  57,  88,  85,  96, 125, 187, 165, 123,  29,   6,   0,   0,   0,   0,   0,   0,   0,   0,   0,   0,   0,   0,   0,   0,   0,   0,   0,   0,   0,   0,   0,   0,   0,   0,   0,   0,   0,   0,   0,   0,   0
RGI60-07.00780,G012713E79508N,         1.370,   0,   0,   0,   0,   0,   0,  10,  78, 132, 149, 174, 209, 168,  64,  16,   0,   0,   0,   0,   0,   0,   0,   0,   0,   0,   0,   0,   0,   0,   0,   0,   0,   0,   0,   0,   0,   0,   0,   0,   0,   0,   0,   0,   0,   0,   0,   0
RGI60-07.00781,G012882E79493N,        18.557,   0,  11,  31,  34,  39,  54,  47,  56,  74,  59,  78, 124, 121,  88,  74,  52,  39,  13,   5,   1,   0,   0,   0,   0,   0,   0,   0,   0,   0,   0,   0,   0,   0,   0,   0,   0,   0,   0,   0,   0,   0,   0,   0,   0,   0,   0,   0
RGI60-07.00782,G013071E79498N,         0.544,   0,   0,   0,   0,   2,  44, 115, 274, 290, 223,  52,   0,   0,   0,   0,   0,   0,   0,   0,   0,   0,   0,   0,   0,   0,   0,   0,   0,   0,   0,   0,   0,   0,   0,   0,   0,   0,   0,   0,   0,   0,   0,   0,   0,   0,   0,   0
RGI60-07.00783,G013066E79453N,         2.950,   0,   0,   0,   0,   0,   0,  18,  47, 109,  84,  82,  87,  97,  84,  89, 104,  57,  50,  50,  38,   4,   0,   0,   0,   0,   0,   0,   0,   0,   0,   0,   0,   0,   0,   0,   0,   0,   0,   0,   0,   0,   0,   0,   0,   0,   0,   0
RGI60-07.00784,G012943E79432N,        25.684,   2,   7,  14,  23,  36,  18,  23,  27,  40,  69,  97, 138, 174, 138, 105,  52,  21,  10,   4,   1,   0,   1,   0,   0,   0,   0,   0,   0,   0,   0,   0,   0,   0,   0,   0,   0,   0,   0,   0,   0,   0,   0,   0,   0,   0,   0,   0
RGI60-07.00785,G013170E79425N,         8.651,   0,   0,   0,  21,  61,  64,  87, 116, 101, 101, 126,  92,  70,  63,  37,  20,  12,   8,   5,   4,   3,   3,   4,   2,   0,   0,   0,   0,   0,   0,   0,   0,   0,   0,   0,   0,   0,   0,   0,   0,   0,   0,   0,   0,   0,   0,   0
RGI60-07.00786,G013220E79412N,         0.386,   0,   0,   0,   0,   0,   0,  86, 183, 217, 128, 135, 119,  91,  41,   0,   0,   0,   0,   0,   0,   0,   0,   0,   0,   0,   0,   0,   0,   0,   0,   0,   0,   0,   0,   0,   0,   0,   0,   0,   0,   0,   0,   0,   0,   0,   0,   0
RGI60-07.00787,G013176E79400N,         6.675,   0,   2,  21,  47,  77,  62,  68,  42,  48,  88, 129, 110,  62,  46,  54,  48,  26,  15,   9,   8,   7,   5,   5,   8,  10,   3,   0,   0,   0,   0,   0,   0,   0,   0,   0,   0,   0,   0,   0,   0,   0,   0,   0,   0,   0,   0,   0
RGI60-07.00788,G013212E79385N,         6.880,   0,   0,   5,  13,  22,  35,  37,  56,  47,  60,  55,  49,  74, 140,  89,  91, 106,  75,  24,  10,   6,   3,   3,   0,   0,   0,   0,   0,   0,   0,   0,   0,   0,   0,   0,   0,   0,   0,   0,   0,   0,   0,   0,   0,   0,   0,   0
RGI60-07.00789,G011872E79692N,         3.610,   1,  50,  33,  47,  51,  65,  87,  79,  56,  68, 167, 147,  64,  40,  30,  14,   1,   0,   0,   0,   0,   0,   0,   0,   0,   0,   0,   0,   0,   0,   0,   0,   0,   0,   0,   0,   0,   0,   0,   0,   0,   0,   0,   0,   0,   0,   0
RGI60-07.00790,G011905E79646N,        16.661,   0,   1,  46,  74,  66,  61,  57,  73,  83, 135, 139,  88,  74,  46,  16,  14,  27,   0,   0,   0,   0,   0,   0,   0,   0,   0,   0,   0,   0,   0,   0,   0,   0,   0,   0,   0,   0,   0,   0,   0,   0,   0,   0,   0,   0,   0,   0
RGI60-07.00791,G012032E79488N,        43.152,   0,   0,   7,  38,  27,  34,  23,  41,  59,  81, 113, 117, 125, 112, 120,  59,  25,  15,   3,   1,   0,   0,   0,   0,   0,   0,   0,   0,   0,   0,   0,   0,   0,   0,   0,   0,   0,   0,   0,   0,   0,   0,   0,   0,   0,   0,   0
RGI60-07.00792,G012050E79632N,         0.252,   0,   0,   0,   0,  22,  57, 117, 181, 144, 224, 176,  74,   5,   0,   0,   0,   0,   0,   0,   0,   0,   0,   0,   0,   0,   0,   0,   0,   0,   0,   0,   0,   0,   0,   0,   0,   0,   0,   0,   0,   0,   0,   0,   0,   0,   0,   0
RGI60-07.00793,G012352E79628N,         2.413,   0,   0,   0,   0,   0,  39,  49,  85, 101,  88,  68, 329, 178,  57,   6,   0,   0,   0,   0,   0,   0,   0,   0,   0,   0,   0,   0,   0,   0,   0,   0,   0,   0,   0,   0,   0,   0,   0,   0,   0,   0,   0,   0,   0,   0,   0,   0
RGI60-07.00794,G012010E79561N,        55.632,   0,   0,  29,  87,  70,  29,  44,  50,  78,  63,  55,  70,  77, 120,  89,  39,  52,  43,   5,   0,   0,   0,   0,   0,   0,   0,   0,   0,   0,   0,   0,   0,   0,   0,   0,   0,   0,   0,   0,   0,   0,   0,   0,   0,   0,   0,   0
RGI60-07.00795,G012282E79625N,         0.534,   0,   0,   0,   0,  48,  75, 111, 171, 232, 179, 164,  20,   0,   0,   0,   0,   0,   0,   0,   0,   0,   0,   0,   0,   0,   0,   0,   0,   0,   0,   0,   0,   0,   0,   0,   0,   0,   0,   0,   0,   0,   0,   0,   0,   0,   0,   0
RGI60-07.00796,G012430E79662N,         0.281,   0,   0,   0,   0,   0,   0,   0,   0,   0,  76, 429, 491,   4,   0,   0,   0,   0,   0,   0,   0,   0,   0,   0,   0,   0,   0,   0,   0,   0,   0,   0,   0,   0,   0,   0,   0,   0,   0,   0,   0,   0,   0,   0,   0,   0,   0,   0
RGI60-07.00797,G012275E79567N,         1.881,   0,   0,   0,   0,   0,  23, 131, 161, 143, 167, 118,  91,  98,  48,  20,   0,   0,   0,   0,   0,   0,   0,   0,   0,   0,   0,   0,   0,   0,   0,   0,   0,   0,   0,   0,   0,   0,   0,   0,   0,   0,   0,   0,   0,   0,   0,   0
RGI60-07.00798,G012644E79708N,         7.062,   0,   9,  56,  85, 133, 102,  79,  64,  87, 116, 124,  82,  44,  16,   3,   0,   0,   0,   0,   0,   0,   0,   0,   0,   0,   0,   0,   0,   0,   0,   0,   0,   0,   0,   0,   0,   0,   0,   0,   0,   0,   0,   0,   0,   0,   0,   0
RGI60-07.00799,G012436E79698N,         1.026,   0,   0,   0,   0,   0,  69, 134, 132, 160, 116,  90, 117,  75,  72,  34,   1,   0,   0,   0,   0,   0,   0,   0,   0,   0,   0,   0,   0,   0,   0,   0,   0,   0,   0,   0,   0,   0,   0,   0,   0,   0,   0,   0,   0,   0,   0,   0
RGI60-07.00800,G012720E79654N,         3.891,   0,   0,   0,  47,  35,  53,  74,  89,  60,  91, 185,  82,  40,  31,  47,  83,  83,   0,   0,   0,   0,   0,   0,   0,   0,   0,   0,   0,   0,   0,   0,   0,   0,   0,   0,   0,   0,   0,   0,   0,   0,   0,   0,   0,   0,   0,   0
RGI60-07.00801,G013019E79554N,         0.461,   0,   0,   0,   0,   0,   0,  60, 170, 210, 266, 204,  90,   0,   0,   0,   0,   0,   0,   0,   0,   0,   0,   0,   0,   0,   0,   0,   0,   0,   0,   0,   0,   0,   0,   0,   0,   0,   0,   0,   0,   0,   0,   0,   0,   0,   0,   0
RGI60-07.00802,G013010E79541N,         1.238,   0,   0,   0,   0,   0,  20, 113, 169, 127, 116, 148,  97, 132,  73,   5,   0,   0,   0,   0,   0,   0,   0,   0,   0,   0,   0,   0,   0,   0,   0,   0,   0,   0,   0,   0,   0,   0,   0,   0,   0,   0,   0,   0,   0,   0,   0,   0
RGI60-07.00803,G013945E79216N,         1.074,   0,   0,   0,   0,   0,   0,   0,   0,   0,  48, 111, 137, 129, 283, 221,  64,   7,   0,   0,   0,   0,   0,   0,   0,   0,   0,   0,   0,   0,   0,   0,   0,   0,   0,   0,   0,   0,   0,   0,   0,   0,   0,   0,   0,   0,   0,   0
RGI60-07.00804,G013906E79198N,         1.253,   0,   0,   0,   0,   0,   0,   0,   0,   0,  11,  83, 113,  93,  84, 240, 184,  89,  54,  32,  15,   2,   0,   0,   0,   0,   0,   0,   0,   0,   0,   0,   0,   0,   0,   0,   0,   0,   0,   0,   0,   0,   0,   0,   0,   0,   0,   0
RGI60-07.00805,G013909E79177N,         1.464,   0,   0,   0,   0,   0,   0,   0,   1,  23,  68, 116, 100, 140, 104,  86,  94,  89,  65,  68,  46,   0,   0,   0,   0,   0,   0,   0,   0,   0,   0,   0,   0,   0,   0,   0,   0,   0,   0,   0,   0,   0,   0,   0,   0,   0,   0,   0
RGI60-07.00806,G014429E79165N,         2.606,   0,   0,   0,   0,   0,   0,   0,   2,   9,  20,  20,  32,  29,  21,  18,  20,  20,  29,  86, 246, 348, 100,   0,   0,   0,   0,   0,   0,   0,   0,   0,   0,   0,   0,   0,   0,   0,   0,   0,   0,   0,   0,   0,   0,   0,   0,   0
RGI60-07.00807,G014286E79155N,         2.372,   0,   0,   0,   0,   0,   0,   0,   0,   4,  26,  45,  93,  53,  34,  29,  85, 144, 147, 149,  92,  85,  14,   0,   0,   0,   0,   0,   0,   0,   0,   0,   0,   0,   0,   0,   0,   0,   0,   0,   0,   0,   0,   0,   0,   0,   0,   0
RGI60-07.00808,G014776E79197N,        11.312,   0,   0,   0,   0,   0,   0,   5,   9,  16,  24,  34,  35,  40,  53,  68,  62,  67,  72,  77,  43,  28,  30,  61,  95, 106,  75,   0,   0,   0,   0,   0,   0,   0,   0,   0,   0,   0,   0,   0,   0,   0,   0,   0,   0,   0,   0,   0
RGI60-07.00809,G014800E79148N,         7.401,   0,   0,   0,   0,   0,   0,   0,   2,  18,  22,  26,  40,  41,  36,  61,  61,  74,  98,  97,  70,  41,  47,  41,  60,  89,  73,   3,   0,   0,   0,   0,   0,   0,   0,   0,   0,   0,   0,   0,   0,   0,   0,   0,   0,   0,   0,   0
RGI60-07.00810,G014761E79163N,         3.154,   0,   0,   0,   0,   0,   0,   0,   0,   2,  11,  20,  29,  33,  46,  80, 108,  89,  66,  50,  42,  40,  36,  38, 101, 137,  72,   0,   0,   0,   0,   0,   0,   0,   0,   0,   0,   0,   0,   0,   0,   0,   0,   0,   0,   0,   0,   0
RGI60-07.00811,G014532E79258N,         1.242,   0,   0,   0,   0,   0,   0,   0,   0,   0,   0,   2,  15,  29,  64,  73,  92,  96,  76, 104, 129, 143, 177,   0,   0,   0,   0,   0,   0,   0,   0,   0,   0,   0,   0,   0,   0,   0,   0,   0,   0,   0,   0,   0,   0,   0,   0,   0
RGI60-07.00812,G014634E79247N,         7.167,   0,   0,   0,   0,   0,   0,   0,   1,  13,  34,  42,  46,  51,  69,  77, 112,  84,  72,  58,  43,  40,  48,  72, 107,  31,   0,   0,   0,   0,   0,   0,   0,   0,   0,   0,   0,   0,   0,   0,   0,   0,   0,   0,   0,   0,   0,   0
RGI60-07.00813,G014328E79087N,       119.248,   0,  23,  17,  21,  20,  18,  19,  29,  24,  28,  43,  56,  82, 119, 152,  98,  78,  57,  41,  32,  22,  13,   6,   2,   0,   0,   0,   0,   0,   0,   0,   0,   0,   0,   0,   0,   0,   0,   0,   0,   0,   0,   0,   0,   0,   0,   0
RGI60-07.00814,G014240E79161N,         1.325,   0,   0,   0,   0,   0,   0,   0,   0,   0,  18,  85, 159, 152, 103, 137, 142, 138,  37,  24,   5,   0,   0,   0,   0,   0,   0,   0,   0,   0,   0,   0,   0,   0,   0,   0,   0,   0,   0,   0,   0,   0,   0,   0,   0,   0,   0,   0
RGI60-07.00815,G014066E79119N,        22.228,   0,   0,   0,   0,  12,  15,  30,  39,  47,  29,  43,  43,  62,  98, 152, 128,  95,  74,  47,  33,  39,  14,   0,   0,   0,   0,   0,   0,   0,   0,   0,   0,   0,   0,   0,   0,   0,   0,   0,   0,   0,   0,   0,   0,   0,   0,   0
RGI60-07.00816,G013929E79144N,         9.920,   0,   0,   0,   0,   0,   0,   0,  24,  49,  81, 142,  95, 105, 100, 103,  79,  88,  59,  29,  15,  18,  13,   0,   0,   0,   0,   0,   0,   0,   0,   0,   0,   0,   0,   0,   0,   0,   0,   0,   0,   0,   0,   0,   0,   0,   0,   0
RGI60-07.00817,G013540E79251N,         2.071,   0,   0,   0,   0,   0,   0,   0,   0,   0,   0,   0,  10,  24,  30,  50, 116, 219, 268, 212,  71,   0,   0,   0,   0,   0,   0,   0,   0,   0,   0,   0,   0,   0,   0,   0,   0,   0,   0,   0,   0,   0,   0,   0,   0,   0,   0,   0
RGI60-07.00818,G014161E79195N,         1.229,   0,   0,   0,   0,   0,   0,   0,   0,   0,   6,  19,  31,  51,  62,  92, 116,  98,  66,  54,  75, 173, 157,   0,   0,   0,   0,   0,   0,   0,   0,   0,   0,   0,   0,   0,   0,   0,   0,   0,   0,   0,   0,   0,   0,   0,   0,   0
RGI60-07.00819,G014209E79188N,         1.388,   0,   0,   0,   0,   0,   0,   0,   0,   0,   0,   0,   0,  14,  31,  60,  79,  80, 110, 114, 167, 191, 154,   0,   0,   0,   0,   0,   0,   0,   0,   0,   0,   0,   0,   0,   0,   0,   0,   0,   0,   0,   0,   0,   0,   0,   0,   0
RGI60-07.00820,G013592E79184N,         1.125,   0,   0,   0,   0,   0,   0,   0,   0,   3,  25,  33, 107, 240, 181, 170, 108,  57,  49,  27,   0,   0,   0,   0,   0,   0,   0,   0,   0,   0,   0,   0,   0,   0,   0,   0,   0,   0,   0,   0,   0,   0,   0,   0,   0,   0,   0,   0
RGI60-07.00821,G013844E79227N,         0.408,   0,   0,   0,   0,   0,   0,   0,   0,   0,  17,  43,  98, 168, 492, 182,   0,   0,   0,   0,   0,   0,   0,   0,   0,   0,   0,   0,   0,   0,   0,   0,   0,   0,   0,   0,   0,   0,   0,   0,   0,   0,   0,   0,   0,   0,   0,   0
RGI60-07.00822,G014709E79177N,         1.573,   0,   0,   0,   0,   0,   0,   0,   0,   0,   0,   0,  35,  53, 117, 130, 145, 141, 125, 155,  71,  26,   2,   0,   0,   0,   0,   0,   0,   0,   0,   0,   0,   0,   0,   0,   0,   0,   0,   0,   0,   0,   0,   0,   0,   0,   0,   0
RGI60-07.00823,G014797E79187N,         0.838,   0,   0,   0,   0,   0,   0,   0,   0,   0,   0,   0,   0,   0,   0,   0,   0,   0,   0,   0,   0,   0,  11, 119, 233, 298, 339,   0,   0,   0,   0,   0,   0,   0,   0,   0,   0,   0,   0,   0,   0,   0,   0,   0,   0,   0,   0,   0
RGI60-07.00824,G016535E79137N,         2.618,   0,   0,   0,   0,   0,   0,   0,   0,   0,   0,  31,  36, 116, 141, 187, 158, 148,  87,  37,  18,  11,   9,   8,   8,   5,   0,   0,   0,   0,   0,   0,   0,   0,   0,   0,   0,   0,   0,   0,   0,   0,   0,   0,   0,   0,   0,   0
RGI60-07.00825,G016393E79141N,         2.259,   0,   0,   0,   0,   0,   0,   0,  42,  50,  89,  55,  97, 125, 116, 147, 116,  80,  48,  22,   9,   4,   0,   0,   0,   0,   0,   0,   0,   0,   0,   0,   0,   0,   0,   0,   0,   0,   0,   0,   0,   0,   0,   0,   0,   0,   0,   0
RGI60-07.00826,G016412E79125N,         1.128,   0,   0,   0,   0,   0,   0,   0,   0,   0,   0,  56,  72, 148, 100, 162, 134, 122,  86,  54,  35,  31,   0,   0,   0,   0,   0,   0,   0,   0,   0,   0,   0,   0,   0,   0,   0,   0,   0,   0,   0,   0,   0,   0,   0,   0,   0,   0
RGI60-07.00827,G016579E79094N,         1.478,   0,   0,   0,   0,   0,   0,   0,   0,   0,   0,   0,   3,  21,  39, 128, 219, 138, 138,  75,  53,  35,  37,  66,  34,  14,   0,   0,   0,   0,   0,   0,   0,   0,   0,   0,   0,   0,   0,   0,   0,   0,   0,   0,   0,   0,   0,   0
RGI60-07.00828,G016459E79061N,         0.859,   0,   0,   0,   0,   0,   0,   0,   0,   0,   7,  45,  58, 159, 184, 269, 144,  73,  37,  15,   8,   1,   0,   0,   0,   0,   0,   0,   0,   0,   0,   0,   0,   0,   0,   0,   0,   0,   0,   0,   0,   0,   0,   0,   0,   0,   0,   0
RGI60-07.00829,G016486E79054N,         0.914,   0,   0,   0,   0,   0,   0,   0,   0,   0,   0,   0,   0,   0,   0,   0, 102, 127, 180,  91,  69,  62,  79,  82,  42,  40,  54,  72,   0,   0,   0,   0,   0,   0,   0,   0,   0,   0,   0,   0,   0,   0,   0,   0,   0,   0,   0,   0
RGI60-07.00830,G016572E79057N,         0.763,   0,   0,   0,   0,   0,   0,   0,   0,   0,   0,   0,   0,   8,  86, 175, 120, 191, 289, 108,  21,   2,   0,   0,   0,   0,   0,   0,   0,   0,   0,   0,   0,   0,   0,   0,   0,   0,   0,   0,   0,   0,   0,   0,   0,   0,   0,   0
RGI60-07.00831,G016518E79003N,         0.780,   0,   0,   0,   0,   0,   0,   0,   0,  12, 106, 287, 215, 175, 107,  63,  25,   9,   1,   0,   0,   0,   0,   0,   0,   0,   0,   0,   0,   0,   0,   0,   0,   0,   0,   0,   0,   0,   0,   0,   0,   0,   0,   0,   0,   0,   0,   0
RGI60-07.00832,G016948E78991N,        98.530,   0,   8,  27,  26,  36,  27,  28,  29,  12,   9,  22,  26,  26,  25,  27,  44,  50,  67,  70,  79,  81,  88,  80,  48,  23,  15,  10,   8,   5,   3,   1,   0,   0,   0,   0,   0,   0,   0,   0,   0,   0,   0,   0,   0,   0,   0,   0
RGI60-07.00833,G016588E78996N,         4.667,   0,   0,   0,   0,   0,   0,   0,   0,   9,  17,  16,  14,  12,  11,   5,   3,   4,   5,  14,  33,  36,  43,  63, 130, 182, 223, 172,   8,   0,   0,   0,   0,   0,   0,   0,   0,   0,   0,   0,   0,   0,   0,   0,   0,   0,   0,   0
RGI60-07.00834,G016636E79051N,        20.131,   0,   0,   0,   0,   3,  19,  29,  29,  25,  35,  36,  53,  95,  89,  82,  92, 111, 109,  68,  50,  32,  18,  12,   4,   4,   3,   2,   0,   0,   0,   0,   0,   0,   0,   0,   0,   0,   0,   0,   0,   0,   0,   0,   0,   0,   0,   0
RGI60-07.00835,G016545E79082N,         5.887,   0,   0,   0,   0,   0,  16,  38,  39,  33,  59,  47,  55,  73, 127, 125, 129,  80,  58,  53,  32,  18,  11,   4,   3,   0,   0,   0,   0,   0,   0,   0,   0,   0,   0,   0,   0,   0,   0,   0,   0,   0,   0,   0,   0,   0,   0,   0
RGI60-07.00836,G016725E79121N,        28.864,   0,   0,   0,   2,   9,  11,  17,  26,  42,  53,  42,  45,  52,  63,  75,  86, 109, 122, 101,  67,  34,  16,  10,   8,   6,   2,   1,   1,   0,   0,   0,   0,   0,   0,   0,   0,   0,   0,   0,   0,   0,   0,   0,   0,   0,   0,   0
RGI60-07.00837,G016355E79162N,         4.917,   0,   0,   0,   0,   0,   0,   0,   0,   0,   0,   0,   0,   2,   2,   4,  14,  33,  61,  44,  41,  74, 100, 102, 153, 140, 150,  80,   0,   0,   0,   0,   0,   0,   0,   0,   0,   0,   0,   0,   0,   0,   0,   0,   0,   0,   0,   0
RGI60-07.00838,G016474E79165N,         9.196,   0,   0,   0,   0,   0,   0,   7,  16,  32,  31,  34,  28,  59,  52,  79, 117,  89,  76,  51,  35,  26,  18,  25,  43,  62,  91,  29,   0,   0,   0,   0,   0,   0,   0,   0,   0,   0,   0,   0,   0,   0,   0,   0,   0,   0,   0,   0
RGI60-07.00839,G016554E79181N,         2.767,   0,   0,   0,   0,   0,   0,   0,   0,   0,   0,   0,   3,  12,  12,  24,  41,  67,  86,  76,  37,  26,  22,  30, 132, 154, 169, 109,   0,   0,   0,   0,   0,   0,   0,   0,   0,   0,   0,   0,   0,   0,   0,   0,   0,   0,   0,   0
RGI60-07.00840,G016795E79188N,        34.536,   0,   0,   0,   0,   0,   3,  12,  13,  16,  20,  19,  22,  29,  30,  38,  44,  43,  54,  59,  56,  56,  54,  59,  61,  70,  65,  51,  39,  31,  34,  12,   5,   3,   2,   0,   0,   0,   0,   0,   0,   0,   0,   0,   0,   0,   0,   0
RGI60-07.00841,G016737E79226N,         3.661,   0,   0,   0,   0,   0,   0,   0,   0,   0,   0,   0,   0,   0,   0,   4,   6,  28,  37,  60,  53,  35,  38,  65, 161, 240, 273,   0,   0,   0,   0,   0,   0,   0,   0,   0,   0,   0,   0,   0,   0,   0,   0,   0,   0,   0,   0,   0
RGI60-07.00842,G016623E79229N,         3.204,   0,   0,   0,   0,   0,   0,   0,   0,   0,   0,   7,  12,  12,  20,  37,  24,  37,  35,  26,  20,  26,  65,  66, 141, 363, 109,   0,   0,   0,   0,   0,   0,   0,   0,   0,   0,   0,   0,   0,   0,   0,   0,   0,   0,   0,   0,   0
RGI60-07.00843,G016474E79234N,         3.111,   0,   0,   0,   0,   0,   0,   0,   0,   0,   0,   0,   0,   0,   0,   0,   5,  14,  19,  29,  43,  47,  85, 147, 193, 239, 179,   0,   0,   0,   0,   0,   0,   0,   0,   0,   0,   0,   0,   0,   0,   0,   0,   0,   0,   0,   0,   0
RGI60-07.00844,G016625E79261N,        36.378,   0,   0,   0,   0,   0,   4,   8,  10,  15,  19,  33,  54,  34,  41,  25,  33,  21,  14,  15,  20,  39,  93, 202, 161, 123,  36,   0,   0,   0,   0,   0,   0,   0,   0,   0,   0,   0,   0,   0,   0,   0,   0,   0,   0,   0,   0,   0
RGI60-07.00845,G016635E79327N,        77.586,   0,   0,   0,   4,   9,  10,  15,  20,  22,  17,  12,  16,  20,  18,  14,  19,  19,  24,  43,  83, 142, 229, 201,  52,  11,   0,   0,   0,   0,   0,   0,   0,   0,   0,   0,   0,   0,   0,   0,   0,   0,   0,   0,   0,   0,   0,   0
RGI60-07.00846,G016395E79292N,         0.633,   0,   0,   0,   0,   0,   0,   0,   0,   0,   0,   0,   1,  20,  56, 129, 137,  88,  88,  70,  63, 142, 206,   0,   0,   0,   0,   0,   0,   0,   0,   0,   0,   0,   0,   0,   0,   0,   0,   0,   0,   0,   0,   0,   0,   0,   0,   0
RGI60-07.00847,G016306E79379N,        40.949,   0,   0,   0,   0,   0,   0,   0,   0,   1,   5,  17,  20,  28,  46,  70,  91,  97, 108, 112, 103, 166, 129,   7,   0,   0,   0,   0,   0,   0,   0,   0,   0,   0,   0,   0,   0,   0,   0,   0,   0,   0,   0,   0,   0,   0,   0,   0
RGI60-07.00848,G016242E79415N,        15.447,   0,   0,   0,   0,   0,   0,   1,   3,   5,   9,  11,  10,  14,  30,  53,  61,  75, 126, 143, 150, 156, 153,   0,   0,   0,   0,   0,   0,   0,   0,   0,   0,   0,   0,   0,   0,   0,   0,   0,   0,   0,   0,   0,   0,   0,   0,   0
RGI60-07.00849,G016436E79529N,        84.302,   6,   8,  10,   8,   7,  18,  24,  19,  22,  18,  18,  14,  14,  24,  44,  80, 114, 236, 119, 133,  45,  19,   0,   0,   0,   0,   0,   0,   0,   0,   0,   0,   0,   0,   0,   0,   0,   0,   0,   0,   0,   0,   0,   0,   0,   0,   0
RGI60-07.00850,G016447E79243N,         3.830,   0,   0,   0,   0,   0,   0,   0,   0,   0,   0,   0,  13,  26,  33,  30,  29,  43,  62,  71,  80, 112, 107,  96,  88,  95, 109,   6,   0,   0,   0,   0,   0,   0,   0,   0,   0,   0,   0,   0,   0,   0,   0,   0,   0,   0,   0,   0
RGI60-07.00851,G016433E79072N,         0.642,   0,   0,   0,   0,   0,   0,   0,   0,   0,   0,   7,  86, 194, 318, 179,  87,  62,  48,  15,   4,   0,   0,   0,   0,   0,   0,   0,   0,   0,   0,   0,   0,   0,   0,   0,   0,   0,   0,   0,   0,   0,   0,   0,   0,   0,   0,   0
RGI60-07.00852,G016701E79022N,         9.518,   0,   0,   0,   0,   0,   8,  39,  47,  56,  81, 118, 150, 126,  85,  44,  31,  25,  31,  41,  23,  15,  11,   9,   9,  14,  24,  13,   0,   0,   0,   0,   0,   0,   0,   0,   0,   0,   0,   0,   0,   0,   0,   0,   0,   0,   0,   0
RGI60-07.00853,G016518E79018N,         0.450,   0,   0,   0,   0,   0,   0,  29,  39,  72,  54, 102, 254, 252,  82,  52,  35,  18,  10,   1,   0,   0,   0,   0,   0,   0,   0,   0,   0,   0,   0,   0,   0,   0,   0,   0,   0,   0,   0,   0,   0,   0,   0,   0,   0,   0,   0,   0
RGI60-07.00854,G017543E79735N,       288.546,   8,  31,  57,  75,  86,  94,  95,  89,  74,  79,  74,  56,  56,  60,  41,  24,   1,   0,   0,   0,   0,   0,   0,   0,   0,   0,   0,   0,   0,   0,   0,   0,   0,   0,   0,   0,   0,   0,   0,   0,   0,   0,   0,   0,   0,   0,   0
RGI60-07.00855,G016160E79666N,         4.929,   0,   0,   5,  16,  24,  38,  76,  99, 184, 207, 110, 120, 121,   0,   0,   0,   0,   0,   0,   0,   0,   0,   0,   0,   0,   0,   0,   0,   0,   0,   0,   0,   0,   0,   0,   0,   0,   0,   0,   0,   0,   0,   0,   0,   0,   0,   0
RGI60-07.00856,G017344E79630N,        61.801,   0,   5,  17,  17,  13,  21,  28,  60,  74,  98, 110,  85,  72, 107, 177, 101,  15,   0,   0,   0,   0,   0,   0,   0,   0,   0,   0,   0,   0,   0,   0,   0,   0,   0,   0,   0,   0,   0,   0,   0,   0,   0,   0,   0,   0,   0,   0
RGI60-07.00857,G016961E79569N,       127.358,   0,   2,  15,  15,  26,  18,  24,  40,  30,  58,  44,  51,  51,  67,  67,  88, 144, 124,  75,  61,   0,   0,   0,   0,   0,   0,   0,   0,   0,   0,   0,   0,   0,   0,   0,   0,   0,   0,   0,   0,   0,   0,   0,   0,   0,   0,   0
RGI60-07.00858,G016226E79581N,        22.041,   0,   6,  10,  13,  13,  20,  17,  19,  22,  18,  17,  37,  56,  70,  81, 129, 224, 248,   0,   0,   0,   0,   0,   0,   0,   0,   0,   0,   0,   0,   0,   0,   0,   0,   0,   0,   0,   0,   0,   0,   0,   0,   0,   0,   0,   0,   0
RGI60-07.00859,G016394E79625N,       117.553,   0,   3,   8,   7,  11,  14,  18,  28,  24,  43,  31,  37,  46, 103, 130, 142, 152, 176,  27,   0,   0,   0,   0,   0,   0,   0,   0,   0,   0,   0,   0,   0,   0,   0,   0,   0,   0,   0,   0,   0,   0,   0,   0,   0,   0,   0,   0
RGI60-07.00860,G016546E79771N,        15.890,   0,   1,  10,  21,  23,  32,  61,  45, 100, 123, 111, 144, 157, 156,  16,   0,   0,   0,   0,   0,   0,   0,   0,   0,   0,   0,   0,   0,   0,   0,   0,   0,   0,   0,   0,   0,   0,   0,   0,   0,   0,   0,   0,   0,   0,   0,   0
RGI60-07.00861,G016862E79722N,       184.770,   0,   6,  20,  41,  33,  24,  29,  27,  39,  49,  58,  67,  85, 129, 156, 108,  78,  49,   2,   0,   0,   0,   0,   0,   0,   0,   0,   0,   0,   0,   0,   0,   0,   0,   0,   0,   0,   0,   0,   0,   0,   0,   0,   0,   0,   0,   0
RGI60-07.00862,G017137E79785N,        14.098,   0,   0,   0,   6,  20,  27,  60, 109, 125, 171, 310, 129,  40,   3,   0,   0,   0,   0,   0,   0,   0,   0,   0,   0,   0,   0,   0,   0,   0,   0,   0,   0,   0,   0,   0,   0,   0,   0,   0,   0,   0,   0,   0,   0,   0,   0,   0
RGI60-07.00863,G017188E79872N,         2.993,   0,   0,   4,  40,  55, 138, 159, 263, 314,  27,   0,   0,   0,   0,   0,   0,   0,   0,   0,   0,   0,   0,   0,   0,   0,   0,   0,   0,   0,   0,   0,   0,   0,   0,   0,   0,   0,   0,   0,   0,   0,   0,   0,   0,   0,   0,   0
RGI60-07.00864,G017024E79899N,         0.849,   0,   0,  37, 143, 311, 369,  89,  51,   0,   0,   0,   0,   0,   0,   0,   0,   0,   0,   0,   0,   0,   0,   0,   0,   0,   0,   0,   0,   0,   0,   0,   0,   0,   0,   0,   0,   0,   0,   0,   0,   0,   0,   0,   0,   0,   0,   0
RGI60-07.00865,G017136E79884N,         1.228,   0,   0,  10, 100, 237, 274, 147, 143,  89,   0,   0,   0,   0,   0,   0,   0,   0,   0,   0,   0,   0,   0,   0,   0,   0,   0,   0,   0,   0,   0,   0,   0,   0,   0,   0,   0,   0,   0,   0,   0,   0,   0,   0,   0,   0,   0,   0
RGI60-07.00866,G017212E79817N,         9.701,   0,   0,   1,  12,  35,  51,  71, 401, 271,  97,  54,   7,   0,   0,   0,   0,   0,   0,   0,   0,   0,   0,   0,   0,   0,   0,   0,   0,   0,   0,   0,   0,   0,   0,   0,   0,   0,   0,   0,   0,   0,   0,   0,   0,   0,   0,   0
RGI60-07.00867,G017019E79878N,         1.147,   0,   0,   0,  19,  76,  95, 268, 542,   0,   0,   0,   0,   0,   0,   0,   0,   0,   0,   0,   0,   0,   0,   0,   0,   0,   0,   0,   0,   0,   0,   0,   0,   0,   0,   0,   0,   0,   0,   0,   0,   0,   0,   0,   0,   0,   0,   0
RGI60-07.00868,G017390E79580N,         0.721,   0,   0,   0,   0,   0,   0,  33, 222, 287, 230, 212,  16,   0,   0,   0,   0,   0,   0,   0,   0,   0,   0,   0,   0,   0,   0,   0,   0,   0,   0,   0,   0,   0,   0,   0,   0,   0,   0,   0,   0,   0,   0,   0,   0,   0,   0,   0
RGI60-07.00869,G017634E79634N,         0.579,   0,   0, 318, 316, 164, 176,  26,   0,   0,   0,   0,   0,   0,   0,   0,   0,   0,   0,   0,   0,   0,   0,   0,   0,   0,   0,   0,   0,   0,   0,   0,   0,   0,   0,   0,   0,   0,   0,   0,   0,   0,   0,   0,   0,   0,   0,   0
RGI60-07.00870,G016362E79726N,       113.645,   2,   2,   2,   3,   6,  10,  22,  40,  73, 119, 105, 109, 114, 159, 174,  54,   6,   0,   0,   0,   0,   0,   0,   0,   0,   0,   0,   0,   0,   0,   0,   0,   0,   0,   0,   0,   0,   0,   0,   0,   0,   0,   0,   0,   0,   0,   0
RGI60-07.00871,G016949E79432N,       183.001,   0,   1,   9,  16,  16,  28,  17,  17,  20,  18,  26,  27,  34,  35,  31,  43,  53,  73,  93, 105, 110, 119,  82,  27,   0,   0,   0,   0,   0,   0,   0,   0,   0,   0,   0,   0,   0,   0,   0,   0,   0,   0,   0,   0,   0,   0,   0
RGI60-07.00872,G018349E79411N,        63.146,   0,   0,   2,  34,  52,  87, 112, 140, 134, 139, 193, 107,   0,   0,   0,   0,   0,   0,   0,   0,   0,   0,   0,   0,   0,   0,   0,   0,   0,   0,   0,   0,   0,   0,   0,   0,   0,   0,   0,   0,   0,   0,   0,   0,   0,   0,   0
RGI60-07.00873,G017171E79201N,       317.587,   0,   0,   8,  13,  15,  12,  19,  27,  26,  32,  37,  27,  31,  38,  42,  35,  48,  61,  87,  82,  81,  81,  82,  55,  22,  13,   9,   8,   5,   2,   1,   1,   0,   0,   0,   0,   0,   0,   0,   0,   0,   0,   0,   0,   0,   0,   0
RGI60-07.00874,G017745E79280N,       108.712,   0,   4,   7,  21,  17,  16,  15,  26,  38,  38,  33,  41,  58,  70,  90,  90, 102, 119, 108,  70,  23,  11,   3,   0,   0,   0,   0,   0,   0,   0,   0,   0,   0,   0,   0,   0,   0,   0,   0,   0,   0,   0,   0,   0,   0,   0,   0
RGI60-07.00875,G018218E79594N,         3.600,   0,   0,  13,  54,  60,  53, 103, 281, 289, 147,   0,   0,   0,   0,   0,   0,   0,   0,   0,   0,   0,   0,   0,   0,   0,   0,   0,   0,   0,   0,   0,   0,   0,   0,   0,   0,   0,   0,   0,   0,   0,   0,   0,   0,   0,   0,   0
RGI60-07.00876,G018211E79573N,         2.888,   0,   0,  11,  41,  58,  95, 106, 170,  88, 154, 182,  95,   0,   0,   0,   0,   0,   0,   0,   0,   0,   0,   0,   0,   0,   0,   0,   0,   0,   0,   0,   0,   0,   0,   0,   0,   0,   0,   0,   0,   0,   0,   0,   0,   0,   0,   0
RGI60-07.00877,G018215E79512N,        20.855,   2,  19,  30,  34,  59,  59,  78,  87, 142, 156, 144, 186,   4,   0,   0,   0,   0,   0,   0,   0,   0,   0,   0,   0,   0,   0,   0,   0,   0,   0,   0,   0,   0,   0,   0,   0,   0,   0,   0,   0,   0,   0,   0,   0,   0,   0,   0
RGI60-07.00878,G018260E79489N,        17.034,   0,   0,   0,   1,  13,  46,  60,  75,  97, 192, 301, 211,   4,   0,   0,   0,   0,   0,   0,   0,   0,   0,   0,   0,   0,   0,   0,   0,   0,   0,   0,   0,   0,   0,   0,   0,   0,   0,   0,   0,   0,   0,   0,   0,   0,   0,   0
RGI60-07.00879,G018095E79353N,        45.728,   5,  13,  23,  55,  65,  63,  49,  47,  52, 106, 179, 154, 113,  47,  22,   7,   0,   0,   0,   0,   0,   0,   0,   0,   0,   0,   0,   0,   0,   0,   0,   0,   0,   0,   0,   0,   0,   0,   0,   0,   0,   0,   0,   0,   0,   0,   0
RGI60-07.00880,G017215E79389N,        17.559,   0,   0,   0,   0,   1,  16,  35,  32,  47,  71, 108,  79,  85, 175, 131, 121,  71,  28,   0,   0,   0,   0,   0,   0,   0,   0,   0,   0,   0,   0,   0,   0,   0,   0,   0,   0,   0,   0,   0,   0,   0,   0,   0,   0,   0,   0,   0
RGI60-07.00881,G017416E79269N,         1.341,   0,   0,   0,   0,   0,   0,   0,   0,   0,   0,   0,   0,   0,   0, 381, 222, 151, 246,   0,   0,   0,   0,   0,   0,   0,   0,   0,   0,   0,   0,   0,   0,   0,   0,   0,   0,   0,   0,   0,   0,   0,   0,   0,   0,   0,   0,   0
RGI60-07.00882,G018748E79354N,         7.613,   2,  23,  32,  61,  88, 102, 119, 147, 186, 218,  22,   0,   0,   0,   0,   0,   0,   0,   0,   0,   0,   0,   0,   0,   0,   0,   0,   0,   0,   0,   0,   0,   0,   0,   0,   0,   0,   0,   0,   0,   0,   0,   0,   0,   0,   0,   0
RGI60-07.00883,G018646E79388N,        35.882,   5,  29,  46,  40,  54,  76,  77,  97, 160, 168, 154,  93,   1,   0,   0,   0,   0,   0,   0,   0,   0,   0,   0,   0,   0,   0,   0,   0,   0,   0,   0,   0,   0,   0,   0,   0,   0,   0,   0,   0,   0,   0,   0,   0,   0,   0,   0
RGI60-07.00884,G018704E79430N,        14.874,   6,  40,  54,  74,  83, 108, 124,  96, 111, 135, 119,  50,   0,   0,   0,   0,   0,   0,   0,   0,   0,   0,   0,   0,   0,   0,   0,   0,   0,   0,   0,   0,   0,   0,   0,   0,   0,   0,   0,   0,   0,   0,   0,   0,   0,   0,   0
RGI60-07.00885,G018719E79464N,         2.193,   0,  38,  49,  61,  73, 117, 313, 260,  73,  16,   0,   0,   0,   0,   0,   0,   0,   0,   0,   0,   0,   0,   0,   0,   0,   0,   0,   0,   0,   0,   0,   0,   0,   0,   0,   0,   0,   0,   0,   0,   0,   0,   0,   0,   0,   0,   0
RGI60-07.00886,G018608E79456N,         8.317,   0,   0,  35, 235, 111, 106, 115, 133, 101,  63,  83,  18,   0,   0,   0,   0,   0,   0,   0,   0,   0,   0,   0,   0,   0,   0,   0,   0,   0,   0,   0,   0,   0,   0,   0,   0,   0,   0,   0,   0,   0,   0,   0,   0,   0,   0,   0
RGI60-07.00887,G018507E79502N,        32.892,   0,  63, 157, 163,  50,  50,  58,  81, 100, 117,  90,  68,   3,   0,   0,   0,   0,   0,   0,   0,   0,   0,   0,   0,   0,   0,   0,   0,   0,   0,   0,   0,   0,   0,   0,   0,   0,   0,   0,   0,   0,   0,   0,   0,   0,   0,   0
RGI60-07.00888,G018451E79557N,        53.329,   5,  32,  74, 106, 122, 118, 148, 135, 107,  85,  49,  19,   0,   0,   0,   0,   0,   0,   0,   0,   0,   0,   0,   0,   0,   0,   0,   0,   0,   0,   0,   0,   0,   0,   0,   0,   0,   0,   0,   0,   0,   0,   0,   0,   0,   0,   0
RGI60-07.00889,G018799E79321N,         0.205,   0, 284, 341, 290,  85,   0,   0,   0,   0,   0,   0,   0,   0,   0,   0,   0,   0,   0,   0,   0,   0,   0,   0,   0,   0,   0,   0,   0,   0,   0,   0,   0,   0,   0,   0,   0,   0,   0,   0,   0,   0,   0,   0,   0,   0,   0,   0
RGI60-07.00890,G019885E78653N,        20.078,   0,  24, 115, 100, 130, 140, 168, 213,  99,  11,   0,   0,   0,   0,   0,   0,   0,   0,   0,   0,   0,   0,   0,   0,   0,   0,   0,   0,   0,   0,   0,   0,   0,   0,   0,   0,   0,   0,   0,   0,   0,   0,   0,   0,   0,   0,   0
RGI60-07.00891,G019496E78683N,       156.251,   0,  51,  53,  71,  86, 164, 135, 171, 127, 116,  24,   2,   0,   0,   0,   0,   0,   0,   0,   0,   0,   0,   0,   0,   0,   0,   0,   0,   0,   0,   0,   0,   0,   0,   0,   0,   0,   0,   0,   0,   0,   0,   0,   0,   0,   0,   0
RGI60-07.00892,G020106E78745N,       222.606,   0,  25, 115,  96,  97, 113, 182, 154, 118,  81,  19,   0,   0,   0,   0,   0,   0,   0,   0,   0,   0,   0,   0,   0,   0,   0,   0,   0,   0,   0,   0,   0,   0,   0,   0,   0,   0,   0,   0,   0,   0,   0,   0,   0,   0,   0,   0
RGI60-07.00893,G021012E78737N,        50.880,   0,  38,  87,  77,  53,  58, 144, 230, 155,  81,  47,  20,   9,   1,   0,   0,   0,   0,   0,   0,   0,   0,   0,   0,   0,   0,   0,   0,   0,   0,   0,   0,   0,   0,   0,   0,   0,   0,   0,   0,   0,   0,   0,   0,   0,   0,   0
RGI60-07.00894,G021229E78734N,         2.822,   0,   0,   0,   7,  20,  38,  63, 123, 190, 241, 190,  95,  33,   0,   0,   0,   0,   0,   0,   0,   0,   0,   0,   0,   0,   0,   0,   0,   0,   0,   0,   0,   0,   0,   0,   0,   0,   0,   0,   0,   0,   0,   0,   0,   0,   0,   0
RGI60-07.00895,G021218E78766N,        25.613,   0,  24,  66,  83,  86,  89, 222, 316,  39,  38,  29,   8,   0,   0,   0,   0,   0,   0,   0,   0,   0,   0,   0,   0,   0,   0,   0,   0,   0,   0,   0,   0,   0,   0,   0,   0,   0,   0,   0,   0,   0,   0,   0,   0,   0,   0,   0
RGI60-07.00896,G021152E78804N,        34.014,   1,  91,  70,  96, 111,  95, 131, 260, 145,   0,   0,   0,   0,   0,   0,   0,   0,   0,   0,   0,   0,   0,   0,   0,   0,   0,   0,   0,   0,   0,   0,   0,   0,   0,   0,   0,   0,   0,   0,   0,   0,   0,   0,   0,   0,   0,   0
RGI60-07.00897,G020723E78750N,        19.859,   0,  36,  61,  68,  51,  68,  69,  58,  68, 162, 219,  94,  42,   4,   0,   0,   0,   0,   0,   0,   0,   0,   0,   0,   0,   0,   0,   0,   0,   0,   0,   0,   0,   0,   0,   0,   0,   0,   0,   0,   0,   0,   0,   0,   0,   0,   0
RGI60-07.00898,G021571E78346N,        89.712,   0,   1,  20,  73,  70, 146, 170, 140,  94,  69,  97,  88,  32,   0,   0,   0,   0,   0,   0,   0,   0,   0,   0,   0,   0,   0,   0,   0,   0,   0,   0,   0,   0,   0,   0,   0,   0,   0,   0,   0,   0,   0,   0,   0,   0,   0,   0
RGI60-07.00899,G021126E78387N,        86.534,   0,   4,  22,  27,  54,  95, 118, 103, 153, 228, 105,  54,  31,   6,   0,   0,   0,   0,   0,   0,   0,   0,   0,   0,   0,   0,   0,   0,   0,   0,   0,   0,   0,   0,   0,   0,   0,   0,   0,   0,   0,   0,   0,   0,   0,   0,   0
RGI60-07.00900,G020959E78434N,         6.845,   0,   0,   0,   0,   0,   0,   0,   0,   4, 172, 206, 247, 275,  96,   0,   0,   0,   0,   0,   0,   0,   0,   0,   0,   0,   0,   0,   0,   0,   0,   0,   0,   0,   0,   0,   0,   0,   0,   0,   0,   0,   0,   0,   0,   0,   0,   0
RGI60-07.00901,G020995E78457N,         6.070,   0,   0,   0,   0,   0,  10,  36,  86, 110, 217, 193, 173, 167,   8,   0,   0,   0,   0,   0,   0,   0,   0,   0,   0,   0,   0,   0,   0,   0,   0,   0,   0,   0,   0,   0,   0,   0,   0,   0,   0,   0,   0,   0,   0,   0,   0,   0
RGI60-07.00902,G021186E78482N,        37.046,   0,   0,   3,   9,  55, 132, 161, 217, 231, 176,  16,   0,   0,   0,   0,   0,   0,   0,   0,   0,   0,   0,   0,   0,   0,   0,   0,   0,   0,   0,   0,   0,   0,   0,   0,   0,   0,   0,   0,   0,   0,   0,   0,   0,   0,   0,   0
RGI60-07.00903,G018804E78404N,        69.869,   0,   2,  37,  70, 101, 129, 147, 214, 201,  80,  15,   3,   1,   0,   0,   0,   0,   0,   0,   0,   0,   0,   0,   0,   0,   0,   0,   0,   0,   0,   0,   0,   0,   0,   0,   0,   0,   0,   0,   0,   0,   0,   0,   0,   0,   0,   0
RGI60-07.00904,G018900E78457N,         0.558,   0,   0,   0,   0,  13, 104, 169, 212, 381, 121,   0,   0,   0,   0,   0,   0,   0,   0,   0,   0,   0,   0,   0,   0,   0,   0,   0,   0,   0,   0,   0,   0,   0,   0,   0,   0,   0,   0,   0,   0,   0,   0,   0,   0,   0,   0,   0
RGI60-07.00905,G018898E78447N,         1.236,   0,   0,   0,  37,  92, 171, 226, 213, 167,  94,   0,   0,   0,   0,   0,   0,   0,   0,   0,   0,   0,   0,   0,   0,   0,   0,   0,   0,   0,   0,   0,   0,   0,   0,   0,   0,   0,   0,   0,   0,   0,   0,   0,   0,   0,   0,   0
RGI60-07.00906,G023046E80284N,         2.812,   0,   0, 510, 486,   4,   0,   0,   0,   0,   0,   0,   0,   0,   0,   0,   0,   0,   0,   0,   0,   0,   0,   0,   0,   0,   0,   0,   0,   0,   0,   0,   0,   0,   0,   0,   0,   0,   0,   0,   0,   0,   0,   0,   0,   0,   0,   0
RGI60-07.00907,G027053E80055N,         2.532,   0,   0, 708, 292,   0,   0,   0,   0,   0,   0,   0,   0,   0,   0,   0,   0,   0,   0,   0,   0,   0,   0,   0,   0,   0,   0,   0,   0,   0,   0,   0,   0,   0,   0,   0,   0,   0,   0,   0,   0,   0,   0,   0,   0,   0,   0,   0
RGI60-07.00908,G021475E79376N,         2.412,  -9,  -9,  -9,  -9,  -9,  -9,  -9,  -9,  -9,  -9,  -9,  -9,  -9,  -9,  -9,  -9,  -9,  -9,  -9,  -9,  -9,  -9,  -9,  -9,  -9,  -9,  -9,  -9,  -9,  -9,  -9,  -9,  -9,  -9,  -9,  -9,  -9,  -9,  -9,  -9,  -9,  -9,  -9,  -9,  -9,  -9,  -9
RGI60-07.00909,G021298E79503N,        46.784,   6,  41,  70,  96, 115, 144, 200, 187, 129,  12,   0,   0,   0,   0,   0,   0,   0,   0,   0,   0,   0,   0,   0,   0,   0,   0,   0,   0,   0,   0,   0,   0,   0,   0,   0,   0,   0,   0,   0,   0,   0,   0,   0,   0,   0,   0,   0
RGI60-07.00910,G021040E79497N,        41.627,   0,  29,  56,  44,  58,  80, 139, 161, 224, 209,   0,   0,   0,   0,   0,   0,   0,   0,   0,   0,   0,   0,   0,   0,   0,   0,   0,   0,   0,   0,   0,   0,   0,   0,   0,   0,   0,   0,   0,   0,   0,   0,   0,   0,   0,   0,   0
RGI60-07.00911,G020844E79496N,        25.107,   0,   0,   7,  70, 181, 194, 184, 166, 159,  39,   0,   0,   0,   0,   0,   0,   0,   0,   0,   0,   0,   0,   0,   0,   0,   0,   0,   0,   0,   0,   0,   0,   0,   0,   0,   0,   0,   0,   0,   0,   0,   0,   0,   0,   0,   0,   0
RGI60-07.00912,G017939E79350N,         0.904,   0,   0,   0,   0,   0,  28,  59,  93, 144, 152, 185, 142, 167,  30,   0,   0,   0,   0,   0,   0,   0,   0,   0,   0,   0,   0,   0,   0,   0,   0,   0,   0,   0,   0,   0,   0,   0,   0,   0,   0,   0,   0,   0,   0,   0,   0,   0
RGI60-07.00913,G022012E78124N,         5.199,   0,   0,   0,  34,  76, 134, 165, 270, 294,  27,   0,   0,   0,   0,   0,   0,   0,   0,   0,   0,   0,   0,   0,   0,   0,   0,   0,   0,   0,   0,   0,   0,   0,   0,   0,   0,   0,   0,   0,   0,   0,   0,   0,   0,   0,   0,   0
RGI60-07.00914,G021238E78076N,         0.732,   0,   0,   0,   5, 213, 375, 407,   0,   0,   0,   0,   0,   0,   0,   0,   0,   0,   0,   0,   0,   0,   0,   0,   0,   0,   0,   0,   0,   0,   0,   0,   0,   0,   0,   0,   0,   0,   0,   0,   0,   0,   0,   0,   0,   0,   0,   0
RGI60-07.00915,G021863E78061N,         5.240,   0,   0,   0,   0,   0,  13, 150, 243, 265, 329,   0,   0,   0,   0,   0,   0,   0,   0,   0,   0,   0,   0,   0,   0,   0,   0,   0,   0,   0,   0,   0,   0,   0,   0,   0,   0,   0,   0,   0,   0,   0,   0,   0,   0,   0,   0,   0
RGI60-07.00916,G021331E78031N,         0.836,   0,   0,   0,  19, 188, 248, 313, 225,   7,   0,   0,   0,   0,   0,   0,   0,   0,   0,   0,   0,   0,   0,   0,   0,   0,   0,   0,   0,   0,   0,   0,   0,   0,   0,   0,   0,   0,   0,   0,   0,   0,   0,   0,   0,   0,   0,   0
RGI60-07.00917,G021416E78011N,         0.486,   0,   0,   0,  11, 218, 267, 322, 182,   0,   0,   0,   0,   0,   0,   0,   0,   0,   0,   0,   0,   0,   0,   0,   0,   0,   0,   0,   0,   0,   0,   0,   0,   0,   0,   0,   0,   0,   0,   0,   0,   0,   0,   0,   0,   0,   0,   0
RGI60-07.00918,G021419E77660N,         0.407,   0,   2,  83, 123, 259, 362, 171,   0,   0,   0,   0,   0,   0,   0,   0,   0,   0,   0,   0,   0,   0,   0,   0,   0,   0,   0,   0,   0,   0,   0,   0,   0,   0,   0,   0,   0,   0,   0,   0,   0,   0,   0,   0,   0,   0,   0,   0
RGI60-07.00919,G021604E78124N,         2.470,   0,   0,   0,  10,  67, 134, 195, 317, 277,   0,   0,   0,   0,   0,   0,   0,   0,   0,   0,   0,   0,   0,   0,   0,   0,   0,   0,   0,   0,   0,   0,   0,   0,   0,   0,   0,   0,   0,   0,   0,   0,   0,   0,   0,   0,   0,   0
RGI60-07.00920,G021348E78090N,         1.984,   0,   0,   0,   0,  13,  82, 135, 203, 567,   0,   0,   0,   0,   0,   0,   0,   0,   0,   0,   0,   0,   0,   0,   0,   0,   0,   0,   0,   0,   0,   0,   0,   0,   0,   0,   0,   0,   0,   0,   0,   0,   0,   0,   0,   0,   0,   0
RGI60-07.00921,G021575E78047N,         4.017,   0,   0,   0,   2,  24,  37,  47,  71, 157, 185, 248, 229,   0,   0,   0,   0,   0,   0,   0,   0,   0,   0,   0,   0,   0,   0,   0,   0,   0,   0,   0,   0,   0,   0,   0,   0,   0,   0,   0,   0,   0,   0,   0,   0,   0,   0,   0
RGI60-07.00922,G021951E78095N,         6.959,   0,   0,   0,  14, 101, 211, 240, 270, 161,   3,   0,   0,   0,   0,   0,   0,   0,   0,   0,   0,   0,   0,   0,   0,   0,   0,   0,   0,   0,   0,   0,   0,   0,   0,   0,   0,   0,   0,   0,   0,   0,   0,   0,   0,   0,   0,   0
RGI60-07.00923,G022058E78116N,         4.510,   0,   0,   0,  18,  47,  88, 130, 363, 322,  32,   0,   0,   0,   0,   0,   0,   0,   0,   0,   0,   0,   0,   0,   0,   0,   0,   0,   0,   0,   0,   0,   0,   0,   0,   0,   0,   0,   0,   0,   0,   0,   0,   0,   0,   0,   0,   0
RGI60-07.00924,G021898E78044N,         5.405,   0,   0,   0,   0,   7,  47, 119, 208, 271, 348,   0,   0,   0,   0,   0,   0,   0,   0,   0,   0,   0,   0,   0,   0,   0,   0,   0,   0,   0,   0,   0,   0,   0,   0,   0,   0,   0,   0,   0,   0,   0,   0,   0,   0,   0,   0,   0
RGI60-07.00925,G021791E78027N,         6.428,   0,   0,  19,  41,  70,  68, 140, 224, 169, 269,   0,   0,   0,   0,   0,   0,   0,   0,   0,   0,   0,   0,   0,   0,   0,   0,   0,   0,   0,   0,   0,   0,   0,   0,   0,   0,   0,   0,   0,   0,   0,   0,   0,   0,   0,   0,   0
RGI60-07.00926,G021907E77957N,         3.089,   0,   0,   0,  47,  65,  59,  47,  65,  91, 182, 444,   0,   0,   0,   0,   0,   0,   0,   0,   0,   0,   0,   0,   0,   0,   0,   0,   0,   0,   0,   0,   0,   0,   0,   0,   0,   0,   0,   0,   0,   0,   0,   0,   0,   0,   0,   0
RGI60-07.00927,G021986E77934N,        12.358,   0,   0,   1,  24,  35,  42,  66,  78,  84, 265, 243, 162,   0,   0,   0,   0,   0,   0,   0,   0,   0,   0,   0,   0,   0,   0,   0,   0,   0,   0,   0,   0,   0,   0,   0,   0,   0,   0,   0,   0,   0,   0,   0,   0,   0,   0,   0
RGI60-07.00928,G022567E77870N,         5.293,   0,   1,  74, 130, 270, 373, 152,   0,   0,   0,   0,   0,   0,   0,   0,   0,   0,   0,   0,   0,   0,   0,   0,   0,   0,   0,   0,   0,   0,   0,   0,   0,   0,   0,   0,   0,   0,   0,   0,   0,   0,   0,   0,   0,   0,   0,   0
RGI60-07.00929,G022143E77830N,         0.974,   0,   0,   0,  74, 144, 196, 201, 345,  40,   0,   0,   0,   0,   0,   0,   0,   0,   0,   0,   0,   0,   0,   0,   0,   0,   0,   0,   0,   0,   0,   0,   0,   0,   0,   0,   0,   0,   0,   0,   0,   0,   0,   0,   0,   0,   0,   0
RGI60-07.00930,G021748E77694N,        10.787,   0,   0,   1,   8,  17,  46,  72, 103, 173, 207, 278,  95,   0,   0,   0,   0,   0,   0,   0,   0,   0,   0,   0,   0,   0,   0,   0,   0,   0,   0,   0,   0,   0,   0,   0,   0,   0,   0,   0,   0,   0,   0,   0,   0,   0,   0,   0
RGI60-07.00931,G021647E77681N,         6.283,   0,   0,   0,   1,  26,  58, 101, 150, 179, 235, 159,  91,   0,   0,   0,   0,   0,   0,   0,   0,   0,   0,   0,   0,   0,   0,   0,   0,   0,   0,   0,   0,   0,   0,   0,   0,   0,   0,   0,   0,   0,   0,   0,   0,   0,   0,   0
RGI60-07.00932,G022111E77668N,        36.263,   0,  13,  73,  61,  67,  65,  99, 136, 175, 203, 101,   7,   0,   0,   0,   0,   0,   0,   0,   0,   0,   0,   0,   0,   0,   0,   0,   0,   0,   0,   0,   0,   0,   0,   0,   0,   0,   0,   0,   0,   0,   0,   0,   0,   0,   0,   0
RGI60-07.00933,G022126E77617N,        16.032,   0,   0,  15,  48,  71,  95, 127, 127, 155, 224, 124,  14,   0,   0,   0,   0,   0,   0,   0,   0,   0,   0,   0,   0,   0,   0,   0,   0,   0,   0,   0,   0,   0,   0,   0,   0,   0,   0,   0,   0,   0,   0,   0,   0,   0,   0,   0
RGI60-07.00934,G022123E77596N,         1.797,   0,   0,   0,   0,   0,   0, 271, 522, 207,   0,   0,   0,   0,   0,   0,   0,   0,   0,   0,   0,   0,   0,   0,   0,   0,   0,   0,   0,   0,   0,   0,   0,   0,   0,   0,   0,   0,   0,   0,   0,   0,   0,   0,   0,   0,   0,   0
RGI60-07.00935,G022028E77583N,         7.844,   0,   0,  45,  42,  71, 142, 183, 362, 104,  42,   9,   0,   0,   0,   0,   0,   0,   0,   0,   0,   0,   0,   0,   0,   0,   0,   0,   0,   0,   0,   0,   0,   0,   0,   0,   0,   0,   0,   0,   0,   0,   0,   0,   0,   0,   0,   0
RGI60-07.00936,G021610E77640N,         6.099,   0,   0,  11,  38,  70, 142, 147, 171,  78, 176, 165,   2,   0,   0,   0,   0,   0,   0,   0,   0,   0,   0,   0,   0,   0,   0,   0,   0,   0,   0,   0,   0,   0,   0,   0,   0,   0,   0,   0,   0,   0,   0,   0,   0,   0,   0,   0
RGI60-07.00937,G021188E77548N,         3.807,   0,   0,   0,   0,   7,  36,  94, 247, 435, 181,   0,   0,   0,   0,   0,   0,   0,   0,   0,   0,   0,   0,   0,   0,   0,   0,   0,   0,   0,   0,   0,   0,   0,   0,   0,   0,   0,   0,   0,   0,   0,   0,   0,   0,   0,   0,   0
RGI60-07.00938,G021396E77514N,         0.493,   0,   0,   0,   0,   0,   0,   0,   0, 413, 587,   0,   0,   0,   0,   0,   0,   0,   0,   0,   0,   0,   0,   0,   0,   0,   0,   0,   0,   0,   0,   0,   0,   0,   0,   0,   0,   0,   0,   0,   0,   0,   0,   0,   0,   0,   0,   0
RGI60-07.00939,G021602E77572N,         2.525,   0,   0,   0,   0,   0,   0,  12, 187, 442, 350,   9,   0,   0,   0,   0,   0,   0,   0,   0,   0,   0,   0,   0,   0,   0,   0,   0,   0,   0,   0,   0,   0,   0,   0,   0,   0,   0,   0,   0,   0,   0,   0,   0,   0,   0,   0,   0
RGI60-07.00940,G022804E77861N,        14.978,   0,   2,  67, 123, 191, 247, 134, 163,  73,   0,   0,   0,   0,   0,   0,   0,   0,   0,   0,   0,   0,   0,   0,   0,   0,   0,   0,   0,   0,   0,   0,   0,   0,   0,   0,   0,   0,   0,   0,   0,   0,   0,   0,   0,   0,   0,   0
RGI60-07.00941,G022834E77839N,         9.240,   0,   0,   4,  36,  92, 240, 298, 330,   0,   0,   0,   0,   0,   0,   0,   0,   0,   0,   0,   0,   0,   0,   0,   0,   0,   0,   0,   0,   0,   0,   0,   0,   0,   0,   0,   0,   0,   0,   0,   0,   0,   0,   0,   0,   0,   0,   0
RGI60-07.00942,G022929E77816N,        42.118,   0,  68,  92,  57,  56, 103, 119, 211, 185, 107,   2,   0,   0,   0,   0,   0,   0,   0,   0,   0,   0,   0,   0,   0,   0,   0,   0,   0,   0,   0,   0,   0,   0,   0,   0,   0,   0,   0,   0,   0,   0,   0,   0,   0,   0,   0,   0
RGI60-07.00943,G022774E77881N,         7.401,   0,   0,  21, 135, 237, 431, 175,   1,   0,   0,   0,   0,   0,   0,   0,   0,   0,   0,   0,   0,   0,   0,   0,   0,   0,   0,   0,   0,   0,   0,   0,   0,   0,   0,   0,   0,   0,   0,   0,   0,   0,   0,   0,   0,   0,   0,   0
RGI60-07.00944,G022870E77890N,         5.786,   0,   0,   0,  28, 117, 174, 312, 369,   0,   0,   0,   0,   0,   0,   0,   0,   0,   0,   0,   0,   0,   0,   0,   0,   0,   0,   0,   0,   0,   0,   0,   0,   0,   0,   0,   0,   0,   0,   0,   0,   0,   0,   0,   0,   0,   0,   0
RGI60-07.00945,G023656E77647N,        93.023,   0,   9, 151,  73,  99, 133, 131, 245, 152,   7,   0,   0,   0,   0,   0,   0,   0,   0,   0,   0,   0,   0,   0,   0,   0,   0,   0,   0,   0,   0,   0,   0,   0,   0,   0,   0,   0,   0,   0,   0,   0,   0,   0,   0,   0,   0,   0
RGI60-07.00946,G023702E77591N,         7.990,   0,   0,  10,  16,  54, 193, 113, 614,   0,   0,   0,   0,   0,   0,   0,   0,   0,   0,   0,   0,   0,   0,   0,   0,   0,   0,   0,   0,   0,   0,   0,   0,   0,   0,   0,   0,   0,   0,   0,   0,   0,   0,   0,   0,   0,   0,   0
RGI60-07.00947,G022913E77452N,         4.873,   0,   0,  40,  58,  93, 126, 160, 523,   0,   0,   0,   0,   0,   0,   0,   0,   0,   0,   0,   0,   0,   0,   0,   0,   0,   0,   0,   0,   0,   0,   0,   0,   0,   0,   0,   0,   0,   0,   0,   0,   0,   0,   0,   0,   0,   0,   0
RGI60-07.00948,G023334E77470N,         4.851,   0,   0,   0,   0,  28,  54, 230, 540, 148,   0,   0,   0,   0,   0,   0,   0,   0,   0,   0,   0,   0,   0,   0,   0,   0,   0,   0,   0,   0,   0,   0,   0,   0,   0,   0,   0,   0,   0,   0,   0,   0,   0,   0,   0,   0,   0,   0
RGI60-07.00949,G023394E77492N,        22.553,   0,   4,  36,  94, 115, 210, 312, 191,  38,   0,   0,   0,   0,   0,   0,   0,   0,   0,   0,   0,   0,   0,   0,   0,   0,   0,   0,   0,   0,   0,   0,   0,   0,   0,   0,   0,   0,   0,   0,   0,   0,   0,   0,   0,   0,   0,   0
RGI60-07.00950,G023241E77506N,         9.879,   0,   3,  46,  44, 104,  79, 541, 183,   0,   0,   0,   0,   0,   0,   0,   0,   0,   0,   0,   0,   0,   0,   0,   0,   0,   0,   0,   0,   0,   0,   0,   0,   0,   0,   0,   0,   0,   0,   0,   0,   0,   0,   0,   0,   0,   0,   0
RGI60-07.00951,G023600E77549N,        21.816,   3,   3,   4,   9,  28, 124, 229, 515,  85,   0,   0,   0,   0,   0,   0,   0,   0,   0,   0,   0,   0,   0,   0,   0,   0,   0,   0,   0,   0,   0,   0,   0,   0,   0,   0,   0,   0,   0,   0,   0,   0,   0,   0,   0,   0,   0,   0
RGI60-07.00952,G022991E77642N,         2.961,   0,   0,  36,  77,  93,  79,  48,  95, 533,  39,   0,   0,   0,   0,   0,   0,   0,   0,   0,   0,   0,   0,   0,   0,   0,   0,   0,   0,   0,   0,   0,   0,   0,   0,   0,   0,   0,   0,   0,   0,   0,   0,   0,   0,   0,   0,   0
RGI60-07.00953,G022419E77827N,         0.665,   0,   0,   7, 142, 275, 200, 329,  47,   0,   0,   0,   0,   0,   0,   0,   0,   0,   0,   0,   0,   0,   0,   0,   0,   0,   0,   0,   0,   0,   0,   0,   0,   0,   0,   0,   0,   0,   0,   0,   0,   0,   0,   0,   0,   0,   0,   0
RGI60-07.00954,G022250E77827N,         3.463,   0,   0,   0,  38,  62, 136, 434, 293,  37,   0,   0,   0,   0,   0,   0,   0,   0,   0,   0,   0,   0,   0,   0,   0,   0,   0,   0,   0,   0,   0,   0,   0,   0,   0,   0,   0,   0,   0,   0,   0,   0,   0,   0,   0,   0,   0,   0
RGI60-07.00955,G022343E77823N,         0.618,   0,   0,   0,   0, 224, 348, 347,  81,   0,   0,   0,   0,   0,   0,   0,   0,   0,   0,   0,   0,   0,   0,   0,   0,   0,   0,   0,   0,   0,   0,   0,   0,   0,   0,   0,   0,   0,   0,   0,   0,   0,   0,   0,   0,   0,   0,   0
RGI60-07.00956,G022140E77978N,         0.891,   0,   0,   0,   0, 445, 538,  17,   0,   0,   0,   0,   0,   0,   0,   0,   0,   0,   0,   0,   0,   0,   0,   0,   0,   0,   0,   0,   0,   0,   0,   0,   0,   0,   0,   0,   0,   0,   0,   0,   0,   0,   0,   0,   0,   0,   0,   0
RGI60-07.00957,G021820E77964N,         0.316,   0,   0,   0,   0,   0,  18, 154, 335, 371, 122,   0,   0,   0,   0,   0,   0,   0,   0,   0,   0,   0,   0,   0,   0,   0,   0,   0,   0,   0,   0,   0,   0,   0,   0,   0,   0,   0,   0,   0,   0,   0,   0,   0,   0,   0,   0,   0
RGI60-07.00958,G021904E77927N,         0.673,   0,   0,  13, 118, 134, 168, 119, 134, 233,  81,   0,   0,   0,   0,   0,   0,   0,   0,   0,   0,   0,   0,   0,   0,   0,   0,   0,   0,   0,   0,   0,   0,   0,   0,   0,   0,   0,   0,   0,   0,   0,   0,   0,   0,   0,   0,   0
RGI60-07.00959,G022310E78058N,         0.591,   0,   0,   0,   0,   0,   0,   0,  56, 889,  55,   0,   0,   0,   0,   0,   0,   0,   0,   0,   0,   0,   0,   0,   0,   0,   0,   0,   0,   0,   0,   0,   0,   0,   0,   0,   0,   0,   0,   0,   0,   0,   0,   0,   0,   0,   0,   0
RGI60-07.00960,G022375E78042N,         0.633,   0,   0,   0,   0,  81, 919,   0,   0,   0,   0,   0,   0,   0,   0,   0,   0,   0,   0,   0,   0,   0,   0,   0,   0,   0,   0,   0,   0,   0,   0,   0,   0,   0,   0,   0,   0,   0,   0,   0,   0,   0,   0,   0,   0,   0,   0,   0
RGI60-07.00961,G022363E78073N,         0.255,   0,   0,   0,  49, 262, 373, 316,   0,   0,   0,   0,   0,   0,   0,   0,   0,   0,   0,   0,   0,   0,   0,   0,   0,   0,   0,   0,   0,   0,   0,   0,   0,   0,   0,   0,   0,   0,   0,   0,   0,   0,   0,   0,   0,   0,   0,   0
RGI60-07.00962,G022181E78053N,         0.124,   0,   0,   0,   0,   0, 434, 566,   0,   0,   0,   0,   0,   0,   0,   0,   0,   0,   0,   0,   0,   0,   0,   0,   0,   0,   0,   0,   0,   0,   0,   0,   0,   0,   0,   0,   0,   0,   0,   0,   0,   0,   0,   0,   0,   0,   0,   0
RGI60-07.00963,G021754E78051N,         0.633,   0,   0,  11,  43, 174, 281, 299, 170,  22,   0,   0,   0,   0,   0,   0,   0,   0,   0,   0,   0,   0,   0,   0,   0,   0,   0,   0,   0,   0,   0,   0,   0,   0,   0,   0,   0,   0,   0,   0,   0,   0,   0,   0,   0,   0,   0,   0
RGI60-07.00964,G021536E78034N,         1.815,   0,   0,   0,   0,   0,   0,   0,   0,  30, 158, 430, 382,   0,   0,   0,   0,   0,   0,   0,   0,   0,   0,   0,   0,   0,   0,   0,   0,   0,   0,   0,   0,   0,   0,   0,   0,   0,   0,   0,   0,   0,   0,   0,   0,   0,   0,   0
RGI60-07.00965,G021380E78102N,         0.289,   0,   0,   0,   0,  15, 219, 465, 301,   0,   0,   0,   0,   0,   0,   0,   0,   0,   0,   0,   0,   0,   0,   0,   0,   0,   0,   0,   0,   0,   0,   0,   0,   0,   0,   0,   0,   0,   0,   0,   0,   0,   0,   0,   0,   0,   0,   0
RGI60-07.00966,G021408E78108N,         0.215,   0,   0,   0,   6, 230, 474, 290,   0,   0,   0,   0,   0,   0,   0,   0,   0,   0,   0,   0,   0,   0,   0,   0,   0,   0,   0,   0,   0,   0,   0,   0,   0,   0,   0,   0,   0,   0,   0,   0,   0,   0,   0,   0,   0,   0,   0,   0
RGI60-07.00967,G021855E78155N,         0.398,   0,   0,   0,   0,  39, 454, 507,   0,   0,   0,   0,   0,   0,   0,   0,   0,   0,   0,   0,   0,   0,   0,   0,   0,   0,   0,   0,   0,   0,   0,   0,   0,   0,   0,   0,   0,   0,   0,   0,   0,   0,   0,   0,   0,   0,   0,   0
RGI60-07.00968,G021660E78164N,         0.335,   0,   0,  11, 551, 434,   4,   0,   0,   0,   0,   0,   0,   0,   0,   0,   0,   0,   0,   0,   0,   0,   0,   0,   0,   0,   0,   0,   0,   0,   0,   0,   0,   0,   0,   0,   0,   0,   0,   0,   0,   0,   0,   0,   0,   0,   0,   0
RGI60-07.00969,G022143E77742N,         1.044,   0,   0,   0,   0,   0,  22, 136, 203, 579,  60,   0,   0,   0,   0,   0,   0,   0,   0,   0,   0,   0,   0,   0,   0,   0,   0,   0,   0,   0,   0,   0,   0,   0,   0,   0,   0,   0,   0,   0,   0,   0,   0,   0,   0,   0,   0,   0
RGI60-07.00970,G022208E77737N,         0.161,   0,   0,   0,   0,   0,  12, 275, 415, 298,   0,   0,   0,   0,   0,   0,   0,   0,   0,   0,   0,   0,   0,   0,   0,   0,   0,   0,   0,   0,   0,   0,   0,   0,   0,   0,   0,   0,   0,   0,   0,   0,   0,   0,   0,   0,   0,   0
RGI60-07.00971,G022192E77644N,         0.371,   0,   0,   0,   0,   0,  55, 170, 242, 340, 193,   0,   0,   0,   0,   0,   0,   0,   0,   0,   0,   0,   0,   0,   0,   0,   0,   0,   0,   0,   0,   0,   0,   0,   0,   0,   0,   0,   0,   0,   0,   0,   0,   0,   0,   0,   0,   0
RGI60-07.00972,G021577E77608N,         0.358,   0,   0,   0,  18, 205, 332, 397,  48,   0,   0,   0,   0,   0,   0,   0,   0,   0,   0,   0,   0,   0,   0,   0,   0,   0,   0,   0,   0,   0,   0,   0,   0,   0,   0,   0,   0,   0,   0,   0,   0,   0,   0,   0,   0,   0,   0,   0
RGI60-07.00973,G021313E77571N,        13.239,   0,   0,  14,  31,  48,  81, 108, 123, 273, 186, 136,   0,   0,   0,   0,   0,   0,   0,   0,   0,   0,   0,   0,   0,   0,   0,   0,   0,   0,   0,   0,   0,   0,   0,   0,   0,   0,   0,   0,   0,   0,   0,   0,   0,   0,   0,   0
RGI60-07.00974,G021419E77516N,         0.241,   0,   0,   0,   0,   0,   0,   0,   0, 325, 675,   0,   0,   0,   0,   0,   0,   0,   0,   0,   0,   0,   0,   0,   0,   0,   0,   0,   0,   0,   0,   0,   0,   0,   0,   0,   0,   0,   0,   0,   0,   0,   0,   0,   0,   0,   0,   0
RGI60-07.00975,G021447E77515N,         0.284,   0,   0,   0,   0,   0,   0,   0, 234, 766,   0,   0,   0,   0,   0,   0,   0,   0,   0,   0,   0,   0,   0,   0,   0,   0,   0,   0,   0,   0,   0,   0,   0,   0,   0,   0,   0,   0,   0,   0,   0,   0,   0,   0,   0,   0,   0,   0
RGI60-07.00976,G021165E77532N,         0.953,   0,   0,   0,   0,   0,   0,   0,  55, 457, 488,   0,   0,   0,   0,   0,   0,   0,   0,   0,   0,   0,   0,   0,   0,   0,   0,   0,   0,   0,   0,   0,   0,   0,   0,   0,   0,   0,   0,   0,   0,   0,   0,   0,   0,   0,   0,   0
RGI60-07.00977,G021756E78385N,        48.079,   0,  21,  55,  81,  77, 126, 201, 126,  84,  85,  75,  56,  13,   0,   0,   0,   0,   0,   0,   0,   0,   0,   0,   0,   0,   0,   0,   0,   0,   0,   0,   0,   0,   0,   0,   0,   0,   0,   0,   0,   0,   0,   0,   0,   0,   0,   0
RGI60-07.00978,G022036E78427N,         0.326,   0,   0,   0,   0,  31,  90, 125, 219, 246, 276,  13,   0,   0,   0,   0,   0,   0,   0,   0,   0,   0,   0,   0,   0,   0,   0,   0,   0,   0,   0,   0,   0,   0,   0,   0,   0,   0,   0,   0,   0,   0,   0,   0,   0,   0,   0,   0
RGI60-07.00979,G021999E78441N,         1.362,   0,   0,   0,   0,  23, 103, 136, 219, 187, 276,  56,   0,   0,   0,   0,   0,   0,   0,   0,   0,   0,   0,   0,   0,   0,   0,   0,   0,   0,   0,   0,   0,   0,   0,   0,   0,   0,   0,   0,   0,   0,   0,   0,   0,   0,   0,   0
RGI60-07.00980,G021974E78461N,         7.163,   0,  71,  42,  53,  98, 120, 127, 164, 262,  61,   2,   0,   0,   0,   0,   0,   0,   0,   0,   0,   0,   0,   0,   0,   0,   0,   0,   0,   0,   0,   0,   0,   0,   0,   0,   0,   0,   0,   0,   0,   0,   0,   0,   0,   0,   0,   0
RGI60-07.00981,G021953E78484N,         3.072,   0,   9,  34,  50, 105, 225, 274, 186,  53,  35,  29,   0,   0,   0,   0,   0,   0,   0,   0,   0,   0,   0,   0,   0,   0,   0,   0,   0,   0,   0,   0,   0,   0,   0,   0,   0,   0,   0,   0,   0,   0,   0,   0,   0,   0,   0,   0
RGI60-07.00982,G020466E79065N,        29.137,   0,  14,  41,  68,  97, 252, 179, 134, 122,  86,   7,   0,   0,   0,   0,   0,   0,   0,   0,   0,   0,   0,   0,   0,   0,   0,   0,   0,   0,   0,   0,   0,   0,   0,   0,   0,   0,   0,   0,   0,   0,   0,   0,   0,   0,   0,   0
RGI60-07.00983,G020217E78965N,        14.249,  12,  81,  81,  84, 173, 129,  98, 130, 129,  79,   4,   0,   0,   0,   0,   0,   0,   0,   0,   0,   0,   0,   0,   0,   0,   0,   0,   0,   0,   0,   0,   0,   0,   0,   0,   0,   0,   0,   0,   0,   0,   0,   0,   0,   0,   0,   0
RGI60-07.00984,G019902E78959N,        37.438,   1,  40, 134, 209, 345,  74,  38,  64,  51,  27,  15,   2,   0,   0,   0,   0,   0,   0,   0,   0,   0,   0,   0,   0,   0,   0,   0,   0,   0,   0,   0,   0,   0,   0,   0,   0,   0,   0,   0,   0,   0,   0,   0,   0,   0,   0,   0
RGI60-07.00985,G019701E79005N,        21.096,   2,  44,  88,  69,  65,  74,  81, 125, 221, 183,  44,   4,   0,   0,   0,   0,   0,   0,   0,   0,   0,   0,   0,   0,   0,   0,   0,   0,   0,   0,   0,   0,   0,   0,   0,   0,   0,   0,   0,   0,   0,   0,   0,   0,   0,   0,   0
RGI60-07.00986,G019471E79040N,        77.429,   1,  19,  32,  34,  52,  36, 120, 191, 211, 138,  97,  47,  22,   0,   0,   0,   0,   0,   0,   0,   0,   0,   0,   0,   0,   0,   0,   0,   0,   0,   0,   0,   0,   0,   0,   0,   0,   0,   0,   0,   0,   0,   0,   0,   0,   0,   0
RGI60-07.00987,G018697E79225N,         2.622,   0,   0,   2,   7,   9,   8, 116, 167, 145, 229, 317,   0,   0,   0,   0,   0,   0,   0,   0,   0,   0,   0,   0,   0,   0,   0,   0,   0,   0,   0,   0,   0,   0,   0,   0,   0,   0,   0,   0,   0,   0,   0,   0,   0,   0,   0,   0
RGI60-07.00988,G018734E79138N,         0.193,   0,   0,   0,   0,   0,   0,   0,   0,  16, 133, 214, 323, 314,   0,   0,   0,   0,   0,   0,   0,   0,   0,   0,   0,   0,   0,   0,   0,   0,   0,   0,   0,   0,   0,   0,   0,   0,   0,   0,   0,   0,   0,   0,   0,   0,   0,   0
RGI60-07.00989,G018797E79057N,         0.850,   0,   0,   0,   0,   0,  24,  37,  56, 229,  93, 101, 216, 240,   4,   0,   0,   0,   0,   0,   0,   0,   0,   0,   0,   0,   0,   0,   0,   0,   0,   0,   0,   0,   0,   0,   0,   0,   0,   0,   0,   0,   0,   0,   0,   0,   0,   0
RGI60-07.00990,G018780E79178N,        10.970,   6,  67,  56,  37,  91,  69,  78,  93, 100, 123, 124,  89,  67,   0,   0,   0,   0,   0,   0,   0,   0,   0,   0,   0,   0,   0,   0,   0,   0,   0,   0,   0,   0,   0,   0,   0,   0,   0,   0,   0,   0,   0,   0,   0,   0,   0,   0
RGI60-07.00991,G018835E78998N,         0.112,   0,   0,   0,   0,   0,   0,   0,   0,   0,   0,   0,  16, 547, 437,   0,   0,   0,   0,   0,   0,   0,   0,   0,   0,   0,   0,   0,   0,   0,   0,   0,   0,   0,   0,   0,   0,   0,   0,   0,   0,   0,   0,   0,   0,   0,   0,   0
RGI60-07.00992,G018857E78997N,         0.112,   0,   0,   0,   0,   0,   0,   0,   0,   0,  45, 335, 484, 136,   0,   0,   0,   0,   0,   0,   0,   0,   0,   0,   0,   0,   0,   0,   0,   0,   0,   0,   0,   0,   0,   0,   0,   0,   0,   0,   0,   0,   0,   0,   0,   0,   0,   0
RGI60-07.00993,G019253E79118N,        11.536,  12,  37,  30,  42,  69,  70,  98, 129, 239, 170,  91,  13,   0,   0,   0,   0,   0,   0,   0,   0,   0,   0,   0,   0,   0,   0,   0,   0,   0,   0,   0,   0,   0,   0,   0,   0,   0,   0,   0,   0,   0,   0,   0,   0,   0,   0,   0
RGI60-07.00994,G019701E79074N,         0.281,   0,   0, 145, 362, 381, 112,   0,   0,   0,   0,   0,   0,   0,   0,   0,   0,   0,   0,   0,   0,   0,   0,   0,   0,   0,   0,   0,   0,   0,   0,   0,   0,   0,   0,   0,   0,   0,   0,   0,   0,   0,   0,   0,   0,   0,   0,   0
RGI60-07.00995,G020269E78970N,         0.231,   0,   0,   0, 149, 320, 244, 244,  43,   0,   0,   0,   0,   0,   0,   0,   0,   0,   0,   0,   0,   0,   0,   0,   0,   0,   0,   0,   0,   0,   0,   0,   0,   0,   0,   0,   0,   0,   0,   0,   0,   0,   0,   0,   0,   0,   0,   0
RGI60-07.00996,G020417E79040N,         0.335, 107, 421, 420,  52,   0,   0,   0,   0,   0,   0,   0,   0,   0,   0,   0,   0,   0,   0,   0,   0,   0,   0,   0,   0,   0,   0,   0,   0,   0,   0,   0,   0,   0,   0,   0,   0,   0,   0,   0,   0,   0,   0,   0,   0,   0,   0,   0
RGI60-07.00997,G020481E79043N,         0.301, 279, 355, 252, 114,   0,   0,   0,   0,   0,   0,   0,   0,   0,   0,   0,   0,   0,   0,   0,   0,   0,   0,   0,   0,   0,   0,   0,   0,   0,   0,   0,   0,   0,   0,   0,   0,   0,   0,   0,   0,   0,   0,   0,   0,   0,   0,   0
RGI60-07.00998,G020486E79078N,         0.130,   0,   0,   0,  24, 191, 249, 345, 191,   0,   0,   0,   0,   0,   0,   0,   0,   0,   0,   0,   0,   0,   0,   0,   0,   0,   0,   0,   0,   0,   0,   0,   0,   0,   0,   0,   0,   0,   0,   0,   0,   0,   0,   0,   0,   0,   0,   0
RGI60-07.00999,G015842E78267N,         0.945,   0,   0,   0,   0,   0,   0,   0,   8,  34,  73, 142, 231, 313, 169,  30,   0,   0,   0,   0,   0,   0,   0,   0,   0,   0,   0,   0,   0,   0,   0,   0,   0,   0,   0,   0,   0,   0,   0,   0,   0,   0,   0,   0,   0,   0,   0,   0
RGI60-07.01000,G016224E78224N,         0.750,   0,   0,   0,   0,   0,   0,   0,   0,   2,  30,  43,  72, 124, 132, 187, 258, 145,   7,   0,   0,   0,   0,   0,   0,   0,   0,   0,   0,   0,   0,   0,   0,   0,   0,   0,   0,   0,   0,   0,   0,   0,   0,   0,   0,   0,   0,   0
RGI60-07.01001,G015689E78140N,         1.245,   0,   0,   0,   0,   0,   0,   0,   0,   0,   7,  41, 105, 171, 174, 156, 163,  95,  44,  24,  18,   2,   0,   0,   0,   0,   0,   0,   0,   0,   0,   0,   0,   0,   0,   0,   0,   0,   0,   0,   0,   0,   0,   0,   0,   0,   0,   0
RGI60-07.01002,G015738E78126N,         1.126,   0,   0,   0,   0,   0,   0,   0,   9,  29,  65, 170, 200, 176, 151,  77,  51,  43,  28,   1,   0,   0,   0,   0,   0,   0,   0,   0,   0,   0,   0,   0,   0,   0,   0,   0,   0,   0,   0,   0,   0,   0,   0,   0,   0,   0,   0,   0
RGI60-07.01003,G016150E78097N,         0.710,   0,   0,   0,   0,   0,   0,   0,   0,   0,   0,  90, 183, 254, 210, 138,  51,  49,  25,   0,   0,   0,   0,   0,   0,   0,   0,   0,   0,   0,   0,   0,   0,   0,   0,   0,   0,   0,   0,   0,   0,   0,   0,   0,   0,   0,   0,   0
RGI60-07.01004,G015983E78059N,         2.229,   0,   0,   0,   0,   0,   0,   4,  75, 133, 156, 159, 161, 129,  83,  34,  30,  19,  14,   3,   0,   0,   0,   0,   0,   0,   0,   0,   0,   0,   0,   0,   0,   0,   0,   0,   0,   0,   0,   0,   0,   0,   0,   0,   0,   0,   0,   0
RGI60-07.01005,G015563E78053N,         0.646,   0,   0,   0,   0,   0,   0,   0,   3,  26,  44,  66,  98,  72, 104, 100,  97, 105, 115, 103,  67,   0,   0,   0,   0,   0,   0,   0,   0,   0,   0,   0,   0,   0,   0,   0,   0,   0,   0,   0,   0,   0,   0,   0,   0,   0,   0,   0
RGI60-07.01006,G016243E78056N,         0.912,   0,   0,   0,   0,   0,   0,   0,  25,  69, 185, 200, 191, 179, 128,  23,   0,   0,   0,   0,   0,   0,   0,   0,   0,   0,   0,   0,   0,   0,   0,   0,   0,   0,   0,   0,   0,   0,   0,   0,   0,   0,   0,   0,   0,   0,   0,   0
RGI60-07.01007,G014656E78039N,         0.660,   0,   0,   0,   0,   0,   3,  25,  19,  87, 131, 228, 206, 149,  87,  56,   9,   0,   0,   0,   0,   0,   0,   0,   0,   0,   0,   0,   0,   0,   0,   0,   0,   0,   0,   0,   0,   0,   0,   0,   0,   0,   0,   0,   0,   0,   0,   0
RGI60-07.01008,G015654E77996N,         1.206,   0,   0,   0,   0,   0,   0,  41, 125,  68, 155, 197, 207, 113,  59,  30,   5,   0,   0,   0,   0,   0,   0,   0,   0,   0,   0,   0,   0,   0,   0,   0,   0,   0,   0,   0,   0,   0,   0,   0,   0,   0,   0,   0,   0,   0,   0,   0
RGI60-07.01009,G013987E78001N,         0.386,   0,   0,   0,   0,   0, 101, 206, 154, 242, 206,  91,   0,   0,   0,   0,   0,   0,   0,   0,   0,   0,   0,   0,   0,   0,   0,   0,   0,   0,   0,   0,   0,   0,   0,   0,   0,   0,   0,   0,   0,   0,   0,   0,   0,   0,   0,   0
RGI60-07.01010,G013801E77981N,         0.839,   0,   0,   0,   0,  28, 160, 180, 110,  99,  59,  94, 138,  64,  45,  23,   0,   0,   0,   0,   0,   0,   0,   0,   0,   0,   0,   0,   0,   0,   0,   0,   0,   0,   0,   0,   0,   0,   0,   0,   0,   0,   0,   0,   0,   0,   0,   0
RGI60-07.01011,G014853E77962N,         0.271,   0,   0,   0,   0,   0,   0,   0,  41, 177, 210, 152, 129,  58,  51, 180,   2,   0,   0,   0,   0,   0,   0,   0,   0,   0,   0,   0,   0,   0,   0,   0,   0,   0,   0,   0,   0,   0,   0,   0,   0,   0,   0,   0,   0,   0,   0,   0
RGI60-07.01012,G014678E77954N,         0.641,   0,   0,   0,   0,   0,   0,   0,  26, 142, 182, 143, 157, 164, 145,  41,   0,   0,   0,   0,   0,   0,   0,   0,   0,   0,   0,   0,   0,   0,   0,   0,   0,   0,   0,   0,   0,   0,   0,   0,   0,   0,   0,   0,   0,   0,   0,   0
RGI60-07.01013,G014718E77948N,         0.223,   0,   0,   0,   0,   0,   0,   0,  75, 182, 274, 221, 201,  47,   0,   0,   0,   0,   0,   0,   0,   0,   0,   0,   0,   0,   0,   0,   0,   0,   0,   0,   0,   0,   0,   0,   0,   0,   0,   0,   0,   0,   0,   0,   0,   0,   0,   0
RGI60-07.01014,G014728E77923N,         0.333,   0,   0,   0,   0,   0,   0, 114, 360, 419, 107,   0,   0,   0,   0,   0,   0,   0,   0,   0,   0,   0,   0,   0,   0,   0,   0,   0,   0,   0,   0,   0,   0,   0,   0,   0,   0,   0,   0,   0,   0,   0,   0,   0,   0,   0,   0,   0
RGI60-07.01015,G015144E77896N,         1.480,   0,   0,   0,   0,   0,   0, 103, 299, 185, 121,  92,  75,  60,  40,  25,   0,   0,   0,   0,   0,   0,   0,   0,   0,   0,   0,   0,   0,   0,   0,   0,   0,   0,   0,   0,   0,   0,   0,   0,   0,   0,   0,   0,   0,   0,   0,   0
RGI60-07.01016,G014620E77885N,         0.079,   0,   0,   0,   0,   0,  40, 270, 159, 301, 214,  16,   0,   0,   0,   0,   0,   0,   0,   0,   0,   0,   0,   0,   0,   0,   0,   0,   0,   0,   0,   0,   0,   0,   0,   0,   0,   0,   0,   0,   0,   0,   0,   0,   0,   0,   0,   0
RGI60-07.01017,G015160E77887N,         0.438,   0,   0,   0,   0,   0,   0,   0,  50, 315, 274, 167, 170,  24,   0,   0,   0,   0,   0,   0,   0,   0,   0,   0,   0,   0,   0,   0,   0,   0,   0,   0,   0,   0,   0,   0,   0,   0,   0,   0,   0,   0,   0,   0,   0,   0,   0,   0
RGI60-07.01018,G014641E77872N,         0.360,   0,   0,   0,   0,   0,   0, 190, 348, 414,  48,   0,   0,   0,   0,   0,   0,   0,   0,   0,   0,   0,   0,   0,   0,   0,   0,   0,   0,   0,   0,   0,   0,   0,   0,   0,   0,   0,   0,   0,   0,   0,   0,   0,   0,   0,   0,   0
RGI60-07.01019,G015169E77878N,         0.205,   0,   0,   0,   0,   0,   0,   0,  24, 266, 363, 344,   3,   0,   0,   0,   0,   0,   0,   0,   0,   0,   0,   0,   0,   0,   0,   0,   0,   0,   0,   0,   0,   0,   0,   0,   0,   0,   0,   0,   0,   0,   0,   0,   0,   0,   0,   0
RGI60-07.01020,G014078E77860N,         0.181,   0,   0,   0,   0,   0,   7, 800, 193,   0,   0,   0,   0,   0,   0,   0,   0,   0,   0,   0,   0,   0,   0,   0,   0,   0,   0,   0,   0,   0,   0,   0,   0,   0,   0,   0,   0,   0,   0,   0,   0,   0,   0,   0,   0,   0,   0,   0
RGI60-07.01021,G014116E77841N,         1.108,   0,   0,   0,   0,   0,  40, 317, 258, 167, 152,  59,   7,   0,   0,   0,   0,   0,   0,   0,   0,   0,   0,   0,   0,   0,   0,   0,   0,   0,   0,   0,   0,   0,   0,   0,   0,   0,   0,   0,   0,   0,   0,   0,   0,   0,   0,   0
RGI60-07.01022,G014467E77874N,         1.570,   0,   0,   0,   0,   0,  37, 204, 224, 255, 247,  33,   0,   0,   0,   0,   0,   0,   0,   0,   0,   0,   0,   0,   0,   0,   0,   0,   0,   0,   0,   0,   0,   0,   0,   0,   0,   0,   0,   0,   0,   0,   0,   0,   0,   0,   0,   0
RGI60-07.01023,G016158E78140N,         3.217,   0,   0,   0,   0,   0,   0,   4,  19,  36,  93, 145, 137, 171, 106, 113, 108,  68,   0,   0,   0,   0,   0,   0,   0,   0,   0,   0,   0,   0,   0,   0,   0,   0,   0,   0,   0,   0,   0,   0,   0,   0,   0,   0,   0,   0,   0,   0
RGI60-07.01024,G016125E78282N,         2.637,   0,   0,   0,   0,   0,  12,  44,  86, 121, 125, 150, 116, 119,  93,  67,  42,  24,   1,   0,   0,   0,   0,   0,   0,   0,   0,   0,   0,   0,   0,   0,   0,   0,   0,   0,   0,   0,   0,   0,   0,   0,   0,   0,   0,   0,   0,   0
RGI60-07.01025,G016596E78271N,         1.751,   0,   0,   0,   0,   0,   0,  18,  82,  88,  72,  90, 119, 119, 105,  97,  85,  62,  59,   4,   0,   0,   0,   0,   0,   0,   0,   0,   0,   0,   0,   0,   0,   0,   0,   0,   0,   0,   0,   0,   0,   0,   0,   0,   0,   0,   0,   0
RGI60-07.01026,G017199E78472N,         0.927,   0,   0,   0,   0,   0,   0,   0,  25, 164, 176, 137, 227, 184,  87,   0,   0,   0,   0,   0,   0,   0,   0,   0,   0,   0,   0,   0,   0,   0,   0,   0,   0,   0,   0,   0,   0,   0,   0,   0,   0,   0,   0,   0,   0,   0,   0,   0
RGI60-07.01027,G016899E78429N,         0.919,   0,   0,   0,   0,   0,   0,   4,  29,  70,  35,  42,  42,  69, 117, 182, 303, 107,   0,   0,   0,   0,   0,   0,   0,   0,   0,   0,   0,   0,   0,   0,   0,   0,   0,   0,   0,   0,   0,   0,   0,   0,   0,   0,   0,   0,   0,   0
RGI60-07.01028,G015803E78055N,         0.364,   0,   0,   0,   0,   0,   0,   0,  14, 112, 165, 174, 275, 174,  84,   2,   0,   0,   0,   0,   0,   0,   0,   0,   0,   0,   0,   0,   0,   0,   0,   0,   0,   0,   0,   0,   0,   0,   0,   0,   0,   0,   0,   0,   0,   0,   0,   0
RGI60-07.01029,G015246E77962N,         0.736,   0,   0,   0,   0,   0,   0,   0,   8,  77, 168, 214, 222, 128,  90,  74,  19,   0,   0,   0,   0,   0,   0,   0,   0,   0,   0,   0,   0,   0,   0,   0,   0,   0,   0,   0,   0,   0,   0,   0,   0,   0,   0,   0,   0,   0,   0,   0
RGI60-07.01030,G015748E78087N,         0.371,   0,   0,   0,   0,   0,   0,   0,   0,   8, 126, 147, 150, 132, 103, 116, 103,  86,  29,   0,   0,   0,   0,   0,   0,   0,   0,   0,   0,   0,   0,   0,   0,   0,   0,   0,   0,   0,   0,   0,   0,   0,   0,   0,   0,   0,   0,   0
RGI60-07.01031,G015650E78009N,         0.303,   0,   0,   0,   0,   0,   0,   0,   0,   0,  25, 113, 229, 262, 258, 111,   2,   0,   0,   0,   0,   0,   0,   0,   0,   0,   0,   0,   0,   0,   0,   0,   0,   0,   0,   0,   0,   0,   0,   0,   0,   0,   0,   0,   0,   0,   0,   0
RGI60-07.01032,G015699E77991N,         0.303,   0,   0,   0,   0,   0,   0,   0,   0,  12, 175, 349, 251, 136,  77,   0,   0,   0,   0,   0,   0,   0,   0,   0,   0,   0,   0,   0,   0,   0,   0,   0,   0,   0,   0,   0,   0,   0,   0,   0,   0,   0,   0,   0,   0,   0,   0,   0
RGI60-07.01033,G014919E77897N,         0.488,   0,   0,   0,   0,   0,   0,  79, 165, 215, 116, 105, 112, 142,  66,   0,   0,   0,   0,   0,   0,   0,   0,   0,   0,   0,   0,   0,   0,   0,   0,   0,   0,   0,   0,   0,   0,   0,   0,   0,   0,   0,   0,   0,   0,   0,   0,   0
RGI60-07.01034,G014759E77940N,         0.579,   0,   0,   0,   0,   0,   0,   0,  57, 161, 379, 393,  10,   0,   0,   0,   0,   0,   0,   0,   0,   0,   0,   0,   0,   0,   0,   0,   0,   0,   0,   0,   0,   0,   0,   0,   0,   0,   0,   0,   0,   0,   0,   0,   0,   0,   0,   0
RGI60-07.01035,G014334E77790N,         0.269,   0,   0,   0,   0,   0,   2,  92, 166, 273, 173, 161,  71,  37,  25,   0,   0,   0,   0,   0,   0,   0,   0,   0,   0,   0,   0,   0,   0,   0,   0,   0,   0,   0,   0,   0,   0,   0,   0,   0,   0,   0,   0,   0,   0,   0,   0,   0
RGI60-07.01036,G014111E77926N,         0.579,   0,   0,   0,   0,   0,   0, 249, 285, 274, 165,  27,   0,   0,   0,   0,   0,   0,   0,   0,   0,   0,   0,   0,   0,   0,   0,   0,   0,   0,   0,   0,   0,   0,   0,   0,   0,   0,   0,   0,   0,   0,   0,   0,   0,   0,   0,   0
RGI60-07.01037,G014124E77907N,         2.556,   0,   0,   0,  24, 137, 134, 170, 223, 212,  73,  18,   7,   2,   0,   0,   0,   0,   0,   0,   0,   0,   0,   0,   0,   0,   0,   0,   0,   0,   0,   0,   0,   0,   0,   0,   0,   0,   0,   0,   0,   0,   0,   0,   0,   0,   0,   0
RGI60-07.01038,G016934E78454N,         0.137,   0,   0,   0,   0,   0,   0,   0, 171, 396, 235, 198,   0,   0,   0,   0,   0,   0,   0,   0,   0,   0,   0,   0,   0,   0,   0,   0,   0,   0,   0,   0,   0,   0,   0,   0,   0,   0,   0,   0,   0,   0,   0,   0,   0,   0,   0,   0
RGI60-07.01039,G016836E78453N,         0.754,   0,   0,   0,   0,   0,   0,   2,  35,  32,  88, 199, 338, 119,  81, 106,   0,   0,   0,   0,   0,   0,   0,   0,   0,   0,   0,   0,   0,   0,   0,   0,   0,   0,   0,   0,   0,   0,   0,   0,   0,   0,   0,   0,   0,   0,   0,   0
RGI60-07.01040,G016602E78255N,         1.950,   0,   0,   0,   0,   0,   0,   0,   0,   0,   0,  74, 100, 145, 242, 168, 126, 113,  32,   0,   0,   0,   0,   0,   0,   0,   0,   0,   0,   0,   0,   0,   0,   0,   0,   0,   0,   0,   0,   0,   0,   0,   0,   0,   0,   0,   0,   0
RGI60-07.01041,G016663E78238N,         1.754,   0,   0,   0,   0,   0,   0,   0,   0,  12,  63,  84, 118, 167, 194, 201, 118,  43,   0,   0,   0,   0,   0,   0,   0,   0,   0,   0,   0,   0,   0,   0,   0,   0,   0,   0,   0,   0,   0,   0,   0,   0,   0,   0,   0,   0,   0,   0
RGI60-07.01042,G016210E78237N,         0.957,   0,   0,   0,   0,   0,   0,   0,  43,  61,  80, 106,  96, 126, 134, 138, 115,  84,  16,   1,   0,   0,   0,   0,   0,   0,   0,   0,   0,   0,   0,   0,   0,   0,   0,   0,   0,   0,   0,   0,   0,   0,   0,   0,   0,   0,   0,   0
RGI60-07.01043,G016281E78222N,         1.042,   0,   0,   0,   0,   0,   0,   0,   0,   0,   7,  45,  59,  83, 120, 183, 213, 152,  66,  41,  25,   6,   0,   0,   0,   0,   0,   0,   0,   0,   0,   0,   0,   0,   0,   0,   0,   0,   0,   0,   0,   0,   0,   0,   0,   0,   0,   0
RGI60-07.01044,G015550E78174N,         2.410,   0,   0,   0,   0,   0,   0,   2,  16,  32,  52,  82, 217, 239, 184,  91,  72,  13,   0,   0,   0,   0,   0,   0,   0,   0,   0,   0,   0,   0,   0,   0,   0,   0,   0,   0,   0,   0,   0,   0,   0,   0,   0,   0,   0,   0,   0,   0
RGI60-07.01045,G015753E78152N,         0.314,   0,   0,   0,   0,   0,   0,   0,   0,   0,   0,   0,  84, 478, 202, 132,  88,  16,   0,   0,   0,   0,   0,   0,   0,   0,   0,   0,   0,   0,   0,   0,   0,   0,   0,   0,   0,   0,   0,   0,   0,   0,   0,   0,   0,   0,   0,   0
RGI60-07.01046,G015162E78146N,         0.289,   0,   0,   0,   0,   0,   0,   0,   0,   0,   0,   0,   0,   0,  65, 196, 267, 239, 168,  65,   0,   0,   0,   0,   0,   0,   0,   0,   0,   0,   0,   0,   0,   0,   0,   0,   0,   0,   0,   0,   0,   0,   0,   0,   0,   0,   0,   0
RGI60-07.01047,G015428E78147N,         1.598,   0,   0,   0,   0,   0,   0,   0,  42,  91, 156, 153, 133, 122,  74,  45,  37,  37,  44,  38,  23,   5,   0,   0,   0,   0,   0,   0,   0,   0,   0,   0,   0,   0,   0,   0,   0,   0,   0,   0,   0,   0,   0,   0,   0,   0,   0,   0
RGI60-07.01048,G016375E78143N,         1.435,   0,   0,   0,   0,   0,   0,   0,   0,   6,  54,  63,  94, 148, 207, 163, 110, 106,  38,  11,   0,   0,   0,   0,   0,   0,   0,   0,   0,   0,   0,   0,   0,   0,   0,   0,   0,   0,   0,   0,   0,   0,   0,   0,   0,   0,   0,   0
RGI60-07.01049,G015715E78112N,         2.030,   0,   0,   0,   0,   0,   0,   0,   0,  29, 102, 192, 239, 178, 108,  76,  49,  25,   2,   0,   0,   0,   0,   0,   0,   0,   0,   0,   0,   0,   0,   0,   0,   0,   0,   0,   0,   0,   0,   0,   0,   0,   0,   0,   0,   0,   0,   0
RGI60-07.01050,G015918E78096N,         3.253,   0,   0,   0,   0,   0,  13,  82,  68,  83, 149, 110,  99, 109,  89,  49,  40,  43,  32,  32,   2,   0,   0,   0,   0,   0,   0,   0,   0,   0,   0,   0,   0,   0,   0,   0,   0,   0,   0,   0,   0,   0,   0,   0,   0,   0,   0,   0
RGI60-07.01051,G015967E78083N,         2.553,   0,   0,   0,   0,   0,   0,   0,  37, 157, 130, 154, 175, 120,  94,  56,  35,  23,  14,   5,   0,   0,   0,   0,   0,   0,   0,   0,   0,   0,   0,   0,   0,   0,   0,   0,   0,   0,   0,   0,   0,   0,   0,   0,   0,   0,   0,   0
RGI60-07.01052,G015995E78078N,         0.541,   0,   0,   0,   0,   0,   0,   0,   0,  29, 153, 210, 196, 182, 183,  47,   0,   0,   0,   0,   0,   0,   0,   0,   0,   0,   0,   0,   0,   0,   0,   0,   0,   0,   0,   0,   0,   0,   0,   0,   0,   0,   0,   0,   0,   0,   0,   0
RGI60-07.01053,G015583E78084N,         0.391,   0,   0,   0,   0,   0,   0,   0,   6,  65, 110, 130, 157, 130, 102,  83,  75,  68,  52,  22,   0,   0,   0,   0,   0,   0,   0,   0,   0,   0,   0,   0,   0,   0,   0,   0,   0,   0,   0,   0,   0,   0,   0,   0,   0,   0,   0,   0
RGI60-07.01054,G013897E78067N,         1.834,   0,   0,   0,  57, 128, 193, 132, 141, 125, 131,  93,   0,   0,   0,   0,   0,   0,   0,   0,   0,   0,   0,   0,   0,   0,   0,   0,   0,   0,   0,   0,   0,   0,   0,   0,   0,   0,   0,   0,   0,   0,   0,   0,   0,   0,   0,   0
RGI60-07.01055,G015712E78072N,         2.960,   0,   0,   0,   0,   0,   0,  20,  58, 142, 140, 117, 144, 100,  78,  77,  78,  40,   6,   0,   0,   0,   0,   0,   0,   0,   0,   0,   0,   0,   0,   0,   0,   0,   0,   0,   0,   0,   0,   0,   0,   0,   0,   0,   0,   0,   0,   0
RGI60-07.01056,G015777E78061N,         0.340,   0,   0,   0,   0,   0,   0,   0,   0,   0,   0,  42,  75,  86, 141, 278, 321,  57,   0,   0,   0,   0,   0,   0,   0,   0,   0,   0,   0,   0,   0,   0,   0,   0,   0,   0,   0,   0,   0,   0,   0,   0,   0,   0,   0,   0,   0,   0
RGI60-07.01057,G015325E78047N,         0.203,   0,   0,   0,   0,   0,   0,   0,   0,   0,   0, 103, 176, 240, 256, 158,  64,   3,   0,   0,   0,   0,   0,   0,   0,   0,   0,   0,   0,   0,   0,   0,   0,   0,   0,   0,   0,   0,   0,   0,   0,   0,   0,   0,   0,   0,   0,   0
RGI60-07.01058,G015290E78051N,         0.303,   0,   0,   0,   0,   0,   0,   0,   0,   0, 117, 169, 226, 365, 123,   0,   0,   0,   0,   0,   0,   0,   0,   0,   0,   0,   0,   0,   0,   0,   0,   0,   0,   0,   0,   0,   0,   0,   0,   0,   0,   0,   0,   0,   0,   0,   0,   0
RGI60-07.01059,G015636E78048N,         2.528,   0,   0,   0,   0,   0,   0,   4,  58,  94,  72,  89, 144, 148, 124, 113,  86,  59,   9,   0,   0,   0,   0,   0,   0,   0,   0,   0,   0,   0,   0,   0,   0,   0,   0,   0,   0,   0,   0,   0,   0,   0,   0,   0,   0,   0,   0,   0
RGI60-07.01060,G013954E78041N,         1.137,   0,   0,   0,   9, 171, 184, 401, 190,  45,   0,   0,   0,   0,   0,   0,   0,   0,   0,   0,   0,   0,   0,   0,   0,   0,   0,   0,   0,   0,   0,   0,   0,   0,   0,   0,   0,   0,   0,   0,   0,   0,   0,   0,   0,   0,   0,   0
RGI60-07.01061,G014986E78033N,         1.098,   0,   0,   0,   0,   0,   0,  22,  97, 227, 258, 159, 123,  86,  14,  14,   0,   0,   0,   0,   0,   0,   0,   0,   0,   0,   0,   0,   0,   0,   0,   0,   0,   0,   0,   0,   0,   0,   0,   0,   0,   0,   0,   0,   0,   0,   0,   0
RGI60-07.01062,G015207E78037N,         0.485,   0,   0,   0,   0,   0,   0,   0,  58, 115, 165, 146, 119, 143, 112, 119,  23,   0,   0,   0,   0,   0,   0,   0,   0,   0,   0,   0,   0,   0,   0,   0,   0,   0,   0,   0,   0,   0,   0,   0,   0,   0,   0,   0,   0,   0,   0,   0
RGI60-07.01063,G015225E78032N,         0.122,   0,   0,   0,   0,   0,   0,   0,   0,  36, 318, 435, 149,  62,   0,   0,   0,   0,   0,   0,   0,   0,   0,   0,   0,   0,   0,   0,   0,   0,   0,   0,   0,   0,   0,   0,   0,   0,   0,   0,   0,   0,   0,   0,   0,   0,   0,   0
RGI60-07.01064,G014724E78030N,         0.653,   0,   0,   0,   0,   0,   0,  48, 126, 179, 183, 193, 145,  93,  33,   0,   0,   0,   0,   0,   0,   0,   0,   0,   0,   0,   0,   0,   0,   0,   0,   0,   0,   0,   0,   0,   0,   0,   0,   0,   0,   0,   0,   0,   0,   0,   0,   0
RGI60-07.01065,G015031E77999N,         5.136,   0,   0,   0,   0,   0,   6,  59, 138, 266, 266, 118,  89,  24,  15,   8,   4,   4,   3,   0,   0,   0,   0,   0,   0,   0,   0,   0,   0,   0,   0,   0,   0,   0,   0,   0,   0,   0,   0,   0,   0,   0,   0,   0,   0,   0,   0,   0
RGI60-07.01066,G015596E78003N,         0.578,   0,   0,   0,   0,   0,   0,   0,   0,  65, 194, 206, 163, 169, 108,  68,  27,   0,   0,   0,   0,   0,   0,   0,   0,   0,   0,   0,   0,   0,   0,   0,   0,   0,   0,   0,   0,   0,   0,   0,   0,   0,   0,   0,   0,   0,   0,   0
RGI60-07.01067,G015579E77993N,         0.393,   0,   0,   0,   0,   0,   0,   0,   0,  38, 210, 404, 287,  53,   8,   0,   0,   0,   0,   0,   0,   0,   0,   0,   0,   0,   0,   0,   0,   0,   0,   0,   0,   0,   0,   0,   0,   0,   0,   0,   0,   0,   0,   0,   0,   0,   0,   0
RGI60-07.01068,G014001E77992N,         0.119,   0,   0,   0,   0,   0,  21, 905,  74,   0,   0,   0,   0,   0,   0,   0,   0,   0,   0,   0,   0,   0,   0,   0,   0,   0,   0,   0,   0,   0,   0,   0,   0,   0,   0,   0,   0,   0,   0,   0,   0,   0,   0,   0,   0,   0,   0,   0
RGI60-07.01069,G014069E77988N,         0.344,   0,   0,   0,   0,   0, 149, 619, 221,  11,   0,   0,   0,   0,   0,   0,   0,   0,   0,   0,   0,   0,   0,   0,   0,   0,   0,   0,   0,   0,   0,   0,   0,   0,   0,   0,   0,   0,   0,   0,   0,   0,   0,   0,   0,   0,   0,   0
RGI60-07.01070,G014029E77986N,         0.409,   0,   0,   0,   0,   0,   0, 198, 581, 146,  63,  12,   0,   0,   0,   0,   0,   0,   0,   0,   0,   0,   0,   0,   0,   0,   0,   0,   0,   0,   0,   0,   0,   0,   0,   0,   0,   0,   0,   0,   0,   0,   0,   0,   0,   0,   0,   0
RGI60-07.01071,G015091E77961N,         8.021,   0,   0,   0,   0,   0,   3,  43, 130, 222, 283, 183,  69,  35,  23,   8,   1,   0,   0,   0,   0,   0,   0,   0,   0,   0,   0,   0,   0,   0,   0,   0,   0,   0,   0,   0,   0,   0,   0,   0,   0,   0,   0,   0,   0,   0,   0,   0
RGI60-07.01072,G015173E77964N,         1.264,   0,   0,   0,   0,   0,   0,   6, 125, 283, 167, 151,  91,  77,  47,  27,  19,   7,   0,   0,   0,   0,   0,   0,   0,   0,   0,   0,   0,   0,   0,   0,   0,   0,   0,   0,   0,   0,   0,   0,   0,   0,   0,   0,   0,   0,   0,   0
RGI60-07.01073,G015555E77981N,         0.863,   0,   0,   0,   0,   0,   0,   0,   0,   8, 251, 281, 257, 115,  71,  17,   0,   0,   0,   0,   0,   0,   0,   0,   0,   0,   0,   0,   0,   0,   0,   0,   0,   0,   0,   0,   0,   0,   0,   0,   0,   0,   0,   0,   0,   0,   0,   0
RGI60-07.01074,G014702E77932N,         0.890,   0,   0,   0,   0,   0,   0,   8, 134, 222, 234, 153, 107,  84,  49,   9,   0,   0,   0,   0,   0,   0,   0,   0,   0,   0,   0,   0,   0,   0,   0,   0,   0,   0,   0,   0,   0,   0,   0,   0,   0,   0,   0,   0,   0,   0,   0,   0
RGI60-07.01075,G015110E77907N,         2.309,   0,   0,   0,   0,   0,  40, 196, 183, 145, 185,  94,  89,  45,  18,   5,   0,   0,   0,   0,   0,   0,   0,   0,   0,   0,   0,   0,   0,   0,   0,   0,   0,   0,   0,   0,   0,   0,   0,   0,   0,   0,   0,   0,   0,   0,   0,   0
RGI60-07.01076,G015145E77909N,         0.204,   0,   0,   0,   0,   0,   0,   0,   0,  43, 441, 264, 252,   0,   0,   0,   0,   0,   0,   0,   0,   0,   0,   0,   0,   0,   0,   0,   0,   0,   0,   0,   0,   0,   0,   0,   0,   0,   0,   0,   0,   0,   0,   0,   0,   0,   0,   0
RGI60-07.01077,G013907E77960N,         1.883,   0,   0,   0,   0,   0, 149, 336, 286, 127,  62,  27,  13,   0,   0,   0,   0,   0,   0,   0,   0,   0,   0,   0,   0,   0,   0,   0,   0,   0,   0,   0,   0,   0,   0,   0,   0,   0,   0,   0,   0,   0,   0,   0,   0,   0,   0,   0
RGI60-07.01078,G013869E77959N,         0.109,   0,   0,   0,   0,   0,   0,   0,   0, 233, 380, 307,  80,   0,   0,   0,   0,   0,   0,   0,   0,   0,   0,   0,   0,   0,   0,   0,   0,   0,   0,   0,   0,   0,   0,   0,   0,   0,   0,   0,   0,   0,   0,   0,   0,   0,   0,   0
RGI60-07.01079,G014069E77971N,         6.737,   0,   0,   0,   1,  65, 201, 350, 298,  60,  23,   2,   0,   0,   0,   0,   0,   0,   0,   0,   0,   0,   0,   0,   0,   0,   0,   0,   0,   0,   0,   0,   0,   0,   0,   0,   0,   0,   0,   0,   0,   0,   0,   0,   0,   0,   0,   0
RGI60-07.01080,G014018E77898N,         6.922,   0,   0,   0,   5,  75, 164, 198, 153, 131, 121,  75,  39,  30,   9,   0,   0,   0,   0,   0,   0,   0,   0,   0,   0,   0,   0,   0,   0,   0,   0,   0,   0,   0,   0,   0,   0,   0,   0,   0,   0,   0,   0,   0,   0,   0,   0,   0
RGI60-07.01081,G014100E77876N,         8.972,   0,   0,   0,   0,  42, 153, 153, 173, 205, 181,  58,  23,  10,   2,   0,   0,   0,   0,   0,   0,   0,   0,   0,   0,   0,   0,   0,   0,   0,   0,   0,   0,   0,   0,   0,   0,   0,   0,   0,   0,   0,   0,   0,   0,   0,   0,   0
RGI60-07.01082,G014232E77911N,        18.100,   0,   0,   8,  68,  80, 104, 220, 233, 130,  96,  43,  16,   2,   0,   0,   0,   0,   0,   0,   0,   0,   0,   0,   0,   0,   0,   0,   0,   0,   0,   0,   0,   0,   0,   0,   0,   0,   0,   0,   0,   0,   0,   0,   0,   0,   0,   0
RGI60-07.01083,G014470E77889N,         1.642,   0,   0,   0,   0,   0,  62, 289, 259, 197, 112,  59,  20,   2,   0,   0,   0,   0,   0,   0,   0,   0,   0,   0,   0,   0,   0,   0,   0,   0,   0,   0,   0,   0,   0,   0,   0,   0,   0,   0,   0,   0,   0,   0,   0,   0,   0,   0
RGI60-07.01084,G014564E77900N,         1.023,   0,   0,   0,   0,   0, 113, 261, 406, 154,  51,  15,   0,   0,   0,   0,   0,   0,   0,   0,   0,   0,   0,   0,   0,   0,   0,   0,   0,   0,   0,   0,   0,   0,   0,   0,   0,   0,   0,   0,   0,   0,   0,   0,   0,   0,   0,   0
RGI60-07.01085,G014439E77898N,         0.171,   0,   0,   0,   0,   0,   0,  55, 258, 378, 269,  40,   0,   0,   0,   0,   0,   0,   0,   0,   0,   0,   0,   0,   0,   0,   0,   0,   0,   0,   0,   0,   0,   0,   0,   0,   0,   0,   0,   0,   0,   0,   0,   0,   0,   0,   0,   0
RGI60-07.01086,G014687E77911N,         2.798,   0,   0,   0,   0,   0,   8, 188, 287, 363, 104,  50,   0,   0,   0,   0,   0,   0,   0,   0,   0,   0,   0,   0,   0,   0,   0,   0,   0,   0,   0,   0,   0,   0,   0,   0,   0,   0,   0,   0,   0,   0,   0,   0,   0,   0,   0,   0
RGI60-07.01087,G014627E77902N,         0.296,   0,   0,   0,   0,   0,   6,  42,  74, 172, 299, 367,  40,   0,   0,   0,   0,   0,   0,   0,   0,   0,   0,   0,   0,   0,   0,   0,   0,   0,   0,   0,   0,   0,   0,   0,   0,   0,   0,   0,   0,   0,   0,   0,   0,   0,   0,   0
RGI60-07.01088,G014697E77898N,         0.436,   0,   0,   0,   0,   0,   0,   0,  40, 237, 493, 230,   0,   0,   0,   0,   0,   0,   0,   0,   0,   0,   0,   0,   0,   0,   0,   0,   0,   0,   0,   0,   0,   0,   0,   0,   0,   0,   0,   0,   0,   0,   0,   0,   0,   0,   0,   0
RGI60-07.01089,G014670E77899N,         0.212,   0,   0,   0,   0,   0,   0,   0,  12, 221, 555, 212,   0,   0,   0,   0,   0,   0,   0,   0,   0,   0,   0,   0,   0,   0,   0,   0,   0,   0,   0,   0,   0,   0,   0,   0,   0,   0,   0,   0,   0,   0,   0,   0,   0,   0,   0,   0
RGI60-07.01090,G014601E77915N,         2.698,   0,   0,   0,   0,  20, 160, 231, 195, 164, 109,  95,  26,   0,   0,   0,   0,   0,   0,   0,   0,   0,   0,   0,   0,   0,   0,   0,   0,   0,   0,   0,   0,   0,   0,   0,   0,   0,   0,   0,   0,   0,   0,   0,   0,   0,   0,   0
RGI60-07.01091,G014965E77953N,         2.884,   0,   0,   0,   0,   0,   6,  82, 115, 112, 188, 133, 109,  99,  82,  41,  29,   4,   0,   0,   0,   0,   0,   0,   0,   0,   0,   0,   0,   0,   0,   0,   0,   0,   0,   0,   0,   0,   0,   0,   0,   0,   0,   0,   0,   0,   0,   0
RGI60-07.01092,G014892E77952N,         1.563,   0,   0,   0,   0,   0,   0,  14,  59, 101, 135, 152, 154, 150,  86,  88,  53,   8,   0,   0,   0,   0,   0,   0,   0,   0,   0,   0,   0,   0,   0,   0,   0,   0,   0,   0,   0,   0,   0,   0,   0,   0,   0,   0,   0,   0,   0,   0
RGI60-07.01093,G014693E78020N,         1.153,   0,   0,   0,   0,   0,   0,   0,   5,  24,  46, 130, 228, 190, 173, 128,  68,   8,   0,   0,   0,   0,   0,   0,   0,   0,   0,   0,   0,   0,   0,   0,   0,   0,   0,   0,   0,   0,   0,   0,   0,   0,   0,   0,   0,   0,   0,   0
RGI60-07.01094,G014748E78019N,         0.748,   0,   0,   0,   0,   0,   0,   0,  14,  65,  85, 184, 202, 177, 122,  80,  53,  18,   0,   0,   0,   0,   0,   0,   0,   0,   0,   0,   0,   0,   0,   0,   0,   0,   0,   0,   0,   0,   0,   0,   0,   0,   0,   0,   0,   0,   0,   0
RGI60-07.01095,G014957E78014N,         2.326,   0,   0,   0,   0,   0,   0,   6,  52, 120, 468, 157,  71,  33,  28,  25,  19,  11,  10,   0,   0,   0,   0,   0,   0,   0,   0,   0,   0,   0,   0,   0,   0,   0,   0,   0,   0,   0,   0,   0,   0,   0,   0,   0,   0,   0,   0,   0
RGI60-07.01096,G014899E78014N,         0.230,   0,   0,   0,   0,   0,   0,   0,  16, 105, 176, 251, 274, 159,  19,   0,   0,   0,   0,   0,   0,   0,   0,   0,   0,   0,   0,   0,   0,   0,   0,   0,   0,   0,   0,   0,   0,   0,   0,   0,   0,   0,   0,   0,   0,   0,   0,   0
RGI60-07.01097,G015459E78025N,         0.668,   0,   0,   0,   0,   0,   0,   0,   0,   0,  10,  31,  49,  88,  85,  61, 126, 159, 159, 232,   0,   0,   0,   0,   0,   0,   0,   0,   0,   0,   0,   0,   0,   0,   0,   0,   0,   0,   0,   0,   0,   0,   0,   0,   0,   0,   0,   0
RGI60-07.01098,G015542E78017N,         1.625,   0,   0,   0,   0,   0,   0,   2,  28,  45,  88, 138, 166, 192, 172, 101,  35,  20,  11,   2,   0,   0,   0,   0,   0,   0,   0,   0,   0,   0,   0,   0,   0,   0,   0,   0,   0,   0,   0,   0,   0,   0,   0,   0,   0,   0,   0,   0
RGI60-07.01099,G014488E77864N,         0.712,   0,   0,   0,   0,   0,  20, 218, 335, 254, 131,  42,   0,   0,   0,   0,   0,   0,   0,   0,   0,   0,   0,   0,   0,   0,   0,   0,   0,   0,   0,   0,   0,   0,   0,   0,   0,   0,   0,   0,   0,   0,   0,   0,   0,   0,   0,   0
RGI60-07.01100,G014408E77836N,        50.408,   2,  13,  43,  92, 110, 110,  96, 219, 157,  81,  48,  21,   7,   1,   0,   0,   0,   0,   0,   0,   0,   0,   0,   0,   0,   0,   0,   0,   0,   0,   0,   0,   0,   0,   0,   0,   0,   0,   0,   0,   0,   0,   0,   0,   0,   0,   0
RGI60-07.01101,G014881E77828N,         0.200,   0,   0,   0,   0, 153, 134, 426, 231,  56,   0,   0,   0,   0,   0,   0,   0,   0,   0,   0,   0,   0,   0,   0,   0,   0,   0,   0,   0,   0,   0,   0,   0,   0,   0,   0,   0,   0,   0,   0,   0,   0,   0,   0,   0,   0,   0,   0
RGI60-07.01102,G014920E77827N,         0.447,   0,   0,   0,   0,   0,   0,  76, 176, 317, 160, 150, 121,   0,   0,   0,   0,   0,   0,   0,   0,   0,   0,   0,   0,   0,   0,   0,   0,   0,   0,   0,   0,   0,   0,   0,   0,   0,   0,   0,   0,   0,   0,   0,   0,   0,   0,   0
RGI60-07.01103,G015210E78142N,         1.866,   0,   0,   0,   0,   0,   0,   0,   1,  34, 103, 115, 132, 122, 158, 122,  94,  52,  55,  12,   0,   0,   0,   0,   0,   0,   0,   0,   0,   0,   0,   0,   0,   0,   0,   0,   0,   0,   0,   0,   0,   0,   0,   0,   0,   0,   0,   0
RGI60-07.01104,G015332E78138N,         1.916,   0,   0,   0,   0,   0,   0,   0,   4, 102, 134, 101,  90,  93, 117, 154, 139,  59,   7,   0,   0,   0,   0,   0,   0,   0,   0,   0,   0,   0,   0,   0,   0,   0,   0,   0,   0,   0,   0,   0,   0,   0,   0,   0,   0,   0,   0,   0
RGI60-07.01105,G015261E78140N,         0.415,   0,   0,   0,   0,   0,   0,   0,   8,  53,  98, 140, 236, 218, 140, 102,   5,   0,   0,   0,   0,   0,   0,   0,   0,   0,   0,   0,   0,   0,   0,   0,   0,   0,   0,   0,   0,   0,   0,   0,   0,   0,   0,   0,   0,   0,   0,   0
RGI60-07.01106,G015453E78190N,         1.079,   0,   0,   0,   0,   0,   0,   0,   0,   0,   0,   0,  90, 121, 143, 153, 142, 152, 100,  62,  37,   0,   0,   0,   0,   0,   0,   0,   0,   0,   0,   0,   0,   0,   0,   0,   0,   0,   0,   0,   0,   0,   0,   0,   0,   0,   0,   0
RGI60-07.01107,G015466E78173N,         2.950,   0,   0,   0,   0,   0,  14,  36,  64,  71, 116, 139, 123,  95,  50,  36,  42,  29,  32,  52,  81,  20,   0,   0,   0,   0,   0,   0,   0,   0,   0,   0,   0,   0,   0,   0,   0,   0,   0,   0,   0,   0,   0,   0,   0,   0,   0,   0
RGI60-07.01108,G016135E78117N,         4.321,   0,   0,   0,   0,   0,   0,  18,  29,  26,  28,  37,  51,  79, 156, 263, 194,  67,  44,   8,   0,   0,   0,   0,   0,   0,   0,   0,   0,   0,   0,   0,   0,   0,   0,   0,   0,   0,   0,   0,   0,   0,   0,   0,   0,   0,   0,   0
RGI60-07.01109,G016221E78113N,         3.822,   0,   0,   0,   0,   0,   0,   0,   7,  29,  38,  52,  68,  90, 165, 258, 243,  50,   0,   0,   0,   0,   0,   0,   0,   0,   0,   0,   0,   0,   0,   0,   0,   0,   0,   0,   0,   0,   0,   0,   0,   0,   0,   0,   0,   0,   0,   0
RGI60-07.01110,G016445E78121N,         5.275,   0,   0,   0,   0,   0,   3,  20,  49,  65,  72,  85, 127, 125, 142, 121, 106,  49,  21,  14,   1,   0,   0,   0,   0,   0,   0,   0,   0,   0,   0,   0,   0,   0,   0,   0,   0,   0,   0,   0,   0,   0,   0,   0,   0,   0,   0,   0
RGI60-07.01111,G016704E78135N,         3.235,   0,   0,   0,   0,   0,   0,  17,  44,  86,  99, 118, 156, 146, 128, 100,  55,  28,  15,   8,   0,   0,   0,   0,   0,   0,   0,   0,   0,   0,   0,   0,   0,   0,   0,   0,   0,   0,   0,   0,   0,   0,   0,   0,   0,   0,   0,   0
RGI60-07.01112,G016517E78232N,         1.460,   0,   0,   0,   0,   0,   0,   0,   0,   8,  17,  15,  27,  50,  64,  59,  42, 166, 354, 198,   0,   0,   0,   0,   0,   0,   0,   0,   0,   0,   0,   0,   0,   0,   0,   0,   0,   0,   0,   0,   0,   0,   0,   0,   0,   0,   0,   0
RGI60-07.01113,G016561E78240N,         2.160,   0,   0,   0,   0,   0,   0,   0,   2,  57, 108, 118, 128, 143, 128, 139, 112,  64,   1,   0,   0,   0,   0,   0,   0,   0,   0,   0,   0,   0,   0,   0,   0,   0,   0,   0,   0,   0,   0,   0,   0,   0,   0,   0,   0,   0,   0,   0
RGI60-07.01114,G016170E78252N,         3.905,   0,   0,   0,   0,   0,   9,  66,  72,  90,  71, 116, 134, 153,  91,  92,  69,  25,   9,   3,   0,   0,   0,   0,   0,   0,   0,   0,   0,   0,   0,   0,   0,   0,   0,   0,   0,   0,   0,   0,   0,   0,   0,   0,   0,   0,   0,   0
RGI60-07.01115,G016114E78230N,         1.864,   0,   0,   0,   0,   0,   0,   0,  10,  86, 153, 197, 167, 194, 119,  54,  19,   1,   0,   0,   0,   0,   0,   0,   0,   0,   0,   0,   0,   0,   0,   0,   0,   0,   0,   0,   0,   0,   0,   0,   0,   0,   0,   0,   0,   0,   0,   0
RGI60-07.01116,G016061E78245N,         2.164,   0,   0,   0,   0,   0,   0,   3,  41,  81,  99, 123, 202, 191,  82,  72,  87,  19,   0,   0,   0,   0,   0,   0,   0,   0,   0,   0,   0,   0,   0,   0,   0,   0,   0,   0,   0,   0,   0,   0,   0,   0,   0,   0,   0,   0,   0,   0
RGI60-07.01117,G016049E78272N,         0.116,   0,   0,   0,   0,   0,   0,   0,   0,   0,  17, 380, 260, 138,  83, 122,   0,   0,   0,   0,   0,   0,   0,   0,   0,   0,   0,   0,   0,   0,   0,   0,   0,   0,   0,   0,   0,   0,   0,   0,   0,   0,   0,   0,   0,   0,   0,   0
RGI60-07.01118,G016056E78265N,         2.445,   0,   0,   0,   0,   0,   0,   3,  37,  80, 129, 123, 123, 136, 138, 116,  98,  16,   1,   0,   0,   0,   0,   0,   0,   0,   0,   0,   0,   0,   0,   0,   0,   0,   0,   0,   0,   0,   0,   0,   0,   0,   0,   0,   0,   0,   0,   0
RGI60-07.01119,G016186E78267N,         1.378,   0,   0,   0,   0,   0,   0,   0,   2,  36, 125, 171, 181, 177, 132,  93,  75,   8,   0,   0,   0,   0,   0,   0,   0,   0,   0,   0,   0,   0,   0,   0,   0,   0,   0,   0,   0,   0,   0,   0,   0,   0,   0,   0,   0,   0,   0,   0
RGI60-07.01120,G015992E78284N,         1.622,   0,   0,   0,   0,   0,  14,  43,  88, 136, 108, 118, 140, 128, 174,  51,   0,   0,   0,   0,   0,   0,   0,   0,   0,   0,   0,   0,   0,   0,   0,   0,   0,   0,   0,   0,   0,   0,   0,   0,   0,   0,   0,   0,   0,   0,   0,   0
RGI60-07.01121,G016045E78299N,         3.464,   0,   0,   0,   0,   0,   0,   0,  20,  83, 134, 135, 198, 163, 144,  77,  27,  10,   9,   0,   0,   0,   0,   0,   0,   0,   0,   0,   0,   0,   0,   0,   0,   0,   0,   0,   0,   0,   0,   0,   0,   0,   0,   0,   0,   0,   0,   0
RGI60-07.01122,G016117E78309N,         0.783,   0,   0,   0,   0,   0,   0,  36,  80, 160, 278, 109,  52,  67,  58,  73,  51,  24,  12,   0,   0,   0,   0,   0,   0,   0,   0,   0,   0,   0,   0,   0,   0,   0,   0,   0,   0,   0,   0,   0,   0,   0,   0,   0,   0,   0,   0,   0
RGI60-07.01123,G016714E78268N,         3.790,   0,   0,   0,   0,   0,   6,  37,  66,  95, 130, 124, 131, 132,  91,  78,  51,  30,  29,   0,   0,   0,   0,   0,   0,   0,   0,   0,   0,   0,   0,   0,   0,   0,   0,   0,   0,   0,   0,   0,   0,   0,   0,   0,   0,   0,   0,   0
RGI60-07.01124,G014955E77814N,         1.724,   0,   0,   0,   0,   5, 141, 154, 178, 221, 160, 103,  37,   1,   0,   0,   0,   0,   0,   0,   0,   0,   0,   0,   0,   0,   0,   0,   0,   0,   0,   0,   0,   0,   0,   0,   0,   0,   0,   0,   0,   0,   0,   0,   0,   0,   0,   0
RGI60-07.01125,G014946E77842N,         0.126,   0,   0,   0,   0,   0,   0,   0,   0, 435, 505,  60,   0,   0,   0,   0,   0,   0,   0,   0,   0,   0,   0,   0,   0,   0,   0,   0,   0,   0,   0,   0,   0,   0,   0,   0,   0,   0,   0,   0,   0,   0,   0,   0,   0,   0,   0,   0
RGI60-07.01126,G014981E77837N,         0.433,   0,   0,   0,   0,   0,   0,  22, 251, 365, 183, 117,  62,   0,   0,   0,   0,   0,   0,   0,   0,   0,   0,   0,   0,   0,   0,   0,   0,   0,   0,   0,   0,   0,   0,   0,   0,   0,   0,   0,   0,   0,   0,   0,   0,   0,   0,   0
RGI60-07.01127,G014973E77828N,         1.378,   0,   0,   0,   0,   0,  12,  87, 234, 419, 232,  16,   0,   0,   0,   0,   0,   0,   0,   0,   0,   0,   0,   0,   0,   0,   0,   0,   0,   0,   0,   0,   0,   0,   0,   0,   0,   0,   0,   0,   0,   0,   0,   0,   0,   0,   0,   0
RGI60-07.01128,G014995E77903N,         1.408,   0,   0,   0,   0,   0,   0,  74, 197, 159, 228, 134, 122,  79,   7,   0,   0,   0,   0,   0,   0,   0,   0,   0,   0,   0,   0,   0,   0,   0,   0,   0,   0,   0,   0,   0,   0,   0,   0,   0,   0,   0,   0,   0,   0,   0,   0,   0
RGI60-07.01129,G015610E78015N,         1.376,   0,   0,   0,   0,   0,   0,   0,  75, 145, 131, 157, 215, 186,  79,  12,   0,   0,   0,   0,   0,   0,   0,   0,   0,   0,   0,   0,   0,   0,   0,   0,   0,   0,   0,   0,   0,   0,   0,   0,   0,   0,   0,   0,   0,   0,   0,   0
RGI60-07.01130,G016561E78093N,        18.191,   0,   0,   0,   0,  13,  27,  34,  65,  56,  70, 117, 134, 143, 145, 100,  57,  18,  16,   4,   1,   0,   0,   0,   0,   0,   0,   0,   0,   0,   0,   0,   0,   0,   0,   0,   0,   0,   0,   0,   0,   0,   0,   0,   0,   0,   0,   0
RGI60-07.01131,G016179E78058N,         0.815,   0,   0,   0,   0,   0,   0,   0,   0,   8,  53,  74, 118, 165, 128,  98,  85,  73, 113,  56,  29,   0,   0,   0,   0,   0,   0,   0,   0,   0,   0,   0,   0,   0,   0,   0,   0,   0,   0,   0,   0,   0,   0,   0,   0,   0,   0,   0
RGI60-07.01132,G015627E78128N,         3.463,   0,   0,   0,   0,   0,   0,   3,  20,  73, 135, 164, 163, 130,  73,  60,  61,  55,  31,  23,   9,   0,   0,   0,   0,   0,   0,   0,   0,   0,   0,   0,   0,   0,   0,   0,   0,   0,   0,   0,   0,   0,   0,   0,   0,   0,   0,   0
RGI60-07.01133,G016874E78446N,         0.314,   0,   0,   0,   0,   0,   0,   0,   0,   0,  34,  89, 173, 334, 332,  38,   0,   0,   0,   0,   0,   0,   0,   0,   0,   0,   0,   0,   0,   0,   0,   0,   0,   0,   0,   0,   0,   0,   0,   0,   0,   0,   0,   0,   0,   0,   0,   0
RGI60-07.01134,G016877E78437N,         1.015,   0,   0,   0,   0,   0,   0,   1,  39,  78,  46,  33,  28,  93, 192, 185, 226,  79,   0,   0,   0,   0,   0,   0,   0,   0,   0,   0,   0,   0,   0,   0,   0,   0,   0,   0,   0,   0,   0,   0,   0,   0,   0,   0,   0,   0,   0,   0
RGI60-07.01135,G016740E78422N,         1.991,   0,   0,   0,   4,  14,  12,  17,  40,  40,  45,  70,  74,  90, 124, 308, 162,   0,   0,   0,   0,   0,   0,   0,   0,   0,   0,   0,   0,   0,   0,   0,   0,   0,   0,   0,   0,   0,   0,   0,   0,   0,   0,   0,   0,   0,   0,   0
RGI60-07.01136,G017647E78358N,        35.171,   0,   0,   0,   0,   0,   2,   6,  13,  38,  54,  86, 126, 247, 373,  54,   1,   0,   0,   0,   0,   0,   0,   0,   0,   0,   0,   0,   0,   0,   0,   0,   0,   0,   0,   0,   0,   0,   0,   0,   0,   0,   0,   0,   0,   0,   0,   0
RGI60-07.01137,G017703E78381N,         2.917,   0,   0,   0,   0,   0,   0,   9,  67, 124, 108,  45, 186, 253, 141,  67,   0,   0,   0,   0,   0,   0,   0,   0,   0,   0,   0,   0,   0,   0,   0,   0,   0,   0,   0,   0,   0,   0,   0,   0,   0,   0,   0,   0,   0,   0,   0,   0
RGI60-07.01138,G017032E78472N,         6.848,   0,   0,   0,   0,  32,  37,  84, 105, 144, 149, 214, 152,  41,  14,   8,   6,   7,   5,   2,   0,   0,   0,   0,   0,   0,   0,   0,   0,   0,   0,   0,   0,   0,   0,   0,   0,   0,   0,   0,   0,   0,   0,   0,   0,   0,   0,   0
RGI60-07.01139,G016928E78443N,         0.368,   0,   0,   0,   0,   0,   3, 208, 309, 174, 141, 116,  49,   0,   0,   0,   0,   0,   0,   0,   0,   0,   0,   0,   0,   0,   0,   0,   0,   0,   0,   0,   0,   0,   0,   0,   0,   0,   0,   0,   0,   0,   0,   0,   0,   0,   0,   0
RGI60-07.01140,G016936E78434N,         0.357,   0,   0,   0,   0,   0,  12, 140,  98,  53,  55,  69,  74,  78, 109, 265,  47,   0,   0,   0,   0,   0,   0,   0,   0,   0,   0,   0,   0,   0,   0,   0,   0,   0,   0,   0,   0,   0,   0,   0,   0,   0,   0,   0,   0,   0,   0,   0
RGI60-07.01141,G015080E77937N,         0.463,   0,   0,   0,   0,   0,   0,  84, 282, 320, 161, 110,  42,   1,   0,   0,   0,   0,   0,   0,   0,   0,   0,   0,   0,   0,   0,   0,   0,   0,   0,   0,   0,   0,   0,   0,   0,   0,   0,   0,   0,   0,   0,   0,   0,   0,   0,   0
RGI60-07.01142,G014961E77821N,         0.221,   0,   0,   0,   0,   0,   0,  83, 304, 268, 211, 134,   0,   0,   0,   0,   0,   0,   0,   0,   0,   0,   0,   0,   0,   0,   0,   0,   0,   0,   0,   0,   0,   0,   0,   0,   0,   0,   0,   0,   0,   0,   0,   0,   0,   0,   0,   0
RGI60-07.01143,G014595E77882N,         0.835,   0,   0,   0,   0,   0,   0,   0, 151, 445, 309,  87,   8,   0,   0,   0,   0,   0,   0,   0,   0,   0,   0,   0,   0,   0,   0,   0,   0,   0,   0,   0,   0,   0,   0,   0,   0,   0,   0,   0,   0,   0,   0,   0,   0,   0,   0,   0
RGI60-07.01144,G014420E77776N,         2.435,   0,   0,   0,   4, 169, 249, 162, 150,  95,  76,  44,  37,  14,   0,   0,   0,   0,   0,   0,   0,   0,   0,   0,   0,   0,   0,   0,   0,   0,   0,   0,   0,   0,   0,   0,   0,   0,   0,   0,   0,   0,   0,   0,   0,   0,   0,   0
RGI60-07.01145,G015656E78083N,         1.537,   0,   0,   0,   0,   0,   0,   6, 108,  63,  46,  63, 111, 105,  99, 124,  90,  57,  59,  62,   7,   0,   0,   0,   0,   0,   0,   0,   0,   0,   0,   0,   0,   0,   0,   0,   0,   0,   0,   0,   0,   0,   0,   0,   0,   0,   0,   0
RGI60-07.01146,G015706E78088N,         0.499,   0,   0,   0,   0,   0,   0,   0,   0,   0,  73, 117, 113, 102, 116, 103,  91,  87, 107,  91,   0,   0,   0,   0,   0,   0,   0,   0,   0,   0,   0,   0,   0,   0,   0,   0,   0,   0,   0,   0,   0,   0,   0,   0,   0,   0,   0,   0
RGI60-07.01147,G014664E77927N,         0.374,   0,   0,   0,   0,   0,   0,   0,   0, 242, 342, 252, 146,  18,   0,   0,   0,   0,   0,   0,   0,   0,   0,   0,   0,   0,   0,   0,   0,   0,   0,   0,   0,   0,   0,   0,   0,   0,   0,   0,   0,   0,   0,   0,   0,   0,   0,   0
RGI60-07.01148,G016678E78281N,         0.417,   0,   0,   0,   0,   0,   0,   0,   0,  24,  72,  87, 124, 158, 205, 218, 100,  12,   0,   0,   0,   0,   0,   0,   0,   0,   0,   0,   0,   0,   0,   0,   0,   0,   0,   0,   0,   0,   0,   0,   0,   0,   0,   0,   0,   0,   0,   0
RGI60-07.01149,G017420E78370N,         0.962,   0,   0,   0,   0,   0,   0,   0,   0,  10, 130, 500, 360,   0,   0,   0,   0,   0,   0,   0,   0,   0,   0,   0,   0,   0,   0,   0,   0,   0,   0,   0,   0,   0,   0,   0,   0,   0,   0,   0,   0,   0,   0,   0,   0,   0,   0,   0
RGI60-07.01150,G017295E78546N,         0.973,   0,   0,   0,   0,   0,  15,  87, 100,  71,  55,  33,  21,  19,  21,  30,  52,  81,  86,  83,  86,  77,  78,   5,   0,   0,   0,   0,   0,   0,   0,   0,   0,   0,   0,   0,   0,   0,   0,   0,   0,   0,   0,   0,   0,   0,   0,   0
RGI60-07.01151,G014536E77895N,         0.331,   0,   0,   0,   0,   0,  21, 274, 278, 253, 174,   0,   0,   0,   0,   0,   0,   0,   0,   0,   0,   0,   0,   0,   0,   0,   0,   0,   0,   0,   0,   0,   0,   0,   0,   0,   0,   0,   0,   0,   0,   0,   0,   0,   0,   0,   0,   0
RGI60-07.01152,G014640E77906N,         0.152,   0,   0,   0,   0,   0,   0,   0,   0,   0,   8, 743, 249,   0,   0,   0,   0,   0,   0,   0,   0,   0,   0,   0,   0,   0,   0,   0,   0,   0,   0,   0,   0,   0,   0,   0,   0,   0,   0,   0,   0,   0,   0,   0,   0,   0,   0,   0
RGI60-07.01153,G014649E79745N,         4.568,   0,   0,  44, 106, 146, 195, 192, 157,  79,  38,  29,  14,   0,   0,   0,   0,   0,   0,   0,   0,   0,   0,   0,   0,   0,   0,   0,   0,   0,   0,   0,   0,   0,   0,   0,   0,   0,   0,   0,   0,   0,   0,   0,   0,   0,   0,   0
RGI60-07.01154,G014552E79679N,         4.027,   0,   0,   5,  57,  90, 105, 171, 169, 134, 129,  71,  25,  24,  20,   0,   0,   0,   0,   0,   0,   0,   0,   0,   0,   0,   0,   0,   0,   0,   0,   0,   0,   0,   0,   0,   0,   0,   0,   0,   0,   0,   0,   0,   0,   0,   0,   0
RGI60-07.01155,G014430E79696N,         2.292,   0,   0,  18,  55, 177, 150, 172, 191, 152,  63,  22,   0,   0,   0,   0,   0,   0,   0,   0,   0,   0,   0,   0,   0,   0,   0,   0,   0,   0,   0,   0,   0,   0,   0,   0,   0,   0,   0,   0,   0,   0,   0,   0,   0,   0,   0,   0
RGI60-07.01156,G014827E79674N,         2.033,   0,   0,   0,  40, 106, 193, 192, 192, 145, 116,  16,   0,   0,   0,   0,   0,   0,   0,   0,   0,   0,   0,   0,   0,   0,   0,   0,   0,   0,   0,   0,   0,   0,   0,   0,   0,   0,   0,   0,   0,   0,   0,   0,   0,   0,   0,   0
RGI60-07.01157,G014484E79606N,         6.407,   0,   0,   0,  11,  26,  79,  81, 126, 189, 196, 153,  77,  35,  18,   8,   1,   0,   0,   0,   0,   0,   0,   0,   0,   0,   0,   0,   0,   0,   0,   0,   0,   0,   0,   0,   0,   0,   0,   0,   0,   0,   0,   0,   0,   0,   0,   0
RGI60-07.01158,G014641E79656N,         9.400,   0,   0,  10,  34,  69,  87, 107, 153, 174, 164, 109,  64,  24,   4,   1,   0,   0,   0,   0,   0,   0,   0,   0,   0,   0,   0,   0,   0,   0,   0,   0,   0,   0,   0,   0,   0,   0,   0,   0,   0,   0,   0,   0,   0,   0,   0,   0
RGI60-07.01159,G014811E79661N,         1.280,   0,   0,   0,   0,  18,  63,  96, 144, 116, 154, 141, 143,  95,  24,   6,   0,   0,   0,   0,   0,   0,   0,   0,   0,   0,   0,   0,   0,   0,   0,   0,   0,   0,   0,   0,   0,   0,   0,   0,   0,   0,   0,   0,   0,   0,   0,   0
RGI60-07.01160,G014463E79657N,         1.740,   0,   0,   0,   0,  42, 131, 154, 260, 225, 150,  38,   0,   0,   0,   0,   0,   0,   0,   0,   0,   0,   0,   0,   0,   0,   0,   0,   0,   0,   0,   0,   0,   0,   0,   0,   0,   0,   0,   0,   0,   0,   0,   0,   0,   0,   0,   0
RGI60-07.01161,G014763E79652N,         1.646,   0,   0,   0,   0,  11,  58,  97, 147, 144, 172, 175, 116,  56,  24,   0,   0,   0,   0,   0,   0,   0,   0,   0,   0,   0,   0,   0,   0,   0,   0,   0,   0,   0,   0,   0,   0,   0,   0,   0,   0,   0,   0,   0,   0,   0,   0,   0
RGI60-07.01162,G014560E79630N,         3.928,   0,   0,   0,   0,  44,  93, 124, 140, 145, 191, 145,  61,  43,  12,   2,   0,   0,   0,   0,   0,   0,   0,   0,   0,   0,   0,   0,   0,   0,   0,   0,   0,   0,   0,   0,   0,   0,   0,   0,   0,   0,   0,   0,   0,   0,   0,   0
RGI60-07.01163,G014481E79561N,         8.029,   0,   0,   1,  12,  20,  40,  61,  67,  83, 103, 152, 156, 134,  80,  26,  18,   8,  16,  14,   9,   0,   0,   0,   0,   0,   0,   0,   0,   0,   0,   0,   0,   0,   0,   0,   0,   0,   0,   0,   0,   0,   0,   0,   0,   0,   0,   0
RGI60-07.01164,G014456E79520N,         3.097,   0,   0,   0,   0,   0,   0,   1,  62,  96, 126, 105, 128, 154, 139, 102,  55,  18,  14,   0,   0,   0,   0,   0,   0,   0,   0,   0,   0,   0,   0,   0,   0,   0,   0,   0,   0,   0,   0,   0,   0,   0,   0,   0,   0,   0,   0,   0
RGI60-07.01165,G014074E79526N,         0.673,   0,   0,   0,   0,   0,   0,   0,   0,   0,  91, 200, 182, 150, 116,  69,  91,  46,  55,   0,   0,   0,   0,   0,   0,   0,   0,   0,   0,   0,   0,   0,   0,   0,   0,   0,   0,   0,   0,   0,   0,   0,   0,   0,   0,   0,   0,   0
RGI60-07.01166,G014373E79488N,         0.886,   0,   0,   0,   0,   0,   0,   0,   0,   0,   0,  35,  85, 131, 128, 183, 143, 134,  73,  47,  40,   1,   0,   0,   0,   0,   0,   0,   0,   0,   0,   0,   0,   0,   0,   0,   0,   0,   0,   0,   0,   0,   0,   0,   0,   0,   0,   0
RGI60-07.01167,G014851E79464N,         0.897,   0,   0,   0,   0,   0,   0,   0,   0,   0,   0,   0,   0,  43,  92, 176, 158,  85,  87, 117, 126,  97,  19,   0,   0,   0,   0,   0,   0,   0,   0,   0,   0,   0,   0,   0,   0,   0,   0,   0,   0,   0,   0,   0,   0,   0,   0,   0
RGI60-07.01168,G014851E79384N,         9.357,   0,   0,   0,   0,   0,   0,   0,   0,   0,   3,  17,  30,  52,  67,  78,  77,  77,  80,  71,  77,  96,  88,  65,  67,  55,   0,   0,   0,   0,   0,   0,   0,   0,   0,   0,   0,   0,   0,   0,   0,   0,   0,   0,   0,   0,   0,   0
RGI60-07.01169,G014849E79420N,         4.815,   0,   0,   0,   0,   0,   0,   0,   0,   0,  18,  36,  48,  61,  57,  63,  75,  98, 111, 140, 100,  60,  42,  38,  44,   9,   0,   0,   0,   0,   0,   0,   0,   0,   0,   0,   0,   0,   0,   0,   0,   0,   0,   0,   0,   0,   0,   0
RGI60-07.01170,G015027E79396N,         0.589,   0,   0,   0,   0,   0,   0,   0,   0,   0,   0,   0,   0,   3, 110, 221, 209, 139, 117,  86, 111,   4,   0,   0,   0,   0,   0,   0,   0,   0,   0,   0,   0,   0,   0,   0,   0,   0,   0,   0,   0,   0,   0,   0,   0,   0,   0,   0
RGI60-07.01171,G015123E79380N,         1.510,   0,   0,   0,   0,   0,   0,   0,   0,   0,   0,   0,   0,   1,  17,  38,  55,  55, 117, 148, 198, 206, 165,   0,   0,   0,   0,   0,   0,   0,   0,   0,   0,   0,   0,   0,   0,   0,   0,   0,   0,   0,   0,   0,   0,   0,   0,   0
RGI60-07.01172,G014284E79371N,         0.828,   0,   0,   0,   0,   0,   0,   0,   0,   0,   0,   0,   0,   5,  30,  40,  55,  92, 139, 214, 162, 111, 130,  22,   0,   0,   0,   0,   0,   0,   0,   0,   0,   0,   0,   0,   0,   0,   0,   0,   0,   0,   0,   0,   0,   0,   0,   0
RGI60-07.01173,G014876E79369N,         1.554,   0,   0,   0,   0,   0,   0,   0,   0,   0,   0,   6,  21,  29,  34,  38,  61,  98, 123, 119, 153, 140, 111,  51,  16,   0,   0,   0,   0,   0,   0,   0,   0,   0,   0,   0,   0,   0,   0,   0,   0,   0,   0,   0,   0,   0,   0,   0
RGI60-07.01174,G014357E79347N,         5.642,   0,   0,   0,   0,   0,   0,   0,   0,   0,   0,  24,  41,  52,  56,  66,  93, 110,  92,  85,  77,  77,  78,  51,  38,  38,  21,   1,   0,   0,   0,   0,   0,   0,   0,   0,   0,   0,   0,   0,   0,   0,   0,   0,   0,   0,   0,   0
RGI60-07.01175,G014852E79324N,         0.958,   0,   0,   0,   0,   0,   0,   0,   0,   0,   0,   0,   2,  41, 103, 127, 165, 147,  89,  35,  34,  72,  97,  77,  11,   0,   0,   0,   0,   0,   0,   0,   0,   0,   0,   0,   0,   0,   0,   0,   0,   0,   0,   0,   0,   0,   0,   0
RGI60-07.01176,G014858E79304N,         4.004,   0,   0,   0,   0,   0,   0,   0,   8,  18,  29,  46,  53,  49,  44,  45,  63,  92, 103,  91,  84,  92,  87,  57,  26,  11,   2,   0,   0,   0,   0,   0,   0,   0,   0,   0,   0,   0,   0,   0,   0,   0,   0,   0,   0,   0,   0,   0
RGI60-07.01177,G014753E79274N,        11.273,   0,   0,   0,   0,   0,   0,   0,   0,   3,  11,  28,  43,  51,  45,  66,  84,  81,  95, 118, 112,  95,  55,  34,  45,  34,   0,   0,   0,   0,   0,   0,   0,   0,   0,   0,   0,   0,   0,   0,   0,   0,   0,   0,   0,   0,   0,   0
RGI60-07.01178,G014971E79252N,         2.325,   0,   0,   0,   0,   0,   0,   0,   0,   0,   0,   0,  38,  64,  60, 105, 100, 137, 169, 105,  68,  57,  70,  27,   0,   0,   0,   0,   0,   0,   0,   0,   0,   0,   0,   0,   0,   0,   0,   0,   0,   0,   0,   0,   0,   0,   0,   0
RGI60-07.01179,G015438E79257N,         1.102,   0,   0,   0,   0,   0,   0,   0,   0,   1,  15,  34,  42,  57,  62,  80, 101, 110, 151, 150, 161,  36,   0,   0,   0,   0,   0,   0,   0,   0,   0,   0,   0,   0,   0,   0,   0,   0,   0,   0,   0,   0,   0,   0,   0,   0,   0,   0
RGI60-07.01180,G014921E79194N,        19.249,   0,   0,   0,   0,   0,   0,   1,   4,   8,  30,  38,  38,  40,  39,  47,  61,  72,  90,  85,  78,  68,  36,  34,  76, 104,  48,   3,   0,   0,   0,   0,   0,   0,   0,   0,   0,   0,   0,   0,   0,   0,   0,   0,   0,   0,   0,   0
RGI60-07.01181,G015430E79198N,         3.264,   0,   0,   0,   0,   0,   0,   0,   0,   0,   0,   0,   0,  15,  26,  25,  24,  39,  64,  97, 147, 387, 176,   0,   0,   0,   0,   0,   0,   0,   0,   0,   0,   0,   0,   0,   0,   0,   0,   0,   0,   0,   0,   0,   0,   0,   0,   0
RGI60-07.01182,G015239E79161N,         1.189,   0,   0,   0,   0,   0,   0,   0,   0,   0,   0,   0,  28,  39,  47,  48,  43,  54,  48,  29,  43, 133, 232, 256,   0,   0,   0,   0,   0,   0,   0,   0,   0,   0,   0,   0,   0,   0,   0,   0,   0,   0,   0,   0,   0,   0,   0,   0
RGI60-07.01183,G015360E79070N,         5.362,   0,   0,   0,   0,   0,   0,  36,  47,  76,  80, 118, 139, 174, 144,  98,  56,  22,   5,   5,   0,   0,   0,   0,   0,   0,   0,   0,   0,   0,   0,   0,   0,   0,   0,   0,   0,   0,   0,   0,   0,   0,   0,   0,   0,   0,   0,   0
RGI60-07.01184,G015849E79029N,         0.949,   0,   0,   0,   0,   0,   0,   0,   0,   0,   0,   0,   2,  50, 242, 218, 301, 187,   0,   0,   0,   0,   0,   0,   0,   0,   0,   0,   0,   0,   0,   0,   0,   0,   0,   0,   0,   0,   0,   0,   0,   0,   0,   0,   0,   0,   0,   0
RGI60-07.01185,G015648E79016N,         4.383,   0,   0,   0,   0,   0,   0,   0,   0,  11,  22,  64,  88, 145,  83,  88,  78,  70,  41,  38,  31,  36, 141,  64,   0,   0,   0,   0,   0,   0,   0,   0,   0,   0,   0,   0,   0,   0,   0,   0,   0,   0,   0,   0,   0,   0,   0,   0
RGI60-07.01186,G014883E79090N,        53.084,   0,   0,   0,   8,  20,  22,  25,  28,  36,  50,  39,  53,  72,  86,  89,  88,  80,  69,  65,  47,  35,  32,  29,  20,   7,   0,   0,   0,   0,   0,   0,   0,   0,   0,   0,   0,   0,   0,   0,   0,   0,   0,   0,   0,   0,   0,   0
RGI60-07.01187,G015323E78976N,        20.125,   0,   0,   0,   2,  35,  38,  58,  56,  83,  88, 105, 107, 113, 103,  70,  45,  28,  22,  20,  10,   2,   6,   8,   1,   0,   0,   0,   0,   0,   0,   0,   0,   0,   0,   0,   0,   0,   0,   0,   0,   0,   0,   0,   0,   0,   0,   0
RGI60-07.01188,G014550E79749N,         2.511,   0,   0,   0,  39, 111, 175, 150, 209, 135,  85,  62,  34,   0,   0,   0,   0,   0,   0,   0,   0,   0,   0,   0,   0,   0,   0,   0,   0,   0,   0,   0,   0,   0,   0,   0,   0,   0,   0,   0,   0,   0,   0,   0,   0,   0,   0,   0
RGI60-07.01189,G014514E79698N,         2.575,   0,   0,   0,   8,  59, 140, 209, 204, 151,  58,  59,  70,  34,   8,   0,   0,   0,   0,   0,   0,   0,   0,   0,   0,   0,   0,   0,   0,   0,   0,   0,   0,   0,   0,   0,   0,   0,   0,   0,   0,   0,   0,   0,   0,   0,   0,   0
RGI60-07.01190,G014778E79632N,         1.012,   0,   0,   0,   0,   0,   4,  48,  72, 140, 174, 176, 201, 142,  38,   5,   0,   0,   0,   0,   0,   0,   0,   0,   0,   0,   0,   0,   0,   0,   0,   0,   0,   0,   0,   0,   0,   0,   0,   0,   0,   0,   0,   0,   0,   0,   0,   0
RGI60-07.01191,G014657E79617N,         5.253,   0,   0,   0,   0,   9,  38,  68, 105, 133, 175, 121, 122, 145,  64,  20,   0,   0,   0,   0,   0,   0,   0,   0,   0,   0,   0,   0,   0,   0,   0,   0,   0,   0,   0,   0,   0,   0,   0,   0,   0,   0,   0,   0,   0,   0,   0,   0
RGI60-07.01192,G014632E79581N,        10.828,   0,   0,   0,   0,  14,  30,  44,  51,  91, 116, 137, 165, 140,  90,  61,  29,  16,  14,   2,   0,   0,   0,   0,   0,   0,   0,   0,   0,   0,   0,   0,   0,   0,   0,   0,   0,   0,   0,   0,   0,   0,   0,   0,   0,   0,   0,   0
RGI60-07.01193,G014726E79549N,         8.361,   0,   0,   0,   0,   2,  13,  29,  40,  48,  57,  72,  92, 137, 167, 117, 111,  57,  24,  18,  16,   0,   0,   0,   0,   0,   0,   0,   0,   0,   0,   0,   0,   0,   0,   0,   0,   0,   0,   0,   0,   0,   0,   0,   0,   0,   0,   0
RGI60-07.01194,G014490E79542N,         2.889,   0,   0,   0,   0,   0,   0,   3,  26,  63, 134, 123, 186, 235, 126,  73,  31,   0,   0,   0,   0,   0,   0,   0,   0,   0,   0,   0,   0,   0,   0,   0,   0,   0,   0,   0,   0,   0,   0,   0,   0,   0,   0,   0,   0,   0,   0,   0
RGI60-07.01195,G014656E79524N,         5.117,   0,   0,   0,   0,   0,   0,   0,   3,  16,  38,  71, 138, 166, 170, 127,  79,  56,  43,  23,  31,  25,  14,   0,   0,   0,   0,   0,   0,   0,   0,   0,   0,   0,   0,   0,   0,   0,   0,   0,   0,   0,   0,   0,   0,   0,   0,   0
RGI60-07.01196,G014419E79500N,         3.744,   0,   0,   0,   0,   0,   0,  10,  39,  84,  87, 123, 149, 144, 141,  81,  43,  51,  37,  10,   1,   0,   0,   0,   0,   0,   0,   0,   0,   0,   0,   0,   0,   0,   0,   0,   0,   0,   0,   0,   0,   0,   0,   0,   0,   0,   0,   0
RGI60-07.01197,G014529E79489N,         3.081,   0,   0,   0,   0,   0,   0,   0,   0,   0,   0,   7,  70,  84, 148, 176, 230, 114,  96,  47,  17,  11,   0,   0,   0,   0,   0,   0,   0,   0,   0,   0,   0,   0,   0,   0,   0,   0,   0,   0,   0,   0,   0,   0,   0,   0,   0,   0
RGI60-07.01198,G014593E79479N,         2.575,   0,   0,   0,   0,   0,   0,   0,   0,   0,   0,   0,  15,  74, 146, 149, 155, 256, 151,  44,   5,   4,   1,   0,   0,   0,   0,   0,   0,   0,   0,   0,   0,   0,   0,   0,   0,   0,   0,   0,   0,   0,   0,   0,   0,   0,   0,   0
RGI60-07.01199,G014539E79456N,         1.167,   0,   0,   0,   0,   0,   0,   0,   0,   0,   0,  37,  92, 176, 105, 126, 118, 125,  94,  72,  44,  10,   1,   0,   0,   0,   0,   0,   0,   0,   0,   0,   0,   0,   0,   0,   0,   0,   0,   0,   0,   0,   0,   0,   0,   0,   0,   0
RGI60-07.01200,G014437E79434N,         2.349,   0,   0,   0,   0,   0,   0,   0,   0,   4,  18,  42,  62,  56,  62, 100, 121, 148, 161,  97,  85,  44,   0,   0,   0,   0,   0,   0,   0,   0,   0,   0,   0,   0,   0,   0,   0,   0,   0,   0,   0,   0,   0,   0,   0,   0,   0,   0
RGI60-07.01201,G014555E79418N,         2.949,   0,   0,   0,   0,   0,   0,   0,   0,   0,   0,  17,  38,  77,  62, 125, 158, 178, 142, 101,  77,  25,   0,   0,   0,   0,   0,   0,   0,   0,   0,   0,   0,   0,   0,   0,   0,   0,   0,   0,   0,   0,   0,   0,   0,   0,   0,   0
RGI60-07.01202,G014493E79408N,         1.874,   0,   0,   0,   0,   0,   0,   0,   0,   0,   0,  20,  29,  58,  70, 119, 131, 160, 187, 128,  90,   8,   0,   0,   0,   0,   0,   0,   0,   0,   0,   0,   0,   0,   0,   0,   0,   0,   0,   0,   0,   0,   0,   0,   0,   0,   0,   0
RGI60-07.01203,G014767E79364N,         2.183,   0,   0,   0,   0,   0,   0,   0,   0,   0,   0,   0,   0,   3,  34,  50,  96, 183, 149,  91, 114,  83,  59,  61,  43,  34,   0,   0,   0,   0,   0,   0,   0,   0,   0,   0,   0,   0,   0,   0,   0,   0,   0,   0,   0,   0,   0,   0
RGI60-07.01204,G014546E79356N,         7.313,   0,   0,   0,   0,   0,   0,   0,   3,  16,  32,  47,  63,  78,  81,  93,  97, 105, 120,  84,  84,  46,  26,  15,  10,   0,   0,   0,   0,   0,   0,   0,   0,   0,   0,   0,   0,   0,   0,   0,   0,   0,   0,   0,   0,   0,   0,   0
RGI60-07.01205,G014653E79389N,        10.448,   0,   0,   0,   0,   0,   0,   0,   0,   0,   5,  15,  25,  27,  32,  61, 103, 107, 145, 156, 127, 112,  51,  20,   9,   5,   0,   0,   0,   0,   0,   0,   0,   0,   0,   0,   0,   0,   0,   0,   0,   0,   0,   0,   0,   0,   0,   0
RGI60-07.01206,G014872E79444N,         1.855,   0,   0,   0,   0,   0,   0,   0,   0,   0,   0,   5,  21,  48,  96, 188, 137,  61,  52,  84, 129,  94,  79,   6,   0,   0,   0,   0,   0,   0,   0,   0,   0,   0,   0,   0,   0,   0,   0,   0,   0,   0,   0,   0,   0,   0,   0,   0
RGI60-07.01207,G014754E79438N,         3.297,   0,   0,   0,   0,   0,   0,   0,   1,  10,  21,  46,  37,  42,  54,  74,  81,  94, 120, 159, 136,  97,  28,   0,   0,   0,   0,   0,   0,   0,   0,   0,   0,   0,   0,   0,   0,   0,   0,   0,   0,   0,   0,   0,   0,   0,   0,   0
RGI60-07.01208,G014702E79356N,         1.209,   0,   0,   0,   0,   0,   0,   0,   0,   0,   0,   0,   0,   0,   0,   0,   4,  39,  38,  58,  99,  74,  68, 108, 288, 224,   0,   0,   0,   0,   0,   0,   0,   0,   0,   0,   0,   0,   0,   0,   0,   0,   0,   0,   0,   0,   0,   0
RGI60-07.01209,G014674E79327N,        11.710,   0,   0,   0,   0,   0,   0,   0,   6,  12,  18,  22,  22,  33,  45,  47,  71,  88, 113, 123, 117,  81,  61,  58,  51,  28,   4,   0,   0,   0,   0,   0,   0,   0,   0,   0,   0,   0,   0,   0,   0,   0,   0,   0,   0,   0,   0,   0
RGI60-07.01210,G014477E79306N,         3.760,   0,   0,   0,   0,   0,   0,   0,   0,   8,  37,  80,  82,  70,  67,  64,  68,  65,  66,  85,  81,  73,  79,  55,  19,   1,   0,   0,   0,   0,   0,   0,   0,   0,   0,   0,   0,   0,   0,   0,   0,   0,   0,   0,   0,   0,   0,   0
RGI60-07.01211,G014511E79277N,        11.886,   0,   0,   0,   0,  25,  12,  12,  17,  24,  33,  48,  52,  84,  88, 109, 109,  91,  80,  65,  44,  33,  26,  15,  23,   9,   1,   0,   0,   0,   0,   0,   0,   0,   0,   0,   0,   0,   0,   0,   0,   0,   0,   0,   0,   0,   0,   0
RGI60-07.01212,G015162E79276N,         4.237,   0,   0,   0,   0,   0,   0,   0,   0,   0,   7,  38,  44,  50,  57,  69, 104,  88,  89,  76, 103,  99,  51,  80,  45,   0,   0,   0,   0,   0,   0,   0,   0,   0,   0,   0,   0,   0,   0,   0,   0,   0,   0,   0,   0,   0,   0,   0
RGI60-07.01213,G015278E79255N,         2.720,   0,   0,   0,   0,   0,   0,   0,   0,   2,  22,  46,  63, 114, 128, 128, 114,  78,  79,  88,  44,  35,  34,  25,   0,   0,   0,   0,   0,   0,   0,   0,   0,   0,   0,   0,   0,   0,   0,   0,   0,   0,   0,   0,   0,   0,   0,   0
RGI60-07.01214,G015131E79248N,         4.455,   0,   0,   0,   0,   0,   0,   0,   0,   0,   0,   0,   0,  17,  54,  66,  67,  73,  63,  52,  36,  26,  26,  54, 281, 185,   0,   0,   0,   0,   0,   0,   0,   0,   0,   0,   0,   0,   0,   0,   0,   0,   0,   0,   0,   0,   0,   0
RGI60-07.01215,G015037E79231N,         8.092,   0,   0,   0,   0,   0,   0,   0,   0,   5,  24,  60,  48,  39,  62,  94,  77,  84,  71,  73,  87,  78,  41,  71,  60,  26,   0,   0,   0,   0,   0,   0,   0,   0,   0,   0,   0,   0,   0,   0,   0,   0,   0,   0,   0,   0,   0,   0
RGI60-07.01216,G015326E79246N,         2.613,   0,   0,   0,   0,   0,   0,   0,   0,   0,   0,  15,  45,  74,  87,  80,  50,  39,  42,  29,  70, 163, 155,  65,  86,   0,   0,   0,   0,   0,   0,   0,   0,   0,   0,   0,   0,   0,   0,   0,   0,   0,   0,   0,   0,   0,   0,   0
RGI60-07.01217,G015164E79210N,         2.548,   0,   0,   0,   0,   0,   0,   0,   0,   0,   4,  24,  24,  39,  42,  62,  67,  95, 116, 134, 154,  93,  60,  86,   0,   0,   0,   0,   0,   0,   0,   0,   0,   0,   0,   0,   0,   0,   0,   0,   0,   0,   0,   0,   0,   0,   0,   0
RGI60-07.01218,G015095E79125N,        11.941,   0,   0,   0,   0,   0,   0,  16,  26,  21,  36,  38,  67,  90, 106, 108, 131, 120,  77,  43,  32,  34,  21,   8,   9,  16,   1,   0,   0,   0,   0,   0,   0,   0,   0,   0,   0,   0,   0,   0,   0,   0,   0,   0,   0,   0,   0,   0
RGI60-07.01219,G015379E79102N,        11.172,   0,   0,   0,   0,   0,   0,   0,  26,  42,  48,  85, 139,  94, 111, 109,  96,  77,  58,  36,  15,   7,  12,  21,  19,   5,   0,   0,   0,   0,   0,   0,   0,   0,   0,   0,   0,   0,   0,   0,   0,   0,   0,   0,   0,   0,   0,   0
RGI60-07.01220,G015321E79056N,         1.933,   0,   0,   0,   0,   0,   0,   0,   0,   9,  62,  68, 159, 141, 165, 212,  93,  39,  23,  11,  18,   0,   0,   0,   0,   0,   0,   0,   0,   0,   0,   0,   0,   0,   0,   0,   0,   0,   0,   0,   0,   0,   0,   0,   0,   0,   0,   0
RGI60-07.01221,G015532E78985N,         3.151,   0,   0,   0,   0,   0,  19,  21,  27,  56,  76,  53, 103, 101, 112, 121,  90,  66,  56,  60,  25,   9,   5,   0,   0,   0,   0,   0,   0,   0,   0,   0,   0,   0,   0,   0,   0,   0,   0,   0,   0,   0,   0,   0,   0,   0,   0,   0
RGI60-07.01222,G015647E78999N,         4.733,   0,   0,   0,   0,   0,   0,   0,   3,  26,  57,  32,  68, 196,  82,  92,  85,  78,  60,  33,  31,  55, 101,   1,   0,   0,   0,   0,   0,   0,   0,   0,   0,   0,   0,   0,   0,   0,   0,   0,   0,   0,   0,   0,   0,   0,   0,   0
RGI60-07.01223,G015631E78975N,         1.469,   0,   0,   0,   0,   0,   0,   0,   0,  17,  91, 163, 249, 208, 134, 112,  26,   0,   0,   0,   0,   0,   0,   0,   0,   0,   0,   0,   0,   0,   0,   0,   0,   0,   0,   0,   0,   0,   0,   0,   0,   0,   0,   0,   0,   0,   0,   0
RGI60-07.01224,G015692E78945N,         7.852,   0,   0,   0,   0,   0,   0,   1,  54,  59,  61,  88, 118, 170, 140, 110,  78,  49,  40,  23,   6,   3,   0,   0,   0,   0,   0,   0,   0,   0,   0,   0,   0,   0,   0,   0,   0,   0,   0,   0,   0,   0,   0,   0,   0,   0,   0,   0
RGI60-07.01225,G015842E78948N,         2.000,   0,   0,   0,   0,   0,   0,   0,   2,  43,  69, 124, 137, 168, 135, 116,  96,  83,  23,   4,   0,   0,   0,   0,   0,   0,   0,   0,   0,   0,   0,   0,   0,   0,   0,   0,   0,   0,   0,   0,   0,   0,   0,   0,   0,   0,   0,   0
RGI60-07.01226,G015920E78953N,         0.940,   0,   0,   0,   0,   0,   0,   0,  23,  74,  78,  85, 153, 142,  92,  79,  52,  49,  84,  89,   0,   0,   0,   0,   0,   0,   0,   0,   0,   0,   0,   0,   0,   0,   0,   0,   0,   0,   0,   0,   0,   0,   0,   0,   0,   0,   0,   0
RGI60-07.01227,G015988E78971N,         0.669,   0,   0,   0,   0,   0,   0,   0,   0,   7,  32,  82, 149, 172, 175, 152, 132,  97,   2,   0,   0,   0,   0,   0,   0,   0,   0,   0,   0,   0,   0,   0,   0,   0,   0,   0,   0,   0,   0,   0,   0,   0,   0,   0,   0,   0,   0,   0
RGI60-07.01228,G015788E78923N,         1.528,   0,   0,   0,   0,   0,   0,   0,   0,   0,   0,  11,  58, 121, 159, 159, 128, 162, 134,  68,   0,   0,   0,   0,   0,   0,   0,   0,   0,   0,   0,   0,   0,   0,   0,   0,   0,   0,   0,   0,   0,   0,   0,   0,   0,   0,   0,   0
RGI60-07.01229,G015572E78928N,         4.756,   0,   0,   0,   0,   0,   3,   9,  29,  58,  85,  85, 105, 126, 129,  93, 111,  66,  43,  29,  24,   5,   0,   0,   0,   0,   0,   0,   0,   0,   0,   0,   0,   0,   0,   0,   0,   0,   0,   0,   0,   0,   0,   0,   0,   0,   0,   0
RGI60-07.01230,G014471E79582N,         1.661,   0,   0,   0,   0,   4,  36,  88, 143, 209, 225, 178, 107,  10,   0,   0,   0,   0,   0,   0,   0,   0,   0,   0,   0,   0,   0,   0,   0,   0,   0,   0,   0,   0,   0,   0,   0,   0,   0,   0,   0,   0,   0,   0,   0,   0,   0,   0
RGI60-07.01231,G014124E79523N,         0.822,   0,   0,   0,   0,   0,   0,   0,   0,   8,  77, 142, 190, 211, 230, 114,  28,   0,   0,   0,   0,   0,   0,   0,   0,   0,   0,   0,   0,   0,   0,   0,   0,   0,   0,   0,   0,   0,   0,   0,   0,   0,   0,   0,   0,   0,   0,   0
RGI60-07.01232,G014437E79454N,         0.451,   0,   0,   0,   0,   0,   0,   0,   0,   0,   0,   0,  69, 171, 169, 157, 236, 117,  64,  17,   0,   0,   0,   0,   0,   0,   0,   0,   0,   0,   0,   0,   0,   0,   0,   0,   0,   0,   0,   0,   0,   0,   0,   0,   0,   0,   0,   0
RGI60-07.01233,G015504E78913N,         1.166,   0,   0,   0,   0,   0,   0,   0,   0,   0,  36, 108, 162, 195, 169, 121,  90,  62,  38,  19,   0,   0,   0,   0,   0,   0,   0,   0,   0,   0,   0,   0,   0,   0,   0,   0,   0,   0,   0,   0,   0,   0,   0,   0,   0,   0,   0,   0
RGI60-07.01234,G015057E78917N,         1.465,   0,   0,   0,   0,   0,   0,   0,   0,  26,  59,  63,  69,  83,  82, 103, 144, 189, 119,  63,   0,   0,   0,   0,   0,   0,   0,   0,   0,   0,   0,   0,   0,   0,   0,   0,   0,   0,   0,   0,   0,   0,   0,   0,   0,   0,   0,   0
RGI60-07.01235,G014173E79284N,         0.351,   0,   0,   0,   0,   0,   0,   0,   0,   0,   0,   0,   0,   0,  39,  62, 141, 231, 299, 128,  64,  27,   9,   0,   0,   0,   0,   0,   0,   0,   0,   0,   0,   0,   0,   0,   0,   0,   0,   0,   0,   0,   0,   0,   0,   0,   0,   0
RGI60-07.01236,G014289E79268N,         0.698,   0,   0,   0,   0,   0,   0,   0,   0,   0,   0,  38,  67,  74, 115, 228, 178, 119,  80,  46,  35,  19,   1,   0,   0,   0,   0,   0,   0,   0,   0,   0,   0,   0,   0,   0,   0,   0,   0,   0,   0,   0,   0,   0,   0,   0,   0,   0
RGI60-07.01237,G014462E79472N,         1.430,   0,   0,   0,   0,   0,   0,   0,   0,   0,   5,  33,  56,  95, 162, 156, 124,  84,  70,  59,  41,  49,  49,  17,   0,   0,   0,   0,   0,   0,   0,   0,   0,   0,   0,   0,   0,   0,   0,   0,   0,   0,   0,   0,   0,   0,   0,   0
RGI60-07.01238,G014457E79444N,         0.547,   0,   0,   0,   0,   0,   0,   0,   0,   0,   0,   0,   0,  30,  68,  92, 130, 169,  86, 110, 123, 178,  14,   0,   0,   0,   0,   0,   0,   0,   0,   0,   0,   0,   0,   0,   0,   0,   0,   0,   0,   0,   0,   0,   0,   0,   0,   0
RGI60-07.01239,G014239E79389N,         0.728,   0,   0,   0,   0,   0,   0,   0,   0,   0,   0,   4,  30,  55,  73,  67, 123, 173, 168, 113,  93,  86,  15,   0,   0,   0,   0,   0,   0,   0,   0,   0,   0,   0,   0,   0,   0,   0,   0,   0,   0,   0,   0,   0,   0,   0,   0,   0
RGI60-07.01240,G014270E79349N,         0.785,   0,   0,   0,   0,   0,   0,   0,   0,   0,   0,  29,  83,  83, 134, 156, 240, 142,  75,  10,   7,  15,  12,  13,   1,   0,   0,   0,   0,   0,   0,   0,   0,   0,   0,   0,   0,   0,   0,   0,   0,   0,   0,   0,   0,   0,   0,   0
RGI60-07.01241,G014452E79680N,         0.413,   0,   0,   0,   0,   0,  42, 121, 311, 362, 159,   5,   0,   0,   0,   0,   0,   0,   0,   0,   0,   0,   0,   0,   0,   0,   0,   0,   0,   0,   0,   0,   0,   0,   0,   0,   0,   0,   0,   0,   0,   0,   0,   0,   0,   0,   0,   0
RGI60-07.01242,G014244E79638N,         0.367,   0,   0,   0,   0,   0,  27, 120, 281, 387, 185,   0,   0,   0,   0,   0,   0,   0,   0,   0,   0,   0,   0,   0,   0,   0,   0,   0,   0,   0,   0,   0,   0,   0,   0,   0,   0,   0,   0,   0,   0,   0,   0,   0,   0,   0,   0,   0
RGI60-07.01243,G014138E79559N,         0.290,   0,   0,   0,   0,   0,   0,   0,  41, 206, 312, 230, 202,   9,   0,   0,   0,   0,   0,   0,   0,   0,   0,   0,   0,   0,   0,   0,   0,   0,   0,   0,   0,   0,   0,   0,   0,   0,   0,   0,   0,   0,   0,   0,   0,   0,   0,   0
RGI60-07.01244,G014443E79671N,         0.625,   0,   0,   0,   0,   0,   0,  91, 225, 380, 277,  27,   0,   0,   0,   0,   0,   0,   0,   0,   0,   0,   0,   0,   0,   0,   0,   0,   0,   0,   0,   0,   0,   0,   0,   0,   0,   0,   0,   0,   0,   0,   0,   0,   0,   0,   0,   0
RGI60-07.01245,G014590E79706N,         0.658,   0,   0,   0,   0,  14,  95, 274, 300, 244,  71,   2,   0,   0,   0,   0,   0,   0,   0,   0,   0,   0,   0,   0,   0,   0,   0,   0,   0,   0,   0,   0,   0,   0,   0,   0,   0,   0,   0,   0,   0,   0,   0,   0,   0,   0,   0,   0
RGI60-07.01246,G014736E79751N,         0.345,   0,   0,   0,  58, 271, 306, 233, 110,  22,   0,   0,   0,   0,   0,   0,   0,   0,   0,   0,   0,   0,   0,   0,   0,   0,   0,   0,   0,   0,   0,   0,   0,   0,   0,   0,   0,   0,   0,   0,   0,   0,   0,   0,   0,   0,   0,   0
RGI60-07.01247,G014712E79727N,         0.591,   0,   0,   0,  90, 128, 189, 279, 237,  75,   2,   0,   0,   0,   0,   0,   0,   0,   0,   0,   0,   0,   0,   0,   0,   0,   0,   0,   0,   0,   0,   0,   0,   0,   0,   0,   0,   0,   0,   0,   0,   0,   0,   0,   0,   0,   0,   0
RGI60-07.01248,G014627E79721N,         0.197,   0,   0,   0,   0, 206, 426, 241, 108,  19,   0,   0,   0,   0,   0,   0,   0,   0,   0,   0,   0,   0,   0,   0,   0,   0,   0,   0,   0,   0,   0,   0,   0,   0,   0,   0,   0,   0,   0,   0,   0,   0,   0,   0,   0,   0,   0,   0
RGI60-07.01249,G014608E79695N,         0.294,   0,   0,   0,   0,   0,   0,   2, 185, 245, 223, 198, 147,   0,   0,   0,   0,   0,   0,   0,   0,   0,   0,   0,   0,   0,   0,   0,   0,   0,   0,   0,   0,   0,   0,   0,   0,   0,   0,   0,   0,   0,   0,   0,   0,   0,   0,   0
RGI60-07.01250,G014649E79699N,         0.597,   0,   0,   0,   2, 117, 178, 182, 213, 130,  83,  72,  22,   1,   0,   0,   0,   0,   0,   0,   0,   0,   0,   0,   0,   0,   0,   0,   0,   0,   0,   0,   0,   0,   0,   0,   0,   0,   0,   0,   0,   0,   0,   0,   0,   0,   0,   0
RGI60-07.01251,G014648E79709N,         0.404,   0,   0,   0,   0,   0,  57, 161, 221, 229, 213, 119,   0,   0,   0,   0,   0,   0,   0,   0,   0,   0,   0,   0,   0,   0,   0,   0,   0,   0,   0,   0,   0,   0,   0,   0,   0,   0,   0,   0,   0,   0,   0,   0,   0,   0,   0,   0
RGI60-07.01252,G014729E79740N,         0.537,   0,   0,   0,   0,   0, 160, 274, 342, 166,  58,   0,   0,   0,   0,   0,   0,   0,   0,   0,   0,   0,   0,   0,   0,   0,   0,   0,   0,   0,   0,   0,   0,   0,   0,   0,   0,   0,   0,   0,   0,   0,   0,   0,   0,   0,   0,   0
RGI60-07.01253,G014919E79605N,         0.967,   0,   0,   0,   0,   0,   0,   0,  46, 224, 238, 325, 163,   4,   0,   0,   0,   0,   0,   0,   0,   0,   0,   0,   0,   0,   0,   0,   0,   0,   0,   0,   0,   0,   0,   0,   0,   0,   0,   0,   0,   0,   0,   0,   0,   0,   0,   0
RGI60-07.01254,G014907E79664N,         0.619,   0,   0,   0,   0,   0,  93, 188, 206, 259, 182,  71,   1,   0,   0,   0,   0,   0,   0,   0,   0,   0,   0,   0,   0,   0,   0,   0,   0,   0,   0,   0,   0,   0,   0,   0,   0,   0,   0,   0,   0,   0,   0,   0,   0,   0,   0,   0
RGI60-07.01255,G014862E79603N,         0.360,   0,   0,   0,   0,   0,   0,   0,  23, 247, 337, 227, 161,   5,   0,   0,   0,   0,   0,   0,   0,   0,   0,   0,   0,   0,   0,   0,   0,   0,   0,   0,   0,   0,   0,   0,   0,   0,   0,   0,   0,   0,   0,   0,   0,   0,   0,   0
RGI60-07.01256,G014811E79596N,         0.391,   0,   0,   0,   0,   0,   0,   0,  52, 166, 208, 339, 153,  82,   0,   0,   0,   0,   0,   0,   0,   0,   0,   0,   0,   0,   0,   0,   0,   0,   0,   0,   0,   0,   0,   0,   0,   0,   0,   0,   0,   0,   0,   0,   0,   0,   0,   0
RGI60-07.01257,G014998E79606N,         0.626,   0,   0,   0,   0,   0,   0,   0,   0,   0,  39,  79, 140, 171, 264, 211,  82,  14,   0,   0,   0,   0,   0,   0,   0,   0,   0,   0,   0,   0,   0,   0,   0,   0,   0,   0,   0,   0,   0,   0,   0,   0,   0,   0,   0,   0,   0,   0
RGI60-07.01258,G014736E79671N,         0.851,   0,   0,   0,   4,  68, 159, 210, 235, 183,  97,  44,   0,   0,   0,   0,   0,   0,   0,   0,   0,   0,   0,   0,   0,   0,   0,   0,   0,   0,   0,   0,   0,   0,   0,   0,   0,   0,   0,   0,   0,   0,   0,   0,   0,   0,   0,   0
RGI60-07.01259,G014791E79577N,         2.136,   0,   0,   0,   0,   0,   0,   2,  53, 130, 168, 112, 124, 113, 104, 111,  46,  18,  14,   5,   0,   0,   0,   0,   0,   0,   0,   0,   0,   0,   0,   0,   0,   0,   0,   0,   0,   0,   0,   0,   0,   0,   0,   0,   0,   0,   0,   0
RGI60-07.01260,G015059E79543N,         0.642,   0,   0,   0,   0,   0,   0,   0,   0,   0,   0,  21, 116, 187, 235, 264, 161,  16,   0,   0,   0,   0,   0,   0,   0,   0,   0,   0,   0,   0,   0,   0,   0,   0,   0,   0,   0,   0,   0,   0,   0,   0,   0,   0,   0,   0,   0,   0
RGI60-07.01261,G014835E79535N,         0.355,   0,   0,   0,   0,   0,   0,   0,   0,   0,   0,   0,  11, 261, 305, 330,  93,   0,   0,   0,   0,   0,   0,   0,   0,   0,   0,   0,   0,   0,   0,   0,   0,   0,   0,   0,   0,   0,   0,   0,   0,   0,   0,   0,   0,   0,   0,   0
RGI60-07.01262,G015005E79552N,         0.940,   0,   0,   0,   0,   0,   0,   0,   0,   3,  55,  83, 108, 149, 114, 136, 177,  83,  57,  35,   0,   0,   0,   0,   0,   0,   0,   0,   0,   0,   0,   0,   0,   0,   0,   0,   0,   0,   0,   0,   0,   0,   0,   0,   0,   0,   0,   0
RGI60-07.01263,G014944E79488N,         0.651,   0,   0,   0,   0,   0,   0,   0,   0,   0,   0,   0,   0,   0,   0, 103, 177, 202, 173, 118, 124, 102,   1,   0,   0,   0,   0,   0,   0,   0,   0,   0,   0,   0,   0,   0,   0,   0,   0,   0,   0,   0,   0,   0,   0,   0,   0,   0
RGI60-07.01264,G014876E79485N,         0.238,   0,   0,   0,   0,   0,   0,   0,   0,   0,   0,   0,   0, 144, 251, 528,  77,   0,   0,   0,   0,   0,   0,   0,   0,   0,   0,   0,   0,   0,   0,   0,   0,   0,   0,   0,   0,   0,   0,   0,   0,   0,   0,   0,   0,   0,   0,   0
RGI60-07.01265,G014720E79417N,         1.140,   0,   0,   0,   0,   0,   0,   0,   0,   0,   0,   0,   0,   0,   0,   0,   8,  32,  61,  62,  61,  66, 149, 230, 230, 101,   0,   0,   0,   0,   0,   0,   0,   0,   0,   0,   0,   0,   0,   0,   0,   0,   0,   0,   0,   0,   0,   0
RGI60-07.01266,G015096E79386N,         0.410,   0,   0,   0,   0,   0,   0,   0,   0,   0,   0,   0,   0,  11, 187, 213, 312, 140,  75,  47,  15,   0,   0,   0,   0,   0,   0,   0,   0,   0,   0,   0,   0,   0,   0,   0,   0,   0,   0,   0,   0,   0,   0,   0,   0,   0,   0,   0
RGI60-07.01267,G015006E79408N,         1.095,   0,   0,   0,   0,   0,   0,   0,   0,   0,   0,   0,  30,  63, 106, 121, 127, 125, 114,  77,  90,  92,  54,   1,   0,   0,   0,   0,   0,   0,   0,   0,   0,   0,   0,   0,   0,   0,   0,   0,   0,   0,   0,   0,   0,   0,   0,   0
RGI60-07.01268,G015178E79263N,         1.982,   0,   0,   0,   0,   0,   0,   0,   0,   0,   0,   0,   0,   0,   0,   0,   0,   0,   0,   0,   0,   1,  17, 314, 531, 137,   0,   0,   0,   0,   0,   0,   0,   0,   0,   0,   0,   0,   0,   0,   0,   0,   0,   0,   0,   0,   0,   0
RGI60-07.01269,G015172E79294N,         0.513,   0,   0,   0,   0,   0,   0,   0,   0,   0,   0,   0,   0,   0,  50, 197, 139, 112, 109, 167, 150,  76,   0,   0,   0,   0,   0,   0,   0,   0,   0,   0,   0,   0,   0,   0,   0,   0,   0,   0,   0,   0,   0,   0,   0,   0,   0,   0
RGI60-07.01270,G014912E79293N,         0.579,   0,   0,   0,   0,   0,   0,   0,   0,   0,   0,   0,   0,   0,   1,  25,  54, 126, 235, 184, 120, 114, 106,  35,   0,   0,   0,   0,   0,   0,   0,   0,   0,   0,   0,   0,   0,   0,   0,   0,   0,   0,   0,   0,   0,   0,   0,   0
RGI60-07.01271,G015021E79220N,         1.211,   0,   0,   0,   0,   0,   0,   0,   0,   0,   0,   0,   0,   0,   0,   0,  20,  50, 104, 125, 231, 377,  93,   0,   0,   0,   0,   0,   0,   0,   0,   0,   0,   0,   0,   0,   0,   0,   0,   0,   0,   0,   0,   0,   0,   0,   0,   0
RGI60-07.01272,G015253E79063N,         0.929,   0,   0,   0,   0,   0,   0,   0,   0,   0,   0,   9,  29,  73,  87, 173, 243, 165, 173,  48,   0,   0,   0,   0,   0,   0,   0,   0,   0,   0,   0,   0,   0,   0,   0,   0,   0,   0,   0,   0,   0,   0,   0,   0,   0,   0,   0,   0
RGI60-07.01273,G015164E79076N,         0.549,   0,   0,   0,   0,   0,   0,   0,   0,   0,   0,   0,   0,   0,  73, 211, 331, 294,  89,   2,   0,   0,   0,   0,   0,   0,   0,   0,   0,   0,   0,   0,   0,   0,   0,   0,   0,   0,   0,   0,   0,   0,   0,   0,   0,   0,   0,   0
RGI60-07.01274,G015123E79028N,         0.335,   0,   0,   0,   0,   0,   0,   0,   0,   0,   2, 112, 174, 246, 202, 174,  88,   2,   0,   0,   0,   0,   0,   0,   0,   0,   0,   0,   0,   0,   0,   0,   0,   0,   0,   0,   0,   0,   0,   0,   0,   0,   0,   0,   0,   0,   0,   0
RGI60-07.01275,G015549E79006N,         0.406,   0,   0,   0,   0,   0,   0,   0,   0,   0,   0,   0,  22,  46,  66,  90, 232, 226, 134,  90,  65,  29,   0,   0,   0,   0,   0,   0,   0,   0,   0,   0,   0,   0,   0,   0,   0,   0,   0,   0,   0,   0,   0,   0,   0,   0,   0,   0
RGI60-07.01276,G015650E78963N,         0.395,   0,   0,   0,   0,   0,   0,   0,   0,   0,   0,   0,  47, 130, 189, 207, 177,  83,  42,  33,  50,  36,   6,   0,   0,   0,   0,   0,   0,   0,   0,   0,   0,   0,   0,   0,   0,   0,   0,   0,   0,   0,   0,   0,   0,   0,   0,   0
RGI60-07.01277,G015127E78924N,         0.261,   0,   0,   0,   0,   0,   0,   0,  84, 329, 320, 214,  53,   0,   0,   0,   0,   0,   0,   0,   0,   0,   0,   0,   0,   0,   0,   0,   0,   0,   0,   0,   0,   0,   0,   0,   0,   0,   0,   0,   0,   0,   0,   0,   0,   0,   0,   0
RGI60-07.01278,G015139E78912N,         0.404,   0,   0,   0,   0,   0,   0,   0,  17, 223, 210, 199, 271,  80,   0,   0,   0,   0,   0,   0,   0,   0,   0,   0,   0,   0,   0,   0,   0,   0,   0,   0,   0,   0,   0,   0,   0,   0,   0,   0,   0,   0,   0,   0,   0,   0,   0,   0
RGI60-07.01279,G014420E79259N,         0.990,   0,   0,   0,   0,   0,   0,   0,   0,   0,   0,   0,   0,   0,   0,   9,  28,  50, 102, 173, 215, 169, 140, 114,   0,   0,   0,   0,   0,   0,   0,   0,   0,   0,   0,   0,   0,   0,   0,   0,   0,   0,   0,   0,   0,   0,   0,   0
RGI60-07.01280,G014563E79313N,         0.970,   0,   0,   0,   0,   0,   0,   0,   0,   0,   0,   0,   0,   0,   0,   4,  74, 154, 154,  79, 106, 178, 213,  38,   0,   0,   0,   0,   0,   0,   0,   0,   0,   0,   0,   0,   0,   0,   0,   0,   0,   0,   0,   0,   0,   0,   0,   0
RGI60-07.01281,G014538E79326N,         0.660,   0,   0,   0,   0,   0,   0,   0,   0,   0,   0,   0,   0,   0,   0,  13,  65,  96,  79,  63,  57,  53, 170, 367,  37,   0,   0,   0,   0,   0,   0,   0,   0,   0,   0,   0,   0,   0,   0,   0,   0,   0,   0,   0,   0,   0,   0,   0
RGI60-07.01282,G014352E79332N,         0.408,   0,   0,   0,   0,   0,   0,   0,   0,   0,   0,   0,   0,   0,   0,  25, 134, 183, 153, 194, 234,  71,   6,   0,   0,   0,   0,   0,   0,   0,   0,   0,   0,   0,   0,   0,   0,   0,   0,   0,   0,   0,   0,   0,   0,   0,   0,   0
RGI60-07.01283,G014425E79328N,         0.885,   0,   0,   0,   0,   0,   0,   0,   0,   0,   0,   0,   0,   0,   0,   0,  18,  47,  63,  83,  91,  83,  38,  34,  64,  52, 172, 255,   0,   0,   0,   0,   0,   0,   0,   0,   0,   0,   0,   0,   0,   0,   0,   0,   0,   0,   0,   0
RGI60-07.01284,G014286E79331N,         0.260,   0,   0,   0,   0,   0,   0,   0,   0,   0,   0,   0,   0,  22, 129, 337, 451,  61,   0,   0,   0,   0,   0,   0,   0,   0,   0,   0,   0,   0,   0,   0,   0,   0,   0,   0,   0,   0,   0,   0,   0,   0,   0,   0,   0,   0,   0,   0
RGI60-07.01285,G014238E79338N,         0.393,   0,   0,   0,   0,   0,   0,   0,   0,   0,   0,  26, 164, 161, 204, 179, 114,  60,  52,  32,   8,   0,   0,   0,   0,   0,   0,   0,   0,   0,   0,   0,   0,   0,   0,   0,   0,   0,   0,   0,   0,   0,   0,   0,   0,   0,   0,   0
RGI60-07.01286,G014850E79589N,         0.262,   0,   0,   0,   0,   0,   0,   0,   0,   0,   0, 100, 339, 365, 184,  12,   0,   0,   0,   0,   0,   0,   0,   0,   0,   0,   0,   0,   0,   0,   0,   0,   0,   0,   0,   0,   0,   0,   0,   0,   0,   0,   0,   0,   0,   0,   0,   0
RGI60-07.01287,G014916E79562N,         0.223,   0,   0,   0,   0,   0,   0,   0,   0,   0,   0,  54, 347, 554,  45,   0,   0,   0,   0,   0,   0,   0,   0,   0,   0,   0,   0,   0,   0,   0,   0,   0,   0,   0,   0,   0,   0,   0,   0,   0,   0,   0,   0,   0,   0,   0,   0,   0
RGI60-07.01288,G014775E79528N,         0.282,   0,   0,   0,   0,   0,   0,   0,   0,   0,   0,   0,   0,   0,   0, 189, 452, 326,  33,   0,   0,   0,   0,   0,   0,   0,   0,   0,   0,   0,   0,   0,   0,   0,   0,   0,   0,   0,   0,   0,   0,   0,   0,   0,   0,   0,   0,   0
RGI60-07.01289,G014497E79452N,         0.550,   0,   0,   0,   0,   0,   0,   0,   0,   0,   0,   0,   0,   0,   0,   0,   0,   0,  70, 167, 169, 176, 248, 170,   0,   0,   0,   0,   0,   0,   0,   0,   0,   0,   0,   0,   0,   0,   0,   0,   0,   0,   0,   0,   0,   0,   0,   0
RGI60-07.01290,G014836E79262N,         0.398,   0,   0,   0,   0,   0,   0,   0,   0,   0,   0,   0,   0,   0,   0,   0,   0,   0,   0,   0,   2, 170, 737,  91,   0,   0,   0,   0,   0,   0,   0,   0,   0,   0,   0,   0,   0,   0,   0,   0,   0,   0,   0,   0,   0,   0,   0,   0
RGI60-07.01291,G014773E79313N,         0.477,   0,   0,   0,   0,   0,   0,   0,   0,   0,   0,   0,   0,   0,   0,   0,   0,   0,   0,   0,   0,   0,   0,   0,  38, 799, 163,   0,   0,   0,   0,   0,   0,   0,   0,   0,   0,   0,   0,   0,   0,   0,   0,   0,   0,   0,   0,   0
RGI60-07.01292,G014907E79323N,         0.545,   0,   0,   0,   0,   0,   0,   0,   0,   0,   0,   0,   0,   0,   0,   0,   1,  19,  41,  95, 252, 303, 221,  68,   0,   0,   0,   0,   0,   0,   0,   0,   0,   0,   0,   0,   0,   0,   0,   0,   0,   0,   0,   0,   0,   0,   0,   0
RGI60-07.01293,G015086E79215N,         0.954,   0,   0,   0,   0,   0,   0,   0,   0,   0,   0,   0,   0,   0,   0,   0,   0,   0,   0,   0,   0,   0, 331, 669,   0,   0,   0,   0,   0,   0,   0,   0,   0,   0,   0,   0,   0,   0,   0,   0,   0,   0,   0,   0,   0,   0,   0,   0
RGI60-07.01294,G015494E79094N,         1.496,   0,   0,   0,   0,   0,   0,   0,  97, 135, 106, 121, 143, 177, 127,  68,  21,   5,   0,   0,   0,   0,   0,   0,   0,   0,   0,   0,   0,   0,   0,   0,   0,   0,   0,   0,   0,   0,   0,   0,   0,   0,   0,   0,   0,   0,   0,   0
RGI60-07.01295,G015273E79000N,         0.363,   0,   0,   0,   0,   0,   0,   0,   0,   0,   0,   0,   0,   0,   0,   0,   0,  16, 105, 436, 395,  48,   0,   0,   0,   0,   0,   0,   0,   0,   0,   0,   0,   0,   0,   0,   0,   0,   0,   0,   0,   0,   0,   0,   0,   0,   0,   0
RGI60-07.01296,G015777E78955N,         0.600,   0,   0,   0,   0,   0,   0,   0,   0,   0,  35,  68,  75,  92,  80,  61,  67, 103, 149, 238,  32,   0,   0,   0,   0,   0,   0,   0,   0,   0,   0,   0,   0,   0,   0,   0,   0,   0,   0,   0,   0,   0,   0,   0,   0,   0,   0,   0
RGI60-07.01297,G015984E78960N,         0.908,   0,   0,   0,   0,   0,   0,   0,   0,   0,   0,   0,   4,  20,  37,  74, 151, 221, 321, 172,   0,   0,   0,   0,   0,   0,   0,   0,   0,   0,   0,   0,   0,   0,   0,   0,   0,   0,   0,   0,   0,   0,   0,   0,   0,   0,   0,   0
RGI60-07.01298,G016035E78958N,         0.379,   0,   0,   0,   0,   0,   0,   0,   0,   0,   8, 100, 168, 203, 204, 185, 130,   2,   0,   0,   0,   0,   0,   0,   0,   0,   0,   0,   0,   0,   0,   0,   0,   0,   0,   0,   0,   0,   0,   0,   0,   0,   0,   0,   0,   0,   0,   0
RGI60-07.01299,G015144E79018N,         1.950,   0,   0,   0,   0,   0,  39,  47,  65,  73,  87,  98, 132, 148, 171,  72,  27,  25,  16,   0,   0,   0,   0,   0,   0,   0,   0,   0,   0,   0,   0,   0,   0,   0,   0,   0,   0,   0,   0,   0,   0,   0,   0,   0,   0,   0,   0,   0
RGI60-07.01300,G015195E79003N,         3.031,   0,   0,   0,   0,   0,   5,  31,  55, 102, 113, 162, 245, 136,  67,  32,  26,  15,   9,   2,   0,   0,   0,   0,   0,   0,   0,   0,   0,   0,   0,   0,   0,   0,   0,   0,   0,   0,   0,   0,   0,   0,   0,   0,   0,   0,   0,   0
RGI60-07.01301,G015304E79009N,         0.369,   0,   0,   0,   0,   2, 146, 198, 326, 206, 120,   2,   0,   0,   0,   0,   0,   0,   0,   0,   0,   0,   0,   0,   0,   0,   0,   0,   0,   0,   0,   0,   0,   0,   0,   0,   0,   0,   0,   0,   0,   0,   0,   0,   0,   0,   0,   0
RGI60-07.01302,G015380E79083N,         0.683,   0,   0,   0,   0,   0,   0,   0,   0,   0,   0,   0,   0,  93, 235, 244, 210, 161,  57,   0,   0,   0,   0,   0,   0,   0,   0,   0,   0,   0,   0,   0,   0,   0,   0,   0,   0,   0,   0,   0,   0,   0,   0,   0,   0,   0,   0,   0
RGI60-07.01303,G015353E79064N,         0.049,   0,   0,   0,   0,   0,   0,   0,   0,   0,   0,   0,   0,   0,   0,  13, 218, 577, 192,   0,   0,   0,   0,   0,   0,   0,   0,   0,   0,   0,   0,   0,   0,   0,   0,   0,   0,   0,   0,   0,   0,   0,   0,   0,   0,   0,   0,   0
RGI60-07.01304,G015443E79099N,         0.213,   0,   0,   0,   0,   0,   0,   0,   0,   0,   0,   0,   0,   0,   0,  94, 200, 276, 256, 171,   3,   0,   0,   0,   0,   0,   0,   0,   0,   0,   0,   0,   0,   0,   0,   0,   0,   0,   0,   0,   0,   0,   0,   0,   0,   0,   0,   0
RGI60-07.01305,G015440E79206N,         0.346,   0,   0,   0,   0,   0,   0,   0,   0,   0,   0,   0, 112, 247, 253, 285,  99,   4,   0,   0,   0,   0,   0,   0,   0,   0,   0,   0,   0,   0,   0,   0,   0,   0,   0,   0,   0,   0,   0,   0,   0,   0,   0,   0,   0,   0,   0,   0
RGI60-07.01306,G015240E79270N,         0.665,   0,   0,   0,   0,   0,   0,   0,   0,   0,   0,   0,   0,   0,  55, 140, 216, 338, 197,  54,   0,   0,   0,   0,   0,   0,   0,   0,   0,   0,   0,   0,   0,   0,   0,   0,   0,   0,   0,   0,   0,   0,   0,   0,   0,   0,   0,   0
RGI60-07.01307,G015258E79302N,         0.330,   0,   0,   0,   0,   0,   0,   0,   0,   0,   0,   0,   0,   0,   0,   6,  45,  95, 222, 269, 246, 117,   0,   0,   0,   0,   0,   0,   0,   0,   0,   0,   0,   0,   0,   0,   0,   0,   0,   0,   0,   0,   0,   0,   0,   0,   0,   0
RGI60-07.01308,G014818E79331N,         0.198,   0,   0,   0,   0,   0,   0,   0,   0,   0,   0,   0,   0,   0,   0,   0,  41,  69, 154, 208, 248, 245,  35,   0,   0,   0,   0,   0,   0,   0,   0,   0,   0,   0,   0,   0,   0,   0,   0,   0,   0,   0,   0,   0,   0,   0,   0,   0
RGI60-07.01309,G014780E79324N,         1.133,   0,   0,   0,   0,   0,   0,   0,   0,   0,   0,   0,   0,   0,   0,   0,  14,  70,  81, 250, 371,  97,  60,  44,  13,   0,   0,   0,   0,   0,   0,   0,   0,   0,   0,   0,   0,   0,   0,   0,   0,   0,   0,   0,   0,   0,   0,   0
RGI60-07.01310,G014245E79270N,         0.713,   0,   0,   0,   0,   0,   0,   0,   0,   0,   1,  33,  80, 130, 154, 133, 117,  77,  70, 101,  93,  11,   0,   0,   0,   0,   0,   0,   0,   0,   0,   0,   0,   0,   0,   0,   0,   0,   0,   0,   0,   0,   0,   0,   0,   0,   0,   0
RGI60-07.01311,G014220E79282N,         0.277,   0,   0,   0,   0,   0,   0,   0,   0,   0,   0,   5, 124, 185, 359, 275,  52,   0,   0,   0,   0,   0,   0,   0,   0,   0,   0,   0,   0,   0,   0,   0,   0,   0,   0,   0,   0,   0,   0,   0,   0,   0,   0,   0,   0,   0,   0,   0
RGI60-07.01312,G014340E79371N,         0.188,   0,   0,   0,   0,   0,   0,   0,   0,   0,   0,   0,   0,   0,   0,   0, 201, 140, 163, 167, 153, 123,  53,   0,   0,   0,   0,   0,   0,   0,   0,   0,   0,   0,   0,   0,   0,   0,   0,   0,   0,   0,   0,   0,   0,   0,   0,   0
RGI60-07.01313,G014922E79360N,         0.384,   0,   0,   0,   0,   0,   0,   0,   0,   0,   0,   0,   0,   0,   0,   0,   0,   0,   0,   0,   0,  57, 110, 557, 276,   0,   0,   0,   0,   0,   0,   0,   0,   0,   0,   0,   0,   0,   0,   0,   0,   0,   0,   0,   0,   0,   0,   0
RGI60-07.01314,G014704E79408N,         0.881,   0,   0,   0,   0,   0,   0,   0,   0,   0,   0,   0,   0,   0,  25,  42,  85, 148,  92,  35,  23,  33,  40, 125, 231, 121,   0,   0,   0,   0,   0,   0,   0,   0,   0,   0,   0,   0,   0,   0,   0,   0,   0,   0,   0,   0,   0,   0
RGI60-07.01315,G014511E79444N,         0.381,   0,   0,   0,   0,   0,   0,   0,   0,   0,   0,   0,   0,   0,   3,  35, 102, 161, 158, 150, 176, 213,   2,   0,   0,   0,   0,   0,   0,   0,   0,   0,   0,   0,   0,   0,   0,   0,   0,   0,   0,   0,   0,   0,   0,   0,   0,   0
RGI60-07.01316,G014540E79464N,         0.449,   0,   0,   0,   0,   0,   0,   0,   0,   0,   0,   0,   0,   0,  13, 166, 155, 174, 174, 130,  85,  36,  25,  42,   0,   0,   0,   0,   0,   0,   0,   0,   0,   0,   0,   0,   0,   0,   0,   0,   0,   0,   0,   0,   0,   0,   0,   0
RGI60-07.01317,G014033E79528N,         0.557,   0,   0,   0,   0,   0,   0,   0,   0,   0,   0,   0,   0,  59, 253, 264, 250, 174,   0,   0,   0,   0,   0,   0,   0,   0,   0,   0,   0,   0,   0,   0,   0,   0,   0,   0,   0,   0,   0,   0,   0,   0,   0,   0,   0,   0,   0,   0
RGI60-07.01318,G014001E79534N,         0.208,   0,   0,   0,   0,   0,   0,   0,   0,   0,   0,   0,   3,  77, 241, 244, 313, 122,   0,   0,   0,   0,   0,   0,   0,   0,   0,   0,   0,   0,   0,   0,   0,   0,   0,   0,   0,   0,   0,   0,   0,   0,   0,   0,   0,   0,   0,   0
RGI60-07.01319,G014028E79536N,         0.057,   0,   0,   0,   0,   0,   0,   0,   0,   0, 385, 615,   0,   0,   0,   0,   0,   0,   0,   0,   0,   0,   0,   0,   0,   0,   0,   0,   0,   0,   0,   0,   0,   0,   0,   0,   0,   0,   0,   0,   0,   0,   0,   0,   0,   0,   0,   0
RGI60-07.01320,G014088E79563N,         0.278,   0,   0,   0,   0,   0,   0,   0,   0,  32, 291, 288, 215,  84,  61,  29,   0,   0,   0,   0,   0,   0,   0,   0,   0,   0,   0,   0,   0,   0,   0,   0,   0,   0,   0,   0,   0,   0,   0,   0,   0,   0,   0,   0,   0,   0,   0,   0
RGI60-07.01321,G014490E79531N,         1.324,   0,   0,   0,   0,   0,   0,   0,   0,   0,   0,   0,  34, 112, 146, 149, 241, 229,  67,   9,   8,   5,   0,   0,   0,   0,   0,   0,   0,   0,   0,   0,   0,   0,   0,   0,   0,   0,   0,   0,   0,   0,   0,   0,   0,   0,   0,   0
RGI60-07.01322,G014763E79638N,         0.640,   0,   0,   0,   0,   0,   0,  28, 131, 274, 276, 177,  81,  33,   0,   0,   0,   0,   0,   0,   0,   0,   0,   0,   0,   0,   0,   0,   0,   0,   0,   0,   0,   0,   0,   0,   0,   0,   0,   0,   0,   0,   0,   0,   0,   0,   0,   0
RGI60-07.01323,G012282E79795N,        12.723,   0,  14,  55,  63,  90, 143, 191, 223, 178,  43,   0,   0,   0,   0,   0,   0,   0,   0,   0,   0,   0,   0,   0,   0,   0,   0,   0,   0,   0,   0,   0,   0,   0,   0,   0,   0,   0,   0,   0,   0,   0,   0,   0,   0,   0,   0,   0
RGI60-07.01324,G011946E79701N,         1.113,   0,  24,  58, 115, 137, 130, 126,  81,  83,  63,  36,  24,  40,  42,  22,  15,   4,   0,   0,   0,   0,   0,   0,   0,   0,   0,   0,   0,   0,   0,   0,   0,   0,   0,   0,   0,   0,   0,   0,   0,   0,   0,   0,   0,   0,   0,   0
RGI60-07.01325,G011866E79713N,         3.589,   0,  12,  16,  20,  24,  40,  64,  70,  83,  71, 127, 147, 112, 119,  69,  19,   6,   1,   0,   0,   0,   0,   0,   0,   0,   0,   0,   0,   0,   0,   0,   0,   0,   0,   0,   0,   0,   0,   0,   0,   0,   0,   0,   0,   0,   0,   0
RGI60-07.01326,G011769E79738N,        14.754,   0,   8,  68, 104, 141, 127, 103,  94,  94,  78,  59,  49,  26,  15,  11,   9,  11,   3,   0,   0,   0,   0,   0,   0,   0,   0,   0,   0,   0,   0,   0,   0,   0,   0,   0,   0,   0,   0,   0,   0,   0,   0,   0,   0,   0,   0,   0
RGI60-07.01327,G011760E79812N,         2.849,  32,  67, 117, 159, 119, 164, 157, 107,  64,  14,   0,   0,   0,   0,   0,   0,   0,   0,   0,   0,   0,   0,   0,   0,   0,   0,   0,   0,   0,   0,   0,   0,   0,   0,   0,   0,   0,   0,   0,   0,   0,   0,   0,   0,   0,   0,   0
RGI60-07.01328,G011704E79776N,        14.142,   3,  16,  56,  73,  90, 121, 148, 181, 110,  78,  55,  36,  15,  12,   6,   0,   0,   0,   0,   0,   0,   0,   0,   0,   0,   0,   0,   0,   0,   0,   0,   0,   0,   0,   0,   0,   0,   0,   0,   0,   0,   0,   0,   0,   0,   0,   0
RGI60-07.01329,G011819E79761N,         2.380,  25,  44,  64,  55,  62,  54,  63, 116, 176, 142, 123,  62,  11,   3,   0,   0,   0,   0,   0,   0,   0,   0,   0,   0,   0,   0,   0,   0,   0,   0,   0,   0,   0,   0,   0,   0,   0,   0,   0,   0,   0,   0,   0,   0,   0,   0,   0
RGI60-07.01330,G011933E79719N,         0.760,   0,  21,  80,  92, 173, 136,  74,  61,  49,  28,  35,  38,  47,  99,  57,  10,   0,   0,   0,   0,   0,   0,   0,   0,   0,   0,   0,   0,   0,   0,   0,   0,   0,   0,   0,   0,   0,   0,   0,   0,   0,   0,   0,   0,   0,   0,   0
RGI60-07.01331,G011714E79821N,         0.564,   0,  43,  41,  79, 117, 323, 276, 121,   0,   0,   0,   0,   0,   0,   0,   0,   0,   0,   0,   0,   0,   0,   0,   0,   0,   0,   0,   0,   0,   0,   0,   0,   0,   0,   0,   0,   0,   0,   0,   0,   0,   0,   0,   0,   0,   0,   0
RGI60-07.01332,G011792E79804N,         0.342,   0,   0,   0,  15, 175, 276, 306, 228,   0,   0,   0,   0,   0,   0,   0,   0,   0,   0,   0,   0,   0,   0,   0,   0,   0,   0,   0,   0,   0,   0,   0,   0,   0,   0,   0,   0,   0,   0,   0,   0,   0,   0,   0,   0,   0,   0,   0
RGI60-07.01333,G011893E79776N,         0.197,   0, 216, 226, 239, 203,  87,  29,   0,   0,   0,   0,   0,   0,   0,   0,   0,   0,   0,   0,   0,   0,   0,   0,   0,   0,   0,   0,   0,   0,   0,   0,   0,   0,   0,   0,   0,   0,   0,   0,   0,   0,   0,   0,   0,   0,   0,   0
RGI60-07.01334,G011889E79753N,         0.617,   4, 150, 177, 159, 232, 206,  57,  15,   0,   0,   0,   0,   0,   0,   0,   0,   0,   0,   0,   0,   0,   0,   0,   0,   0,   0,   0,   0,   0,   0,   0,   0,   0,   0,   0,   0,   0,   0,   0,   0,   0,   0,   0,   0,   0,   0,   0
RGI60-07.01335,G011670E79817N,         0.652,   0, 108, 104, 176, 227, 181, 103,  64,  37,   0,   0,   0,   0,   0,   0,   0,   0,   0,   0,   0,   0,   0,   0,   0,   0,   0,   0,   0,   0,   0,   0,   0,   0,   0,   0,   0,   0,   0,   0,   0,   0,   0,   0,   0,   0,   0,   0
RGI60-07.01336,G011834E79775N,         0.588,   8,  51,  62,  84,  99,  88,  91, 148, 151,  94,  65,  59,   0,   0,   0,   0,   0,   0,   0,   0,   0,   0,   0,   0,   0,   0,   0,   0,   0,   0,   0,   0,   0,   0,   0,   0,   0,   0,   0,   0,   0,   0,   0,   0,   0,   0,   0
RGI60-07.01337,G010982E78610N,         0.801,   0,   0,   0,   0,   0,   0,  54, 172, 246, 136, 112,  91,  76,  57,  42,  14,   0,   0,   0,   0,   0,   0,   0,   0,   0,   0,   0,   0,   0,   0,   0,   0,   0,   0,   0,   0,   0,   0,   0,   0,   0,   0,   0,   0,   0,   0,   0
RGI60-07.01338,G011328E78517N,         1.693,   0,   0,   0,  88, 164, 210, 255, 173,  92,  18,   0,   0,   0,   0,   0,   0,   0,   0,   0,   0,   0,   0,   0,   0,   0,   0,   0,   0,   0,   0,   0,   0,   0,   0,   0,   0,   0,   0,   0,   0,   0,   0,   0,   0,   0,   0,   0
RGI60-07.01339,G010874E78742N,         0.554,   0,   0,   0,   0,  85, 168, 232, 184, 109,  56,  37,  45,  75,   9,   0,   0,   0,   0,   0,   0,   0,   0,   0,   0,   0,   0,   0,   0,   0,   0,   0,   0,   0,   0,   0,   0,   0,   0,   0,   0,   0,   0,   0,   0,   0,   0,   0
RGI60-07.01340,G010972E78702N,         3.445, 101, 107, 162, 150, 117, 170, 114,  38,  16,  11,   9,   5,   0,   0,   0,   0,   0,   0,   0,   0,   0,   0,   0,   0,   0,   0,   0,   0,   0,   0,   0,   0,   0,   0,   0,   0,   0,   0,   0,   0,   0,   0,   0,   0,   0,   0,   0
RGI60-07.01341,G011383E78501N,         1.281,   0,   7, 388, 108,  50,  50, 114, 151,  95,  37,   0,   0,   0,   0,   0,   0,   0,   0,   0,   0,   0,   0,   0,   0,   0,   0,   0,   0,   0,   0,   0,   0,   0,   0,   0,   0,   0,   0,   0,   0,   0,   0,   0,   0,   0,   0,   0
RGI60-07.01342,G011512E78444N,         0.226,   0,   0,   0,   0,   0,  52, 281, 344, 168,  91,  36,  28,   0,   0,   0,   0,   0,   0,   0,   0,   0,   0,   0,   0,   0,   0,   0,   0,   0,   0,   0,   0,   0,   0,   0,   0,   0,   0,   0,   0,   0,   0,   0,   0,   0,   0,   0
RGI60-07.01343,G011372E78483N,         0.129,   0,   0,   0,   0,   0, 116, 599, 251,  34,   0,   0,   0,   0,   0,   0,   0,   0,   0,   0,   0,   0,   0,   0,   0,   0,   0,   0,   0,   0,   0,   0,   0,   0,   0,   0,   0,   0,   0,   0,   0,   0,   0,   0,   0,   0,   0,   0
RGI60-07.01344,G010840E78729N,         0.226,   0,   0,   0,   0,   0,   0,  48, 268, 261, 252, 171,   0,   0,   0,   0,   0,   0,   0,   0,   0,   0,   0,   0,   0,   0,   0,   0,   0,   0,   0,   0,   0,   0,   0,   0,   0,   0,   0,   0,   0,   0,   0,   0,   0,   0,   0,   0
RGI60-07.01345,G010930E78646N,         0.105,   0,   0,   0,   0,  71, 262, 333, 167,  83,  54,  18,  12,   0,   0,   0,   0,   0,   0,   0,   0,   0,   0,   0,   0,   0,   0,   0,   0,   0,   0,   0,   0,   0,   0,   0,   0,   0,   0,   0,   0,   0,   0,   0,   0,   0,   0,   0
RGI60-07.01346,G010936E78654N,         0.177,   0,   0,   0,   0,   0,   0,   0,   0,   0,   0,   0,   0,   0,  24, 220, 244, 275, 185,  52,   0,   0,   0,   0,   0,   0,   0,   0,   0,   0,   0,   0,   0,   0,   0,   0,   0,   0,   0,   0,   0,   0,   0,   0,   0,   0,   0,   0
RGI60-07.01347,G010902E78669N,         0.110,   0,   0,   0,   0,  91, 102, 136, 131, 182, 182, 153,  23,   0,   0,   0,   0,   0,   0,   0,   0,   0,   0,   0,   0,   0,   0,   0,   0,   0,   0,   0,   0,   0,   0,   0,   0,   0,   0,   0,   0,   0,   0,   0,   0,   0,   0,   0
RGI60-07.01348,G011127E78517N,         0.163,   0,   0,   0,   8, 145, 328, 404, 115,   0,   0,   0,   0,   0,   0,   0,   0,   0,   0,   0,   0,   0,   0,   0,   0,   0,   0,   0,   0,   0,   0,   0,   0,   0,   0,   0,   0,   0,   0,   0,   0,   0,   0,   0,   0,   0,   0,   0
RGI60-07.01349,G011149E78518N,         0.106,   0,   0,   0,   0,   0, 113, 446, 310, 125,   6,   0,   0,   0,   0,   0,   0,   0,   0,   0,   0,   0,   0,   0,   0,   0,   0,   0,   0,   0,   0,   0,   0,   0,   0,   0,   0,   0,   0,   0,   0,   0,   0,   0,   0,   0,   0,   0
RGI60-07.01350,G011352E78528N,         0.206,   0,   0,   0,  49, 504, 385,  62,   0,   0,   0,   0,   0,   0,   0,   0,   0,   0,   0,   0,   0,   0,   0,   0,   0,   0,   0,   0,   0,   0,   0,   0,   0,   0,   0,   0,   0,   0,   0,   0,   0,   0,   0,   0,   0,   0,   0,   0
RGI60-07.01351,G011371E78533N,         0.113,   0,   0,  78, 514, 324,  84,   0,   0,   0,   0,   0,   0,   0,   0,   0,   0,   0,   0,   0,   0,   0,   0,   0,   0,   0,   0,   0,   0,   0,   0,   0,   0,   0,   0,   0,   0,   0,   0,   0,   0,   0,   0,   0,   0,   0,   0,   0
RGI60-07.01352,G010907E78743N,         0.855,   0,  16, 147, 128,  94,  63,  73,  89,  96, 110,  53,  39,  69,  23,   0,   0,   0,   0,   0,   0,   0,   0,   0,   0,   0,   0,   0,   0,   0,   0,   0,   0,   0,   0,   0,   0,   0,   0,   0,   0,   0,   0,   0,   0,   0,   0,   0
RGI60-07.01353,G010971E78728N,         9.466,  35, 182, 194, 127,  85,  66, 119,  95,  50,  25,  13,   8,   1,   0,   0,   0,   0,   0,   0,   0,   0,   0,   0,   0,   0,   0,   0,   0,   0,   0,   0,   0,   0,   0,   0,   0,   0,   0,   0,   0,   0,   0,   0,   0,   0,   0,   0
RGI60-07.01354,G010979E78669N,         9.390,  31,  44,  96,  91,  71,  53,  52,  62,  88, 116,  74,  55,  55,  36,  31,  28,   7,   4,   4,   2,   0,   0,   0,   0,   0,   0,   0,   0,   0,   0,   0,   0,   0,   0,   0,   0,   0,   0,   0,   0,   0,   0,   0,   0,   0,   0,   0
RGI60-07.01355,G010875E78699N,         5.894,   0,  31,  62,  50,  51,  60, 243, 208, 169,  56,  46,  14,   8,   2,   0,   0,   0,   0,   0,   0,   0,   0,   0,   0,   0,   0,   0,   0,   0,   0,   0,   0,   0,   0,   0,   0,   0,   0,   0,   0,   0,   0,   0,   0,   0,   0,   0
RGI60-07.01356,G010985E78624N,         1.261,   0,   0,   0,  43,  71,  78,  67,  96,  95,  85,  67,  83,  77,  59,  71,  48,  25,  30,   5,   0,   0,   0,   0,   0,   0,   0,   0,   0,   0,   0,   0,   0,   0,   0,   0,   0,   0,   0,   0,   0,   0,   0,   0,   0,   0,   0,   0
RGI60-07.01357,G011072E78617N,        15.742,   0,   2, 158, 280, 208, 103,  40,  17,   9,  10,  13,  14,  17,  27,  27,  24,  22,  18,   9,   2,   0,   0,   0,   0,   0,   0,   0,   0,   0,   0,   0,   0,   0,   0,   0,   0,   0,   0,   0,   0,   0,   0,   0,   0,   0,   0,   0
RGI60-07.01358,G011085E78568N,         3.862,   0,   0,  54, 197, 369, 266,  92,  21,   1,   0,   0,   0,   0,   0,   0,   0,   0,   0,   0,   0,   0,   0,   0,   0,   0,   0,   0,   0,   0,   0,   0,   0,   0,   0,   0,   0,   0,   0,   0,   0,   0,   0,   0,   0,   0,   0,   0
RGI60-07.01359,G011153E78561N,         2.518,   0,   0,  42, 229, 298, 287, 117,  27,   0,   0,   0,   0,   0,   0,   0,   0,   0,   0,   0,   0,   0,   0,   0,   0,   0,   0,   0,   0,   0,   0,   0,   0,   0,   0,   0,   0,   0,   0,   0,   0,   0,   0,   0,   0,   0,   0,   0
RGI60-07.01360,G011308E78503N,         0.629,   0,   0,   0,   0,   0, 109, 466, 321,  99,   5,   0,   0,   0,   0,   0,   0,   0,   0,   0,   0,   0,   0,   0,   0,   0,   0,   0,   0,   0,   0,   0,   0,   0,   0,   0,   0,   0,   0,   0,   0,   0,   0,   0,   0,   0,   0,   0
RGI60-07.01361,G011295E78494N,         0.648,   0,   0,   0,   0,  60, 391, 272, 132,  97,  44,   4,   0,   0,   0,   0,   0,   0,   0,   0,   0,   0,   0,   0,   0,   0,   0,   0,   0,   0,   0,   0,   0,   0,   0,   0,   0,   0,   0,   0,   0,   0,   0,   0,   0,   0,   0,   0
RGI60-07.01362,G011486E78470N,         2.399,   0,   0, 185, 400, 226, 115,  34,  19,  15,   6,   0,   0,   0,   0,   0,   0,   0,   0,   0,   0,   0,   0,   0,   0,   0,   0,   0,   0,   0,   0,   0,   0,   0,   0,   0,   0,   0,   0,   0,   0,   0,   0,   0,   0,   0,   0,   0
RGI60-07.01363,G011487E78457N,         2.085,   0,   0,  58, 110, 157, 110,  82,  79,  56,  80, 186,  71,  11,   0,   0,   0,   0,   0,   0,   0,   0,   0,   0,   0,   0,   0,   0,   0,   0,   0,   0,   0,   0,   0,   0,   0,   0,   0,   0,   0,   0,   0,   0,   0,   0,   0,   0
RGI60-07.01364,G017511E79303N,         5.735,   0,   0,   0,   0,   0,   0,   0,   0,  16,  43,  41,  53, 114, 128, 114, 161, 169, 161,   0,   0,   0,   0,   0,   0,   0,   0,   0,   0,   0,   0,   0,   0,   0,   0,   0,   0,   0,   0,   0,   0,   0,   0,   0,   0,   0,   0,   0
RGI60-07.01365,G017692E79460N,         0.407,   0,   0,   0,   0,   0,   0,   0,  29,  76, 136, 275, 344, 140,   0,   0,   0,   0,   0,   0,   0,   0,   0,   0,   0,   0,   0,   0,   0,   0,   0,   0,   0,   0,   0,   0,   0,   0,   0,   0,   0,   0,   0,   0,   0,   0,   0,   0
RGI60-07.01366,G017571E79431N,        21.099,   0,   0,   0,   1,   1,   2,   6,   7,  12,  25,  39,  54,  83, 118, 184, 268, 195,   5,   0,   0,   0,   0,   0,   0,   0,   0,   0,   0,   0,   0,   0,   0,   0,   0,   0,   0,   0,   0,   0,   0,   0,   0,   0,   0,   0,   0,   0
RGI60-07.01367,G017181E79449N,         0.255,   0,   0,   0,   0,   0,   0,   0,   0,   0,   0, 116, 290, 527,  67,   0,   0,   0,   0,   0,   0,   0,   0,   0,   0,   0,   0,   0,   0,   0,   0,   0,   0,   0,   0,   0,   0,   0,   0,   0,   0,   0,   0,   0,   0,   0,   0,   0
RGI60-07.01368,G017147E79436N,         0.342,   0,   0,   0,   0,   0,   0,   0,   0,   0,   0,  22, 143, 362, 378,  95,   0,   0,   0,   0,   0,   0,   0,   0,   0,   0,   0,   0,   0,   0,   0,   0,   0,   0,   0,   0,   0,   0,   0,   0,   0,   0,   0,   0,   0,   0,   0,   0
RGI60-07.01369,G017532E79446N,         4.839,   0,   0,   0,   0,   0,   0,   0,   0,   0,  10,  41,  74, 120, 117, 177, 250, 205,   6,   0,   0,   0,   0,   0,   0,   0,   0,   0,   0,   0,   0,   0,   0,   0,   0,   0,   0,   0,   0,   0,   0,   0,   0,   0,   0,   0,   0,   0
RGI60-07.01370,G011564E78445N,         1.923,   0,   0, 135, 374, 169, 100,  74,  64,  31,  41,  12,   0,   0,   0,   0,   0,   0,   0,   0,   0,   0,   0,   0,   0,   0,   0,   0,   0,   0,   0,   0,   0,   0,   0,   0,   0,   0,   0,   0,   0,   0,   0,   0,   0,   0,   0,   0
RGI60-07.01371,G011468E78488N,         0.571,   0,   0, 217, 380, 244, 144,  15,   0,   0,   0,   0,   0,   0,   0,   0,   0,   0,   0,   0,   0,   0,   0,   0,   0,   0,   0,   0,   0,   0,   0,   0,   0,   0,   0,   0,   0,   0,   0,   0,   0,   0,   0,   0,   0,   0,   0,   0
RGI60-07.01372,G011428E78490N,         1.390,   0,   0, 273, 439, 228,  55,   5,   0,   0,   0,   0,   0,   0,   0,   0,   0,   0,   0,   0,   0,   0,   0,   0,   0,   0,   0,   0,   0,   0,   0,   0,   0,   0,   0,   0,   0,   0,   0,   0,   0,   0,   0,   0,   0,   0,   0,   0
RGI60-07.01373,G010914E78738N,         0.182,   0,   0,   0,   0,   0,   0,   0,  27, 175, 229, 281, 264,  24,   0,   0,   0,   0,   0,   0,   0,   0,   0,   0,   0,   0,   0,   0,   0,   0,   0,   0,   0,   0,   0,   0,   0,   0,   0,   0,   0,   0,   0,   0,   0,   0,   0,   0
RGI60-07.01374,G016318E78067N,         2.820,   0,   0,   0,   0,   0,   6,  37,  57,  76,  89, 103, 154, 208, 152,  95,  21,   2,   0,   0,   0,   0,   0,   0,   0,   0,   0,   0,   0,   0,   0,   0,   0,   0,   0,   0,   0,   0,   0,   0,   0,   0,   0,   0,   0,   0,   0,   0
RGI60-07.01375,G016319E78108N,         3.935,   0,   0,   0,   0,   0,   0,  26,  54, 107, 107, 129, 206, 138,  81,  74,  38,  21,   9,   8,   2,   0,   0,   0,   0,   0,   0,   0,   0,   0,   0,   0,   0,   0,   0,   0,   0,   0,   0,   0,   0,   0,   0,   0,   0,   0,   0,   0
RGI60-07.01376,G016221E78083N,         5.640,   0,   0,   0,   0,   0,   0,   1,  30,  68,  86, 129, 153, 145, 163, 110,  45,  24,  21,  23,   2,   0,   0,   0,   0,   0,   0,   0,   0,   0,   0,   0,   0,   0,   0,   0,   0,   0,   0,   0,   0,   0,   0,   0,   0,   0,   0,   0
RGI60-07.01377,G016166E78070N,         0.637,   0,   0,   0,   0,   0,   0,   0,   0,  54,  76,  95, 117, 153, 157, 124,  80,  65,  58,  21,   0,   0,   0,   0,   0,   0,   0,   0,   0,   0,   0,   0,   0,   0,   0,   0,   0,   0,   0,   0,   0,   0,   0,   0,   0,   0,   0,   0
RGI60-07.01378,G022842E77361N,         4.597,   0,   0,   0,   0,   0,  29, 122, 318, 406, 125,   0,   0,   0,   0,   0,   0,   0,   0,   0,   0,   0,   0,   0,   0,   0,   0,   0,   0,   0,   0,   0,   0,   0,   0,   0,   0,   0,   0,   0,   0,   0,   0,   0,   0,   0,   0,   0
RGI60-07.01379,G022812E77382N,         0.509,   0,   0,   0,   0,  37, 135, 232, 312, 284,   0,   0,   0,   0,   0,   0,   0,   0,   0,   0,   0,   0,   0,   0,   0,   0,   0,   0,   0,   0,   0,   0,   0,   0,   0,   0,   0,   0,   0,   0,   0,   0,   0,   0,   0,   0,   0,   0
RGI60-07.01380,G022907E77411N,         1.526,   0,   0,  14,  78, 134, 222, 457,  95,   0,   0,   0,   0,   0,   0,   0,   0,   0,   0,   0,   0,   0,   0,   0,   0,   0,   0,   0,   0,   0,   0,   0,   0,   0,   0,   0,   0,   0,   0,   0,   0,   0,   0,   0,   0,   0,   0,   0
RGI60-07.01381,G023132E77456N,         0.428,   0,   0,   0,   0, 337, 527, 135,   1,   0,   0,   0,   0,   0,   0,   0,   0,   0,   0,   0,   0,   0,   0,   0,   0,   0,   0,   0,   0,   0,   0,   0,   0,   0,   0,   0,   0,   0,   0,   0,   0,   0,   0,   0,   0,   0,   0,   0
RGI60-07.01382,G017588E79333N,         0.368,   0,   0,   0,   0,   0,  22,  42,  47,  94,  88, 113, 137, 248, 209,   0,   0,   0,   0,   0,   0,   0,   0,   0,   0,   0,   0,   0,   0,   0,   0,   0,   0,   0,   0,   0,   0,   0,   0,   0,   0,   0,   0,   0,   0,   0,   0,   0
RGI60-07.01383,G017629E79321N,         0.344,   0,   0,   0,   0,   0,   0,   0,   0,   0,   0,   0,   0,   0, 194, 806,   0,   0,   0,   0,   0,   0,   0,   0,   0,   0,   0,   0,   0,   0,   0,   0,   0,   0,   0,   0,   0,   0,   0,   0,   0,   0,   0,   0,   0,   0,   0,   0
RGI60-07.01384,G017698E79473N,         0.450,   0,   0,   0,   0,   0,   0,   0,   0,  46,  74, 446, 434,   0,   0,   0,   0,   0,   0,   0,   0,   0,   0,   0,   0,   0,   0,   0,   0,   0,   0,   0,   0,   0,   0,   0,   0,   0,   0,   0,   0,   0,   0,   0,   0,   0,   0,   0
RGI60-07.01385,G017654E79480N,         0.182,   0,   0,   0,   0,   0,   0,   0,  78, 464, 451,   7,   0,   0,   0,   0,   0,   0,   0,   0,   0,   0,   0,   0,   0,   0,   0,   0,   0,   0,   0,   0,   0,   0,   0,   0,   0,   0,   0,   0,   0,   0,   0,   0,   0,   0,   0,   0
RGI60-07.01386,G015070E78925N,         0.155,   0,   0,   0,   0,   0,   0,   0,   0,   0,  60, 576, 198,  93,  69,   4,   0,   0,   0,   0,   0,   0,   0,   0,   0,   0,   0,   0,   0,   0,   0,   0,   0,   0,   0,   0,   0,   0,   0,   0,   0,   0,   0,   0,   0,   0,   0,   0
RGI60-07.01387,G015560E78953N,         2.333,   0,   0,   0,   0,   0,   0,   0,   0,   0,   0,   2,  77, 120, 171, 155, 111, 136, 141,  61,  26,   0,   0,   0,   0,   0,   0,   0,   0,   0,   0,   0,   0,   0,   0,   0,   0,   0,   0,   0,   0,   0,   0,   0,   0,   0,   0,   0
RGI60-07.01388,G014290E77545N,         2.219,   0,   0,   0,   0,   1,  87, 238, 132, 224, 179,  66,  41,  16,   9,   7,   0,   0,   0,   0,   0,   0,   0,   0,   0,   0,   0,   0,   0,   0,   0,   0,   0,   0,   0,   0,   0,   0,   0,   0,   0,   0,   0,   0,   0,   0,   0,   0
RGI60-07.01389,G014161E77519N,         1.043,   0,   0,   0,   0,   0, 102, 106, 301, 218, 159,  97,  17,   0,   0,   0,   0,   0,   0,   0,   0,   0,   0,   0,   0,   0,   0,   0,   0,   0,   0,   0,   0,   0,   0,   0,   0,   0,   0,   0,   0,   0,   0,   0,   0,   0,   0,   0
RGI60-07.01390,G014241E77536N,         0.699,   0,   0,   0,   0,   0,   0,  42, 326, 261, 222, 100,  46,   3,   0,   0,   0,   0,   0,   0,   0,   0,   0,   0,   0,   0,   0,   0,   0,   0,   0,   0,   0,   0,   0,   0,   0,   0,   0,   0,   0,   0,   0,   0,   0,   0,   0,   0
RGI60-07.01391,G014200E77520N,         0.754,   0,   0,   0,   0,   0,  42, 174, 361, 218, 151,  48,   6,   0,   0,   0,   0,   0,   0,   0,   0,   0,   0,   0,   0,   0,   0,   0,   0,   0,   0,   0,   0,   0,   0,   0,   0,   0,   0,   0,   0,   0,   0,   0,   0,   0,   0,   0
RGI60-07.01392,G014114E77527N,         0.966,   0,   0,   0,   0,   0, 179, 245, 227, 203,  77,  32,  24,  13,   0,   0,   0,   0,   0,   0,   0,   0,   0,   0,   0,   0,   0,   0,   0,   0,   0,   0,   0,   0,   0,   0,   0,   0,   0,   0,   0,   0,   0,   0,   0,   0,   0,   0
RGI60-07.01393,G014086E77532N,         0.161,   0,   0,   0,   0,   0,   0, 271, 597, 124,   8,   0,   0,   0,   0,   0,   0,   0,   0,   0,   0,   0,   0,   0,   0,   0,   0,   0,   0,   0,   0,   0,   0,   0,   0,   0,   0,   0,   0,   0,   0,   0,   0,   0,   0,   0,   0,   0
RGI60-07.01394,G032471E80184N,       645.801,  19,  59, 134, 152, 183, 173, 204,  56,  20,   0,   0,   0,   0,   0,   0,   0,   0,   0,   0,   0,   0,   0,   0,   0,   0,   0,   0,   0,   0,   0,   0,   0,   0,   0,   0,   0,   0,   0,   0,   0,   0,   0,   0,   0,   0,   0,   0
RGI60-07.01395,G016685E76964N,         1.996,   0,   0,   0, 162, 375, 152, 123,  78,  70,  39,   1,   0,   0,   0,   0,   0,   0,   0,   0,   0,   0,   0,   0,   0,   0,   0,   0,   0,   0,   0,   0,   0,   0,   0,   0,   0,   0,   0,   0,   0,   0,   0,   0,   0,   0,   0,   0
RGI60-07.01396,G016609E76922N,        36.645,   0,   0,   1, 193, 180, 313, 188,  73,  26,  15,   8,   2,   1,   0,   0,   0,   0,   0,   0,   0,   0,   0,   0,   0,   0,   0,   0,   0,   0,   0,   0,   0,   0,   0,   0,   0,   0,   0,   0,   0,   0,   0,   0,   0,   0,   0,   0
RGI60-07.01397,G017450E77364N,         0.120,   0,   0,   0,   0,   0, 419, 351, 230,   0,   0,   0,   0,   0,   0,   0,   0,   0,   0,   0,   0,   0,   0,   0,   0,   0,   0,   0,   0,   0,   0,   0,   0,   0,   0,   0,   0,   0,   0,   0,   0,   0,   0,   0,   0,   0,   0,   0
RGI60-07.01398,G017493E77366N,         0.475,   0,   0,   7, 281, 266, 253, 142,  51,   0,   0,   0,   0,   0,   0,   0,   0,   0,   0,   0,   0,   0,   0,   0,   0,   0,   0,   0,   0,   0,   0,   0,   0,   0,   0,   0,   0,   0,   0,   0,   0,   0,   0,   0,   0,   0,   0,   0
RGI60-07.01399,G017425E77433N,         0.365,   0,   0,   0,   0,  83, 190, 306, 314, 105,   2,   0,   0,   0,   0,   0,   0,   0,   0,   0,   0,   0,   0,   0,   0,   0,   0,   0,   0,   0,   0,   0,   0,   0,   0,   0,   0,   0,   0,   0,   0,   0,   0,   0,   0,   0,   0,   0
RGI60-07.01400,G016801E77409N,         0.191,   0,   0,   0,   0,   0,   0,   0,   0,  17, 271, 712,   0,   0,   0,   0,   0,   0,   0,   0,   0,   0,   0,   0,   0,   0,   0,   0,   0,   0,   0,   0,   0,   0,   0,   0,   0,   0,   0,   0,   0,   0,   0,   0,   0,   0,   0,   0
RGI60-07.01401,G016596E77419N,         0.294,   0,   0,   0,   0,   0,   0, 176, 321, 242, 163,  64,  34,   0,   0,   0,   0,   0,   0,   0,   0,   0,   0,   0,   0,   0,   0,   0,   0,   0,   0,   0,   0,   0,   0,   0,   0,   0,   0,   0,   0,   0,   0,   0,   0,   0,   0,   0
RGI60-07.01402,G015601E77635N,         0.527,   0,   0,   0,   0,   0,   0,   0,   0,   0, 108, 366, 234, 240,  52,   0,   0,   0,   0,   0,   0,   0,   0,   0,   0,   0,   0,   0,   0,   0,   0,   0,   0,   0,   0,   0,   0,   0,   0,   0,   0,   0,   0,   0,   0,   0,   0,   0
RGI60-07.01403,G018060E78132N,         1.581,   0,   0, 809, 191,   0,   0,   0,   0,   0,   0,   0,   0,   0,   0,   0,   0,   0,   0,   0,   0,   0,   0,   0,   0,   0,   0,   0,   0,   0,   0,   0,   0,   0,   0,   0,   0,   0,   0,   0,   0,   0,   0,   0,   0,   0,   0,   0
RGI60-07.01404,G017984E79228N,         0.206,   0,   0,   0,   0,   0,   0,   0,   0,   0,   0,   0,   0, 302, 601,  97,   0,   0,   0,   0,   0,   0,   0,   0,   0,   0,   0,   0,   0,   0,   0,   0,   0,   0,   0,   0,   0,   0,   0,   0,   0,   0,   0,   0,   0,   0,   0,   0
RGI60-07.01405,G018696E79304N,         0.321,   0,   0,   0,   0, 105, 435, 452,   8,   0,   0,   0,   0,   0,   0,   0,   0,   0,   0,   0,   0,   0,   0,   0,   0,   0,   0,   0,   0,   0,   0,   0,   0,   0,   0,   0,   0,   0,   0,   0,   0,   0,   0,   0,   0,   0,   0,   0
RGI60-07.01406,G015880E77075N,         0.230,   0,   0,  30, 230, 244, 173, 107, 104,  74,  38,   0,   0,   0,   0,   0,   0,   0,   0,   0,   0,   0,   0,   0,   0,   0,   0,   0,   0,   0,   0,   0,   0,   0,   0,   0,   0,   0,   0,   0,   0,   0,   0,   0,   0,   0,   0,   0
RGI60-07.01407,G016996E78492N,         0.311,   0,   0,   0,   0,   0,   0,   0,   0,  86, 138, 200, 148,  98,  86,  94,  88,  58,   4,   0,   0,   0,   0,   0,   0,   0,   0,   0,   0,   0,   0,   0,   0,   0,   0,   0,   0,   0,   0,   0,   0,   0,   0,   0,   0,   0,   0,   0
RGI60-07.01408,G015890E78811N,         0.396,   0,   0,   0,   0,   0,   0,   0,   0,   0,   0,   6,  51, 130, 175, 248, 222,  84,  52,  32,   0,   0,   0,   0,   0,   0,   0,   0,   0,   0,   0,   0,   0,   0,   0,   0,   0,   0,   0,   0,   0,   0,   0,   0,   0,   0,   0,   0
RGI60-07.01409,G014896E78805N,         2.339,   0,   0,   0,   0,   0,   0, 189, 147, 192, 178, 140, 108,  38,   8,   0,   0,   0,   0,   0,   0,   0,   0,   0,   0,   0,   0,   0,   0,   0,   0,   0,   0,   0,   0,   0,   0,   0,   0,   0,   0,   0,   0,   0,   0,   0,   0,   0
RGI60-07.01410,G014974E78709N,         0.579,   0,   0,   0,   0,   0,   0,   0,   0, 112, 225, 267, 160,  82,  65,  76,  13,   0,   0,   0,   0,   0,   0,   0,   0,   0,   0,   0,   0,   0,   0,   0,   0,   0,   0,   0,   0,   0,   0,   0,   0,   0,   0,   0,   0,   0,   0,   0
RGI60-07.01411,G015051E78679N,         0.736,   0,   0,   0,   0,   0,   0,   0,  38,  53,  68,  75, 161, 155, 182, 268,   0,   0,   0,   0,   0,   0,   0,   0,   0,   0,   0,   0,   0,   0,   0,   0,   0,   0,   0,   0,   0,   0,   0,   0,   0,   0,   0,   0,   0,   0,   0,   0
RGI60-07.01412,G014500E78911N,         0.935,   0,   0,   0,   0,   0,   0,   0,   0,   0,   0,   0,   0,   4,  92, 140, 203, 183, 147,  87, 109,  35,   0,   0,   0,   0,   0,   0,   0,   0,   0,   0,   0,   0,   0,   0,   0,   0,   0,   0,   0,   0,   0,   0,   0,   0,   0,   0
RGI60-07.01413,G011902E78795N,         0.431,   0,   0,   0,   0,   0,   0, 147, 389, 294, 137,  33,   0,   0,   0,   0,   0,   0,   0,   0,   0,   0,   0,   0,   0,   0,   0,   0,   0,   0,   0,   0,   0,   0,   0,   0,   0,   0,   0,   0,   0,   0,   0,   0,   0,   0,   0,   0
RGI60-07.01414,G018811E78072N,         0.713,   0,   0,   0,  11,  65, 113, 124, 179, 286, 222,   0,   0,   0,   0,   0,   0,   0,   0,   0,   0,   0,   0,   0,   0,   0,   0,   0,   0,   0,   0,   0,   0,   0,   0,   0,   0,   0,   0,   0,   0,   0,   0,   0,   0,   0,   0,   0
RGI60-07.01415,G018784E78058N,         0.054,   0,   0, 541, 459,   0,   0,   0,   0,   0,   0,   0,   0,   0,   0,   0,   0,   0,   0,   0,   0,   0,   0,   0,   0,   0,   0,   0,   0,   0,   0,   0,   0,   0,   0,   0,   0,   0,   0,   0,   0,   0,   0,   0,   0,   0,   0,   0
RGI60-07.01416,G014353E77904N,         8.420,   0,   0,   3,  73, 136, 207, 206, 176, 133,  54,   8,   3,   1,   0,   0,   0,   0,   0,   0,   0,   0,   0,   0,   0,   0,   0,   0,   0,   0,   0,   0,   0,   0,   0,   0,   0,   0,   0,   0,   0,   0,   0,   0,   0,   0,   0,   0
RGI60-07.01417,G014141E77945N,         5.943,   0,   0,   0,   0,  12, 203, 372, 229,  97,  51,  20,  13,   3,   0,   0,   0,   0,   0,   0,   0,   0,   0,   0,   0,   0,   0,   0,   0,   0,   0,   0,   0,   0,   0,   0,   0,   0,   0,   0,   0,   0,   0,   0,   0,   0,   0,   0
RGI60-07.01418,G015499E78019N,         0.607,   0,   0,   0,   0,   0,   0,   0,   0,   7,  41, 111, 205, 213, 130, 114,  72,  40,  25,  30,  12,   0,   0,   0,   0,   0,   0,   0,   0,   0,   0,   0,   0,   0,   0,   0,   0,   0,   0,   0,   0,   0,   0,   0,   0,   0,   0,   0
RGI60-07.01419,G015561E77609N,         0.673,   0,   0,   0,   0,   0,   0,   0,   0,  25, 255, 274, 186, 144, 116,   0,   0,   0,   0,   0,   0,   0,   0,   0,   0,   0,   0,   0,   0,   0,   0,   0,   0,   0,   0,   0,   0,   0,   0,   0,   0,   0,   0,   0,   0,   0,   0,   0
RGI60-07.01420,G014530E77265N,         0.316,   0,   0,   0,   0,   0, 196, 459, 293,  52,   0,   0,   0,   0,   0,   0,   0,   0,   0,   0,   0,   0,   0,   0,   0,   0,   0,   0,   0,   0,   0,   0,   0,   0,   0,   0,   0,   0,   0,   0,   0,   0,   0,   0,   0,   0,   0,   0
RGI60-07.01421,G015947E76880N,         0.284,   0,   0,   0,   0,   0,   0,  92, 600, 288,  20,   0,   0,   0,   0,   0,   0,   0,   0,   0,   0,   0,   0,   0,   0,   0,   0,   0,   0,   0,   0,   0,   0,   0,   0,   0,   0,   0,   0,   0,   0,   0,   0,   0,   0,   0,   0,   0
RGI60-07.01422,G015937E76891N,         0.376,   0,   0,  32, 555, 413,   0,   0,   0,   0,   0,   0,   0,   0,   0,   0,   0,   0,   0,   0,   0,   0,   0,   0,   0,   0,   0,   0,   0,   0,   0,   0,   0,   0,   0,   0,   0,   0,   0,   0,   0,   0,   0,   0,   0,   0,   0,   0
RGI60-07.01423,G016010E76896N,         0.453,   0,   0,   0,   0,   0,   0,   7, 364, 571,  58,   0,   0,   0,   0,   0,   0,   0,   0,   0,   0,   0,   0,   0,   0,   0,   0,   0,   0,   0,   0,   0,   0,   0,   0,   0,   0,   0,   0,   0,   0,   0,   0,   0,   0,   0,   0,   0
RGI60-07.01424,G016468E76963N,         0.295,   0,   0,   0,   0, 278, 396, 195, 106,  25,   0,   0,   0,   0,   0,   0,   0,   0,   0,   0,   0,   0,   0,   0,   0,   0,   0,   0,   0,   0,   0,   0,   0,   0,   0,   0,   0,   0,   0,   0,   0,   0,   0,   0,   0,   0,   0,   0
RGI60-07.01425,G017007E77031N,       120.025,   0,   0,   3, 257, 333, 184,  94,  58,  38,  18,   7,   5,   3,   0,   0,   0,   0,   0,   0,   0,   0,   0,   0,   0,   0,   0,   0,   0,   0,   0,   0,   0,   0,   0,   0,   0,   0,   0,   0,   0,   0,   0,   0,   0,   0,   0,   0
RGI60-07.01426,G017221E79848N,         5.144,   0,   0,   4,  48,  52,  83, 255, 260, 261,  37,   0,   0,   0,   0,   0,   0,   0,   0,   0,   0,   0,   0,   0,   0,   0,   0,   0,   0,   0,   0,   0,   0,   0,   0,   0,   0,   0,   0,   0,   0,   0,   0,   0,   0,   0,   0,   0
RGI60-07.01427,G015967E78655N,         0.335,   0,   0,   0,   0,   0,   0,   0,   0,   0,   0,  99, 348, 287, 188,  78,   0,   0,   0,   0,   0,   0,   0,   0,   0,   0,   0,   0,   0,   0,   0,   0,   0,   0,   0,   0,   0,   0,   0,   0,   0,   0,   0,   0,   0,   0,   0,   0
RGI60-07.01428,G015933E78650N,         0.302,   0,   0,   0,   0,   0,   0,   0,   0,   0,  10, 294, 397, 235,  54,  10,   0,   0,   0,   0,   0,   0,   0,   0,   0,   0,   0,   0,   0,   0,   0,   0,   0,   0,   0,   0,   0,   0,   0,   0,   0,   0,   0,   0,   0,   0,   0,   0
RGI60-07.01429,G015005E78698N,         0.594,   0,   0,   0,   0,   0,   0,   0, 196, 248, 286, 155,  88,  27,   0,   0,   0,   0,   0,   0,   0,   0,   0,   0,   0,   0,   0,   0,   0,   0,   0,   0,   0,   0,   0,   0,   0,   0,   0,   0,   0,   0,   0,   0,   0,   0,   0,   0
RGI60-07.01430,G015105E79165N,         0.865,   0,   0,   0,   0,   0,   0,   0,   0,   0,   0,   0,   0,   0,   0,   0,   0,   0,   0,   0,   0,   0,  23, 181, 453, 343,   0,   0,   0,   0,   0,   0,   0,   0,   0,   0,   0,   0,   0,   0,   0,   0,   0,   0,   0,   0,   0,   0
RGI60-07.01431,G015168E79153N,         4.270,   0,   0,   0,   0,   0,   0,   0,  17,  36,  48,  49,  35,  45,  71,  97,  86,  96,  65,  80,  65,  54,  25,  15,  25,  42,  49,   0,   0,   0,   0,   0,   0,   0,   0,   0,   0,   0,   0,   0,   0,   0,   0,   0,   0,   0,   0,   0
RGI60-07.01432,G014993E79156N,        15.709,   0,   0,   0,   0,   0,   7,  14,  36,  37,  31,  28,  33,  34,  43,  50,  53,  69,  90, 108,  79,  50,  43,  49,  54,  56,  30,   6,   0,   0,   0,   0,   0,   0,   0,   0,   0,   0,   0,   0,   0,   0,   0,   0,   0,   0,   0,   0
RGI60-07.01433,G014850E79245N,         8.694,   0,   0,   0,   0,   0,   0,   0,   2,  13,  30,  42,  42,  43,  57,  49,  49,  80,  74, 117,  93,  46,  34,  43,  54, 100,  32,   0,   0,   0,   0,   0,   0,   0,   0,   0,   0,   0,   0,   0,   0,   0,   0,   0,   0,   0,   0,   0
RGI60-07.01434,G013595E79294N,         0.366,   0,   0,   0,   0,   0,   0,   0,   0,   0,   0,   0,   0,   0,   0,   0,   0,  24, 224, 361, 381,  10,   0,   0,   0,   0,   0,   0,   0,   0,   0,   0,   0,   0,   0,   0,   0,   0,   0,   0,   0,   0,   0,   0,   0,   0,   0,   0
RGI60-07.01435,G015581E78056N,         0.309,   0,   0,   0,   0,   0,   0,   0,   0,   6,  20,  50, 183, 220, 179, 137, 129,  56,  20,   0,   0,   0,   0,   0,   0,   0,   0,   0,   0,   0,   0,   0,   0,   0,   0,   0,   0,   0,   0,   0,   0,   0,   0,   0,   0,   0,   0,   0
RGI60-07.01436,G021636E77624N,         4.470,   0,   0,  16,  31,  44,  74,  95,  94, 165, 261, 217,   3,   0,   0,   0,   0,   0,   0,   0,   0,   0,   0,   0,   0,   0,   0,   0,   0,   0,   0,   0,   0,   0,   0,   0,   0,   0,   0,   0,   0,   0,   0,   0,   0,   0,   0,   0
RGI60-07.01437,G017459E77538N,         1.925,   0,   0,  33, 188, 182, 108, 127, 190, 134,  38,   0,   0,   0,   0,   0,   0,   0,   0,   0,   0,   0,   0,   0,   0,   0,   0,   0,   0,   0,   0,   0,   0,   0,   0,   0,   0,   0,   0,   0,   0,   0,   0,   0,   0,   0,   0,   0
RGI60-07.01438,G015934E77077N,         0.255,   0,   0, 123, 163, 249, 305, 123,  37,   0,   0,   0,   0,   0,   0,   0,   0,   0,   0,   0,   0,   0,   0,   0,   0,   0,   0,   0,   0,   0,   0,   0,   0,   0,   0,   0,   0,   0,   0,   0,   0,   0,   0,   0,   0,   0,   0,   0
RGI60-07.01439,G014649E77459N,         0.096,   0,   0,   0,   0,   0,   0,   0, 662, 338,   0,   0,   0,   0,   0,   0,   0,   0,   0,   0,   0,   0,   0,   0,   0,   0,   0,   0,   0,   0,   0,   0,   0,   0,   0,   0,   0,   0,   0,   0,   0,   0,   0,   0,   0,   0,   0,   0
RGI60-07.01440,G012000E78885N,         0.269,   0,   0,   0,   0,   0, 125, 235, 164, 123, 150, 120,  69,  14,   0,   0,   0,   0,   0,   0,   0,   0,   0,   0,   0,   0,   0,   0,   0,   0,   0,   0,   0,   0,   0,   0,   0,   0,   0,   0,   0,   0,   0,   0,   0,   0,   0,   0
RGI60-07.01441,G012003E78891N,         0.155,   0,   0,   0,   0, 163, 322, 180, 139, 167,  29,   0,   0,   0,   0,   0,   0,   0,   0,   0,   0,   0,   0,   0,   0,   0,   0,   0,   0,   0,   0,   0,   0,   0,   0,   0,   0,   0,   0,   0,   0,   0,   0,   0,   0,   0,   0,   0
RGI60-07.01442,G011686E78883N,         0.207,   0,   0,   0,   0,   0,   0, 117, 275, 250, 187, 120,  51,   0,   0,   0,   0,   0,   0,   0,   0,   0,   0,   0,   0,   0,   0,   0,   0,   0,   0,   0,   0,   0,   0,   0,   0,   0,   0,   0,   0,   0,   0,   0,   0,   0,   0,   0
RGI60-07.01443,G012383E78863N,         0.430,   0,   0,   0,   0,   0,   0, 207, 283, 204, 154,  77,  46,  26,   3,   0,   0,   0,   0,   0,   0,   0,   0,   0,   0,   0,   0,   0,   0,   0,   0,   0,   0,   0,   0,   0,   0,   0,   0,   0,   0,   0,   0,   0,   0,   0,   0,   0
RGI60-07.01444,G012402E78858N,         0.341,   0,   0,   0,   0,   0,   0,  99, 249, 234, 264, 134,  20,   0,   0,   0,   0,   0,   0,   0,   0,   0,   0,   0,   0,   0,   0,   0,   0,   0,   0,   0,   0,   0,   0,   0,   0,   0,   0,   0,   0,   0,   0,   0,   0,   0,   0,   0
RGI60-07.01445,G012566E78830N,         1.026,   0,   0,   0,   0,   7, 129, 132, 126, 158, 151,  85,  44,  37,  50,  60,  21,   0,   0,   0,   0,   0,   0,   0,   0,   0,   0,   0,   0,   0,   0,   0,   0,   0,   0,   0,   0,   0,   0,   0,   0,   0,   0,   0,   0,   0,   0,   0
RGI60-07.01446,G014208E78797N,         0.740,   0,   0,   0,   0,   2,  36,  72,  78,  60,  40,  47,  88, 129, 185, 156,  71,  28,   8,   0,   0,   0,   0,   0,   0,   0,   0,   0,   0,   0,   0,   0,   0,   0,   0,   0,   0,   0,   0,   0,   0,   0,   0,   0,   0,   0,   0,   0
RGI60-07.01447,G018842E78470N,         0.330,   0,   0,   0,   0,   0,   0,  61, 222, 717,   0,   0,   0,   0,   0,   0,   0,   0,   0,   0,   0,   0,   0,   0,   0,   0,   0,   0,   0,   0,   0,   0,   0,   0,   0,   0,   0,   0,   0,   0,   0,   0,   0,   0,   0,   0,   0,   0
RGI60-07.01448,G018888E78469N,         0.455,   0,   3,  82, 186, 217, 163, 157, 109,  83,   0,   0,   0,   0,   0,   0,   0,   0,   0,   0,   0,   0,   0,   0,   0,   0,   0,   0,   0,   0,   0,   0,   0,   0,   0,   0,   0,   0,   0,   0,   0,   0,   0,   0,   0,   0,   0,   0
RGI60-07.01449,G020238E80058N,       331.460,  14,  14,  24,  57,  61,  49,  73,  69,  91, 130, 253, 146,  19,   0,   0,   0,   0,   0,   0,   0,   0,   0,   0,   0,   0,   0,   0,   0,   0,   0,   0,   0,   0,   0,   0,   0,   0,   0,   0,   0,   0,   0,   0,   0,   0,   0,   0
RGI60-07.01450,G013418E78316N,        21.451,   0,  56,  98,  92, 113, 136, 231, 148,  53,  37,  14,  11,  10,   1,   0,   0,   0,   0,   0,   0,   0,   0,   0,   0,   0,   0,   0,   0,   0,   0,   0,   0,   0,   0,   0,   0,   0,   0,   0,   0,   0,   0,   0,   0,   0,   0,   0
RGI60-07.01451,G016728E78251N,         3.228,   0,   0,   0,   0,   0,  10,  28,  50,  91, 136, 126, 117, 143, 135,  98,  49,  16,   1,   0,   0,   0,   0,   0,   0,   0,   0,   0,   0,   0,   0,   0,   0,   0,   0,   0,   0,   0,   0,   0,   0,   0,   0,   0,   0,   0,   0,   0
RGI60-07.01452,G016785E78239N,         1.420,   0,   0,   0,   0,   0,   0,   0,   0,  30, 116, 122, 120, 146, 197, 170,  92,   7,   0,   0,   0,   0,   0,   0,   0,   0,   0,   0,   0,   0,   0,   0,   0,   0,   0,   0,   0,   0,   0,   0,   0,   0,   0,   0,   0,   0,   0,   0
RGI60-07.01453,G014965E77897N,         0.153,   0,   0,   0,   0,   0,   0,   0,   0,   0,   0,  29,  82, 267, 494, 128,   0,   0,   0,   0,   0,   0,   0,   0,   0,   0,   0,   0,   0,   0,   0,   0,   0,   0,   0,   0,   0,   0,   0,   0,   0,   0,   0,   0,   0,   0,   0,   0
RGI60-07.01454,G017820E78449N,       168.193,   0,   1,  34,  31,  35,  35,  33,  44,  74,  80,  72,  92, 103, 123,  88,  67,  39,  30,  14,   4,   1,   0,   0,   0,   0,   0,   0,   0,   0,   0,   0,   0,   0,   0,   0,   0,   0,   0,   0,   0,   0,   0,   0,   0,   0,   0,   0
RGI60-07.01455,G017285E78489N,         6.566,   0,   0,   0,   9,  19,  29,  37,  55,  64,  84, 121, 151, 154, 136,  84,  34,  20,   3,   0,   0,   0,   0,   0,   0,   0,   0,   0,   0,   0,   0,   0,   0,   0,   0,   0,   0,   0,   0,   0,   0,   0,   0,   0,   0,   0,   0,   0
RGI60-07.01456,G017125E78494N,         5.766,   0,   0,   0,   0,  21,  30,  43,  39,  59, 128, 197, 168, 101,  96,  47,  37,  24,  10,   0,   0,   0,   0,   0,   0,   0,   0,   0,   0,   0,   0,   0,   0,   0,   0,   0,   0,   0,   0,   0,   0,   0,   0,   0,   0,   0,   0,   0
RGI60-07.01457,G014943E77905N,         0.758,   0,   0,   0,   0,   0,   0,  21,  56, 157, 201, 154,  45, 155, 199,  12,   0,   0,   0,   0,   0,   0,   0,   0,   0,   0,   0,   0,   0,   0,   0,   0,   0,   0,   0,   0,   0,   0,   0,   0,   0,   0,   0,   0,   0,   0,   0,   0
RGI60-07.01458,G017611E78567N,       163.425,  21,  17,  31,  29,  27,  27,  51,  49,  43,  45,  59,  59,  60,  68,  89, 118, 132,  50,  13,   8,   4,   0,   0,   0,   0,   0,   0,   0,   0,   0,   0,   0,   0,   0,   0,   0,   0,   0,   0,   0,   0,   0,   0,   0,   0,   0,   0
RGI60-07.01459,G017201E78520N,        11.062,   0,   0,   0,   6,  28,  39,  49,  83,  74, 107, 106,  94,  70,  73,  92,  79,  46,  29,  22,   3,   0,   0,   0,   0,   0,   0,   0,   0,   0,   0,   0,   0,   0,   0,   0,   0,   0,   0,   0,   0,   0,   0,   0,   0,   0,   0,   0
RGI60-07.01460,G022947E77401N,         2.081,   0,   0,   0,   0,   3, 157, 494, 208, 138,   0,   0,   0,   0,   0,   0,   0,   0,   0,   0,   0,   0,   0,   0,   0,   0,   0,   0,   0,   0,   0,   0,   0,   0,   0,   0,   0,   0,   0,   0,   0,   0,   0,   0,   0,   0,   0,   0
RGI60-07.01461,G017540E77767N,        55.997,   0,   0,   9,  87,  93,  58, 103,  94, 116, 141, 123,  93,  54,  21,   7,   1,   0,   0,   0,   0,   0,   0,   0,   0,   0,   0,   0,   0,   0,   0,   0,   0,   0,   0,   0,   0,   0,   0,   0,   0,   0,   0,   0,   0,   0,   0,   0
RGI60-07.01462,G022959E77428N,         2.926,   0,   0,   1,  49,  76, 257, 458, 159,   0,   0,   0,   0,   0,   0,   0,   0,   0,   0,   0,   0,   0,   0,   0,   0,   0,   0,   0,   0,   0,   0,   0,   0,   0,   0,   0,   0,   0,   0,   0,   0,   0,   0,   0,   0,   0,   0,   0
RGI60-07.01463,G017412E77483N,        69.274,  58, 111,  39,  45, 108, 139, 182, 131,  89,  50,  21,  13,  10,   4,   0,   0,   0,   0,   0,   0,   0,   0,   0,   0,   0,   0,   0,   0,   0,   0,   0,   0,   0,   0,   0,   0,   0,   0,   0,   0,   0,   0,   0,   0,   0,   0,   0
RGI60-07.01464,G013385E78992N,       295.509,   0,   0,  11,  21,  19,  32,   9,  18,   8,  14,  27,  44,  94, 145, 118,  81,  61,  48,  42,  41,  43,  46,  41,  21,   8,   4,   3,   1,   0,   0,   0,   0,   0,   0,   0,   0,   0,   0,   0,   0,   0,   0,   0,   0,   0,   0,   0
RGI60-07.01465,G018751E79214N,         7.307,   0,  16,  37,  34,  53,  98,  97, 128, 154, 177, 169,  37,   0,   0,   0,   0,   0,   0,   0,   0,   0,   0,   0,   0,   0,   0,   0,   0,   0,   0,   0,   0,   0,   0,   0,   0,   0,   0,   0,   0,   0,   0,   0,   0,   0,   0,   0
RGI60-07.01466,G013318E78841N,        77.959,   0,   0,   4,  17,   6,  18,  14,  12,  16,  33, 100, 173, 171, 116,  86, 110,  71,  30,  10,   8,   4,   1,   0,   0,   0,   0,   0,   0,   0,   0,   0,   0,   0,   0,   0,   0,   0,   0,   0,   0,   0,   0,   0,   0,   0,   0,   0
RGI60-07.01467,G018126E77771N,         0.032,   0,   0,   0,   0,   0,   0,   0, 157, 255, 372, 196,  20,   0,   0,   0,   0,   0,   0,   0,   0,   0,   0,   0,   0,   0,   0,   0,   0,   0,   0,   0,   0,   0,   0,   0,   0,   0,   0,   0,   0,   0,   0,   0,   0,   0,   0,   0
RGI60-07.01468,G018174E77729N,        29.861,   0,   2,  45, 224, 117, 168,  89,  99, 136,  99,  19,   2,   0,   0,   0,   0,   0,   0,   0,   0,   0,   0,   0,   0,   0,   0,   0,   0,   0,   0,   0,   0,   0,   0,   0,   0,   0,   0,   0,   0,   0,   0,   0,   0,   0,   0,   0
RGI60-07.01469,G017974E77727N,        34.973,   0,   0,  32,  79, 236, 152, 150, 122,  83,  74,  43,  22,   6,   1,   0,   0,   0,   0,   0,   0,   0,   0,   0,   0,   0,   0,   0,   0,   0,   0,   0,   0,   0,   0,   0,   0,   0,   0,   0,   0,   0,   0,   0,   0,   0,   0,   0
RGI60-07.01470,G017366E77696N,        60.123,   0,   1,  32,  41,  70,  65, 124, 163, 126,  89, 104,  78,  55,  33,  15,   4,   0,   0,   0,   0,   0,   0,   0,   0,   0,   0,   0,   0,   0,   0,   0,   0,   0,   0,   0,   0,   0,   0,   0,   0,   0,   0,   0,   0,   0,   0,   0
RGI60-07.01471,G013402E78356N,        49.823,   0,   0,  48,  75,  66,  59, 123, 118, 140, 156, 139,  52,  19,   5,   0,   0,   0,   0,   0,   0,   0,   0,   0,   0,   0,   0,   0,   0,   0,   0,   0,   0,   0,   0,   0,   0,   0,   0,   0,   0,   0,   0,   0,   0,   0,   0,   0
RGI60-07.01472,G016873E77435N,       137.611,   0,   0,   0, 100,  72,  70, 109, 117, 141, 118, 117,  91,  48,  13,   3,   1,   0,   0,   0,   0,   0,   0,   0,   0,   0,   0,   0,   0,   0,   0,   0,   0,   0,   0,   0,   0,   0,   0,   0,   0,   0,   0,   0,   0,   0,   0,   0
RGI60-07.01473,G017149E77568N,         0.021,   0,   0,   0,   0,   0,   0,   0,   0,   0,   0,   0,   0,   0, 559, 441,   0,   0,   0,   0,   0,   0,   0,   0,   0,   0,   0,   0,   0,   0,   0,   0,   0,   0,   0,   0,   0,   0,   0,   0,   0,   0,   0,   0,   0,   0,   0,   0
RGI60-07.01474,G016796E77570N,       253.219,   0,   0,   0,  37,  40,  53,  75,  65, 117, 154, 153, 121,  92,  51,  22,  10,   5,   3,   1,   1,   0,   0,   0,   0,   0,   0,   0,   0,   0,   0,   0,   0,   0,   0,   0,   0,   0,   0,   0,   0,   0,   0,   0,   0,   0,   0,   0
RGI60-07.01475,G016779E78114N,        23.433,   0,   0,   0,   0,   1,  22,  36,  50,  72,  99,  90, 111, 123, 130, 130,  80,  38,  16,   2,   0,   0,   0,   0,   0,   0,   0,   0,   0,   0,   0,   0,   0,   0,   0,   0,   0,   0,   0,   0,   0,   0,   0,   0,   0,   0,   0,   0
RGI60-07.01476,G018492E78329N,        29.783,   0,  12,  79, 122,  86,  96,  90,  98,  82,  97, 109,  88,  28,  13,   0,   0,   0,   0,   0,   0,   0,   0,   0,   0,   0,   0,   0,   0,   0,   0,   0,   0,   0,   0,   0,   0,   0,   0,   0,   0,   0,   0,   0,   0,   0,   0,   0
RGI60-07.01477,G019769E80012N,       117.431,  19,  17,  30,  48,  83,  65,  60,  84, 102, 155, 179, 128,  30,   0,   0,   0,   0,   0,   0,   0,   0,   0,   0,   0,   0,   0,   0,   0,   0,   0,   0,   0,   0,   0,   0,   0,   0,   0,   0,   0,   0,   0,   0,   0,   0,   0,   0
RGI60-07.01478,G018106E78337N,        69.908,   0,   0,   7,  57,  46,  53,  38,  59,  75,  85, 106, 120, 126, 109,  92,  26,   1,   0,   0,   0,   0,   0,   0,   0,   0,   0,   0,   0,   0,   0,   0,   0,   0,   0,   0,   0,   0,   0,   0,   0,   0,   0,   0,   0,   0,   0,   0
RGI60-07.01479,G018388E78358N,        12.306,   0,   0,   1,  35,  80, 152, 141, 140, 121, 112,  64,  59,  69,  26,   0,   0,   0,   0,   0,   0,   0,   0,   0,   0,   0,   0,   0,   0,   0,   0,   0,   0,   0,   0,   0,   0,   0,   0,   0,   0,   0,   0,   0,   0,   0,   0,   0
RGI60-07.01480,G018289E78279N,        18.796,   0,   0,   0,   0,   2,  68,  45,  73, 126, 233, 264, 103,  64,  16,   6,   0,   0,   0,   0,   0,   0,   0,   0,   0,   0,   0,   0,   0,   0,   0,   0,   0,   0,   0,   0,   0,   0,   0,   0,   0,   0,   0,   0,   0,   0,   0,   0
RGI60-07.01481,G013148E78787N,       108.297,   0,   0,   1,  11,  31,  40,  42,  70,  51,  75, 106, 126, 119, 130, 100,  60,  20,   8,   5,   5,   0,   0,   0,   0,   0,   0,   0,   0,   0,   0,   0,   0,   0,   0,   0,   0,   0,   0,   0,   0,   0,   0,   0,   0,   0,   0,   0
RGI60-07.01482,G012971E79050N,       378.765,   0,   1,   9,  23,  22,  30,  25,  18,  17,  39,  24,  36,  85,  80,  60,  55,  73, 101, 120,  79,  40,  24,  17,  13,   5,   2,   1,   1,   0,   0,   0,   0,   0,   0,   0,   0,   0,   0,   0,   0,   0,   0,   0,   0,   0,   0,   0
RGI60-07.01483,G015524E78875N,         2.329,   0,   0,   0,   0,   0,   0,   3, 101, 107, 108, 102, 108, 107, 114,  97,  60,  42,  35,  16,   0,   0,   0,   0,   0,   0,   0,   0,   0,   0,   0,   0,   0,   0,   0,   0,   0,   0,   0,   0,   0,   0,   0,   0,   0,   0,   0,   0
RGI60-07.01484,G015634E78878N,         4.919,   0,   0,   0,   0,   0,   0,  42,  73, 103,  71,  86, 127, 126,  97,  77,  66,  58,  30,  23,  21,   0,   0,   0,   0,   0,   0,   0,   0,   0,   0,   0,   0,   0,   0,   0,   0,   0,   0,   0,   0,   0,   0,   0,   0,   0,   0,   0
RGI60-07.01485,G015762E78869N,         2.718,   0,   0,   0,   0,   0,   0,   0,   8,  36, 110, 135, 149, 150, 118, 108,  94,  68,  23,   1,   0,   0,   0,   0,   0,   0,   0,   0,   0,   0,   0,   0,   0,   0,   0,   0,   0,   0,   0,   0,   0,   0,   0,   0,   0,   0,   0,   0
RGI60-07.01486,G015859E78861N,         1.582,   0,   0,   0,   0,   0,   0,   0,  20,  92, 153, 177, 244,  90,  60,  43,  38,  21,  24,  23,  13,   2,   0,   0,   0,   0,   0,   0,   0,   0,   0,   0,   0,   0,   0,   0,   0,   0,   0,   0,   0,   0,   0,   0,   0,   0,   0,   0
RGI60-07.01487,G016996E78856N,       326.504,   0,   0,  21,  43,  42,  19,  10,  21,  20,  26,  35,  39,  34,  36,  31,  46,  67,  77,  63,  66,  71,  73,  69,  51,  21,   8,   7,   2,   2,   0,   0,   0,   0,   0,   0,   0,   0,   0,   0,   0,   0,   0,   0,   0,   0,   0,   0
RGI60-07.01488,G020365E79883N,       200.836,   6,  28,  44,  61,  79, 110, 117, 119, 132, 115, 123,  60,   6,   0,   0,   0,   0,   0,   0,   0,   0,   0,   0,   0,   0,   0,   0,   0,   0,   0,   0,   0,   0,   0,   0,   0,   0,   0,   0,   0,   0,   0,   0,   0,   0,   0,   0
RGI60-07.01489,G016789E78769N,         8.532,   0,   0,   0,  30,  41,  25,  25,  41,  54, 110, 156, 193, 165, 130,  30,   0,   0,   0,   0,   0,   0,   0,   0,   0,   0,   0,   0,   0,   0,   0,   0,   0,   0,   0,   0,   0,   0,   0,   0,   0,   0,   0,   0,   0,   0,   0,   0
RGI60-07.01490,G016649E78772N,         5.313,   0,   0,   0,   0,   0,  20,  75, 139, 231, 157, 126,  92,  55,  48,  47,  10,   0,   0,   0,   0,   0,   0,   0,   0,   0,   0,   0,   0,   0,   0,   0,   0,   0,   0,   0,   0,   0,   0,   0,   0,   0,   0,   0,   0,   0,   0,   0
RGI60-07.01491,G015574E78867N,         1.097,   0,   0,   0,   0,   0,   0,   0,   0,   0,   0,   0,   0,   0,   0,   0,  10,  95, 193, 512, 190,   0,   0,   0,   0,   0,   0,   0,   0,   0,   0,   0,   0,   0,   0,   0,   0,   0,   0,   0,   0,   0,   0,   0,   0,   0,   0,   0
RGI60-07.01492,G012258E79129N,        76.334,   0,   0,   8,  37,  71,  75,  80,  82,  77,  78,  76,  81,  76,  52,  47,  40,  33,  23,  22,  30,   8,   3,   1,   0,   0,   0,   0,   0,   0,   0,   0,   0,   0,   0,   0,   0,   0,   0,   0,   0,   0,   0,   0,   0,   0,   0,   0
RGI60-07.01493,G012421E79244N,        38.089,   0,   1,   5,  18,  25,  30,  27,  29,  33,  41,  44,  46,  58,  60,  47,  65, 153, 140,  57,  44,  28,  21,  16,   9,   2,   1,   0,   0,   0,   0,   0,   0,   0,   0,   0,   0,   0,   0,   0,   0,   0,   0,   0,   0,   0,   0,   0
RGI60-07.01494,G012655E79355N,       394.327,   0,   1,  15,  21,  23,  24,  31,  51,  57,  72,  65,  68,  84,  81,  72,  54,  42,  53,  60,  60,  33,  18,   9,   3,   2,   1,   0,   0,   0,   0,   0,   0,   0,   0,   0,   0,   0,   0,   0,   0,   0,   0,   0,   0,   0,   0,   0
RGI60-07.01495,G013716E79130N,       103.168,   0,   0,  14,  20,  18,  26,  37,  35,  31,  56,  45,  73,  66,  92, 119,  96,  77,  45,  34,  29,  24,  24,  19,  11,   8,   1,   0,   0,   0,   0,   0,   0,   0,   0,   0,   0,   0,   0,   0,   0,   0,   0,   0,   0,   0,   0,   0
RGI60-07.01496,G013433E79193N,        57.426,   0,   0,  16,  32,  29,  38,  40,  39,  32,  27,  41,  51,  52,  51,  54,  51,  51,  45,  45,  78,  76,  78,  46,  16,   9,   3,   0,   0,   0,   0,   0,   0,   0,   0,   0,   0,   0,   0,   0,   0,   0,   0,   0,   0,   0,   0,   0
RGI60-07.01497,G016172E79454N,         5.225,   0,   0,   0,   0,   0,   0,   0,   1,  15,  26,  37,  46,  42,  28,  22,  43,  97, 254, 281, 108,   0,   0,   0,   0,   0,   0,   0,   0,   0,   0,   0,   0,   0,   0,   0,   0,   0,   0,   0,   0,   0,   0,   0,   0,   0,   0,   0
RGI60-07.01498,G016416E79453N,        99.315,   2,   7,   7,  11,  10,  15,  13,  15,  23,  14,  16,  15,  19,  24,  36,  54,  63,  84,  97, 108, 126, 167,  61,  13,   0,   0,   0,   0,   0,   0,   0,   0,   0,   0,   0,   0,   0,   0,   0,   0,   0,   0,   0,   0,   0,   0,   0
RGI60-07.01499,G020877E79894N,       179.461,   6,  27,  45,  57,  69,  72,  83,  91,  99, 108, 149, 140,  54,   0,   0,   0,   0,   0,   0,   0,   0,   0,   0,   0,   0,   0,   0,   0,   0,   0,   0,   0,   0,   0,   0,   0,   0,   0,   0,   0,   0,   0,   0,   0,   0,   0,   0
RGI60-07.01500,G017879E79183N,       318.818,   7,   8,  14,  16,  18,  16,  17,  20,  31,  36,  40,  42,  48,  55,  56,  55,  56,  59,  53,  55,  62,  54,  46,  42,  37,  23,  16,  10,   5,   3,   0,   0,   0,   0,   0,   0,   0,   0,   0,   0,   0,   0,   0,   0,   0,   0,   0
RGI60-07.01501,G018619E79293N,        12.243,   1,  40,  50,  49,  60,  65,  74, 136, 200, 203, 122,   0,   0,   0,   0,   0,   0,   0,   0,   0,   0,   0,   0,   0,   0,   0,   0,   0,   0,   0,   0,   0,   0,   0,   0,   0,   0,   0,   0,   0,   0,   0,   0,   0,   0,   0,   0
RGI60-07.01502,G018767E79334N,         5.064,  19,  76,  78,  51,  79, 125, 152, 167, 171,  82,   0,   0,   0,   0,   0,   0,   0,   0,   0,   0,   0,   0,   0,   0,   0,   0,   0,   0,   0,   0,   0,   0,   0,   0,   0,   0,   0,   0,   0,   0,   0,   0,   0,   0,   0,   0,   0
RGI60-07.01503,G018488E79337N,        55.385,   0,  15,  25,  16,  26,  16,  24,  49, 128, 155, 259, 218,  68,   1,   0,   0,   0,   0,   0,   0,   0,   0,   0,   0,   0,   0,   0,   0,   0,   0,   0,   0,   0,   0,   0,   0,   0,   0,   0,   0,   0,   0,   0,   0,   0,   0,   0
RGI60-07.01504,G018315E79166N,       111.267,   1,   4,  14,  18,  19,  19,  27,  39,  32,  46,  64,  88, 102,  93,  92,  82,  77,  61,  59,  46,  12,   5,   0,   0,   0,   0,   0,   0,   0,   0,   0,   0,   0,   0,   0,   0,   0,   0,   0,   0,   0,   0,   0,   0,   0,   0,   0
RGI60-07.01505,G021481E78473N,       122.218,   0,  37, 117, 146,  94,  63,  90,  76, 114, 195,  56,  11,   1,   0,   0,   0,   0,   0,   0,   0,   0,   0,   0,   0,   0,   0,   0,   0,   0,   0,   0,   0,   0,   0,   0,   0,   0,   0,   0,   0,   0,   0,   0,   0,   0,   0,   0
RGI60-07.01506,G018474E78680N,       963.857,   0,  26,  52,  37,  48,  50,  62,  68,  81,  62,  54,  53,  55,  48,  41,  54,  67,  53,  34,  24,  16,   9,   6,   0,   0,   0,   0,   0,   0,   0,   0,   0,   0,   0,   0,   0,   0,   0,   0,   0,   0,   0,   0,   0,   0,   0,   0
RGI60-07.01507,G020858E78829N,        77.165,   2,  51, 105,  99, 163, 158, 128, 113,  98,  48,  29,   5,   1,   0,   0,   0,   0,   0,   0,   0,   0,   0,   0,   0,   0,   0,   0,   0,   0,   0,   0,   0,   0,   0,   0,   0,   0,   0,   0,   0,   0,   0,   0,   0,   0,   0,   0
RGI60-07.01508,G018350E78411N,        95.358,   0,   0,  40,  66,  60,  97, 101,  79,  91,  81,  82,  87,  65,  60,  53,  30,   8,   0,   0,   0,   0,   0,   0,   0,   0,   0,   0,   0,   0,   0,   0,   0,   0,   0,   0,   0,   0,   0,   0,   0,   0,   0,   0,   0,   0,   0,   0
RGI60-07.01509,G018897E78464N,         0.486,   0,   0,   0,  23, 143, 247, 287, 241,  59,   0,   0,   0,   0,   0,   0,   0,   0,   0,   0,   0,   0,   0,   0,   0,   0,   0,   0,   0,   0,   0,   0,   0,   0,   0,   0,   0,   0,   0,   0,   0,   0,   0,   0,   0,   0,   0,   0
RGI60-07.01510,G019715E79859N,       333.360,   4,  29,  53,  54,  92, 124, 126,  98, 124, 138, 112,  45,   1,   0,   0,   0,   0,   0,   0,   0,   0,   0,   0,   0,   0,   0,   0,   0,   0,   0,   0,   0,   0,   0,   0,   0,   0,   0,   0,   0,   0,   0,   0,   0,   0,   0,   0
RGI60-07.01511,G018500E78485N,       117.909,   0,   2,  37,  34,  68,  72,  84,  91, 121, 176, 164,  74,  38,  20,  14,   4,   1,   0,   0,   0,   0,   0,   0,   0,   0,   0,   0,   0,   0,   0,   0,   0,   0,   0,   0,   0,   0,   0,   0,   0,   0,   0,   0,   0,   0,   0,   0
RGI60-07.01512,G018626E78539N,        35.718,   0,   4,  28,  25,  54,  61, 100, 140, 205, 158,  99,  60,  47,  18,   1,   0,   0,   0,   0,   0,   0,   0,   0,   0,   0,   0,   0,   0,   0,   0,   0,   0,   0,   0,   0,   0,   0,   0,   0,   0,   0,   0,   0,   0,   0,   0,   0
RGI60-07.01513,G022443E77891N,        15.211,   0,   0,   0,   3,  67, 153, 104, 134, 189, 223, 127,   0,   0,   0,   0,   0,   0,   0,   0,   0,   0,   0,   0,   0,   0,   0,   0,   0,   0,   0,   0,   0,   0,   0,   0,   0,   0,   0,   0,   0,   0,   0,   0,   0,   0,   0,   0
RGI60-07.01514,G021844E77622N,        87.276,   0,  26,  70,  49,  52,  81,  82, 119, 160, 201, 130,  30,   0,   0,   0,   0,   0,   0,   0,   0,   0,   0,   0,   0,   0,   0,   0,   0,   0,   0,   0,   0,   0,   0,   0,   0,   0,   0,   0,   0,   0,   0,   0,   0,   0,   0,   0
RGI60-07.01515,G021684E78137N,        10.080,   0,   0,   9,  33, 161, 101, 137, 199, 342,  18,   0,   0,   0,   0,   0,   0,   0,   0,   0,   0,   0,   0,   0,   0,   0,   0,   0,   0,   0,   0,   0,   0,   0,   0,   0,   0,   0,   0,   0,   0,   0,   0,   0,   0,   0,   0,   0
RGI60-07.01516,G021793E78133N,         8.130,   0,   0,   0,   5,  41, 104, 165, 331, 335,  19,   0,   0,   0,   0,   0,   0,   0,   0,   0,   0,   0,   0,   0,   0,   0,   0,   0,   0,   0,   0,   0,   0,   0,   0,   0,   0,   0,   0,   0,   0,   0,   0,   0,   0,   0,   0,   0
RGI60-07.01517,G021519E78108N,         5.291,   0,   0,   0,   1,  34, 100, 222, 395, 248,   0,   0,   0,   0,   0,   0,   0,   0,   0,   0,   0,   0,   0,   0,   0,   0,   0,   0,   0,   0,   0,   0,   0,   0,   0,   0,   0,   0,   0,   0,   0,   0,   0,   0,   0,   0,   0,   0
RGI60-07.01518,G021594E78095N,         0.013,   0,   0,   0,   0,   0,1000,   0,   0,   0,   0,   0,   0,   0,   0,   0,   0,   0,   0,   0,   0,   0,   0,   0,   0,   0,   0,   0,   0,   0,   0,   0,   0,   0,   0,   0,   0,   0,   0,   0,   0,   0,   0,   0,   0,   0,   0,   0
RGI60-07.01519,G021643E78106N,         7.814,   0,   0,   0,   0,  15,  70, 213, 413, 271,  18,   0,   0,   0,   0,   0,   0,   0,   0,   0,   0,   0,   0,   0,   0,   0,   0,   0,   0,   0,   0,   0,   0,   0,   0,   0,   0,   0,   0,   0,   0,   0,   0,   0,   0,   0,   0,   0
RGI60-07.01520,G021648E78063N,         0.018,   0,   0,   0,   0,   0,  33, 967,   0,   0,   0,   0,   0,   0,   0,   0,   0,   0,   0,   0,   0,   0,   0,   0,   0,   0,   0,   0,   0,   0,   0,   0,   0,   0,   0,   0,   0,   0,   0,   0,   0,   0,   0,   0,   0,   0,   0,   0
RGI60-07.01521,G021572E78081N,        11.756,   0,   0,   0,   0,   5,  70, 146, 371, 248, 104,  56,   0,   0,   0,   0,   0,   0,   0,   0,   0,   0,   0,   0,   0,   0,   0,   0,   0,   0,   0,   0,   0,   0,   0,   0,   0,   0,   0,   0,   0,   0,   0,   0,   0,   0,   0,   0
RGI60-07.01522,G022285E78068N,         3.713,   0,   0,   0,   8,  44,  74, 229, 324, 313,   8,   0,   0,   0,   0,   0,   0,   0,   0,   0,   0,   0,   0,   0,   0,   0,   0,   0,   0,   0,   0,   0,   0,   0,   0,   0,   0,   0,   0,   0,   0,   0,   0,   0,   0,   0,   0,   0
RGI60-07.01523,G019186E79794N,        28.752,  50, 130, 133, 146, 150, 111, 101, 113,  63,   3,   0,   0,   0,   0,   0,   0,   0,   0,   0,   0,   0,   0,   0,   0,   0,   0,   0,   0,   0,   0,   0,   0,   0,   0,   0,   0,   0,   0,   0,   0,   0,   0,   0,   0,   0,   0,   0
RGI60-07.01524,G022267E78052N,         1.635,   0,   0,   0,  24,  48, 153, 213, 203, 349,  10,   0,   0,   0,   0,   0,   0,   0,   0,   0,   0,   0,   0,   0,   0,   0,   0,   0,   0,   0,   0,   0,   0,   0,   0,   0,   0,   0,   0,   0,   0,   0,   0,   0,   0,   0,   0,   0
RGI60-07.01525,G022011E77977N,         4.065,   0,   0,   5,  34, 105,  93,  69,  89, 127, 186, 292,   0,   0,   0,   0,   0,   0,   0,   0,   0,   0,   0,   0,   0,   0,   0,   0,   0,   0,   0,   0,   0,   0,   0,   0,   0,   0,   0,   0,   0,   0,   0,   0,   0,   0,   0,   0
RGI60-07.01526,G022144E77878N,        29.660,   0,   0,   0,   9,  26,  65,  66,  88, 221, 214, 273,  38,   0,   0,   0,   0,   0,   0,   0,   0,   0,   0,   0,   0,   0,   0,   0,   0,   0,   0,   0,   0,   0,   0,   0,   0,   0,   0,   0,   0,   0,   0,   0,   0,   0,   0,   0
RGI60-07.01527,G022126E77955N,        14.823,   0,   0,   0,   5,  23,  55,  92, 168, 225, 276, 141,  15,   0,   0,   0,   0,   0,   0,   0,   0,   0,   0,   0,   0,   0,   0,   0,   0,   0,   0,   0,   0,   0,   0,   0,   0,   0,   0,   0,   0,   0,   0,   0,   0,   0,   0,   0
RGI60-07.01528,G022262E77922N,        33.817,   0,   0,   7,  39,  70,  45,  69, 136, 124, 155, 275,  80,   0,   0,   0,   0,   0,   0,   0,   0,   0,   0,   0,   0,   0,   0,   0,   0,   0,   0,   0,   0,   0,   0,   0,   0,   0,   0,   0,   0,   0,   0,   0,   0,   0,   0,   0
RGI60-07.01529,G022419E77914N,         7.382,   0,   0,   0,  17,  42, 102, 171, 236, 270, 148,  14,   0,   0,   0,   0,   0,   0,   0,   0,   0,   0,   0,   0,   0,   0,   0,   0,   0,   0,   0,   0,   0,   0,   0,   0,   0,   0,   0,   0,   0,   0,   0,   0,   0,   0,   0,   0
RGI60-07.01530,G022375E77858N,        27.603,   0,   0,  19,  17,  42,  73, 194, 250, 225, 110,  70,   0,   0,   0,   0,   0,   0,   0,   0,   0,   0,   0,   0,   0,   0,   0,   0,   0,   0,   0,   0,   0,   0,   0,   0,   0,   0,   0,   0,   0,   0,   0,   0,   0,   0,   0,   0
RGI60-07.01531,G022029E77721N,        13.061,   0,   0,   0,   0,  14,  54, 125, 271, 172, 307,  50,   7,   0,   0,   0,   0,   0,   0,   0,   0,   0,   0,   0,   0,   0,   0,   0,   0,   0,   0,   0,   0,   0,   0,   0,   0,   0,   0,   0,   0,   0,   0,   0,   0,   0,   0,   0
RGI60-07.01532,G021893E77709N,        18.346,   0,   0,   0,   8,  24,  44,  59, 108, 194, 295, 238,  30,   0,   0,   0,   0,   0,   0,   0,   0,   0,   0,   0,   0,   0,   0,   0,   0,   0,   0,   0,   0,   0,   0,   0,   0,   0,   0,   0,   0,   0,   0,   0,   0,   0,   0,   0
RGI60-07.01533,G022170E77705N,        16.505,   0,   0,  20,  62, 111, 140, 172, 228, 142, 117,   8,   0,   0,   0,   0,   0,   0,   0,   0,   0,   0,   0,   0,   0,   0,   0,   0,   0,   0,   0,   0,   0,   0,   0,   0,   0,   0,   0,   0,   0,   0,   0,   0,   0,   0,   0,   0
RGI60-07.01534,G018958E79821N,        99.024,  15, 104, 109,  72,  83, 101, 143, 147,  93,  85,  48,   0,   0,   0,   0,   0,   0,   0,   0,   0,   0,   0,   0,   0,   0,   0,   0,   0,   0,   0,   0,   0,   0,   0,   0,   0,   0,   0,   0,   0,   0,   0,   0,   0,   0,   0,   0
RGI60-07.01535,G021430E77550N,        25.720,   0,   1,  19,  41,  52,  79, 115, 207, 303, 142,  41,   0,   0,   0,   0,   0,   0,   0,   0,   0,   0,   0,   0,   0,   0,   0,   0,   0,   0,   0,   0,   0,   0,   0,   0,   0,   0,   0,   0,   0,   0,   0,   0,   0,   0,   0,   0
RGI60-07.01536,G021644E77660N,         1.451,   0,   0,   0,   0,   0,   0,   0,   0,  53, 229, 445, 273,   0,   0,   0,   0,   0,   0,   0,   0,   0,   0,   0,   0,   0,   0,   0,   0,   0,   0,   0,   0,   0,   0,   0,   0,   0,   0,   0,   0,   0,   0,   0,   0,   0,   0,   0
RGI60-07.01537,G021518E77589N,         9.628,   0,   0,   0,  20,  61,  98, 116, 178, 223, 249,  55,   0,   0,   0,   0,   0,   0,   0,   0,   0,   0,   0,   0,   0,   0,   0,   0,   0,   0,   0,   0,   0,   0,   0,   0,   0,   0,   0,   0,   0,   0,   0,   0,   0,   0,   0,   0
RGI60-07.01538,G021262E77536N,         5.957,   0,   0,   0,   0,   9,  45, 127, 203, 424, 192,   0,   0,   0,   0,   0,   0,   0,   0,   0,   0,   0,   0,   0,   0,   0,   0,   0,   0,   0,   0,   0,   0,   0,   0,   0,   0,   0,   0,   0,   0,   0,   0,   0,   0,   0,   0,   0
RGI60-07.01539,G021358E77521N,         2.733,   0,   0,   0,   0,   0,   5, 128, 285, 449, 133,   0,   0,   0,   0,   0,   0,   0,   0,   0,   0,   0,   0,   0,   0,   0,   0,   0,   0,   0,   0,   0,   0,   0,   0,   0,   0,   0,   0,   0,   0,   0,   0,   0,   0,   0,   0,   0
RGI60-07.01540,G021641E77583N,         2.574,   0,   0,   0,   0,   4,  15,  31,  81, 256, 533,  80,   0,   0,   0,   0,   0,   0,   0,   0,   0,   0,   0,   0,   0,   0,   0,   0,   0,   0,   0,   0,   0,   0,   0,   0,   0,   0,   0,   0,   0,   0,   0,   0,   0,   0,   0,   0
RGI60-07.01541,G023132E77721N,        34.644,   0, 138,  49,  50,  61,  90, 122, 185, 175, 105,  25,   0,   0,   0,   0,   0,   0,   0,   0,   0,   0,   0,   0,   0,   0,   0,   0,   0,   0,   0,   0,   0,   0,   0,   0,   0,   0,   0,   0,   0,   0,   0,   0,   0,   0,   0,   0
RGI60-07.01542,G023036E77761N,        41.518,   4,  67, 102,  73, 106, 110, 110, 174, 176,  75,   3,   0,   0,   0,   0,   0,   0,   0,   0,   0,   0,   0,   0,   0,   0,   0,   0,   0,   0,   0,   0,   0,   0,   0,   0,   0,   0,   0,   0,   0,   0,   0,   0,   0,   0,   0,   0
RGI60-07.01543,G023097E77696N,         6.976,   0,   9,  29,  71,  91,  91, 111, 151, 150, 170, 127,   0,   0,   0,   0,   0,   0,   0,   0,   0,   0,   0,   0,   0,   0,   0,   0,   0,   0,   0,   0,   0,   0,   0,   0,   0,   0,   0,   0,   0,   0,   0,   0,   0,   0,   0,   0
RGI60-07.01544,G023104E77898N,        66.480,   0,   8,  94, 127, 124, 165, 188, 183, 102,   9,   0,   0,   0,   0,   0,   0,   0,   0,   0,   0,   0,   0,   0,   0,   0,   0,   0,   0,   0,   0,   0,   0,   0,   0,   0,   0,   0,   0,   0,   0,   0,   0,   0,   0,   0,   0,   0
RGI60-07.01545,G018533E79840N,         6.247,   0,   0, 113, 377, 510,   0,   0,   0,   0,   0,   0,   0,   0,   0,   0,   0,   0,   0,   0,   0,   0,   0,   0,   0,   0,   0,   0,   0,   0,   0,   0,   0,   0,   0,   0,   0,   0,   0,   0,   0,   0,   0,   0,   0,   0,   0,   0
RGI60-07.01546,G023470E77577N,       186.971,   0,  50, 102, 127,  82, 119, 141, 207, 120,  41,  11,   0,   0,   0,   0,   0,   0,   0,   0,   0,   0,   0,   0,   0,   0,   0,   0,   0,   0,   0,   0,   0,   0,   0,   0,   0,   0,   0,   0,   0,   0,   0,   0,   0,   0,   0,   0
RGI60-07.01547,G022856E77387N,         9.815,   0,   5,  53,  46,  73, 137, 209, 198, 221,  56,   2,   0,   0,   0,   0,   0,   0,   0,   0,   0,   0,   0,   0,   0,   0,   0,   0,   0,   0,   0,   0,   0,   0,   0,   0,   0,   0,   0,   0,   0,   0,   0,   0,   0,   0,   0,   0
RGI60-07.01548,G022952E77364N,         6.992,   0,   0,   0,  18,  85, 138, 286, 279, 113,  76,   5,   0,   0,   0,   0,   0,   0,   0,   0,   0,   0,   0,   0,   0,   0,   0,   0,   0,   0,   0,   0,   0,   0,   0,   0,   0,   0,   0,   0,   0,   0,   0,   0,   0,   0,   0,   0
RGI60-07.01549,G023009E77421N,         2.387,   0,   0,   0,   0,   0,  82, 420, 397, 101,   0,   0,   0,   0,   0,   0,   0,   0,   0,   0,   0,   0,   0,   0,   0,   0,   0,   0,   0,   0,   0,   0,   0,   0,   0,   0,   0,   0,   0,   0,   0,   0,   0,   0,   0,   0,   0,   0
RGI60-07.01550,G023029E77443N,         1.496,   0,   0,   0,   0,   0,   0,   0, 187, 484, 329,   0,   0,   0,   0,   0,   0,   0,   0,   0,   0,   0,   0,   0,   0,   0,   0,   0,   0,   0,   0,   0,   0,   0,   0,   0,   0,   0,   0,   0,   0,   0,   0,   0,   0,   0,   0,   0
RGI60-07.01551,G023069E77454N,         1.884,   0,   0,   0,   0,   2, 131, 450, 175, 226,  16,   0,   0,   0,   0,   0,   0,   0,   0,   0,   0,   0,   0,   0,   0,   0,   0,   0,   0,   0,   0,   0,   0,   0,   0,   0,   0,   0,   0,   0,   0,   0,   0,   0,   0,   0,   0,   0
RGI60-07.01552,G023078E77468N,         9.604,   0,   0,  11, 194, 270, 221, 104,  81,  99,  20,   0,   0,   0,   0,   0,   0,   0,   0,   0,   0,   0,   0,   0,   0,   0,   0,   0,   0,   0,   0,   0,   0,   0,   0,   0,   0,   0,   0,   0,   0,   0,   0,   0,   0,   0,   0,   0
RGI60-07.01553,G023379E77895N,         0.030,   0,   0, 959,  41,   0,   0,   0,   0,   0,   0,   0,   0,   0,   0,   0,   0,   0,   0,   0,   0,   0,   0,   0,   0,   0,   0,   0,   0,   0,   0,   0,   0,   0,   0,   0,   0,   0,   0,   0,   0,   0,   0,   0,   0,   0,   0,   0
RGI60-07.01554,G023718E77811N,       581.764,   0,  74, 152, 155, 168, 136, 145,  98,  57,  15,   0,   0,   0,   0,   0,   0,   0,   0,   0,   0,   0,   0,   0,   0,   0,   0,   0,   0,   0,   0,   0,   0,   0,   0,   0,   0,   0,   0,   0,   0,   0,   0,   0,   0,   0,   0,   0
RGI60-07.01555,G021777E78165N,         2.204,   0,   0,   3,  31,  64, 113, 341, 448,   0,   0,   0,   0,   0,   0,   0,   0,   0,   0,   0,   0,   0,   0,   0,   0,   0,   0,   0,   0,   0,   0,   0,   0,   0,   0,   0,   0,   0,   0,   0,   0,   0,   0,   0,   0,   0,   0,   0
RGI60-07.01556,G021928E78413N,        31.623,   0,  13, 110, 123,  69, 118, 165, 110, 162,  72,  38,  16,   4,   0,   0,   0,   0,   0,   0,   0,   0,   0,   0,   0,   0,   0,   0,   0,   0,   0,   0,   0,   0,   0,   0,   0,   0,   0,   0,   0,   0,   0,   0,   0,   0,   0,   0
RGI60-07.01557,G018676E79836N,         8.735,   0,   0,  23, 103, 262, 260, 265,  87,   0,   0,   0,   0,   0,   0,   0,   0,   0,   0,   0,   0,   0,   0,   0,   0,   0,   0,   0,   0,   0,   0,   0,   0,   0,   0,   0,   0,   0,   0,   0,   0,   0,   0,   0,   0,   0,   0,   0
RGI60-07.01558,G021800E78493N,        69.055,   4,  36,  62, 114, 113, 147, 136, 129, 144,  66,  33,  15,   1,   0,   0,   0,   0,   0,   0,   0,   0,   0,   0,   0,   0,   0,   0,   0,   0,   0,   0,   0,   0,   0,   0,   0,   0,   0,   0,   0,   0,   0,   0,   0,   0,   0,   0
RGI60-07.01559,G018349E78926N,       876.603,   2,  10,  17,  33,  24,  16,  18,  22,  34,  90,  67,  44,  44,  55,  52,  52,  43,  45,  48,  52,  56,  49,  45,  31,  22,  14,  10,   2,   1,   1,   1,   0,   0,   0,   0,   0,   0,   0,   0,   0,   0,   0,   0,   0,   0,   0,   0
RGI60-07.01560,G019824E78864N,       594.902,   1,  20,  25,  90, 122, 106, 115, 152, 189, 124,  39,  13,   4,   0,   0,   0,   0,   0,   0,   0,   0,   0,   0,   0,   0,   0,   0,   0,   0,   0,   0,   0,   0,   0,   0,   0,   0,   0,   0,   0,   0,   0,   0,   0,   0,   0,   0
RGI60-07.01561,G019492E79115N,        76.893,  11,  43,  70,  85, 111, 200, 239, 128,  54,  31,  19,   7,   2,   0,   0,   0,   0,   0,   0,   0,   0,   0,   0,   0,   0,   0,   0,   0,   0,   0,   0,   0,   0,   0,   0,   0,   0,   0,   0,   0,   0,   0,   0,   0,   0,   0,   0
RGI60-07.01562,G019283E79157N,         3.475,  13,  35,  25,  38,  51, 113, 299, 326,  76,  24,   0,   0,   0,   0,   0,   0,   0,   0,   0,   0,   0,   0,   0,   0,   0,   0,   0,   0,   0,   0,   0,   0,   0,   0,   0,   0,   0,   0,   0,   0,   0,   0,   0,   0,   0,   0,   0
RGI60-07.01563,G018721E79156N,         8.875,  10,  37,  28,  21,  44,  52,  78,  92,  92,  92, 131, 132, 119,  72,   0,   0,   0,   0,   0,   0,   0,   0,   0,   0,   0,   0,   0,   0,   0,   0,   0,   0,   0,   0,   0,   0,   0,   0,   0,   0,   0,   0,   0,   0,   0,   0,   0
RGI60-07.01564,G018237E79056N,       330.996,   3,   9,  17,  26,  21,  24,  19,  27,  36,  40,  43,  42,  46,  58,  81,  62,  65,  61,  59,  56,  46,  33,  27,  27,  28,  23,  15,   4,   1,   1,   0,   0,   0,   0,   0,   0,   0,   0,   0,   0,   0,   0,   0,   0,   0,   0,   0
RGI60-07.01565,G015059E77928N,         0.699,   0,   0,   0,   0,   0,   0,  12,  60, 157, 167, 174, 236, 134,  57,   3,   0,   0,   0,   0,   0,   0,   0,   0,   0,   0,   0,   0,   0,   0,   0,   0,   0,   0,   0,   0,   0,   0,   0,   0,   0,   0,   0,   0,   0,   0,   0,   0
RGI60-07.01566,G014969E77927N,         6.924,   0,   0,   0,   0,   0,  25,  79, 125, 251, 161, 160, 140,  53,   6,   0,   0,   0,   0,   0,   0,   0,   0,   0,   0,   0,   0,   0,   0,   0,   0,   0,   0,   0,   0,   0,   0,   0,   0,   0,   0,   0,   0,   0,   0,   0,   0,   0
RGI60-07.01567,G016550E78122N,         5.350,   0,   0,   0,   0,   0,   0,  34,  50,  65,  88,  84,  76,  90, 114, 113,  90,  71,  96,  27,   2,   0,   0,   0,   0,   0,   0,   0,   0,   0,   0,   0,   0,   0,   0,   0,   0,   0,   0,   0,   0,   0,   0,   0,   0,   0,   0,   0
RGI60-07.01568,G351816E71042N,        15.399,   0,   0,   0,   4,  11,  20,  21,  23,  25,  21,  28,  26,  29,  31,  28,  37,  38,  52,  58,  50,  45,  43,  42,  38,  40,  39,  34,  32,  29,  23,  20,  15,  13,  12,   9,   8,   7,   7,   6,   8,   8,   7,   7,   6,   0,   0,   0
RGI60-07.01569,G351730E71043N,        16.876,   0,   0,   0,   0,   0,   0,   2,  12,  31,  40,  46,  59,  74,  84,  82,  90,  71,  61,  53,  51,  43,  31,  26,  22,  20,  18,  15,  11,   8,   6,   5,   5,   4,   3,   3,   2,   2,   2,   2,   3,   3,   3,   3,   3,   1,   0,   0
RGI60-07.01570,G351719E71067N,         9.053,   0,   0,   0,   0,   2,   2,  12,  31,  38,  45,  53,  51,  39,  49,  64,  59,  69,  63,  50,  52,  46,  44,  34,  30,  29,  26,  23,  21,  15,  11,   9,   7,   6,   6,   4,   3,   2,   1,   1,   1,   1,   1,   0,   0,   0,   0,   0
RGI60-07.01571,G351736E71081N,         5.367,   0,   0,   0,   0,   0,   0,   9,  25,  42,  66,  60,  64,  42,  39,  37,  39,  30,  26,  32,  36,  33,  38,  42,  38,  37,  38,  39,  28,  24,  18,  17,  15,  10,   7,   7,   5,   4,   4,   2,   2,   6,  10,  10,  10,   9,   0,   0
RGI60-07.01572,G351726E71092N,         3.114,   0,   0,   0,   1,   9,  13,  46,  37,  48,  52,  56,  73,  70,  68,  79,  77,  76,  54,  40,  29,  27,  32,  37,  29,  20,  16,   8,   3,   0,   0,   0,   0,   0,   0,   0,   0,   0,   0,   0,   0,   0,   0,   0,   0,   0,   0,   0
RGI60-07.01573,G351754E71099N,         4.033,   0,   0,   0,   4,   6,  15,  45,  47,  56,  60,  53,  58,  50,  51,  47,  39,  40,  43,  41,  30,  27,  25,  25,  29,  32,  31,  23,  20,  13,  12,  13,   9,   8,  11,   9,   8,   7,   5,   5,   2,   1,   0,   0,   0,   0,   0,   0
RGI60-07.01574,G351773E71106N,         2.274,   0,   0,   0,   1,   9,  10,  22,  48,  33,  43,  67,  99,  82,  76,  54,  50,  53,  38,  46,  50,  42,  39,  49,  38,  21,  14,   7,   7,   2,   0,   0,   0,   0,   0,   0,   0,   0,   0,   0,   0,   0,   0,   0,   0,   0,   0,   0
RGI60-07.01575,G351816E71107N,         8.191,  44,  19,  21,  22,  35,  27,  23,  33,  46,  51,  47,  48,  28,  26,  20,  19,  20,  19,  19,  21,  22,  19,  16,  14,  13,  13,  13,  15,  14,  13,  13,  15,  14,  14,  20,  22,  18,  24,  58,  29,  13,  12,   4,   4,   0,   0,   0
RGI60-07.01576,G351838E71118N,         2.740,  36,  27,  19,  18,  23,  24,  29,  53,  82,  83,  62,  53,  42,  33,  33,  31,  32,  30,  19,   9,   8,   8,   9,  13,  15,  16,  23,  25,  25,  29,  26,  19,  13,  10,   9,   7,   5,   2,   0,   0,   0,   0,   0,   0,   0,   0,   0
RGI60-07.01577,G351869E71120N,         5.268,  93,  49,  30,  20,  19,  17,  21,  25,  24,  24,  24,  30,  31,  29,  30,  33,  39,  42,  35,  29,  31,  32,  37,  41,  33,  32,  30,  21,  20,  16,  12,  11,   9,   9,   8,   6,   5,   3,   0,   0,   0,   0,   0,   0,   0,   0,   0
RGI60-07.01578,G351896E71127N,         2.459,  78,  23,  18,  15,  17,  16,  16,  24,  36,  53,  48,  47,  47,  46,  58,  60,  57,  63,  52,  50,  45,  30,  28,  45,  23,   5,   0,   0,   0,   0,   0,   0,   0,   0,   0,   0,   0,   0,   0,   0,   0,   0,   0,   0,   0,   0,   0
RGI60-07.01579,G351944E71127N,         8.979,   1,   1,   1,   2,   6,  10,  12,  16,  30,  74,  84, 104, 114,  93,  80,  71,  67,  64,  56,  45,  33,  20,  11,   5,   0,   0,   0,   0,   0,   0,   0,   0,   0,   0,   0,   0,   0,   0,   0,   0,   0,   0,   0,   0,   0,   0,   0
RGI60-07.01580,G351934E71108N,         1.566,   0,   0,   0,   0,   0,   0,   0,   0,   0,   3,  20,  38,  46,  54,  48,  48,  62,  48,  59,  71,  84,  88,  69,  70,  60,  63,  42,  27,   0,   0,   0,   0,   0,   0,   0,   0,   0,   0,   0,   0,   0,   0,   0,   0,   0,   0,   0
RGI60-07.01581,G351942E71102N,         2.573,   3,  13,  12,  10,  11,  12,  15,  21,  37,  58,  52,  49,  48,  54,  46,  39,  37,  34,  41,  33,  34,  36,  30,  33,  38,  45,  40,  43,  33,  29,  14,   0,   0,   0,   0,   0,   0,   0,   0,   0,   0,   0,   0,   0,   0,   0,   0
RGI60-07.01582,G351928E71095N,         3.412,   2,  15,  15,  12,  15,  28,  32,  27,  33,  33,  31,  30,  25,  31,  31,  23,  23,  23,  27,  28,  32,  36,  34,  27,  33,  47,  40,  31,  27,  33,  31,  26,  25,  20,  17,  14,  12,  11,  10,   6,   4,   0,   0,   0,   0,   0,   0
RGI60-07.01583,G351932E71082N,         4.465,  11,   6,   6,   6,   9,  16,  20,  23,  30,  36,  38,  36,  42,  39,  57,  55,  62,  56,  48,  43,  46,  38,  37,  31,  29,  23,  16,  11,   9,   9,  11,  11,   9,   8,   8,  10,   9,   9,   8,   8,   7,   4,   7,   3,   0,   0,   0
RGI60-07.01584,G351925E71070N,         4.909,  14,  14,  11,  10,  11,  18,  19,  30,  43,  33,  34,  34,  38,  40,  57,  56,  50,  42,  42,  38,  38,  33,  26,  23,  24,  23,  18,  17,  18,  20,  17,  15,  12,  12,  10,   9,   8,   6,   5,   4,  12,  14,   2,   0,   0,   0,   0
RGI60-07.01585,G351938E71056N,         5.475,   0,   0,   0,   0,   0,   1,   8,  15,  42,  52,  63,  74,  80,  88,  85,  71,  52,  48,  43,  41,  41,  37,  29,  22,  19,  18,  19,  14,  12,  10,   8,   7,   1,   0,   0,   0,   0,   0,   0,   0,   0,   0,   0,   0,   0,   0,   0
RGI60-07.01586,G351906E71041N,         9.016,   0,   0,   0,   0,   0,   0,   1,   3,  16,  20,  29,  45,  52,  56,  70,  85,  87,  76,  67,  52,  53,  46,  42,  36,  36,  25,  19,  17,  13,   9,   8,   6,   6,   4,   3,   3,   2,   2,   1,   3,   4,   2,   1,   0,   0,   0,   0
RGI60-07.01587,G351866E71043N,         3.623,   0,   0,   0,   0,   0,   0,   0,   0,   0,   7,  40,  37,  34,  42,  60,  48,  47,  51,  52,  49,  51,  78,  41,  37,  41,  33,  31,  40,  33,  26,  22,  18,  17,  14,  11,   7,   3,   2,   2,   3,   7,   7,   6,   3,   0,   0,   0
RGI60-07.01588,G351618E71052N,         0.223,   0,   0,   0,  78, 258, 171, 249, 227,  17,   0,   0,   0,   0,   0,   0,   0,   0,   0,   0,   0,   0,   0,   0,   0,   0,   0,   0,   0,   0,   0,   0,   0,   0,   0,   0,   0,   0,   0,   0,   0,   0,   0,   0,   0,   0,   0,   0
RGI60-07.01589,G351646E71055N,         0.074,   0,   0,   0,   0,   0,   0, 172, 647, 181,   0,   0,   0,   0,   0,   0,   0,   0,   0,   0,   0,   0,   0,   0,   0,   0,   0,   0,   0,   0,   0,   0,   0,   0,   0,   0,   0,   0,   0,   0,   0,   0,   0,   0,   0,   0,   0,   0
RGI60-07.01590,G351662E71079N,         0.112,   0,   0,   0,   0,   0,  96, 254, 266, 339,  45,   0,   0,   0,   0,   0,   0,   0,   0,   0,   0,   0,   0,   0,   0,   0,   0,   0,   0,   0,   0,   0,   0,   0,   0,   0,   0,   0,   0,   0,   0,   0,   0,   0,   0,   0,   0,   0
RGI60-07.01591,G351907E71144N,         0.047,  -9,  -9,  -9,  -9,  -9,  -9,  -9,  -9,  -9,  -9,  -9,  -9,  -9,  -9,  -9,  -9,  -9,  -9,  -9,  -9,  -9,  -9,  -9,  -9,  -9,  -9,  -9,  -9,  -9,  -9,  -9,  -9,  -9,  -9,  -9,  -9,  -9,  -9,  -9,  -9,  -9,  -9,  -9,  -9,  -9,  -9,  -9
RGI60-07.01592,G351922E71146N,         0.054, 828, 138,  34,   0,   0,   0,   0,   0,   0,   0,   0,   0,   0,   0,   0,   0,   0,   0,   0,   0,   0,   0,   0,   0,   0,   0,   0,   0,   0,   0,   0,   0,   0,   0,   0,   0,   0,   0,   0,   0,   0,   0,   0,   0,   0,   0,   0
RGI60-07.01593,G351932E71145N,         0.027,  -9,  -9,  -9,  -9,  -9,  -9,  -9,  -9,  -9,  -9,  -9,  -9,  -9,  -9,  -9,  -9,  -9,  -9,  -9,  -9,  -9,  -9,  -9,  -9,  -9,  -9,  -9,  -9,  -9,  -9,  -9,  -9,  -9,  -9,  -9,  -9,  -9,  -9,  -9,  -9,  -9,  -9,  -9,  -9,  -9,  -9,  -9
RGI60-07.01594,G351991E71119N,         0.057,   0,   0,   0,   0,   0,   0,   0, 297, 549, 154,   0,   0,   0,   0,   0,   0,   0,   0,   0,   0,   0,   0,   0,   0,   0,   0,   0,   0,   0,   0,   0,   0,   0,   0,   0,   0,   0,   0,   0,   0,   0,   0,   0,   0,   0,   0,   0
RGI60-07.01595,G351960E71091N,         0.065,   0,   0,   0,   0,   0,   0,   0,   0,  40, 230, 160, 220, 230, 120,   0,   0,   0,   0,   0,   0,   0,   0,   0,   0,   0,   0,   0,   0,   0,   0,   0,   0,   0,   0,   0,   0,   0,   0,   0,   0,   0,   0,   0,   0,   0,   0,   0
RGI60-07.01596,G351955E71090N,         0.040,   0,   0,   0,   0,   0,   0,   0,   0,   0,   0,   0, 333, 619,  48,   0,   0,   0,   0,   0,   0,   0,   0,   0,   0,   0,   0,   0,   0,   0,   0,   0,   0,   0,   0,   0,   0,   0,   0,   0,   0,   0,   0,   0,   0,   0,   0,   0
RGI60-07.01597,G351983E71064N,         0.043,   0,   0,   0, 116, 130, 305, 203, 246,   0,   0,   0,   0,   0,   0,   0,   0,   0,   0,   0,   0,   0,   0,   0,   0,   0,   0,   0,   0,   0,   0,   0,   0,   0,   0,   0,   0,   0,   0,   0,   0,   0,   0,   0,   0,   0,   0,   0
RGI60-07.01598,G351973E71043N,         0.139,   0,   0,   0,   0,   0,   0,   0,   0,   0, 279, 550, 171,   0,   0,   0,   0,   0,   0,   0,   0,   0,   0,   0,   0,   0,   0,   0,   0,   0,   0,   0,   0,   0,   0,   0,   0,   0,   0,   0,   0,   0,   0,   0,   0,   0,   0,   0
RGI60-07.01599,G351970E71037N,         0.033,   0,   0,   0,   0,   0,   0,   0,   0,   0,   0, 868, 132,   0,   0,   0,   0,   0,   0,   0,   0,   0,   0,   0,   0,   0,   0,   0,   0,   0,   0,   0,   0,   0,   0,   0,   0,   0,   0,   0,   0,   0,   0,   0,   0,   0,   0,   0
RGI60-07.01600,G351961E71033N,         0.114,   0,   0,   0,   0,   0,   0,   0,   0,   0,   0, 146, 708, 146,   0,   0,   0,   0,   0,   0,   0,   0,   0,   0,   0,   0,   0,   0,   0,   0,   0,   0,   0,   0,   0,   0,   0,   0,   0,   0,   0,   0,   0,   0,   0,   0,   0,   0
RGI60-07.01601,G351951E71028N,         0.178,   0,   0,   0,   0,   0,   0,   0,   0,   0,   0,  56, 576, 368,   0,   0,   0,   0,   0,   0,   0,   0,   0,   0,   0,   0,   0,   0,   0,   0,   0,   0,   0,   0,   0,   0,   0,   0,   0,   0,   0,   0,   0,   0,   0,   0,   0,   0
RGI60-07.01602,G351953E71018N,         0.139,   0,   0,   0,   0,   0,   0,  74, 250, 366, 282,  28,   0,   0,   0,   0,   0,   0,   0,   0,   0,   0,   0,   0,   0,   0,   0,   0,   0,   0,   0,   0,   0,   0,   0,   0,   0,   0,   0,   0,   0,   0,   0,   0,   0,   0,   0,   0
RGI60-07.01603,G351897E71015N,         0.112,   0,   0,   0,   0,   0,   0, 264, 390, 346,   0,   0,   0,   0,   0,   0,   0,   0,   0,   0,   0,   0,   0,   0,   0,   0,   0,   0,   0,   0,   0,   0,   0,   0,   0,   0,   0,   0,   0,   0,   0,   0,   0,   0,   0,   0,   0,   0
RGI60-07.01604,G351868E71016N,         0.126,   0,   0,   0,   0,   0,   0,  73, 214, 306, 223, 184,   0,   0,   0,   0,   0,   0,   0,   0,   0,   0,   0,   0,   0,   0,   0,   0,   0,   0,   0,   0,   0,   0,   0,   0,   0,   0,   0,   0,   0,   0,   0,   0,   0,   0,   0,   0
RGI60-07.01605,G351854E71023N,         0.117,   0,   0,   0,   0,   0,   0,   0,   0,   0,   0,   0, 245, 217, 293, 245,   0,   0,   0,   0,   0,   0,   0,   0,   0,   0,   0,   0,   0,   0,   0,   0,   0,   0,   0,   0,   0,   0,   0,   0,   0,   0,   0,   0,   0,   0,   0,   0
RGI60-07.01606,G351837E71023N,         0.042,   0,   0,   0,   0,   0,   0,   0,   0,   0,   0,   0, 574, 426,   0,   0,   0,   0,   0,   0,   0,   0,   0,   0,   0,   0,   0,   0,   0,   0,   0,   0,   0,   0,   0,   0,   0,   0,   0,   0,   0,   0,   0,   0,   0,   0,   0,   0
RGI60-07.01607,G351830E71006N,         0.103,   0,   0,   0,   0, 287, 171, 432, 110,   0,   0,   0,   0,   0,   0,   0,   0,   0,   0,   0,   0,   0,   0,   0,   0,   0,   0,   0,   0,   0,   0,   0,   0,   0,   0,   0,   0,   0,   0,   0,   0,   0,   0,   0,   0,   0,   0,   0
RGI60-07.01608,G351772E71008N,         0.067,   0,   0,   0, 364, 418, 218,   0,   0,   0,   0,   0,   0,   0,   0,   0,   0,   0,   0,   0,   0,   0,   0,   0,   0,   0,   0,   0,   0,   0,   0,   0,   0,   0,   0,   0,   0,   0,   0,   0,   0,   0,   0,   0,   0,   0,   0,   0
RGI60-07.01609,G351758E71020N,         0.038,   0,   0,   0,   0,   0,   0,   0,   0,   0, 525, 475,   0,   0,   0,   0,   0,   0,   0,   0,   0,   0,   0,   0,   0,   0,   0,   0,   0,   0,   0,   0,   0,   0,   0,   0,   0,   0,   0,   0,   0,   0,   0,   0,   0,   0,   0,   0
RGI60-07.01610,G351755E71013N,         0.146,   0,   0,   0,   0,   0,   0, 284, 565, 151,   0,   0,   0,   0,   0,   0,   0,   0,   0,   0,   0,   0,   0,   0,   0,   0,   0,   0,   0,   0,   0,   0,   0,   0,   0,   0,   0,   0,   0,   0,   0,   0,   0,   0,   0,   0,   0,   0
RGI60-07.01611,G351697E71005N,         0.074,   0,   0,   0,   0, 126, 765, 109,   0,   0,   0,   0,   0,   0,   0,   0,   0,   0,   0,   0,   0,   0,   0,   0,   0,   0,   0,   0,   0,   0,   0,   0,   0,   0,   0,   0,   0,   0,   0,   0,   0,   0,   0,   0,   0,   0,   0,   0
RGI60-07.01612,G351691E71009N,         0.189,   0,   0,   0,   0,   0,   0,  33, 458, 163, 163, 183,   0,   0,   0,   0,   0,   0,   0,   0,   0,   0,   0,   0,   0,   0,   0,   0,   0,   0,   0,   0,   0,   0,   0,   0,   0,   0,   0,   0,   0,   0,   0,   0,   0,   0,   0,   0
RGI60-07.01613,G351709E71023N,         0.168,   0,   0,   0,   0,   0,   0,   0,   0,   0,   0,  33, 348, 441, 178,   0,   0,   0,   0,   0,   0,   0,   0,   0,   0,   0,   0,   0,   0,   0,   0,   0,   0,   0,   0,   0,   0,   0,   0,   0,   0,   0,   0,   0,   0,   0,   0,   0
RGI60-07.01614,G351682E71020N,         0.055,   0,   0,   0,   0,   0,   0,   0,   0,  56, 500, 444,   0,   0,   0,   0,   0,   0,   0,   0,   0,   0,   0,   0,   0,   0,   0,   0,   0,   0,   0,   0,   0,   0,   0,   0,   0,   0,   0,   0,   0,   0,   0,   0,   0,   0,   0,   0
RGI60-07.01615,G351655E71014N,         0.098,   0,   0,   0,   0,   0,   0,   0, 855, 145,   0,   0,   0,   0,   0,   0,   0,   0,   0,   0,   0,   0,   0,   0,   0,   0,   0,   0,   0,   0,   0,   0,   0,   0,   0,   0,   0,   0,   0,   0,   0,   0,   0,   0,   0,   0,   0,   0
