RGI60_ID,YEAR,mass_balance
RGI60-11.00002,2000,-0.4888192698446947
RGI60-11.00002,2001,-0.08513093642619385
RGI60-11.00002,2002,-0.14863503686245716
RGI60-11.00002,2003,-0.9430123870499489
RGI60-11.00002,2004,-0.46149041118910916
RGI60-11.00002,2005,-0.5500248049074342
RGI60-11.00002,2006,-0.8521497351233523
RGI60-11.00002,2007,-0.21163560886712302
RGI60-11.00002,2008,-0.48153552949710066
RGI60-11.00002,2009,-0.76553527714148
RGI60-11.00002,2010,-0.23653079205544103
RGI60-11.00002,2011,-0.8664040196783609
RGI60-11.00002,2012,-0.5508260062724895
RGI60-11.00002,2013,-0.10594896463079478
RGI60-11.00002,2014,0.14017637585771248
RGI60-11.00002,2015,-0.8113396807929731
RGI60-11.00002,2016,-1.253009600143013
RGI60-11.00002,2017,-0.8210005428009861
RGI60-11.00002,2018,-0.6398948208446975
RGI60-11.00002,2019,-0.36235295173006
RGI60-11.00002,2020,-0.9972341663936155
RGI60-11.00002,2021,-0.7227381612776557
RGI60-11.00002,2022,-0.5873296537418619
RGI60-11.00002,2023,-0.8412793838835062
RGI60-11.00002,2024,-0.8456514022033561
RGI60-11.00003,2000,-0.3471569765316271
RGI60-11.00003,2001,-0.3139781548242638
RGI60-11.00003,2002,0.010152921930547953
RGI60-11.00003,2003,-1.2137585707989105
RGI60-11.00003,2004,-0.7095493436068699
RGI60-11.00003,2005,-1.0162713873822558
RGI60-11.00003,2006,-1.1180848597711346
RGI60-11.00003,2007,-1.0810329912801762
RGI60-11.00003,2008,-0.16103966598621733
RGI60-11.00003,2009,-0.5267358593878568
RGI60-11.00003,2010,-0.66625543941785
RGI60-11.00003,2011,-0.7886083136344673
RGI60-11.00003,2012,-0.9496216694085247
RGI60-11.00003,2013,-0.6550012565695008
RGI60-11.00003,2014,0.1712985559458574
RGI60-11.00003,2015,-1.41264093081463
RGI60-11.00003,2016,-1.5414856866612738
RGI60-11.00003,2017,-1.4922802119245149
RGI60-11.00003,2018,-1.4184353768964901
RGI60-11.00003,2019,-0.7832147829798471
RGI60-11.00003,2020,-1.0601613739514608
RGI60-11.00003,2021,-0.7429927183900537
RGI60-11.00003,2022,-0.1936269481070776
RGI60-11.00003,2023,-0.9403132930146278
RGI60-11.00003,2024,0.6260329860183173
RGI60-11.00006,2000,-0.8600363359496996
RGI60-11.00006,2001,-0.7521687066561689
RGI60-11.00006,2002,0.8759797941872554
RGI60-11.00006,2003,-0.012254720857260537
RGI60-11.00006,2004,-0.5751408615043215
RGI60-11.00006,2005,-0.8858155125334334
RGI60-11.00006,2006,-0.7658455230826835
RGI60-11.00006,2007,-0.5032645401094148
RGI60-11.00006,2008,-0.253373686642113
RGI60-11.00006,2009,-1.4817814857738867
RGI60-11.00006,2010,-0.46054326040406424
RGI60-11.00006,2011,-1.7312938755415601
RGI60-11.00006,2012,-0.4869822125534301
RGI60-11.00006,2013,-0.7165542437197302
RGI60-11.00006,2014,0.4000003908258505
RGI60-11.00006,2015,-1.14108757865228
RGI60-11.00006,2016,-1.6049132020454786
RGI60-11.00006,2017,-1.0311293631528102
RGI60-11.00006,2018,-0.30004341624829073
RGI60-11.00006,2019,0.07684834041351485
RGI60-11.00006,2020,-1.2379227412632154
RGI60-11.00006,2021,-0.9254909324810865
RGI60-11.00006,2022,-1.0408831140129517
RGI60-11.00006,2023,-0.9711918817524434
RGI60-11.00006,2024,-0.47565139920443134
RGI60-11.00014,2000,0.04963827079908667
RGI60-11.00014,2001,0.06215716845248764
RGI60-11.00014,2002,0.1764095830251725
RGI60-11.00014,2003,-1.6090186394036234
RGI60-11.00014,2004,-0.39388564104336754
RGI60-11.00014,2005,-0.2694220080402179
RGI60-11.00014,2006,-0.1265164801195643
RGI60-11.00014,2007,-0.16695981815576877
RGI60-11.00014,2008,-0.9170832695558889
RGI60-11.00014,2009,-0.9313683577535259
RGI60-11.00014,2010,-0.4159563739704512
RGI60-11.00014,2011,-1.2183368518158035
RGI60-11.00014,2012,-0.8384659802448161
RGI60-11.00014,2013,-0.2603824582537794
RGI60-11.00014,2014,-0.5790585712328568
RGI60-11.00014,2015,-0.9199807736572563
RGI60-11.00014,2016,-1.047698509933451
RGI60-11.00014,2017,-1.4024281774805831
RGI60-11.00014,2018,-1.203024026171863
RGI60-11.00014,2019,-0.9821190854439334
RGI60-11.00014,2020,-1.1875300096661672
RGI60-11.00014,2021,-0.7993640757858417
RGI60-11.00014,2022,-1.4201341108775019
RGI60-11.00014,2023,-1.4209078752208684
RGI60-11.00014,2024,-1.278323522317093
RGI60-11.00021,2000,-0.8404242501515011
RGI60-11.00021,2001,-0.398291571919182
RGI60-11.00021,2002,-0.6695771303147829
RGI60-11.00021,2003,-0.9438748731660485
RGI60-11.00021,2004,-0.5123612637367351
RGI60-11.00021,2005,-1.0494595441371546
RGI60-11.00021,2006,-0.6467287895261308
RGI60-11.00021,2007,-0.8562491034298549
RGI60-11.00021,2008,-1.2470222172491856
RGI60-11.00021,2009,-1.0031358164581805
RGI60-11.00021,2010,-0.6067368194337921
RGI60-11.00021,2011,-0.7901912189679272
RGI60-11.00021,2012,-0.7434983758577891
RGI60-11.00021,2013,-0.14006438858043546
RGI60-11.00021,2014,-1.128638346641629
RGI60-11.00021,2015,-1.1961738927889143
RGI60-11.00021,2016,-0.6151334273320104
RGI60-11.00021,2017,-1.028278179827856
RGI60-11.00021,2018,0.7360176769315173
RGI60-11.00021,2019,-0.7001784674124116
RGI60-11.00021,2020,-0.7463010143807478
RGI60-11.00021,2021,-0.6730761568926231
RGI60-11.00021,2022,-0.6080184143852463
RGI60-11.00021,2023,-1.3323471975628993
RGI60-11.00021,2024,-0.41788402737674807
RGI60-11.00025,2000,-0.4036601644687643
RGI60-11.00025,2001,-0.0677149342770611
RGI60-11.00025,2002,-0.4450446089479213
RGI60-11.00025,2003,-0.748130917959768
RGI60-11.00025,2004,-0.5507718556712531
RGI60-11.00025,2005,-0.8683981150635307
RGI60-11.00025,2006,-0.49542558438732065
RGI60-11.00025,2007,-0.358791806893098
RGI60-11.00025,2008,-0.5657809413636977
RGI60-11.00025,2009,-0.5189797845219888
RGI60-11.00025,2010,-0.1443381017103894
RGI60-11.00025,2011,-0.9941990589547887
RGI60-11.00025,2012,-0.6328946106256543
RGI60-11.00025,2013,-0.28808255946509426
RGI60-11.00025,2014,-0.5042626364192907
RGI60-11.00025,2015,-0.6648435064801727
RGI60-11.00025,2016,-0.39538231610114316
RGI60-11.00025,2017,-0.8983323922676837
RGI60-11.00025,2018,-1.3960578029688482
RGI60-11.00025,2019,-0.8604083014525308
RGI60-11.00025,2020,-0.6137504960373011
RGI60-11.00025,2021,-0.7119257250842864
RGI60-11.00025,2022,-1.3555337083548782
RGI60-11.00025,2023,-1.246301289507211
RGI60-11.00025,2024,-0.8781346626264489
RGI60-11.00041,2000,-0.21769827025627125
RGI60-11.00041,2001,0.4855515292647578
RGI60-11.00041,2002,1.3821452268705723
RGI60-11.00041,2003,-1.077355688875289
RGI60-11.00041,2004,0.18455360468982113
RGI60-11.00041,2005,-0.25387433890472616
RGI60-11.00041,2006,-0.2564287542527676
RGI60-11.00041,2007,-0.7360057881647194
RGI60-11.00041,2008,-0.41595224085349525
RGI60-11.00041,2009,-0.31066703435916554
RGI60-11.00041,2010,0.35068599790138816
RGI60-11.00041,2011,-0.8237219068933983
RGI60-11.00041,2012,-0.8840263929861463
RGI60-11.00041,2013,0.43878887162988195
RGI60-11.00041,2014,0.7685242680754649
RGI60-11.00041,2015,-0.7839517957545505
RGI60-11.00041,2016,-0.3353044223696538
RGI60-11.00041,2017,-0.7623560351617757
RGI60-11.00041,2018,-0.7819308524206889
RGI60-11.00041,2019,-0.9579759771792309
RGI60-11.00041,2020,-0.693155783376956
RGI60-11.00041,2021,-0.03440023115647564
RGI60-11.00041,2022,-1.0093069188752994
RGI60-11.00041,2023,-1.089720886394266
RGI60-11.00041,2024,-1.0417659922676241
RGI60-11.00047,2000,-0.4051451516953666
RGI60-11.00047,2001,0.06072436001598869
RGI60-11.00047,2002,-0.15297436987447993
RGI60-11.00047,2003,-1.2770336139799938
RGI60-11.00047,2004,0.04705712363157488
RGI60-11.00047,2005,-0.05528972014291339
RGI60-11.00047,2006,-0.49589326904666386
RGI60-11.00047,2007,-0.6162610457256781
RGI60-11.00047,2008,-0.7884494821970258
RGI60-11.00047,2009,-0.9243252964000346
RGI60-11.00047,2010,0.01164685820194189
RGI60-11.00047,2011,-0.6341405791298165
RGI60-11.00047,2012,-0.9540957081391693
RGI60-11.00047,2013,0.3023312370286213
RGI60-11.00047,2014,0.1937794654829207
RGI60-11.00047,2015,-0.6772717974991201
RGI60-11.00047,2016,-0.47666748923550956
RGI60-11.00047,2017,-1.0427853879371218
RGI60-11.00047,2018,-0.7859360279246754
RGI60-11.00047,2019,-0.7541701054334755
RGI60-11.00047,2020,-0.6177079845196152
RGI60-11.00047,2021,-0.7014230755567072
RGI60-11.00047,2022,-1.3938481924645787
RGI60-11.00047,2023,-1.0752543805415438
RGI60-11.00047,2024,-1.0633057419611238
RGI60-11.00049,2000,-0.14450619305909462
RGI60-11.00049,2001,0.025824695216333793
RGI60-11.00049,2002,-0.1058901879951285
RGI60-11.00049,2003,-1.4489954162061132
RGI60-11.00049,2004,-0.07713765551188612
RGI60-11.00049,2005,-0.08976251481151432
RGI60-11.00049,2006,-0.44795154352457267
RGI60-11.00049,2007,-1.0867108927534508
RGI60-11.00049,2008,-0.6109256108962843
RGI60-11.00049,2009,-0.9796146821305636
RGI60-11.00049,2010,-0.25825221040877133
RGI60-11.00049,2011,-0.9930658958690312
RGI60-11.00049,2012,-1.1971189800267115
RGI60-11.00049,2013,-0.12145215910791007
RGI60-11.00049,2014,0.0868800372559787
RGI60-11.00049,2015,-0.8594261590965064
RGI60-11.00049,2016,-0.8059153291938854
RGI60-11.00049,2017,-1.0262672992321566
RGI60-11.00049,2018,-1.3284326026341766
RGI60-11.00049,2019,-1.1848794000145646
RGI60-11.00049,2020,-0.9074790584256984
RGI60-11.00049,2021,-0.7682609914479406
RGI60-11.00049,2022,-1.6345766624572584
RGI60-11.00049,2023,-1.5560557777750015
RGI60-11.00049,2024,-1.5814928321495025
RGI60-11.00054,2000,-0.11760237744710766
RGI60-11.00054,2001,0.4590920871819856
RGI60-11.00054,2002,-0.4013170373831621
RGI60-11.00054,2003,-1.2214606935080776
RGI60-11.00054,2004,0.043158865479655306
RGI60-11.00054,2005,-0.15604588071207248
RGI60-11.00054,2006,-0.5265911023976684
RGI60-11.00054,2007,-0.7818547023167667
RGI60-11.00054,2008,-0.5963174704807015
RGI60-11.00054,2009,-0.8133185428732342
RGI60-11.00054,2010,0.2368749794851991
RGI60-11.00054,2011,-0.9553591514486208
RGI60-11.00054,2012,-0.9781293594585314
RGI60-11.00054,2013,-0.3011035340166119
RGI60-11.00054,2014,-0.017261712962412135
RGI60-11.00054,2015,-0.5337115820163901
RGI60-11.00054,2016,-0.5323199654030686
RGI60-11.00054,2017,-0.606675757184296
RGI60-11.00054,2018,-1.0760483619550238
RGI60-11.00054,2019,-0.7885087005830912
RGI60-11.00054,2020,-0.9404778233321542
RGI60-11.00054,2021,-0.5297657235438866
RGI60-11.00054,2022,-1.4940113872820922
RGI60-11.00054,2023,-1.1517377505930857
RGI60-11.00054,2024,-1.0642826231414049
RGI60-11.00062,2000,-0.2762872159256168
RGI60-11.00062,2001,0.04310461529242032
RGI60-11.00062,2002,-0.38886603507425616
RGI60-11.00062,2003,-0.8740876182147069
RGI60-11.00062,2004,-0.06667043524052052
RGI60-11.00062,2005,0.2937603587274049
RGI60-11.00062,2006,-0.6904616516865669
RGI60-11.00062,2007,-0.4008093128052766
RGI60-11.00062,2008,-0.3950868547905237
RGI60-11.00062,2009,-1.0036380664763156
RGI60-11.00062,2010,-0.024877909612360583
RGI60-11.00062,2011,-0.647070908935502
RGI60-11.00062,2012,-0.4993332495196159
RGI60-11.00062,2013,-0.4366947796856332
RGI60-11.00062,2014,-0.19178429219578247
RGI60-11.00062,2015,-0.9185810753664927
RGI60-11.00062,2016,-0.6647639536781575
RGI60-11.00062,2017,-0.467780837618964
RGI60-11.00062,2018,-1.1753577410082636
RGI60-11.00062,2019,-0.1547130361852695
RGI60-11.00062,2020,-0.4030247158327218
RGI60-11.00062,2021,-0.6272960751197105
RGI60-11.00062,2022,0.1567333976416717
RGI60-11.00062,2023,-0.7116451839781097
RGI60-11.00062,2024,0.5216650397995767
RGI60-11.00067,2000,-0.4554223593098443
RGI60-11.00067,2001,-0.26175565113133925
RGI60-11.00067,2002,-0.06478138746034723
RGI60-11.00067,2003,-1.2618297563120433
RGI60-11.00067,2004,-0.21175577443828025
RGI60-11.00067,2005,-0.35976800200307113
RGI60-11.00067,2006,-0.6978482714308452
RGI60-11.00067,2007,-1.05354805535322
RGI60-11.00067,2008,-0.845543852440491
RGI60-11.00067,2009,-0.828714155338427
RGI60-11.00067,2010,-0.30757723720296026
RGI60-11.00067,2011,-1.0962471774901925
RGI60-11.00067,2012,-0.854403100150191
RGI60-11.00067,2013,-0.012840946414810261
RGI60-11.00067,2014,-0.33125274296966
RGI60-11.00067,2015,-0.908420175265971
RGI60-11.00067,2016,-0.4909173678935633
RGI60-11.00067,2017,-0.9514687051008952
RGI60-11.00067,2018,-1.1388016640703698
RGI60-11.00067,2019,-0.5613036182234722
RGI60-11.00067,2020,-0.6587798336741433
RGI60-11.00067,2021,-1.0222696263939668
RGI60-11.00067,2022,-1.52222245923473
RGI60-11.00067,2023,-1.3441362603693496
RGI60-11.00067,2024,-1.5708708667706213
RGI60-11.00068,2000,-0.6762179663726461
RGI60-11.00068,2001,-0.20715303555713072
RGI60-11.00068,2002,-0.47051700712241484
RGI60-11.00068,2003,-1.6913269273405773
RGI60-11.00068,2004,-0.2717022560559702
RGI60-11.00068,2005,-0.480413082207725
RGI60-11.00068,2006,-0.8549234157685054
RGI60-11.00068,2007,-1.0228343501918329
RGI60-11.00068,2008,-0.7387599597001163
RGI60-11.00068,2009,-1.1671134795735858
RGI60-11.00068,2010,-0.21598478921258313
RGI60-11.00068,2011,-1.5071924622670854
RGI60-11.00068,2012,-1.1899216824586125
RGI60-11.00068,2013,-0.15671337840524913
RGI60-11.00068,2014,-0.24175689170576953
RGI60-11.00068,2015,-1.119904410255601
RGI60-11.00068,2016,-0.9166219646112055
RGI60-11.00068,2017,-1.0680194537443048
RGI60-11.00068,2018,-1.5545207319560301
RGI60-11.00068,2019,-0.9831027554930495
RGI60-11.00068,2020,-1.205134241873892
RGI60-11.00068,2021,-0.9306616232619326
RGI60-11.00068,2022,-1.339423124110338
RGI60-11.00068,2023,-1.4882862000718857
RGI60-11.00068,2024,-1.5730341588277823
RGI60-11.00070,2000,-0.03192052070362239
RGI60-11.00070,2001,0.059304072039540134
RGI60-11.00070,2002,-0.444687269921336
RGI60-11.00070,2003,-1.1968073714080907
RGI60-11.00070,2004,-0.14100700456595533
RGI60-11.00070,2005,-0.5984719521017403
RGI60-11.00070,2006,-0.5932837209612076
RGI60-11.00070,2007,-0.49264913435266017
RGI60-11.00070,2008,-0.7770820428790319
RGI60-11.00070,2009,-0.8097931575300519
RGI60-11.00070,2010,-0.10093550873406432
RGI60-11.00070,2011,-0.8731361776483153
RGI60-11.00070,2012,-0.9506795853089041
RGI60-11.00070,2013,-0.24291084131711954
RGI60-11.00070,2014,0.1759548712546094
RGI60-11.00070,2015,-0.988519592675754
RGI60-11.00070,2016,-0.9024898596082085
RGI60-11.00070,2017,-0.6104333293476993
RGI60-11.00070,2018,-1.043828284706961
RGI60-11.00070,2019,-0.5687235895234231
RGI60-11.00070,2020,-0.5875494602782265
RGI60-11.00070,2021,-0.739387453081901
RGI60-11.00070,2022,-1.4298550624871957
RGI60-11.00070,2023,-1.1972040525303285
RGI60-11.00070,2024,-1.0566672301131268
RGI60-11.00072,2000,-1.3102266759254806
RGI60-11.00072,2001,-0.8706566176133074
RGI60-11.00072,2002,-1.125094353075141
RGI60-11.00072,2003,-0.962146301262634
RGI60-11.00072,2004,-1.7173033512359377
RGI60-11.00072,2005,-1.4827869479728633
RGI60-11.00072,2006,-1.2396229067479618
RGI60-11.00072,2007,-0.696269513832446
RGI60-11.00072,2008,-0.673645992155692
RGI60-11.00072,2009,0.8164161634521249
RGI60-11.00072,2010,-0.87089398826045
RGI60-11.00072,2011,-1.9684302172407633
RGI60-11.00072,2012,-1.800496489393368
RGI60-11.00072,2013,-1.752285482839463
RGI60-11.00072,2014,-1.0916222315659854
RGI60-11.00072,2015,-1.3285728285650718
RGI60-11.00072,2016,-0.01824362725121631
RGI60-11.00072,2017,-2.1459207249600554
RGI60-11.00072,2018,0.4132100177762318
RGI60-11.00072,2019,-0.01940793133052665
RGI60-11.00072,2020,0.45538109124855286
RGI60-11.00072,2021,-0.9811095367695122
RGI60-11.00072,2022,-1.5643126580831215
RGI60-11.00072,2023,-1.9039415922524872
RGI60-11.00072,2024,-0.8021617201198592
RGI60-11.00078,2000,0.06102056743844764
RGI60-11.00078,2001,0.1754817241537331
RGI60-11.00078,2002,-0.2999079408701941
RGI60-11.00078,2003,-1.3823492339135404
RGI60-11.00078,2004,-0.017397564117092867
RGI60-11.00078,2005,0.16116840590319848
RGI60-11.00078,2006,-0.2794337188889898
RGI60-11.00078,2007,-0.3857270876495526
RGI60-11.00078,2008,-0.33928386990080867
RGI60-11.00078,2009,-0.8453960002620855
RGI60-11.00078,2010,-0.05169025206709926
RGI60-11.00078,2011,-1.071385569467721
RGI60-11.00078,2012,-0.7227296052330987
RGI60-11.00078,2013,-0.025755548413898655
RGI60-11.00078,2014,-0.19193046058944074
RGI60-11.00078,2015,-0.7467289843117159
RGI60-11.00078,2016,-0.5209296325279877
RGI60-11.00078,2017,-0.6782729978725396
RGI60-11.00078,2018,-1.128157933654629
RGI60-11.00078,2019,-0.7566942977549798
RGI60-11.00078,2020,-1.0337956106489
RGI60-11.00078,2021,-0.5964368294457005
RGI60-11.00078,2022,-1.128128293530737
RGI60-11.00078,2023,-1.2896888497860495
RGI60-11.00078,2024,-0.8151621680992918
RGI60-11.00080,2000,0.00967133262822284
RGI60-11.00080,2001,-0.11588001923411984
RGI60-11.00080,2002,-0.5853583767569339
RGI60-11.00080,2003,-1.4766763413518633
RGI60-11.00080,2004,-0.28781021468860707
RGI60-11.00080,2005,-0.4935133565088187
RGI60-11.00080,2006,-1.0711394973049966
RGI60-11.00080,2007,-0.8727233749199457
RGI60-11.00080,2008,-0.5501097135077747
RGI60-11.00080,2009,-0.983580970010296
RGI60-11.00080,2010,-0.9383693596673652
RGI60-11.00080,2011,-1.3186554042520657
RGI60-11.00080,2012,-0.6138244833963885
RGI60-11.00080,2013,0.10741867937948957
RGI60-11.00080,2014,-0.708701820541743
RGI60-11.00080,2015,-1.2163044399605591
RGI60-11.00080,2016,-0.7403384632615496
RGI60-11.00080,2017,-0.6706797554507463
RGI60-11.00080,2018,-1.432190479825629
RGI60-11.00080,2019,-0.47153394136830606
RGI60-11.00080,2020,-1.185546976212846
RGI60-11.00080,2021,-0.8893452567197427
RGI60-11.00080,2022,-1.2931822110931495
RGI60-11.00080,2023,-1.4793745701645666
RGI60-11.00080,2024,-0.8244186370294668
RGI60-11.00088,2000,-0.00578802860515748
RGI60-11.00088,2001,-0.0785553327170746
RGI60-11.00088,2002,0.268843330846559
RGI60-11.00088,2003,-1.4311039969722315
RGI60-11.00088,2004,-0.0758020361929404
RGI60-11.00088,2005,-0.3098854439300228
RGI60-11.00088,2006,-0.8685160756008281
RGI60-11.00088,2007,-0.9999147997458302
RGI60-11.00088,2008,-0.3654838595555445
RGI60-11.00088,2009,-0.5925070366127361
RGI60-11.00088,2010,-0.01010563599397879
RGI60-11.00088,2011,-0.926959070322291
RGI60-11.00088,2012,-0.9631793220218552
RGI60-11.00088,2013,0.12049247532634844
RGI60-11.00088,2014,0.25260972101688617
RGI60-11.00088,2015,-0.8297521776811299
RGI60-11.00088,2016,-0.35843354545846945
RGI60-11.00088,2017,-0.6466529473846818
RGI60-11.00088,2018,-1.4000216545614315
RGI60-11.00088,2019,-0.924984563833592
RGI60-11.00088,2020,-0.7588162498823887
RGI60-11.00088,2021,-0.31186801630366845
RGI60-11.00088,2022,-1.9239045866983842
RGI60-11.00088,2023,-1.428219373198795
RGI60-11.00088,2024,-1.4556383241842736
RGI60-11.00094,2000,0.2659578322415922
RGI60-11.00094,2001,0.5727762001936199
RGI60-11.00094,2002,-0.07019889747956659
RGI60-11.00094,2003,-1.1604687245053675
RGI60-11.00094,2004,0.10842220236899958
RGI60-11.00094,2005,-0.04615531950136337
RGI60-11.00094,2006,-0.2521995483729512
RGI60-11.00094,2007,0.07874449839902747
RGI60-11.00094,2008,-0.5040724861314425
RGI60-11.00094,2009,-1.0427140518959628
RGI60-11.00094,2010,-0.0421937343210666
RGI60-11.00094,2011,-0.9830077480561544
RGI60-11.00094,2012,-0.47638180295622384
RGI60-11.00094,2013,-0.20166317658113161
RGI60-11.00094,2014,0.07934500633584335
RGI60-11.00094,2015,-1.1982217169142189
RGI60-11.00094,2016,-0.696929674956086
RGI60-11.00094,2017,-0.48197858560170836
RGI60-11.00094,2018,-1.1718388182491033
RGI60-11.00094,2019,-0.4218214540167258
RGI60-11.00094,2020,-0.5944014889026739
RGI60-11.00094,2021,-0.644982889792701
RGI60-11.00094,2022,-1.3341998745172645
RGI60-11.00094,2023,-1.0563665367457469
RGI60-11.00094,2024,-0.521632874532315
RGI60-11.00095,2000,-0.06692281954544915
RGI60-11.00095,2001,-0.026052080747051898
RGI60-11.00095,2002,-0.1785299827330874
RGI60-11.00095,2003,-1.2925556550259079
RGI60-11.00095,2004,-0.0897018340301175
RGI60-11.00095,2005,-0.36675387143353
RGI60-11.00095,2006,-1.1021983021442168
RGI60-11.00095,2007,-0.6985113117945911
RGI60-11.00095,2008,-0.34967266720190265
RGI60-11.00095,2009,-0.6419758471288248
RGI60-11.00095,2010,-0.14840168086809652
RGI60-11.00095,2011,-1.1438370414170953
RGI60-11.00095,2012,-0.4140428094220029
RGI60-11.00095,2013,0.3169568868422378
RGI60-11.00095,2014,-0.2679319278247259
RGI60-11.00095,2015,-0.5289925453259435
RGI60-11.00095,2016,-0.9999424931576455
RGI60-11.00095,2017,-1.1769119192434334
RGI60-11.00095,2018,-0.6763326240277582
RGI60-11.00095,2019,-0.860789473770853
RGI60-11.00095,2020,-0.9516631361219223
RGI60-11.00095,2021,-0.714359223064901
RGI60-11.00095,2022,-1.0214461625264946
RGI60-11.00095,2023,-0.7689057060472453
RGI60-11.00095,2024,-0.49501651240087485
RGI60-11.00101,2000,-0.24623986069000509
RGI60-11.00101,2001,0.38528807856902414
RGI60-11.00101,2002,-0.2683085868604753
RGI60-11.00101,2003,-1.1126767494029506
RGI60-11.00101,2004,-0.15442633610659773
RGI60-11.00101,2005,-1.016687057295915
RGI60-11.00101,2006,-0.6762930910278887
RGI60-11.00101,2007,-0.19101492111967788
RGI60-11.00101,2008,-0.45553276834604484
RGI60-11.00101,2009,-1.1267410815914634
RGI60-11.00101,2010,-0.09968026231359128
RGI60-11.00101,2011,-0.9255892691789182
RGI60-11.00101,2012,-0.5818300337721561
RGI60-11.00101,2013,0.12518441687987636
RGI60-11.00101,2014,-0.1267593099614145
RGI60-11.00101,2015,-1.2057348342660408
RGI60-11.00101,2016,-0.4971659381983207
RGI60-11.00101,2017,-0.7328705722269035
RGI60-11.00101,2018,-0.9249505512871494
RGI60-11.00101,2019,-0.3348712718033904
RGI60-11.00101,2020,-1.0335858661058728
RGI60-11.00101,2021,-0.7167857782658009
RGI60-11.00101,2022,-1.2499650545512129
RGI60-11.00101,2023,-0.6537960134380192
RGI60-11.00101,2024,-0.773060491763873
RGI60-11.00104,2000,0.33691597273197316
RGI60-11.00104,2001,0.4548214217429186
RGI60-11.00104,2002,-0.250060301156076
RGI60-11.00104,2003,-1.114075545770407
RGI60-11.00104,2004,-0.11569745380468666
RGI60-11.00104,2005,-0.28756297251329166
RGI60-11.00104,2006,-0.19330307003426453
RGI60-11.00104,2007,-0.3591610601799103
RGI60-11.00104,2008,-0.6054009599268788
RGI60-11.00104,2009,-0.9649925383367706
RGI60-11.00104,2010,-0.13495286563594605
RGI60-11.00104,2011,-1.20122127665817
RGI60-11.00104,2012,-0.9241518522264959
RGI60-11.00104,2013,-0.008467652835553341
RGI60-11.00104,2014,0.4584586582284883
RGI60-11.00104,2015,-0.8474151353441626
RGI60-11.00104,2016,-0.4338477892294683
RGI60-11.00104,2017,-0.4590676961951302
RGI60-11.00104,2018,-1.0093942737981645
RGI60-11.00104,2019,-0.564723609058003
RGI60-11.00104,2020,-0.5775024477605649
RGI60-11.00104,2021,-0.7147994219132385
RGI60-11.00104,2022,-1.646419963310244
RGI60-11.00104,2023,-1.542835017259296
RGI60-11.00104,2024,-0.979902774386161
RGI60-11.00106,2000,-1.368392757121837
RGI60-11.00106,2001,-1.0140423994855112
RGI60-11.00106,2002,-0.9021648280993513
RGI60-11.00106,2003,-2.1681479170537545
RGI60-11.00106,2004,-0.8551520727370354
RGI60-11.00106,2005,-1.1202412328864806
RGI60-11.00106,2006,-1.4536253596193314
RGI60-11.00106,2007,-1.5864988413118544
RGI60-11.00106,2008,-1.2383995216513317
RGI60-11.00106,2009,-1.6130612695727473
RGI60-11.00106,2010,-1.0542639833058134
RGI60-11.00106,2011,-2.0039931563726685
RGI60-11.00106,2012,-1.5926597019517628
RGI60-11.00106,2013,-0.5719413445535477
RGI60-11.00106,2014,-0.5956962947817421
RGI60-11.00106,2015,-1.3269946416983547
RGI60-11.00106,2016,-1.3281080242180698
RGI60-11.00106,2017,-1.177110501441528
RGI60-11.00106,2018,-1.9566679371676563
RGI60-11.00106,2019,-1.678238214969629
RGI60-11.00106,2020,-1.3490067814479336
RGI60-11.00106,2021,-1.1948569009990753
RGI60-11.00106,2022,-2.237615391384737
RGI60-11.00106,2023,-1.7315847104637845
RGI60-11.00106,2024,-2.130520585311893
RGI60-11.00110,2000,-0.24482568844411456
RGI60-11.00110,2001,-0.20156355309578555
RGI60-11.00110,2002,-0.8615432972041496
RGI60-11.00110,2003,-1.7511750843138918
RGI60-11.00110,2004,-0.38009016546465557
RGI60-11.00110,2005,-0.7911910572188565
RGI60-11.00110,2006,-1.1777847622066573
RGI60-11.00110,2007,-0.727486007178828
RGI60-11.00110,2008,-1.3235884872379158
RGI60-11.00110,2009,-1.1471499498904612
RGI60-11.00110,2010,-0.6010575373265115
RGI60-11.00110,2011,-1.5785176880072933
RGI60-11.00110,2012,-1.2126039025318975
RGI60-11.00110,2013,-0.5875846939721283
RGI60-11.00110,2014,-0.5973108211092122
RGI60-11.00110,2015,-1.1915146339731335
RGI60-11.00110,2016,-1.3605777186503254
RGI60-11.00110,2017,-0.2746542417783666
RGI60-11.00110,2018,-2.0049117337186626
RGI60-11.00110,2019,-1.5668689766771555
RGI60-11.00110,2020,-0.9996643335804053
RGI60-11.00110,2021,-0.8334236808650228
RGI60-11.00110,2022,-0.45864344393601186
RGI60-11.00110,2023,-0.9142969138670628
RGI60-11.00110,2024,-1.2098611232442846
RGI60-11.00114,2000,0.26911133762896355
RGI60-11.00114,2001,0.36217625509721596
RGI60-11.00114,2002,-0.06995899706291192
RGI60-11.00114,2003,-1.441544192192619
RGI60-11.00114,2004,-0.37001791297326725
RGI60-11.00114,2005,-0.5901326389677573
RGI60-11.00114,2006,-0.5342610590451363
RGI60-11.00114,2007,-0.17580624195629413
RGI60-11.00114,2008,-1.0201080015789437
RGI60-11.00114,2009,-0.9907340975127321
RGI60-11.00114,2010,0.40987544392291697
RGI60-11.00114,2011,-1.2532904432403953
RGI60-11.00114,2012,-0.3140259640462301
RGI60-11.00114,2013,-0.2085004115423753
RGI60-11.00114,2014,-0.31233138876217514
RGI60-11.00114,2015,-1.1061236674735873
RGI60-11.00114,2016,-0.8241957460911353
RGI60-11.00114,2017,-1.0922000063716055
RGI60-11.00114,2018,-1.4299553894301562
RGI60-11.00114,2019,0.2871231215982295
RGI60-11.00114,2020,-0.4024987743702838
RGI60-11.00114,2021,-0.7414318939997486
RGI60-11.00114,2022,-1.1293119441469623
RGI60-11.00114,2023,-0.7830679433749046
RGI60-11.00114,2024,0.2725932264167661
RGI60-11.00116,2000,-0.33136017550270835
RGI60-11.00116,2001,0.036027344959129404
RGI60-11.00116,2002,-0.06794059542851205
RGI60-11.00116,2003,-1.4831400403163686
RGI60-11.00116,2004,-0.42303194267859634
RGI60-11.00116,2005,-0.36504349966664285
RGI60-11.00116,2006,-0.5125924961268346
RGI60-11.00116,2007,-0.95090859608001
RGI60-11.00116,2008,-0.5578077146622924
RGI60-11.00116,2009,-0.9258953169416346
RGI60-11.00116,2010,-0.059762058698279885
RGI60-11.00116,2011,-0.9368898404128179
RGI60-11.00116,2012,-0.8380685920461988
RGI60-11.00116,2013,-0.2192797346442173
RGI60-11.00116,2014,-0.3685433610277776
RGI60-11.00116,2015,-0.8891463288787088
RGI60-11.00116,2016,-0.667073186701631
RGI60-11.00116,2017,-0.906915185070127
RGI60-11.00116,2018,-1.2354759590640665
RGI60-11.00116,2019,-0.944852721011712
RGI60-11.00116,2020,-0.8642485251716838
RGI60-11.00116,2021,-0.817670713847297
RGI60-11.00116,2022,-1.352814548420747
RGI60-11.00116,2023,-1.193172552352321
RGI60-11.00116,2024,-1.3596331798745522
RGI60-11.00120,2000,-0.48810974899954596
RGI60-11.00120,2001,0.413016550276998
RGI60-11.00120,2002,-0.2659230196584178
RGI60-11.00120,2003,-1.9014571003404745
RGI60-11.00120,2004,0.033582855001664136
RGI60-11.00120,2005,-0.45667086178095573
RGI60-11.00120,2006,-0.7220197908928513
RGI60-11.00120,2007,-0.4703153871621184
RGI60-11.00120,2008,-0.8668049750637847
RGI60-11.00120,2009,-1.2278773570974302
RGI60-11.00120,2010,-0.3344383909149343
RGI60-11.00120,2011,-0.2778831675010628
RGI60-11.00120,2012,-1.0540050015698705
RGI60-11.00120,2013,-0.35809627717919473
RGI60-11.00120,2014,-0.54556620010201
RGI60-11.00120,2015,-1.5908332352535752
RGI60-11.00120,2016,-0.6331540720115993
RGI60-11.00120,2017,-1.0899869002481901
RGI60-11.00120,2018,-1.36583706058188
RGI60-11.00120,2019,-1.1690208589207685
RGI60-11.00120,2020,-0.7871988511018178
RGI60-11.00120,2021,-0.7008223189986015
RGI60-11.00120,2022,-1.9408329245860951
RGI60-11.00120,2023,-1.7572720877515045
RGI60-11.00120,2024,0.2805642267605375
RGI60-11.00122,2000,-0.3031409659556723
RGI60-11.00122,2001,-0.3601463636049499
RGI60-11.00122,2002,-0.4982597582031049
RGI60-11.00122,2003,-1.8854180552266055
RGI60-11.00122,2004,-0.3120611150195317
RGI60-11.00122,2005,-0.5952200093508978
RGI60-11.00122,2006,-1.2514209234723905
RGI60-11.00122,2007,-1.4829610449797501
RGI60-11.00122,2008,-0.7496740931719579
RGI60-11.00122,2009,-0.9679175087257854
RGI60-11.00122,2010,-0.3330745713767024
RGI60-11.00122,2011,-1.4128516096133665
RGI60-11.00122,2012,-1.3076864726559
RGI60-11.00122,2013,-0.17295076999287728
RGI60-11.00122,2014,-0.28439536081438366
RGI60-11.00122,2015,-1.3062516084013378
RGI60-11.00122,2016,-1.0281521625703645
RGI60-11.00122,2017,-1.0484425881637873
RGI60-11.00122,2018,-2.2731156927877816
RGI60-11.00122,2019,-1.487559325912859
RGI60-11.00122,2020,-1.4600388762256586
RGI60-11.00122,2021,-0.9314205969609161
RGI60-11.00122,2022,-2.431362132840838
RGI60-11.00122,2023,-2.075856461068227
RGI60-11.00122,2024,-1.6578338766493506
RGI60-11.00124,2000,-0.545066866084204
RGI60-11.00124,2001,-0.3495138834556939
RGI60-11.00124,2002,-1.1740683768061668
RGI60-11.00124,2003,-1.6335481523160447
RGI60-11.00124,2004,-0.601538984704333
RGI60-11.00124,2005,-0.6426418100371293
RGI60-11.00124,2006,-1.2757350111028756
RGI60-11.00124,2007,-1.8822417167817258
RGI60-11.00124,2008,-0.34333736731614706
RGI60-11.00124,2009,-1.5563307688776655
RGI60-11.00124,2010,-0.6835500025758127
RGI60-11.00124,2011,-1.5508520398386263
RGI60-11.00124,2012,-1.3844980204222406
RGI60-11.00124,2013,0.03051327276324267
RGI60-11.00124,2014,-0.26486667888673054
RGI60-11.00124,2015,-0.9889040837974525
RGI60-11.00124,2016,-1.1336161443330566
RGI60-11.00124,2017,-0.6719206585459985
RGI60-11.00124,2018,-0.8384646808163951
RGI60-11.00124,2019,-1.6199180260649397
RGI60-11.00124,2020,-0.6072097924413146
RGI60-11.00124,2021,-1.3365123841904305
RGI60-11.00124,2022,-1.9254832316796593
RGI60-11.00124,2023,-0.9800035203991344
RGI60-11.00124,2024,-0.5218156815897603
RGI60-11.00127,2000,0.01558923425846137
RGI60-11.00127,2001,0.2425848037827849
RGI60-11.00127,2002,-0.4993210131522035
RGI60-11.00127,2003,-1.4342617336836394
RGI60-11.00127,2004,-0.22549152021718893
RGI60-11.00127,2005,-0.6950879306267098
RGI60-11.00127,2006,-0.6289603557926181
RGI60-11.00127,2007,-0.7541167544419061
RGI60-11.00127,2008,-0.8199986795847056
RGI60-11.00127,2009,-1.2688224175861635
RGI60-11.00127,2010,-0.22829552735323783
RGI60-11.00127,2011,-1.134926233702891
RGI60-11.00127,2012,-0.99628316942736
RGI60-11.00127,2013,-0.5095515108270018
RGI60-11.00127,2014,-0.5209994850403646
RGI60-11.00127,2015,-1.1140078299998613
RGI60-11.00127,2016,-0.8567100236202024
RGI60-11.00127,2017,-0.6275301262971631
RGI60-11.00127,2018,-1.4477734313690902
RGI60-11.00127,2019,-0.8799362953189329
RGI60-11.00127,2020,-1.342572386711875
RGI60-11.00127,2021,-0.49666377708251896
RGI60-11.00127,2022,-2.07418797000135
RGI60-11.00127,2023,-1.1423788381980473
RGI60-11.00127,2024,-0.8274973372942546
RGI60-11.00133,2000,-0.19749414392846398
RGI60-11.00133,2001,0.5438417307267968
RGI60-11.00133,2002,-0.6617262094691392
RGI60-11.00133,2003,-1.0093371603948424
RGI60-11.00133,2004,0.030794407778324095
RGI60-11.00133,2005,-0.36413800808796476
RGI60-11.00133,2006,-0.6191205665580315
RGI60-11.00133,2007,-1.3076636507075126
RGI60-11.00133,2008,-0.76157817930265
RGI60-11.00133,2009,-0.9018380382462204
RGI60-11.00133,2010,-0.45055095120458577
RGI60-11.00133,2011,-1.3858294108970228
RGI60-11.00133,2012,-0.8999873910179605
RGI60-11.00133,2013,0.15069673173968845
RGI60-11.00133,2014,-0.6725600827696477
RGI60-11.00133,2015,-1.293182907805899
RGI60-11.00133,2016,-1.1568158572357443
RGI60-11.00133,2017,-0.7806871127494055
RGI60-11.00133,2018,-1.7050830343450991
RGI60-11.00133,2019,-1.0918401655246215
RGI60-11.00133,2020,-1.0363394831552506
RGI60-11.00133,2021,-0.8305399838969915
RGI60-11.00133,2022,-1.4612987696767283
RGI60-11.00133,2023,-1.5113840992660428
RGI60-11.00133,2024,-0.8230198759207509
RGI60-11.00135,2000,-0.5059376386266644
RGI60-11.00135,2001,-0.23954598171500308
RGI60-11.00135,2002,-0.3299428161457781
RGI60-11.00135,2003,-1.5075287034717917
RGI60-11.00135,2004,-0.36370174085146567
RGI60-11.00135,2005,-0.5287834638403206
RGI60-11.00135,2006,-0.8537337725521736
RGI60-11.00135,2007,-1.0283550881247412
RGI60-11.00135,2008,-0.45841133725827987
RGI60-11.00135,2009,-1.1164495419083178
RGI60-11.00135,2010,-0.23331256853859073
RGI60-11.00135,2011,-1.2254352023049662
RGI60-11.00135,2012,-1.1186572484663402
RGI60-11.00135,2013,-0.21073405304906312
RGI60-11.00135,2014,-0.21604362228886853
RGI60-11.00135,2015,-1.2275457986464082
RGI60-11.00135,2016,-0.8933037225762166
RGI60-11.00135,2017,-1.072881223472292
RGI60-11.00135,2018,-1.2874519332069871
RGI60-11.00135,2019,-1.0887445429557165
RGI60-11.00135,2020,-0.8787225743827943
RGI60-11.00135,2021,-0.5464260522733568
RGI60-11.00135,2022,-1.249600548580167
RGI60-11.00135,2023,-1.0683775002057314
RGI60-11.00135,2024,-1.222911688039024
RGI60-11.00141,2000,-0.26114948072104793
RGI60-11.00141,2001,-0.038389548009494234
RGI60-11.00141,2002,-0.898734531524198
RGI60-11.00141,2003,-1.7688865161088283
RGI60-11.00141,2004,-0.23190774941850445
RGI60-11.00141,2005,-0.8515547398371381
RGI60-11.00141,2006,-1.434007509720069
RGI60-11.00141,2007,-1.3667135337619003
RGI60-11.00141,2008,-0.8122342155952351
RGI60-11.00141,2009,-1.4729058558025772
RGI60-11.00141,2010,-0.30857485312048216
RGI60-11.00141,2011,-1.5539463205669435
RGI60-11.00141,2012,-1.4886214619581004
RGI60-11.00141,2013,-0.8699929229635059
RGI60-11.00141,2014,-0.8613619119139154
RGI60-11.00141,2015,-1.303341464241178
RGI60-11.00141,2016,-1.1899349205172856
RGI60-11.00141,2017,-1.16364045066512
RGI60-11.00141,2018,-1.8571725856353156
RGI60-11.00141,2019,-1.4923294279191586
RGI60-11.00141,2020,-1.4700581524303185
RGI60-11.00141,2021,-1.1745637132040543
RGI60-11.00141,2022,-2.1924873481749545
RGI60-11.00141,2023,-1.7006196859825589
RGI60-11.00141,2024,-1.4543879851451225
RGI60-11.00159,2000,0.21351100924034383
RGI60-11.00159,2001,-0.2567649387348799
RGI60-11.00159,2002,-0.20854667374642122
RGI60-11.00159,2003,-1.654922560103777
RGI60-11.00159,2004,-0.36076727912842343
RGI60-11.00159,2005,-0.16478520408852287
RGI60-11.00159,2006,-0.7697687898616359
RGI60-11.00159,2007,-0.9219515848060402
RGI60-11.00159,2008,-0.7404830601857234
RGI60-11.00159,2009,-1.2739088973460289
RGI60-11.00159,2010,-0.08356138960045734
RGI60-11.00159,2011,-1.6622032196516454
RGI60-11.00159,2012,-0.6634419162467095
RGI60-11.00159,2013,0.39547113725187044
RGI60-11.00159,2014,0.3323107613681593
RGI60-11.00159,2015,-0.9868295411170085
RGI60-11.00159,2016,-0.41174196370340854
RGI60-11.00159,2017,-0.46053267930138436
RGI60-11.00159,2018,-1.121548408303966
RGI60-11.00159,2019,-0.82363480193434
RGI60-11.00159,2020,-0.5008239310378548
RGI60-11.00159,2021,-0.538784619383433
RGI60-11.00159,2022,-1.761719181543163
RGI60-11.00159,2023,-1.4957732490402926
RGI60-11.00159,2024,-1.0429877676097177
RGI60-11.00161,2000,0.21639042930631303
RGI60-11.00161,2001,0.042325206298620244
RGI60-11.00161,2002,-0.09588286638059457
RGI60-11.00161,2003,-1.6247934402166029
RGI60-11.00161,2004,-0.15391920276476917
RGI60-11.00161,2005,-0.23119486452040922
RGI60-11.00161,2006,-0.4650441844794549
RGI60-11.00161,2007,-0.4322024951806386
RGI60-11.00161,2008,-0.6575584400735129
RGI60-11.00161,2009,-1.2462142560898561
RGI60-11.00161,2010,0.011212711433112643
RGI60-11.00161,2011,-0.9886927901898317
RGI60-11.00161,2012,-1.037706672506447
RGI60-11.00161,2013,0.14224361986430956
RGI60-11.00161,2014,0.03855303309191482
RGI60-11.00161,2015,-1.0141574435648564
RGI60-11.00161,2016,-0.8087181979974187
RGI60-11.00161,2017,-0.8543065832218575
RGI60-11.00161,2018,-1.2181263556851585
RGI60-11.00161,2019,-1.1237072071228624
RGI60-11.00161,2020,-0.5945204646932599
RGI60-11.00161,2021,-0.37146506481052977
RGI60-11.00161,2022,-1.2837070807392503
RGI60-11.00161,2023,-1.3943187164602677
RGI60-11.00161,2024,-1.2865024682794748
RGI60-11.00164,2000,0.5893170360827242
RGI60-11.00164,2001,0.5548403634689067
RGI60-11.00164,2002,-0.07621937942527429
RGI60-11.00164,2003,-1.6495102946322031
RGI60-11.00164,2004,0.004871634414370718
RGI60-11.00164,2005,-0.18132435205142997
RGI60-11.00164,2006,-0.43215830573372965
RGI60-11.00164,2007,-0.8803897892164627
RGI60-11.00164,2008,-0.2710577789988384
RGI60-11.00164,2009,-0.8735346388992054
RGI60-11.00164,2010,0.20894338939625984
RGI60-11.00164,2011,-1.1648038027453187
RGI60-11.00164,2012,-0.7670976165000086
RGI60-11.00164,2013,0.20290454707291322
RGI60-11.00164,2014,0.559629195002983
RGI60-11.00164,2015,-0.7409768182421448
RGI60-11.00164,2016,-0.4606193249158681
RGI60-11.00164,2017,-0.63783614056965
RGI60-11.00164,2018,-0.8866582395467613
RGI60-11.00164,2019,-0.8266196839612585
RGI60-11.00164,2020,-0.3389433379829938
RGI60-11.00164,2021,-0.49610181722795904
RGI60-11.00164,2022,-0.930458804743707
RGI60-11.00164,2023,-1.448995373105332
RGI60-11.00164,2024,-0.939525924650285
RGI60-11.00172,2000,-0.734267826888905
RGI60-11.00172,2001,0.08017253762668741
RGI60-11.00172,2002,-1.1740382579454445
RGI60-11.00172,2003,-1.1549979087901632
RGI60-11.00172,2004,-0.22850999404816663
RGI60-11.00172,2005,-1.5745869386357985
RGI60-11.00172,2006,-1.027333181498588
RGI60-11.00172,2007,-0.3690832655466921
RGI60-11.00172,2008,-0.21666076768046827
RGI60-11.00172,2009,-1.0032056998477499
RGI60-11.00172,2010,-0.38075096445946527
RGI60-11.00172,2011,-1.1045364131247506
RGI60-11.00172,2012,-0.8156368976106029
RGI60-11.00172,2013,-0.5722590846983557
RGI60-11.00172,2014,-0.48091232637899006
RGI60-11.00172,2015,-0.5033466657695365
RGI60-11.00172,2016,-1.2213664083809534
RGI60-11.00172,2017,-1.1015174471783142
RGI60-11.00172,2018,-1.2658674293848808
RGI60-11.00172,2019,-1.0929950597588594
RGI60-11.00172,2020,-0.9409709052781602
RGI60-11.00172,2021,-0.8051553805632644
RGI60-11.00172,2022,-1.4088223041321077
RGI60-11.00172,2023,-1.0490937799760625
RGI60-11.00172,2024,-0.17120772367004833
RGI60-11.00181,2000,-0.3036218995395663
RGI60-11.00181,2001,0.3040432365078063
RGI60-11.00181,2002,0.8975494092900123
RGI60-11.00181,2003,-1.1159109245655918
RGI60-11.00181,2004,-0.1516139363937969
RGI60-11.00181,2005,-0.3291592935857212
RGI60-11.00181,2006,0.12392551376918104
RGI60-11.00181,2007,-0.8454465266010581
RGI60-11.00181,2008,-0.2614596669710759
RGI60-11.00181,2009,-0.4300849577178961
RGI60-11.00181,2010,-0.5691888151956002
RGI60-11.00181,2011,-1.273190675223716
RGI60-11.00181,2012,-1.0368138679181773
RGI60-11.00181,2013,0.14422798271104198
RGI60-11.00181,2014,0.23433898680373644
RGI60-11.00181,2015,-0.8718897488885644
RGI60-11.00181,2016,-1.2361606098548097
RGI60-11.00181,2017,-0.6101209969056363
RGI60-11.00181,2018,-0.8436854719861744
RGI60-11.00181,2019,-0.45023773773439035
RGI60-11.00181,2020,-0.7015437139510412
RGI60-11.00181,2021,-0.2616970239758379
RGI60-11.00181,2022,-1.3710354969013603
RGI60-11.00181,2023,-1.5278227778794295
RGI60-11.00181,2024,-0.5659808244418817
RGI60-11.00182,2000,0.0017400809829666297
RGI60-11.00182,2001,-0.18801522137609378
RGI60-11.00182,2002,-0.3443168290453713
RGI60-11.00182,2003,-1.2955747944710696
RGI60-11.00182,2004,-0.06435155711742446
RGI60-11.00182,2005,-0.3037140016338861
RGI60-11.00182,2006,-0.8790468336908632
RGI60-11.00182,2007,-0.42215330238449533
RGI60-11.00182,2008,-0.8991635347793573
RGI60-11.00182,2009,-1.1217473826430209
RGI60-11.00182,2010,-0.243725812711659
RGI60-11.00182,2011,-1.3683178418483557
RGI60-11.00182,2012,-0.595702099254717
RGI60-11.00182,2013,0.2677587906502865
RGI60-11.00182,2014,0.1197785409156229
RGI60-11.00182,2015,-0.5780603480288438
RGI60-11.00182,2016,-0.6979376068576644
RGI60-11.00182,2017,-0.33442867533426196
RGI60-11.00182,2018,-1.0076156695982286
RGI60-11.00182,2019,-1.0754059017735682
RGI60-11.00182,2020,-0.6495176206063134
RGI60-11.00182,2021,-0.40832814067308487
RGI60-11.00182,2022,-1.6511130623065253
RGI60-11.00182,2023,-1.9338143903100873
RGI60-11.00182,2024,-1.2006774435571488
RGI60-11.00189,2000,0.4023409099425295
RGI60-11.00189,2001,0.43535157762525917
RGI60-11.00189,2002,-0.07068013033686471
RGI60-11.00189,2003,-1.1465479872465825
RGI60-11.00189,2004,-0.06145475381391563
RGI60-11.00189,2005,-0.0010844454002847947
RGI60-11.00189,2006,-0.5416020276454493
RGI60-11.00189,2007,-0.5216048862201097
RGI60-11.00189,2008,0.052989539988570034
RGI60-11.00189,2009,-0.7377613792377792
RGI60-11.00189,2010,0.3715487134576165
RGI60-11.00189,2011,-0.6874303643741959
RGI60-11.00189,2012,-0.5735427137430087
RGI60-11.00189,2013,0.24112414990482806
RGI60-11.00189,2014,0.3739830950003666
RGI60-11.00189,2015,-0.8031397526790202
RGI60-11.00189,2016,-0.4071584636400578
RGI60-11.00189,2017,-0.9332563669380161
RGI60-11.00189,2018,-1.1061103897293372
RGI60-11.00189,2019,-1.0356643249145379
RGI60-11.00189,2020,-0.36256813612808925
RGI60-11.00189,2021,-0.3890155088436512
RGI60-11.00189,2022,-1.3448904508190538
RGI60-11.00189,2023,-1.0158388906063087
RGI60-11.00189,2024,-0.49413486505770915
RGI60-11.00190,2000,-0.11346436320821152
RGI60-11.00190,2001,0.171748785186432
RGI60-11.00190,2002,-0.39188225473323124
RGI60-11.00190,2003,-1.6728437168428096
RGI60-11.00190,2004,-0.15499333767813894
RGI60-11.00190,2005,-0.3658028515603664
RGI60-11.00190,2006,-0.7521343254622375
RGI60-11.00190,2007,-0.8944062792608378
RGI60-11.00190,2008,-0.5814451786769794
RGI60-11.00190,2009,-1.0176567333250115
RGI60-11.00190,2010,0.10997963849366965
RGI60-11.00190,2011,-1.339097884888511
RGI60-11.00190,2012,-1.2059606034609494
RGI60-11.00190,2013,0.10294096685720089
RGI60-11.00190,2014,0.03541023020982026
RGI60-11.00190,2015,-1.0628010333286626
RGI60-11.00190,2016,-1.0650643071748143
RGI60-11.00190,2017,-0.8794237058002401
RGI60-11.00190,2018,-1.5687302534823266
RGI60-11.00190,2019,-1.0622727918637997
RGI60-11.00190,2020,-0.8027642175559564
RGI60-11.00190,2021,-0.6884171627861069
RGI60-11.00190,2022,-1.7337675635588519
RGI60-11.00190,2023,-1.5213798255602233
RGI60-11.00190,2024,-1.2011699082470506
RGI60-11.00193,2000,0.5831963127687754
RGI60-11.00193,2001,0.164030456550755
RGI60-11.00193,2002,-0.10304102388600134
RGI60-11.00193,2003,-1.6872820061473557
RGI60-11.00193,2004,0.07629714521410447
RGI60-11.00193,2005,-0.35469434823999524
RGI60-11.00193,2006,-0.7262429812578234
RGI60-11.00193,2007,-0.8875340245882399
RGI60-11.00193,2008,-0.6438778498289933
RGI60-11.00193,2009,-1.032520219526103
RGI60-11.00193,2010,-0.15444316118426787
RGI60-11.00193,2011,-0.986355652911766
RGI60-11.00193,2012,-0.8970870523456642
RGI60-11.00193,2013,0.29909160102558185
RGI60-11.00193,2014,0.2873335242827232
RGI60-11.00193,2015,-1.364137431222776
RGI60-11.00193,2016,-0.8012647303111553
RGI60-11.00193,2017,-0.42027339922413376
RGI60-11.00193,2018,-1.278762763213856
RGI60-11.00193,2019,-1.384932395953804
RGI60-11.00193,2020,-0.7046038936906263
RGI60-11.00193,2021,-0.1773360987654426
RGI60-11.00193,2022,-1.964685330458396
RGI60-11.00193,2023,-1.9004968358927443
RGI60-11.00193,2024,-1.2767077481362092
RGI60-11.00197,2000,-0.05913828102348412
RGI60-11.00197,2001,0.7050824434686596
RGI60-11.00197,2002,-0.3774894370389641
RGI60-11.00197,2003,-1.2914459861629468
RGI60-11.00197,2004,-0.3735013143110949
RGI60-11.00197,2005,-0.1883242859954588
RGI60-11.00197,2006,-0.5012851174324923
RGI60-11.00197,2007,-0.8410955596796823
RGI60-11.00197,2008,-0.22838695453098876
RGI60-11.00197,2009,-0.7400884162198251
RGI60-11.00197,2010,0.4122018403379247
RGI60-11.00197,2011,-0.8083155918550973
RGI60-11.00197,2012,-0.7595986241173909
RGI60-11.00197,2013,0.08782786525540215
RGI60-11.00197,2014,-0.31423361298306185
RGI60-11.00197,2015,-0.9823222060963148
RGI60-11.00197,2016,-0.22017788215453613
RGI60-11.00197,2017,-0.6218560897438078
RGI60-11.00197,2018,-1.219463857330124
RGI60-11.00197,2019,-1.0372889323867236
RGI60-11.00197,2020,-0.5211403643605521
RGI60-11.00197,2021,-0.37477653816948686
RGI60-11.00197,2022,-1.3078168934906225
RGI60-11.00197,2023,-1.1350133809135965
RGI60-11.00197,2024,-1.3293687954148217
RGI60-11.00199,2000,0.07206300623001394
RGI60-11.00199,2001,0.0385879702499915
RGI60-11.00199,2002,-0.7981174856475391
RGI60-11.00199,2003,-1.8396472950546983
RGI60-11.00199,2004,-0.25678545522759544
RGI60-11.00199,2005,-0.7147727354415925
RGI60-11.00199,2006,-1.0379423907470429
RGI60-11.00199,2007,-1.1670364891801435
RGI60-11.00199,2008,-0.293863041040311
RGI60-11.00199,2009,-1.0050855425752123
RGI60-11.00199,2010,-0.3023967686900412
RGI60-11.00199,2011,-1.5568627780341264
RGI60-11.00199,2012,-1.1622144675486235
RGI60-11.00199,2013,-0.08575079479885483
RGI60-11.00199,2014,-0.5689796377557569
RGI60-11.00199,2015,-1.3847440818337933
RGI60-11.00199,2016,-1.374461099353626
RGI60-11.00199,2017,-1.2157256958912352
RGI60-11.00199,2018,-1.7619402786106617
RGI60-11.00199,2019,-1.254124939049139
RGI60-11.00199,2020,-1.079256263643382
RGI60-11.00199,2021,-0.8195501239469265
RGI60-11.00199,2022,-2.098015378921734
RGI60-11.00199,2023,-1.8209495717943491
RGI60-11.00199,2024,-1.207624404663598
RGI60-11.00200,2000,0.7140196907546195
RGI60-11.00200,2001,0.981510000599882
RGI60-11.00200,2002,-0.08354290133252859
RGI60-11.00200,2003,-1.0542011289279802
RGI60-11.00200,2004,0.19806145822785864
RGI60-11.00200,2005,-0.15646622794764034
RGI60-11.00200,2006,-0.48964073836738464
RGI60-11.00200,2007,-0.7469337545722374
RGI60-11.00200,2008,0.11225334520649932
RGI60-11.00200,2009,-0.9091055310622029
RGI60-11.00200,2010,0.7558199495493709
RGI60-11.00200,2011,-0.6794856723221337
RGI60-11.00200,2012,-0.646844039615168
RGI60-11.00200,2013,0.6575760163483475
RGI60-11.00200,2014,0.21037494290551406
RGI60-11.00200,2015,-0.7902339212919722
RGI60-11.00200,2016,-0.3055932883949817
RGI60-11.00200,2017,-0.9428428143574139
RGI60-11.00200,2018,-1.1960888823797153
RGI60-11.00200,2019,-1.1430365030207312
RGI60-11.00200,2020,-0.4624116113259418
RGI60-11.00200,2021,-0.3694858346894584
RGI60-11.00200,2022,-1.8078858158240931
RGI60-11.00200,2023,-0.9762609064201477
RGI60-11.00200,2024,-0.41014941018621676
RGI60-11.00204,2000,-0.4675141333302706
RGI60-11.00204,2001,0.08262921504903742
RGI60-11.00204,2002,-0.45221202811054584
RGI60-11.00204,2003,-1.4900096503014406
RGI60-11.00204,2004,-0.36898434273230263
RGI60-11.00204,2005,-1.1945147929793363
RGI60-11.00204,2006,-0.4092548004467195
RGI60-11.00204,2007,-0.8481961304159025
RGI60-11.00204,2008,-0.9898629966195733
RGI60-11.00204,2009,-1.2822824447784782
RGI60-11.00204,2010,-0.5154841546304159
RGI60-11.00204,2011,-1.3686355215369923
RGI60-11.00204,2012,-1.1523382817734527
RGI60-11.00204,2013,-0.23414742952328016
RGI60-11.00204,2014,-0.9938495603933888
RGI60-11.00204,2015,-1.493793339875436
RGI60-11.00204,2016,-1.1541638401015415
RGI60-11.00204,2017,-0.8517951648310944
RGI60-11.00204,2018,-1.3404653899409118
RGI60-11.00204,2019,-0.9145252127279465
RGI60-11.00204,2020,-0.5089758067278015
RGI60-11.00204,2021,-0.9013841126564995
RGI60-11.00204,2022,-1.5881356668907975
RGI60-11.00204,2023,-1.004600311983243
RGI60-11.00204,2024,-0.5544455843908885
RGI60-11.00213,2000,0.15032005821938133
RGI60-11.00213,2001,0.1185635978633599
RGI60-11.00213,2002,-0.5868862299299875
RGI60-11.00213,2003,-1.5666724675722064
RGI60-11.00213,2004,-0.16473285347051864
RGI60-11.00213,2005,-0.48508066952589346
RGI60-11.00213,2006,-0.3840457587226743
RGI60-11.00213,2007,-0.39676565665773245
RGI60-11.00213,2008,-0.05908571788663314
RGI60-11.00213,2009,-0.9057532188655991
RGI60-11.00213,2010,0.06065441330952481
RGI60-11.00213,2011,-1.1743289457946602
RGI60-11.00213,2012,-0.7118781426698159
RGI60-11.00213,2013,-0.21687053204411566
RGI60-11.00213,2014,-0.14156057462324156
RGI60-11.00213,2015,-0.8801724238711022
RGI60-11.00213,2016,-0.7491203747699837
RGI60-11.00213,2017,-0.8268425449566521
RGI60-11.00213,2018,-1.3380016630712253
RGI60-11.00213,2019,-0.8445402949602301
RGI60-11.00213,2020,-0.7712159963465107
RGI60-11.00213,2021,-0.31334199392352435
RGI60-11.00213,2022,-1.3562029265620492
RGI60-11.00213,2023,-1.703137902989744
RGI60-11.00213,2024,-1.240645097730043
RGI60-11.00220,2000,0.20634252667481678
RGI60-11.00220,2001,0.5034372697580176
RGI60-11.00220,2002,-0.029611190333324044
RGI60-11.00220,2003,-1.2024478904837894
RGI60-11.00220,2004,0.23656050207044244
RGI60-11.00220,2005,-0.019697364206568535
RGI60-11.00220,2006,-0.7130456392488373
RGI60-11.00220,2007,-0.40679613564615774
RGI60-11.00220,2008,-0.07177349447205117
RGI60-11.00220,2009,-0.5410855181568547
RGI60-11.00220,2010,0.48966219133324584
RGI60-11.00220,2011,-0.8214287772989666
RGI60-11.00220,2012,-0.585244312449616
RGI60-11.00220,2013,0.3694834982592159
RGI60-11.00220,2014,-0.08688795860319848
RGI60-11.00220,2015,-0.9260805001697099
RGI60-11.00220,2016,-0.7150094432396015
RGI60-11.00220,2017,-0.482714065426495
RGI60-11.00220,2018,-0.71270685280782
RGI60-11.00220,2019,-0.6229568455527572
RGI60-11.00220,2020,-0.21256987920804032
RGI60-11.00220,2021,0.11864991102901723
RGI60-11.00220,2022,-0.9875237420780315
RGI60-11.00220,2023,-0.8100876357044176
RGI60-11.00220,2024,-0.33469735400872025
RGI60-11.00223,2000,0.16785051253431704
RGI60-11.00223,2001,-0.0069045057835007695
RGI60-11.00223,2002,-0.018802939894597248
RGI60-11.00223,2003,-1.8047920559999842
RGI60-11.00223,2004,-0.3594910478372439
RGI60-11.00223,2005,-0.579930019956183
RGI60-11.00223,2006,-0.6377702561612735
RGI60-11.00223,2007,-0.9590332599934431
RGI60-11.00223,2008,-0.7316473092110214
RGI60-11.00223,2009,-1.363870658058152
RGI60-11.00223,2010,-0.4263837956284849
RGI60-11.00223,2011,-1.3428285093051309
RGI60-11.00223,2012,-1.5190754543358835
RGI60-11.00223,2013,0.21121439771905148
RGI60-11.00223,2014,0.020567580626224657
RGI60-11.00223,2015,-1.951386570627443
RGI60-11.00223,2016,-1.5570979110428909
RGI60-11.00223,2017,-0.8245690361798447
RGI60-11.00223,2018,-1.8321586719164973
RGI60-11.00223,2019,-1.395890488948013
RGI60-11.00223,2020,-0.995623300104071
RGI60-11.00223,2021,-0.8917426802825948
RGI60-11.00223,2022,-2.5299899437540017
RGI60-11.00223,2023,-2.2840725543702782
RGI60-11.00223,2024,-0.9132502482552227
RGI60-11.00227,2000,0.18150325029123004
RGI60-11.00227,2001,0.5916577600791796
RGI60-11.00227,2002,-0.22911532180543953
RGI60-11.00227,2003,-1.365500766588433
RGI60-11.00227,2004,-0.18452838379146297
RGI60-11.00227,2005,-0.4903394529386288
RGI60-11.00227,2006,-0.6551700371703
RGI60-11.00227,2007,-1.4955819945267734
RGI60-11.00227,2008,-0.5582005077501503
RGI60-11.00227,2009,-0.7676973277201494
RGI60-11.00227,2010,-0.20029288134127637
RGI60-11.00227,2011,-1.1564773747112618
RGI60-11.00227,2012,-1.2329806106410115
RGI60-11.00227,2013,0.2350313221415794
RGI60-11.00227,2014,-0.25288496335990635
RGI60-11.00227,2015,-1.6986141709875007
RGI60-11.00227,2016,-0.8798644752996052
RGI60-11.00227,2017,-0.8612786416776727
RGI60-11.00227,2018,-1.6504945750848956
RGI60-11.00227,2019,-1.1636708471175254
RGI60-11.00227,2020,-0.8351677910836268
RGI60-11.00227,2021,-0.7171060246019239
RGI60-11.00227,2022,-2.1068996429369826
RGI60-11.00227,2023,-1.7590934628238717
RGI60-11.00227,2024,-0.6222325697635849
RGI60-11.00233,2000,0.07785404461142276
RGI60-11.00233,2001,0.5258194540385943
RGI60-11.00233,2002,-0.37703237805157763
RGI60-11.00233,2003,-1.1686497380993812
RGI60-11.00233,2004,0.11841778569778899
RGI60-11.00233,2005,-0.48390158191336996
RGI60-11.00233,2006,-0.39153646711500495
RGI60-11.00233,2007,-0.8377015646086613
RGI60-11.00233,2008,-0.23481038611926497
RGI60-11.00233,2009,-0.6298885096889131
RGI60-11.00233,2010,0.6079863514261363
RGI60-11.00233,2011,-0.4819475954375327
RGI60-11.00233,2012,-0.8260216999867521
RGI60-11.00233,2013,-0.025024169731525214
RGI60-11.00233,2014,-0.17295212743444668
RGI60-11.00233,2015,-0.7608488808275482
RGI60-11.00233,2016,-0.649616968346227
RGI60-11.00233,2017,-0.549723062960529
RGI60-11.00233,2018,-0.49759814281302417
RGI60-11.00233,2019,-0.6921243626401842
RGI60-11.00233,2020,-0.13035737242375892
RGI60-11.00233,2021,-0.45995389860792035
RGI60-11.00233,2022,-1.040294092678957
RGI60-11.00233,2023,-1.2103520379226833
RGI60-11.00233,2024,-0.8862643840951976
RGI60-11.00245,2000,-0.46325577232461324
RGI60-11.00245,2001,-0.3541179815844747
RGI60-11.00245,2002,-0.3269053448191853
RGI60-11.00245,2003,-1.68406462505562
RGI60-11.00245,2004,-0.5240349834162785
RGI60-11.00245,2005,-1.182806860635632
RGI60-11.00245,2006,-0.8529161315126726
RGI60-11.00245,2007,-0.8642101329592736
RGI60-11.00245,2008,-0.7405586198210368
RGI60-11.00245,2009,-1.4898534657294649
RGI60-11.00245,2010,-0.4583683830055476
RGI60-11.00245,2011,-1.616456504432299
RGI60-11.00245,2012,-1.2059675950216167
RGI60-11.00245,2013,-0.36511536652658205
RGI60-11.00245,2014,-0.9448181474795927
RGI60-11.00245,2015,-1.4477696272749132
RGI60-11.00245,2016,-1.2281620167183966
RGI60-11.00245,2017,-1.39190640671948
RGI60-11.00245,2018,-1.8844804757391205
RGI60-11.00245,2019,-1.273931559224196
RGI60-11.00245,2020,-1.1156620185140182
RGI60-11.00245,2021,-1.149142580251576
RGI60-11.00245,2022,-2.086647546139999
RGI60-11.00245,2023,-1.4851357194573283
RGI60-11.00245,2024,-1.5581168055684296
RGI60-11.00246,2000,-0.15780109865812308
RGI60-11.00246,2001,0.4913375174236233
RGI60-11.00246,2002,0.27332565055217384
RGI60-11.00246,2003,-1.6282304025612242
RGI60-11.00246,2004,-0.5336811637706018
RGI60-11.00246,2005,-0.934996934775906
RGI60-11.00246,2006,-1.3366820469843825
RGI60-11.00246,2007,-1.318898431028474
RGI60-11.00246,2008,-0.7666555001243707
RGI60-11.00246,2009,-0.939509672384776
RGI60-11.00246,2010,-0.3198639632640623
RGI60-11.00246,2011,-1.5344764879333794
RGI60-11.00246,2012,-1.2912975976681058
RGI60-11.00246,2013,0.15335053304880886
RGI60-11.00246,2014,-0.8680475381076688
RGI60-11.00246,2015,-1.6673218735451039
RGI60-11.00246,2016,-1.0001453437295977
RGI60-11.00246,2017,-0.9406839490794173
RGI60-11.00246,2018,-1.6104393768332117
RGI60-11.00246,2019,-1.2015823205761988
RGI60-11.00246,2020,-0.6345848863601615
RGI60-11.00246,2021,-0.541291433303364
RGI60-11.00246,2022,-1.704928789679451
RGI60-11.00246,2023,-1.8613282806732814
RGI60-11.00246,2024,-0.4439259546986478
RGI60-11.00251,2000,-1.0182379289973271
RGI60-11.00251,2001,0.06718128175611315
RGI60-11.00251,2002,-0.8170198284841999
RGI60-11.00251,2003,-1.3222838450570524
RGI60-11.00251,2004,-0.4692667282451439
RGI60-11.00251,2005,-0.40508246665572245
RGI60-11.00251,2006,-1.2185536364552083
RGI60-11.00251,2007,-1.3994255675358436
RGI60-11.00251,2008,-0.29041364291686833
RGI60-11.00251,2009,-0.9045229213575943
RGI60-11.00251,2010,-0.03651918438073809
RGI60-11.00251,2011,-1.52612550617881
RGI60-11.00251,2012,-1.2531456922633009
RGI60-11.00251,2013,-0.35635305368008774
RGI60-11.00251,2014,-0.6654000731627989
RGI60-11.00251,2015,-0.8466680653426624
RGI60-11.00251,2016,-1.049932669053631
RGI60-11.00251,2017,-1.540486679570165
RGI60-11.00251,2018,-1.1871211339795131
RGI60-11.00251,2019,-0.8873226584394518
RGI60-11.00251,2020,-0.7704463736816499
RGI60-11.00251,2021,-0.9404453138165768
RGI60-11.00251,2022,-1.9611142375238244
RGI60-11.00251,2023,-1.1934584270418849
RGI60-11.00251,2024,-1.3430644323629657
RGI60-11.00263,2000,-0.30019892367653817
RGI60-11.00263,2001,0.4837190538847457
RGI60-11.00263,2002,-0.5977904649574556
RGI60-11.00263,2003,-1.182262527446567
RGI60-11.00263,2004,-0.18371704594685717
RGI60-11.00263,2005,-0.4426487838983054
RGI60-11.00263,2006,-0.478673633329019
RGI60-11.00263,2007,-0.8656045117332523
RGI60-11.00263,2008,-0.3395535399523451
RGI60-11.00263,2009,-0.751738776730054
RGI60-11.00263,2010,0.09912930046020851
RGI60-11.00263,2011,-0.7758034436388821
RGI60-11.00263,2012,-1.1817829374720843
RGI60-11.00263,2013,-0.47888777051190423
RGI60-11.00263,2014,-0.458921974785347
RGI60-11.00263,2015,-1.2687119102977382
RGI60-11.00263,2016,-0.9030493424982178
RGI60-11.00263,2017,-1.0757677555904044
RGI60-11.00263,2018,-1.2525488978148176
RGI60-11.00263,2019,-0.8030861140651662
RGI60-11.00263,2020,-0.48449865934691233
RGI60-11.00263,2021,-0.8068067447546098
RGI60-11.00263,2022,0.5445706092521162
RGI60-11.00263,2023,-1.2706838760029266
RGI60-11.00263,2024,-0.9666113692378656
RGI60-11.00264,2000,-0.14632393505447228
RGI60-11.00264,2001,0.2168439684753718
RGI60-11.00264,2002,-0.1743841855628584
RGI60-11.00264,2003,-1.5816665499397013
RGI60-11.00264,2004,-0.2152154330041457
RGI60-11.00264,2005,-0.22795024100029815
RGI60-11.00264,2006,-0.5086212356738327
RGI60-11.00264,2007,-0.649450170301872
RGI60-11.00264,2008,-0.4269008086862792
RGI60-11.00264,2009,-0.6996021083697838
RGI60-11.00264,2010,-0.14073832145201864
RGI60-11.00264,2011,-1.1674166391825715
RGI60-11.00264,2012,-0.9615642529469703
RGI60-11.00264,2013,0.1145108676104244
RGI60-11.00264,2014,-0.28606584658841866
RGI60-11.00264,2015,-1.1438241623426189
RGI60-11.00264,2016,-1.0300807375525671
RGI60-11.00264,2017,-0.9266204249515494
RGI60-11.00264,2018,-1.1313615576383862
RGI60-11.00264,2019,-0.9718682258374538
RGI60-11.00264,2020,-0.5600962652926086
RGI60-11.00264,2021,-0.4097042198072024
RGI60-11.00264,2022,-1.4851975856225086
RGI60-11.00264,2023,-1.2316370370130607
RGI60-11.00264,2024,-0.6305540054640799
RGI60-11.00278,2000,-0.02258197471517187
RGI60-11.00278,2001,0.14349475881275253
RGI60-11.00278,2002,-0.44335262451919494
RGI60-11.00278,2003,-1.7258104333737294
RGI60-11.00278,2004,0.1710185719996301
RGI60-11.00278,2005,-0.3286071014817837
RGI60-11.00278,2006,-0.5820859666112381
RGI60-11.00278,2007,-0.8548646656942513
RGI60-11.00278,2008,-0.4618874384505384
RGI60-11.00278,2009,-1.3313334775349592
RGI60-11.00278,2010,-0.21590008579710018
RGI60-11.00278,2011,-1.3438176742772239
RGI60-11.00278,2012,-1.1057968048824178
RGI60-11.00278,2013,-0.09870370279478924
RGI60-11.00278,2014,-0.31451900448321396
RGI60-11.00278,2015,-1.1834626644869926
RGI60-11.00278,2016,-0.8577273243508172
RGI60-11.00278,2017,-0.9648966054210173
RGI60-11.00278,2018,-1.2791049853509784
RGI60-11.00278,2019,-1.1843607965869638
RGI60-11.00278,2020,-0.895617835451411
RGI60-11.00278,2021,-0.8238300341833
RGI60-11.00278,2022,-1.6838247571336524
RGI60-11.00278,2023,-1.5637981489030999
RGI60-11.00278,2024,-1.020358838297305
RGI60-11.00286,2000,-0.5978909424437291
RGI60-11.00286,2001,0.46155038827913775
RGI60-11.00286,2002,-0.5277421127756661
RGI60-11.00286,2003,-1.2772117473037508
RGI60-11.00286,2004,0.006124576258823122
RGI60-11.00286,2005,-0.45967100093390034
RGI60-11.00286,2006,-0.6044469910405414
RGI60-11.00286,2007,-0.7471021553848567
RGI60-11.00286,2008,-0.29111716903679846
RGI60-11.00286,2009,-1.180137922239195
RGI60-11.00286,2010,0.05372584407259773
RGI60-11.00286,2011,-1.0832456371367416
RGI60-11.00286,2012,-0.853988257466111
RGI60-11.00286,2013,-0.2187775346407988
RGI60-11.00286,2014,-0.5873130712228471
RGI60-11.00286,2015,-1.241097822121
RGI60-11.00286,2016,-0.8101948374568362
RGI60-11.00286,2017,-1.2975299852553874
RGI60-11.00286,2018,-0.6466610804485738
RGI60-11.00286,2019,-0.6692725417038232
RGI60-11.00286,2020,-0.6217465656959617
RGI60-11.00286,2021,-0.6772127348302689
RGI60-11.00286,2022,0.29077537225719663
RGI60-11.00286,2023,-0.9995163676620558
RGI60-11.00286,2024,0.4062288622839735
RGI60-11.00289,2000,-0.7967060319112363
RGI60-11.00289,2001,-0.11020511451434312
RGI60-11.00289,2002,-1.174252117413474
RGI60-11.00289,2003,-1.7950165447160513
RGI60-11.00289,2004,-0.09512934922244831
RGI60-11.00289,2005,-0.6464937330665648
RGI60-11.00289,2006,-1.1207351395582217
RGI60-11.00289,2007,-0.5881667901513825
RGI60-11.00289,2008,-1.2718545849576504
RGI60-11.00289,2009,-1.5467026478072707
RGI60-11.00289,2010,-0.7504866428213257
RGI60-11.00289,2011,-1.5147085944522445
RGI60-11.00289,2012,-1.3563420830415749
RGI60-11.00289,2013,-0.6346147125719485
RGI60-11.00289,2014,-0.6990507301198938
RGI60-11.00289,2015,-1.2549506115180158
RGI60-11.00289,2016,-1.3606052579665704
RGI60-11.00289,2017,-1.3775269089043194
RGI60-11.00289,2018,-1.4582911515951054
RGI60-11.00289,2019,-1.4598612536903652
RGI60-11.00289,2020,-1.4098097541206944
RGI60-11.00289,2021,-1.0260953398744468
RGI60-11.00289,2022,-1.4603652906847895
RGI60-11.00289,2023,-2.069352676857234
RGI60-11.00289,2024,-0.8745916678854491
RGI60-11.00291,2000,-0.249964784720218
RGI60-11.00291,2001,0.2500651189765212
RGI60-11.00291,2002,-0.8281776211818166
RGI60-11.00291,2003,-1.3410597175689811
RGI60-11.00291,2004,-0.603407592866864
RGI60-11.00291,2005,-0.807068335844101
RGI60-11.00291,2006,-0.2524927773188668
RGI60-11.00291,2007,-0.9493461934077594
RGI60-11.00291,2008,-0.6126904052521012
RGI60-11.00291,2009,-0.6567036199758536
RGI60-11.00291,2010,-0.5463216623150551
RGI60-11.00291,2011,-1.3540731394962338
RGI60-11.00291,2012,-1.2528054537703759
RGI60-11.00291,2013,-0.43074372244178716
RGI60-11.00291,2014,0.20696296096354683
RGI60-11.00291,2015,-1.0891908244029498
RGI60-11.00291,2016,-1.0849348202481377
RGI60-11.00291,2017,-0.993816355839144
RGI60-11.00291,2018,-0.9507515765205197
RGI60-11.00291,2019,-0.5940794767693076
RGI60-11.00291,2020,-0.7547980272272394
RGI60-11.00291,2021,-0.6288140193397922
RGI60-11.00291,2022,-1.6178941325075151
RGI60-11.00291,2023,-1.3993346556504842
RGI60-11.00291,2024,-0.7584709120967825
RGI60-11.00295,2000,-0.3436607220732354
RGI60-11.00295,2001,-0.46223970917612683
RGI60-11.00295,2002,-0.5429882733171999
RGI60-11.00295,2003,-1.7699279596010142
RGI60-11.00295,2004,-0.32659865866456317
RGI60-11.00295,2005,-0.7251638336207805
RGI60-11.00295,2006,-0.5153114076862424
RGI60-11.00295,2007,-0.8678027286651006
RGI60-11.00295,2008,-0.9815373047421102
RGI60-11.00295,2009,-1.3391096153066364
RGI60-11.00295,2010,-0.29859117625027465
RGI60-11.00295,2011,-1.4341979845823056
RGI60-11.00295,2012,-0.8851130369348629
RGI60-11.00295,2013,-0.0921484171762833
RGI60-11.00295,2014,-0.6730724735447332
RGI60-11.00295,2015,-1.4321800331204386
RGI60-11.00295,2016,-0.8889336746349823
RGI60-11.00295,2017,-1.690577465047195
RGI60-11.00295,2018,-1.4962189733975078
RGI60-11.00295,2019,-1.3537265524584117
RGI60-11.00295,2020,-1.2061400820615193
RGI60-11.00295,2021,-1.0697579844501932
RGI60-11.00295,2022,-2.0941872785718796
RGI60-11.00295,2023,-1.5841739285851097
RGI60-11.00295,2024,-1.5348889708957958
RGI60-11.00303,2000,-0.9268227476835145
RGI60-11.00303,2001,-0.05429490612635046
RGI60-11.00303,2002,-1.0570847258861582
RGI60-11.00303,2003,-1.3394719685691214
RGI60-11.00303,2004,-0.169530112186416
RGI60-11.00303,2005,-0.7388265993021457
RGI60-11.00303,2006,-0.4435731553326241
RGI60-11.00303,2007,-1.2442019154216053
RGI60-11.00303,2008,-0.37704076007397075
RGI60-11.00303,2009,-0.6516226093977995
RGI60-11.00303,2010,-0.3479018206101947
RGI60-11.00303,2011,-1.0303287066474256
RGI60-11.00303,2012,-1.221734994942632
RGI60-11.00303,2013,-0.3396506939896737
RGI60-11.00303,2014,0.6374803126106201
RGI60-11.00303,2015,-0.8330376397284832
RGI60-11.00303,2016,-1.2177109299286273
RGI60-11.00303,2017,-0.8624806503451755
RGI60-11.00303,2018,-1.721673971762013
RGI60-11.00303,2019,-0.9085914046766886
RGI60-11.00303,2020,-0.6749089861980897
RGI60-11.00303,2021,-0.4092816823252787
RGI60-11.00303,2022,-1.6026894043150142
RGI60-11.00303,2023,-1.1420553402053317
RGI60-11.00303,2024,-0.8418911517836348
RGI60-11.00311,2000,-0.09926553467396376
RGI60-11.00311,2001,0.6010187533928391
RGI60-11.00311,2002,-0.19223808012571914
RGI60-11.00311,2003,-1.6323583141287559
RGI60-11.00311,2004,0.1179817708114057
RGI60-11.00311,2005,-0.7274424706515946
RGI60-11.00311,2006,-0.7982302330746893
RGI60-11.00311,2007,-1.0827112181692904
RGI60-11.00311,2008,-0.6519623707845007
RGI60-11.00311,2009,-1.083345695265611
RGI60-11.00311,2010,0.04888182687040876
RGI60-11.00311,2011,-1.0247920291972212
RGI60-11.00311,2012,-0.6288881061756074
RGI60-11.00311,2013,-0.0054454176385844155
RGI60-11.00311,2014,0.08727607721441755
RGI60-11.00311,2015,-0.9950837115617243
RGI60-11.00311,2016,-0.5178760427340676
RGI60-11.00311,2017,-0.42124540686927736
RGI60-11.00311,2018,-1.0076470745056647
RGI60-11.00311,2019,-0.8618267227328049
RGI60-11.00311,2020,-0.2961735342918376
RGI60-11.00311,2021,-0.6021964463789856
RGI60-11.00311,2022,-1.4821436185890453
RGI60-11.00311,2023,-1.4377011659133268
RGI60-11.00311,2024,-1.254542544635994
RGI60-11.00323,2000,-0.6711836825191858
RGI60-11.00323,2001,0.2809413830990025
RGI60-11.00323,2002,-0.36178763575572853
RGI60-11.00323,2003,-1.3199784443081812
RGI60-11.00323,2004,-0.1905531425056205
RGI60-11.00323,2005,-0.7873571504724796
RGI60-11.00323,2006,-0.5543955692986288
RGI60-11.00323,2007,-0.6212294900632327
RGI60-11.00323,2008,-0.6271339724285827
RGI60-11.00323,2009,-1.2714968246023908
RGI60-11.00323,2010,0.000158316955382376
RGI60-11.00323,2011,-1.162646354256797
RGI60-11.00323,2012,-1.0157797759404459
RGI60-11.00323,2013,-0.07425235663577312
RGI60-11.00323,2014,-0.7401219806772588
RGI60-11.00323,2015,-1.2816930532513373
RGI60-11.00323,2016,-0.8142632135404893
RGI60-11.00323,2017,-1.3168296083582045
RGI60-11.00323,2018,-1.692591897267456
RGI60-11.00323,2019,-0.8451055481725952
RGI60-11.00323,2020,-1.0134881249125443
RGI60-11.00323,2021,-0.874322050431708
RGI60-11.00323,2022,-1.924463118654569
RGI60-11.00323,2023,-1.3999322453295702
RGI60-11.00323,2024,-0.9330031201574454
RGI60-11.00325,2000,-0.6485219892924495
RGI60-11.00325,2001,-0.3973204581661457
RGI60-11.00325,2002,-0.7349510947149024
RGI60-11.00325,2003,-1.9813398320133242
RGI60-11.00325,2004,-0.3024099935888721
RGI60-11.00325,2005,-1.0216435861180295
RGI60-11.00325,2006,-1.0968169423345162
RGI60-11.00325,2007,-1.1377861044836195
RGI60-11.00325,2008,-1.2436339400279113
RGI60-11.00325,2009,-1.6220066855121642
RGI60-11.00325,2010,-0.5317359691172281
RGI60-11.00325,2011,-1.571770578605181
RGI60-11.00325,2012,-1.4180348868283654
RGI60-11.00325,2013,-0.3190211558173891
RGI60-11.00325,2014,-1.1924301141710643
RGI60-11.00325,2015,-1.7833739809576916
RGI60-11.00325,2016,-1.3079696974873272
RGI60-11.00325,2017,-2.0559278019683864
RGI60-11.00325,2018,-2.029890032329241
RGI60-11.00325,2019,-1.5162151564661939
RGI60-11.00325,2020,-1.4442885462128978
RGI60-11.00325,2021,-1.4383915774870137
RGI60-11.00325,2022,-2.440958414151204
RGI60-11.00325,2023,-2.0469791063191005
RGI60-11.00325,2024,-1.6038127238726845
RGI60-11.00338,2000,0.06449488784281154
RGI60-11.00338,2001,0.38628582945627415
RGI60-11.00338,2002,-0.09801720096467309
RGI60-11.00338,2003,-1.0787505615587325
RGI60-11.00338,2004,-0.25568631229569316
RGI60-11.00338,2005,-0.28695253180195346
RGI60-11.00338,2006,-0.5939555870624842
RGI60-11.00338,2007,-0.8234859728161413
RGI60-11.00338,2008,-0.5366145382439651
RGI60-11.00338,2009,-1.1175136406020916
RGI60-11.00338,2010,-0.0479018274544224
RGI60-11.00338,2011,-1.067472301158877
RGI60-11.00338,2012,-0.6720838933494324
RGI60-11.00338,2013,-0.2374829054328535
RGI60-11.00338,2014,-0.21536669573909392
RGI60-11.00338,2015,-0.42266777905375724
RGI60-11.00338,2016,-0.013094446675444182
RGI60-11.00338,2017,-1.0814197035429818
RGI60-11.00338,2018,-0.29012778352003654
RGI60-11.00338,2019,0.5210129639735408
RGI60-11.00338,2020,-0.6474196160648646
RGI60-11.00338,2021,-0.7241998592324597
RGI60-11.00338,2022,-0.9550758796803613
RGI60-11.00338,2023,-0.8548209787925828
RGI60-11.00338,2024,-0.13204357976962383
RGI60-11.00343,2000,-0.27032140072135524
RGI60-11.00343,2001,0.2247380884332899
RGI60-11.00343,2002,-0.04175365476347431
RGI60-11.00343,2003,-1.331728464299545
RGI60-11.00343,2004,0.02139628463233162
RGI60-11.00343,2005,-0.15588813132028556
RGI60-11.00343,2006,-0.16403012902895198
RGI60-11.00343,2007,-0.4287406854004139
RGI60-11.00343,2008,-0.543654233137758
RGI60-11.00343,2009,-1.06176002835041
RGI60-11.00343,2010,0.17881375521116272
RGI60-11.00343,2011,-0.9597478824725811
RGI60-11.00343,2012,-0.6472149102390443
RGI60-11.00343,2013,0.2241678718716682
RGI60-11.00343,2014,-0.22817974311310318
RGI60-11.00343,2015,-0.856294334307543
RGI60-11.00343,2016,-0.5807164295047096
RGI60-11.00343,2017,-0.9678901485177188
RGI60-11.00343,2018,-1.0449955939792113
RGI60-11.00343,2019,-0.700200230992342
RGI60-11.00343,2020,-0.5009986166285336
RGI60-11.00343,2021,-0.5155825652140926
RGI60-11.00343,2022,-1.6017003411468695
RGI60-11.00343,2023,-1.1258773912491002
RGI60-11.00343,2024,-0.619268381140492
RGI60-11.00345,2000,-0.0814678896085757
RGI60-11.00345,2001,0.4908598726962242
RGI60-11.00345,2002,-0.4954121965806545
RGI60-11.00345,2003,-1.2990882766511955
RGI60-11.00345,2004,0.11437648879039974
RGI60-11.00345,2005,-0.2870543453701965
RGI60-11.00345,2006,-0.5236005512182768
RGI60-11.00345,2007,-0.887867946232435
RGI60-11.00345,2008,-0.4204196419417592
RGI60-11.00345,2009,-0.5290081735308326
RGI60-11.00345,2010,-0.3934622051475965
RGI60-11.00345,2011,-0.5657729357056773
RGI60-11.00345,2012,-0.9050416818368924
RGI60-11.00345,2013,0.09656785711013793
RGI60-11.00345,2014,0.28917159427357897
RGI60-11.00345,2015,-0.9083631915912298
RGI60-11.00345,2016,-0.6910566424920104
RGI60-11.00345,2017,-1.0417146680621963
RGI60-11.00345,2018,-0.9411284547054473
RGI60-11.00345,2019,-0.7793170121953705
RGI60-11.00345,2020,-0.678735914366298
RGI60-11.00345,2021,-0.3343365436920297
RGI60-11.00345,2022,-1.613978938174006
RGI60-11.00345,2023,-1.436857021147382
RGI60-11.00345,2024,-0.6271981296637523
RGI60-11.00360,2000,-0.9000910090406185
RGI60-11.00360,2001,-0.20179017366083085
RGI60-11.00360,2002,-0.6868222751266553
RGI60-11.00360,2003,-1.2910558183485326
RGI60-11.00360,2004,-0.5708345191305706
RGI60-11.00360,2005,-0.881279403868424
RGI60-11.00360,2006,-0.5946668571608638
RGI60-11.00360,2007,-0.9386689314008827
RGI60-11.00360,2008,-0.7903513502945694
RGI60-11.00360,2009,-1.0214593119893487
RGI60-11.00360,2010,-0.07587357431550934
RGI60-11.00360,2011,-1.1565523596989995
RGI60-11.00360,2012,-0.7059961243360482
RGI60-11.00360,2013,-0.06862866669668155
RGI60-11.00360,2014,-0.7144190164016029
RGI60-11.00360,2015,-1.03642406688269
RGI60-11.00360,2016,-0.9424872501259058
RGI60-11.00360,2017,-1.306074606716502
RGI60-11.00360,2018,-1.1625248874150518
RGI60-11.00360,2019,-1.0139997973897117
RGI60-11.00360,2020,-0.9470176893109887
RGI60-11.00360,2021,-0.8722341572418493
RGI60-11.00360,2022,-2.124209379312938
RGI60-11.00360,2023,-1.4120491704216294
RGI60-11.00360,2024,-0.9388348154692461
RGI60-11.00364,2000,-0.5365020882655103
RGI60-11.00364,2001,0.09537353951393113
RGI60-11.00364,2002,-0.0796825564656427
RGI60-11.00364,2003,-1.473904698718775
RGI60-11.00364,2004,0.006290775683150951
RGI60-11.00364,2005,-0.5119887749156486
RGI60-11.00364,2006,-0.6997953868017738
RGI60-11.00364,2007,-0.6484402664628051
RGI60-11.00364,2008,-0.9599728783863162
RGI60-11.00364,2009,-0.9469053401422439
RGI60-11.00364,2010,-0.05951083221997122
RGI60-11.00364,2011,-1.4543267496891845
RGI60-11.00364,2012,-1.1169066360199964
RGI60-11.00364,2013,-0.010821772643101024
RGI60-11.00364,2014,-0.7836637557115141
RGI60-11.00364,2015,-1.0582104092230649
RGI60-11.00364,2016,-0.7869287407218111
RGI60-11.00364,2017,-1.2216315059006413
RGI60-11.00364,2018,-1.6032214786357286
RGI60-11.00364,2019,-1.133950444273346
RGI60-11.00364,2020,-0.9714468300836268
RGI60-11.00364,2021,-0.9219884175343853
RGI60-11.00364,2022,-1.834069151504155
RGI60-11.00364,2023,-1.1972471406799448
RGI60-11.00364,2024,-1.070116973939213
RGI60-11.00370,2000,0.08262844017095851
RGI60-11.00370,2001,0.9749498238569719
RGI60-11.00370,2002,0.14178214835101272
RGI60-11.00370,2003,-0.7135837168133307
RGI60-11.00370,2004,0.356373731883032
RGI60-11.00370,2005,0.39476475167775493
RGI60-11.00370,2006,-0.3831267893711603
RGI60-11.00370,2007,-0.3555797801249301
RGI60-11.00370,2008,0.18187179366151818
RGI60-11.00370,2009,-0.19627156997623146
RGI60-11.00370,2010,0.49227333635916565
RGI60-11.00370,2011,-0.6652465148853272
RGI60-11.00370,2012,-0.099465701452843
RGI60-11.00370,2013,0.12270719182161478
RGI60-11.00370,2014,0.09424806533962814
RGI60-11.00370,2015,-0.5933095605043501
RGI60-11.00370,2016,-0.5804966318315339
RGI60-11.00370,2017,0.2938685003785416
RGI60-11.00370,2018,-0.1378221238019983
RGI60-11.00370,2019,-0.2235653947384894
RGI60-11.00370,2020,-0.0651693751487664
RGI60-11.00370,2021,-0.3346992785934183
RGI60-11.00370,2022,-0.03932791401546052
RGI60-11.00370,2023,-0.5045627232905937
RGI60-11.00370,2024,-0.06924424271987048
RGI60-11.00373,2000,0.7075554290163257
RGI60-11.00373,2001,0.34331174351617566
RGI60-11.00373,2002,-0.310264665106471
RGI60-11.00373,2003,-1.4898802608218
RGI60-11.00373,2004,0.14254704935167994
RGI60-11.00373,2005,-0.696858987509854
RGI60-11.00373,2006,-0.7778249833115463
RGI60-11.00373,2007,-1.0176643421423492
RGI60-11.00373,2008,-0.2355781382781335
RGI60-11.00373,2009,-0.8089980330559599
RGI60-11.00373,2010,0.14404540782373187
RGI60-11.00373,2011,-0.9301958522341764
RGI60-11.00373,2012,-1.043402111432508
RGI60-11.00373,2013,-0.010783253682456362
RGI60-11.00373,2014,-0.18499327919008185
RGI60-11.00373,2015,-0.6866187788671949
RGI60-11.00373,2016,-0.3346051769372132
RGI60-11.00373,2017,-1.2466778181313383
RGI60-11.00373,2018,-0.9874876014851272
RGI60-11.00373,2019,-0.8679263475217072
RGI60-11.00373,2020,-0.5894086165237179
RGI60-11.00373,2021,-0.5773776016444564
RGI60-11.00373,2022,-1.9733997218920647
RGI60-11.00373,2023,-0.9555430897213956
RGI60-11.00373,2024,-0.9062450483508638
RGI60-11.00376,2000,-0.4089279776671022
RGI60-11.00376,2001,-0.12250061410312396
RGI60-11.00376,2002,-0.5474343927642855
RGI60-11.00376,2003,-1.7971073556122414
RGI60-11.00376,2004,-0.37135072364435207
RGI60-11.00376,2005,-0.7373896912205246
RGI60-11.00376,2006,-0.8704615922698178
RGI60-11.00376,2007,-1.2972101507103173
RGI60-11.00376,2008,-0.9122552622014198
RGI60-11.00376,2009,-1.1340125475087448
RGI60-11.00376,2010,-0.4349536903791157
RGI60-11.00376,2011,-1.4063144584873404
RGI60-11.00376,2012,-1.3315277490982838
RGI60-11.00376,2013,-0.48319686192557654
RGI60-11.00376,2014,-0.6805551359129249
RGI60-11.00376,2015,-1.430073119127025
RGI60-11.00376,2016,-0.984758724043111
RGI60-11.00376,2017,-1.5673269642503884
RGI60-11.00376,2018,-1.8461248752042418
RGI60-11.00376,2019,-1.347118113870062
RGI60-11.00376,2020,-1.2828275608864186
RGI60-11.00376,2021,-1.1174353242034822
RGI60-11.00376,2022,-2.346402981513454
RGI60-11.00376,2023,-1.7460901985999415
RGI60-11.00376,2024,-1.5461957022051056
RGI60-11.00386,2000,0.48877955043627436
RGI60-11.00386,2001,0.5632839091663318
RGI60-11.00386,2002,-0.36500458603760083
RGI60-11.00386,2003,-1.3025800578937807
RGI60-11.00386,2004,0.3263961882543062
RGI60-11.00386,2005,-0.15756153647489374
RGI60-11.00386,2006,-0.2595873000430821
RGI60-11.00386,2007,-0.8408124952026453
RGI60-11.00386,2008,-0.5780635694416366
RGI60-11.00386,2009,-0.782697762142927
RGI60-11.00386,2010,0.33146303750987277
RGI60-11.00386,2011,-1.3424700089276786
RGI60-11.00386,2012,-1.0119382540856794
RGI60-11.00386,2013,0.4573835113085853
RGI60-11.00386,2014,0.1619412632155372
RGI60-11.00386,2015,-0.9576733345050991
RGI60-11.00386,2016,-1.0126678843056696
RGI60-11.00386,2017,-1.200984445033491
RGI60-11.00386,2018,-0.9602752036122524
RGI60-11.00386,2019,-1.0198310221844695
RGI60-11.00386,2020,-0.8356693130557251
RGI60-11.00386,2021,-0.5279060380276407
RGI60-11.00386,2022,-1.5694108435125795
RGI60-11.00386,2023,-1.1432620232226374
RGI60-11.00386,2024,-0.48550849452982897
RGI60-11.00391,2000,0.22018165964393793
RGI60-11.00391,2001,0.6059788368098729
RGI60-11.00391,2002,-0.08234422481243514
RGI60-11.00391,2003,-1.0171280933462332
RGI60-11.00391,2004,0.3195357155027003
RGI60-11.00391,2005,0.16984688520903635
RGI60-11.00391,2006,-0.6752404116685553
RGI60-11.00391,2007,-0.7266158456962056
RGI60-11.00391,2008,0.5515512179067211
RGI60-11.00391,2009,-0.5439397692714146
RGI60-11.00391,2010,0.3730069335217918
RGI60-11.00391,2011,-0.9375154322055742
RGI60-11.00391,2012,-0.85307184984879
RGI60-11.00391,2013,0.7087908294347695
RGI60-11.00391,2014,0.5427346489719522
RGI60-11.00391,2015,-0.36080333668502695
RGI60-11.00391,2016,-0.24140545029421703
RGI60-11.00391,2017,-0.9485571040660984
RGI60-11.00391,2018,-1.2601433296190805
RGI60-11.00391,2019,-0.7858618794871572
RGI60-11.00391,2020,-0.25570197627992813
RGI60-11.00391,2021,-0.6776871904163467
RGI60-11.00391,2022,-1.4724373133215558
RGI60-11.00391,2023,-1.1690886447383932
RGI60-11.00391,2024,-0.8472252264036467
RGI60-11.00392,2000,-0.38575738743682497
RGI60-11.00392,2001,-0.04828318846809665
RGI60-11.00392,2002,-0.32532417082408704
RGI60-11.00392,2003,-1.664908706402732
RGI60-11.00392,2004,-0.24422355319965716
RGI60-11.00392,2005,-0.6655577765246248
RGI60-11.00392,2006,-0.9023807583227235
RGI60-11.00392,2007,-0.9170001678967934
RGI60-11.00392,2008,-0.828792125877394
RGI60-11.00392,2009,-1.2263749304458589
RGI60-11.00392,2010,-0.08328057245308917
RGI60-11.00392,2011,-1.544852680824408
RGI60-11.00392,2012,-1.2269176302993205
RGI60-11.00392,2013,-0.18155570560903334
RGI60-11.00392,2014,-0.6468951150577473
RGI60-11.00392,2015,-1.4670274605409488
RGI60-11.00392,2016,-1.0429710607511165
RGI60-11.00392,2017,-1.4446954864952817
RGI60-11.00392,2018,-1.9440287477200868
RGI60-11.00392,2019,-1.4903727748501667
RGI60-11.00392,2020,-1.0963083101232562
RGI60-11.00392,2021,-1.030817205758382
RGI60-11.00392,2022,-2.213633689217095
RGI60-11.00392,2023,-1.6920898444625299
RGI60-11.00392,2024,-1.5257958360138009
RGI60-11.00399,2000,0.3332787709809224
RGI60-11.00399,2001,0.7625167751624602
RGI60-11.00399,2002,0.12081151842351237
RGI60-11.00399,2003,-0.9923747334182988
RGI60-11.00399,2004,0.5418987532451414
RGI60-11.00399,2005,0.361256610179877
RGI60-11.00399,2006,-0.20999252851487654
RGI60-11.00399,2007,-0.24566457095295835
RGI60-11.00399,2008,-0.10381278469805671
RGI60-11.00399,2009,-0.3243031432098816
RGI60-11.00399,2010,0.3149944449603842
RGI60-11.00399,2011,-0.7823950505167885
RGI60-11.00399,2012,-0.31077781502069896
RGI60-11.00399,2013,0.41892723416111133
RGI60-11.00399,2014,0.42741619805547926
RGI60-11.00399,2015,-0.36900482571546633
RGI60-11.00399,2016,-0.4041410092486247
RGI60-11.00399,2017,-0.526414375344589
RGI60-11.00399,2018,-0.7546425260726489
RGI60-11.00399,2019,-0.5253769424559944
RGI60-11.00399,2020,0.021221199115358996
RGI60-11.00399,2021,0.10028492108950057
RGI60-11.00399,2022,-1.0560700901371607
RGI60-11.00399,2023,-0.6896693287543849
RGI60-11.00399,2024,-0.16143229059909303
RGI60-11.00408,2000,-0.19896707460287755
RGI60-11.00408,2001,-0.2630154720591886
RGI60-11.00408,2002,-1.0225754992970482
RGI60-11.00408,2003,-1.6815499316701006
RGI60-11.00408,2004,-1.5097887591143029
RGI60-11.00408,2005,-1.5080497367004746
RGI60-11.00408,2006,-1.4895563101514804
RGI60-11.00408,2007,-1.4979164715080844
RGI60-11.00408,2008,-1.0850453342593498
RGI60-11.00408,2009,-2.425091803204094
RGI60-11.00408,2010,-0.2607367810002055
RGI60-11.00408,2011,-2.0590107751060787
RGI60-11.00408,2012,-1.4341687031034271
RGI60-11.00408,2013,-0.6734007553366663
RGI60-11.00408,2014,-2.1880064933630505
RGI60-11.00408,2015,-1.8397801625232675
RGI60-11.00408,2016,-1.3292947528165078
RGI60-11.00408,2017,-0.27844200650067386
RGI60-11.00408,2018,-1.3154144373043
RGI60-11.00408,2019,-1.0392887403788265
RGI60-11.00408,2020,-0.7610460275666924
RGI60-11.00408,2021,-1.1342013853162645
RGI60-11.00408,2022,-0.7011579306325543
RGI60-11.00408,2023,-0.5795767917806586
RGI60-11.00408,2024,-1.3629861389520812
RGI60-11.00411,2000,-0.33897503477630425
RGI60-11.00411,2001,0.40914216885474364
RGI60-11.00411,2002,0.07362876284541575
RGI60-11.00411,2003,-1.4519913297707432
RGI60-11.00411,2004,-0.21789863539161364
RGI60-11.00411,2005,-0.4479538047539945
RGI60-11.00411,2006,-0.9432886643273015
RGI60-11.00411,2007,-0.7235555854380757
RGI60-11.00411,2008,-0.36999974117301476
RGI60-11.00411,2009,-1.0797326952638227
RGI60-11.00411,2010,0.18013061190882174
RGI60-11.00411,2011,-1.256787685434909
RGI60-11.00411,2012,-0.8787981082269594
RGI60-11.00411,2013,-0.07002908896430304
RGI60-11.00411,2014,-0.4803885208114803
RGI60-11.00411,2015,-0.9696304084600745
RGI60-11.00411,2016,-0.6110515395574388
RGI60-11.00411,2017,-1.3719242922381878
RGI60-11.00411,2018,-1.5988227711230634
RGI60-11.00411,2019,-1.1316736378976977
RGI60-11.00411,2020,-0.858250069162811
RGI60-11.00411,2021,-0.942523570250436
RGI60-11.00411,2022,-1.2803888235610592
RGI60-11.00411,2023,-1.6266589099812636
RGI60-11.00411,2024,-0.957755814481586
RGI60-11.00415,2000,-0.37985411764967764
RGI60-11.00415,2001,0.9004695245547442
RGI60-11.00415,2002,-0.1433318046964249
RGI60-11.00415,2003,-1.2608395460596868
RGI60-11.00415,2004,0.39571362500578255
RGI60-11.00415,2005,-0.36171035368406435
RGI60-11.00415,2006,-0.8281169388120764
RGI60-11.00415,2007,-0.32412997762808865
RGI60-11.00415,2008,-0.20830697696539058
RGI60-11.00415,2009,-0.3163891796703453
RGI60-11.00415,2010,0.6141023579405255
RGI60-11.00415,2011,-0.7659051926341813
RGI60-11.00415,2012,-0.7509726959140911
RGI60-11.00415,2013,0.1393853030801288
RGI60-11.00415,2014,0.18473152761157408
RGI60-11.00415,2015,-0.7881446886227859
RGI60-11.00415,2016,-0.4647243257156877
RGI60-11.00415,2017,-0.6113411868549488
RGI60-11.00415,2018,-1.0782548402498864
RGI60-11.00415,2019,-0.8045805130354183
RGI60-11.00415,2020,-0.4737142965845106
RGI60-11.00415,2021,-0.4224391128835975
RGI60-11.00415,2022,-1.1566610970655289
RGI60-11.00415,2023,-1.0513833778659025
RGI60-11.00415,2024,-0.7566530310507776
RGI60-11.00423,2000,0.490706052346647
RGI60-11.00423,2001,0.6099173019316152
RGI60-11.00423,2002,0.03030360878032723
RGI60-11.00423,2003,-1.311702402256845
RGI60-11.00423,2004,0.5218010814473636
RGI60-11.00423,2005,0.09733147455398922
RGI60-11.00423,2006,-0.6717430662382726
RGI60-11.00423,2007,-0.0859434216274422
RGI60-11.00423,2008,0.1392433589431329
RGI60-11.00423,2009,-0.6844683756047084
RGI60-11.00423,2010,0.3414842997705161
RGI60-11.00423,2011,-1.5198970853675684
RGI60-11.00423,2012,-0.2555365496386923
RGI60-11.00423,2013,0.3613689218671088
RGI60-11.00423,2014,0.17571342294118797
RGI60-11.00423,2015,-0.6938733156881111
RGI60-11.00423,2016,-0.3875178483684466
RGI60-11.00423,2017,-0.66759762499907
RGI60-11.00423,2018,-1.3203766922262261
RGI60-11.00423,2019,-0.3364131405665176
RGI60-11.00423,2020,-0.2513626162205464
RGI60-11.00423,2021,-0.3898765309685088
RGI60-11.00423,2022,0.8662345174550644
RGI60-11.00423,2023,-0.9257693471538134
RGI60-11.00423,2024,0.0542438319827423
RGI60-11.00434,2000,-1.1395153569299021
RGI60-11.00434,2001,-0.007900304559824933
RGI60-11.00434,2002,-0.633686098382243
RGI60-11.00434,2003,-1.9516241544577975
RGI60-11.00434,2004,-0.2756749165161593
RGI60-11.00434,2005,-0.8030370636457718
RGI60-11.00434,2006,-1.7621408050054401
RGI60-11.00434,2007,-1.334122537558557
RGI60-11.00434,2008,-1.377322838664319
RGI60-11.00434,2009,-2.0535548094339138
RGI60-11.00434,2010,-0.08169250742483891
RGI60-11.00434,2011,-1.6005641990175163
RGI60-11.00434,2012,-1.4275817683702203
RGI60-11.00434,2013,-0.6218064498055793
RGI60-11.00434,2014,-0.44680879797849615
RGI60-11.00434,2015,-1.8104049684073096
RGI60-11.00434,2016,-0.8910624885593069
RGI60-11.00434,2017,-1.4189328559630514
RGI60-11.00434,2018,-1.3940374865920389
RGI60-11.00434,2019,-1.0614295927277178
RGI60-11.00434,2020,-1.5295617895592883
RGI60-11.00434,2021,-0.6160776683210593
RGI60-11.00434,2022,-2.0978757191827344
RGI60-11.00434,2023,-1.7595740482827638
RGI60-11.00434,2024,-0.6059307339283286
RGI60-11.00450,2000,-0.20511868404584466
RGI60-11.00450,2001,0.19663123644554537
RGI60-11.00450,2002,-0.08907340011026932
RGI60-11.00450,2003,-1.1554682985553915
RGI60-11.00450,2004,-0.3137175489819478
RGI60-11.00450,2005,-0.5859460711420691
RGI60-11.00450,2006,-0.760293554308327
RGI60-11.00450,2007,-0.44510237555634613
RGI60-11.00450,2008,-0.8464511976105926
RGI60-11.00450,2009,-1.0450204611627583
RGI60-11.00450,2010,-0.1447590781557101
RGI60-11.00450,2011,-0.7562152549973238
RGI60-11.00450,2012,-0.8447722300249111
RGI60-11.00450,2013,0.00945596641201174
RGI60-11.00450,2014,-0.5833377972882602
RGI60-11.00450,2015,-0.8261645785140297
RGI60-11.00450,2016,-0.7270925721557434
RGI60-11.00450,2017,-0.824928427064908
RGI60-11.00450,2018,-1.2667348488973862
RGI60-11.00450,2019,-0.8642908242857334
RGI60-11.00450,2020,-0.5222106673409885
RGI60-11.00450,2021,-0.5748169890607545
RGI60-11.00450,2022,-1.7383104346776697
RGI60-11.00450,2023,-1.324927737010822
RGI60-11.00450,2024,-0.9695048722651425
RGI60-11.00459,2000,-0.37480647621219754
RGI60-11.00459,2001,0.3992775892201179
RGI60-11.00459,2002,-0.8769571643818643
RGI60-11.00459,2003,-1.3055856956813066
RGI60-11.00459,2004,0.009604446430044766
RGI60-11.00459,2005,-0.6105674060866018
RGI60-11.00459,2006,-0.5766024881266415
RGI60-11.00459,2007,-0.5900871820308251
RGI60-11.00459,2008,0.00954229259267192
RGI60-11.00459,2009,-0.8103133405142637
RGI60-11.00459,2010,-0.05171286622315474
RGI60-11.00459,2011,-0.9759607124767777
RGI60-11.00459,2012,-0.6992975102543475
RGI60-11.00459,2013,-0.17770155574898633
RGI60-11.00459,2014,-0.3231468263222605
RGI60-11.00459,2015,-1.0162550450074999
RGI60-11.00459,2016,-0.8742423621692554
RGI60-11.00459,2017,-0.972187809699036
RGI60-11.00459,2018,-1.2943804945867459
RGI60-11.00459,2019,-1.0291193927210691
RGI60-11.00459,2020,-0.6545820916245777
RGI60-11.00459,2021,-0.6778544831679317
RGI60-11.00459,2022,-1.5637933728465296
RGI60-11.00459,2023,-1.1131400545776295
RGI60-11.00459,2024,-0.38353545617620743
RGI60-11.00469,2000,-0.46263910845576234
RGI60-11.00469,2001,0.531424319361907
RGI60-11.00469,2002,-0.6228974036399133
RGI60-11.00469,2003,-1.1498829238901687
RGI60-11.00469,2004,0.03285189348474166
RGI60-11.00469,2005,-0.7899663877418928
RGI60-11.00469,2006,-0.7987036434195797
RGI60-11.00469,2007,-0.6512444362711319
RGI60-11.00469,2008,-0.19692756311761572
RGI60-11.00469,2009,-0.664212342468007
RGI60-11.00469,2010,0.06655799992072087
RGI60-11.00469,2011,-1.0254188736933996
RGI60-11.00469,2012,-0.5955005843111107
RGI60-11.00469,2013,0.1749306965587646
RGI60-11.00469,2014,-0.06624801844033912
RGI60-11.00469,2015,-0.5307423232956269
RGI60-11.00469,2016,-0.6442230026799152
RGI60-11.00469,2017,-0.05886123743809568
RGI60-11.00469,2018,-0.791759858578179
RGI60-11.00469,2019,-0.6778372018853891
RGI60-11.00469,2020,-0.17678859879131353
RGI60-11.00469,2021,-0.2179544213277233
RGI60-11.00469,2022,-1.1568208943952771
RGI60-11.00469,2023,-0.659977633755128
RGI60-11.00469,2024,-0.28372984911561805
RGI60-11.00476,2000,-0.3591009719269397
RGI60-11.00476,2001,1.1445836816538513
RGI60-11.00476,2002,-0.29879635623107337
RGI60-11.00476,2003,-0.5420133788771062
RGI60-11.00476,2004,0.49185249911836365
RGI60-11.00476,2005,-0.5939275902769098
RGI60-11.00476,2006,-0.5597016677015471
RGI60-11.00476,2007,-0.28249907424011633
RGI60-11.00476,2008,-0.2860072748849034
RGI60-11.00476,2009,-0.7154797169843663
RGI60-11.00476,2010,0.7706149699044254
RGI60-11.00476,2011,-0.6059041832049903
RGI60-11.00476,2012,-0.49304348797894826
RGI60-11.00476,2013,0.3565935305584081
RGI60-11.00476,2014,0.3330549866823996
RGI60-11.00476,2015,-0.6333242334108293
RGI60-11.00476,2016,-0.16514206587535749
RGI60-11.00476,2017,-0.6855992584804474
RGI60-11.00476,2018,-0.45288492706207295
RGI60-11.00476,2019,-0.45467548078183356
RGI60-11.00476,2020,-0.20267642584037546
RGI60-11.00476,2021,-0.1402145792852129
RGI60-11.00476,2022,-1.0009454157151059
RGI60-11.00476,2023,-0.4321574310408984
RGI60-11.00476,2024,-0.6888973639842946
RGI60-11.00487,2000,-0.4981872499817477
RGI60-11.00487,2001,-0.04056258514068556
RGI60-11.00487,2002,-0.38847039574714953
RGI60-11.00487,2003,-1.5999367118833847
RGI60-11.00487,2004,-0.23949332532098155
RGI60-11.00487,2005,-0.8141578269628421
RGI60-11.00487,2006,-0.8204086158147446
RGI60-11.00487,2007,-0.9667274744043268
RGI60-11.00487,2008,-0.9174645297056869
RGI60-11.00487,2009,-1.0039867215708236
RGI60-11.00487,2010,-0.1939535392774292
RGI60-11.00487,2011,-1.1909193700948983
RGI60-11.00487,2012,-1.0029839024412095
RGI60-11.00487,2013,-0.37878872362448557
RGI60-11.00487,2014,-0.6131724062078165
RGI60-11.00487,2015,-1.2432692106201644
RGI60-11.00487,2016,-0.826211954634147
RGI60-11.00487,2017,-1.5896505293708412
RGI60-11.00487,2018,-1.7762091311571768
RGI60-11.00487,2019,-1.2049457960394623
RGI60-11.00487,2020,-0.9736149731678595
RGI60-11.00487,2021,-0.9328963585337006
RGI60-11.00487,2022,-2.2939605741156432
RGI60-11.00487,2023,-1.5004609200916161
RGI60-11.00487,2024,-1.5280929822115852
RGI60-11.00497,2000,-0.41056298263082464
RGI60-11.00497,2001,0.4639591941044401
RGI60-11.00497,2002,-0.09567744838272663
RGI60-11.00497,2003,-1.464251903970533
RGI60-11.00497,2004,-0.16829412300829816
RGI60-11.00497,2005,-0.3671952885522015
RGI60-11.00497,2006,-0.6634701262732451
RGI60-11.00497,2007,-0.7670317370706587
RGI60-11.00497,2008,-0.5073317004250688
RGI60-11.00497,2009,-1.1816656688130278
RGI60-11.00497,2010,-0.012034251028280485
RGI60-11.00497,2011,-1.4845091894417122
RGI60-11.00497,2012,-0.808680769747665
RGI60-11.00497,2013,-0.09413329229502787
RGI60-11.00497,2014,-0.5215912484896751
RGI60-11.00497,2015,-1.0568030828732646
RGI60-11.00497,2016,-0.6683508308768766
RGI60-11.00497,2017,-1.473240558565938
RGI60-11.00497,2018,-1.4426616285185458
RGI60-11.00497,2019,-0.9022733631408664
RGI60-11.00497,2020,-0.853906458684127
RGI60-11.00497,2021,-0.7473271010475303
RGI60-11.00497,2022,-1.2702269772798962
RGI60-11.00497,2023,-0.6562235500307191
RGI60-11.00497,2024,-0.7266454440479055
RGI60-11.00502,2000,-0.5021649597444935
RGI60-11.00502,2001,0.2336993544272028
RGI60-11.00502,2002,-0.26014177109404
RGI60-11.00502,2003,-1.4860554415592386
RGI60-11.00502,2004,0.1113593615911862
RGI60-11.00502,2005,-0.921607948287576
RGI60-11.00502,2006,-1.8912740367716905
RGI60-11.00502,2007,-0.6137568997320628
RGI60-11.00502,2008,-0.6715755648294669
RGI60-11.00502,2009,-0.6531337898651389
RGI60-11.00502,2010,0.06955977905720967
RGI60-11.00502,2011,-1.075452846969798
RGI60-11.00502,2012,-0.8895069111955278
RGI60-11.00502,2013,-0.21401470024080987
RGI60-11.00502,2014,-0.2050712423406289
RGI60-11.00502,2015,-0.3200635737826674
RGI60-11.00502,2016,-0.4351996783946619
RGI60-11.00502,2017,-0.1341262039583649
RGI60-11.00502,2018,-0.741574623520337
RGI60-11.00502,2019,-1.163798302789098
RGI60-11.00502,2020,-0.1479685531963118
RGI60-11.00502,2021,-0.5015806015706342
RGI60-11.00502,2022,-0.9145442281886634
RGI60-11.00502,2023,-0.6380584990806646
RGI60-11.00502,2024,-1.4077572207440467
RGI60-11.00505,2000,-0.5037239120493082
RGI60-11.00505,2001,0.27217758539929005
RGI60-11.00505,2002,-0.9935762655057667
RGI60-11.00505,2003,-1.6826862668966802
RGI60-11.00505,2004,-0.3625798805739142
RGI60-11.00505,2005,-1.2832728517955985
RGI60-11.00505,2006,-1.001717509871455
RGI60-11.00505,2007,-0.6117664165453849
RGI60-11.00505,2008,-0.8964648119129045
RGI60-11.00505,2009,-1.5778666326727273
RGI60-11.00505,2010,-0.8118536549357636
RGI60-11.00505,2011,-1.5099410570326999
RGI60-11.00505,2012,-0.7800559583065335
RGI60-11.00505,2013,-0.2940018633864838
RGI60-11.00505,2014,-1.853471867640824
RGI60-11.00505,2015,-0.5362855383076455
RGI60-11.00505,2016,-1.233596671306421
RGI60-11.00505,2017,-0.004772973436366401
RGI60-11.00505,2018,-1.638985816517925
RGI60-11.00505,2019,-0.9801576367048848
RGI60-11.00505,2020,-0.9803386461258515
RGI60-11.00505,2021,-0.8557232956404993
RGI60-11.00505,2022,-0.6008644201195961
RGI60-11.00505,2023,-0.704008804262809
RGI60-11.00505,2024,-0.4373267204196247
RGI60-11.00511,2000,0.08384482453671194
RGI60-11.00511,2001,0.9985468924326932
RGI60-11.00511,2002,-0.5354944967458586
RGI60-11.00511,2003,-1.3190829541597606
RGI60-11.00511,2004,0.46566457370870196
RGI60-11.00511,2005,-0.5800119350898304
RGI60-11.00511,2006,-0.5238237800067335
RGI60-11.00511,2007,-0.5972155887694206
RGI60-11.00511,2008,-0.6530828177912333
RGI60-11.00511,2009,-0.7131818185826347
RGI60-11.00511,2010,0.3156689701300863
RGI60-11.00511,2011,-1.3349395288708226
RGI60-11.00511,2012,-0.7750063814420348
RGI60-11.00511,2013,0.1336196460761948
RGI60-11.00511,2014,-0.38771533777991085
RGI60-11.00511,2015,-1.0527893430743487
RGI60-11.00511,2016,-0.5816049209904103
RGI60-11.00511,2017,-1.0258798546874002
RGI60-11.00511,2018,-1.4450797685859795
RGI60-11.00511,2019,-0.9443363803080023
RGI60-11.00511,2020,-0.18958661672071553
RGI60-11.00511,2021,-0.033629410466255005
RGI60-11.00511,2022,-0.6595747597464852
RGI60-11.00511,2023,-1.3947783274958392
RGI60-11.00511,2024,-0.890792466091539
RGI60-11.00514,2000,-0.4681521766204016
RGI60-11.00514,2001,0.21953347227849773
RGI60-11.00514,2002,-0.42416139141868303
RGI60-11.00514,2003,-1.6700660486122816
RGI60-11.00514,2004,-0.23890505970442522
RGI60-11.00514,2005,-0.46577913953640976
RGI60-11.00514,2006,-1.0112480949944793
RGI60-11.00514,2007,-0.5270215017068273
RGI60-11.00514,2008,-0.42099561024328475
RGI60-11.00514,2009,-0.914008374341556
RGI60-11.00514,2010,0.007598946156604391
RGI60-11.00514,2011,-1.3710129746088646
RGI60-11.00514,2012,-1.1103154763883154
RGI60-11.00514,2013,-0.3080144192625482
RGI60-11.00514,2014,-0.9326745255283977
RGI60-11.00514,2015,-0.9386619647392977
RGI60-11.00514,2016,-0.7290195083555556
RGI60-11.00514,2017,-1.6279139410513392
RGI60-11.00514,2018,-1.3655080761966982
RGI60-11.00514,2019,-1.219374135125745
RGI60-11.00514,2020,-0.29205242477360066
RGI60-11.00514,2021,-0.7461155901879336
RGI60-11.00514,2022,-0.22457834244255503
RGI60-11.00514,2023,-1.6001525714307963
RGI60-11.00514,2024,-0.6136087531328102
RGI60-11.00518,2000,-0.28936883982243666
RGI60-11.00518,2001,0.19102054853698935
RGI60-11.00518,2002,-0.009610311503169378
RGI60-11.00518,2003,-1.5613169644871667
RGI60-11.00518,2004,-0.06752321589037691
RGI60-11.00518,2005,-0.5872559235812298
RGI60-11.00518,2006,-1.105763513147122
RGI60-11.00518,2007,-1.342853752334908
RGI60-11.00518,2008,-0.9334114730495706
RGI60-11.00518,2009,-1.0644787864211513
RGI60-11.00518,2010,-0.16720661863350217
RGI60-11.00518,2011,-1.2316828296246327
RGI60-11.00518,2012,-0.9960099183937636
RGI60-11.00518,2013,-0.2892417137177353
RGI60-11.00518,2014,-0.5559158836033522
RGI60-11.00518,2015,-1.2912122430834987
RGI60-11.00518,2016,-0.9097779293599271
RGI60-11.00518,2017,-1.2503569413226974
RGI60-11.00518,2018,-1.681955761801889
RGI60-11.00518,2019,-1.1778779287588588
RGI60-11.00518,2020,-1.0446639243311502
RGI60-11.00518,2021,-0.8818783622714397
RGI60-11.00518,2022,-2.147480186871161
RGI60-11.00518,2023,-1.4967617986705206
RGI60-11.00518,2024,-1.0500103317583311
RGI60-11.00524,2000,-0.2371380194209398
RGI60-11.00524,2001,0.5435098218994792
RGI60-11.00524,2002,-0.4069608831785001
RGI60-11.00524,2003,-1.136259831268771
RGI60-11.00524,2004,0.2508206364906785
RGI60-11.00524,2005,-0.6931425037757675
RGI60-11.00524,2006,-0.4713939063359685
RGI60-11.00524,2007,-0.6623418890158421
RGI60-11.00524,2008,-0.14478454453072864
RGI60-11.00524,2009,-0.6233819348072689
RGI60-11.00524,2010,0.3314743026551836
RGI60-11.00524,2011,-0.670335516462999
RGI60-11.00524,2012,-0.6922305752970965
RGI60-11.00524,2013,0.18104306878525583
RGI60-11.00524,2014,-0.1278311224714323
RGI60-11.00524,2015,-0.5983278582882237
RGI60-11.00524,2016,-0.7310891678432341
RGI60-11.00524,2017,-0.8108471962557078
RGI60-11.00524,2018,-1.0964385952910563
RGI60-11.00524,2019,-0.681644285587063
RGI60-11.00524,2020,-0.3968699062571041
RGI60-11.00524,2021,-0.3222018757552061
RGI60-11.00524,2022,-1.3155224454233805
RGI60-11.00524,2023,-0.9227882015544748
RGI60-11.00524,2024,-0.1608321763054622
RGI60-11.00535,2000,-0.5889445255530384
RGI60-11.00535,2001,-0.052731912379144874
RGI60-11.00535,2002,-0.29552213078794687
RGI60-11.00535,2003,-1.581980588310204
RGI60-11.00535,2004,-0.6006595400898151
RGI60-11.00535,2005,-0.5747297356856427
RGI60-11.00535,2006,-0.6634569038891738
RGI60-11.00535,2007,-0.8116995470134127
RGI60-11.00535,2008,-0.500523123967024
RGI60-11.00535,2009,-1.0919311674862568
RGI60-11.00535,2010,-0.26867145620558364
RGI60-11.00535,2011,-1.2585136491022566
RGI60-11.00535,2012,-1.1643431301282898
RGI60-11.00535,2013,-0.4466834789500248
RGI60-11.00535,2014,-0.8668359223897788
RGI60-11.00535,2015,-1.3549158386865097
RGI60-11.00535,2016,-0.8753905974051781
RGI60-11.00535,2017,-1.0113593151500002
RGI60-11.00535,2018,-1.7874587192460951
RGI60-11.00535,2019,-1.4915487175746174
RGI60-11.00535,2020,-0.9042335103644137
RGI60-11.00535,2021,-0.9974504645759905
RGI60-11.00535,2022,-2.0137773011012983
RGI60-11.00535,2023,-1.527425196325503
RGI60-11.00535,2024,-1.0791324922288283
RGI60-11.00538,2000,0.00913612356621707
RGI60-11.00538,2001,0.5440218300947725
RGI60-11.00538,2002,-0.4164355923339452
RGI60-11.00538,2003,-1.809776009344414
RGI60-11.00538,2004,-0.3929885974137431
RGI60-11.00538,2005,-0.44162242388069656
RGI60-11.00538,2006,-0.37696244223647224
RGI60-11.00538,2007,-0.3665688350681855
RGI60-11.00538,2008,-1.0273584827303834
RGI60-11.00538,2009,-1.2127634708256223
RGI60-11.00538,2010,0.2244959842080232
RGI60-11.00538,2011,-1.108263637806099
RGI60-11.00538,2012,-0.8933247058934547
RGI60-11.00538,2013,0.12116919386695757
RGI60-11.00538,2014,-0.16171532538988648
RGI60-11.00538,2015,-1.110424240777613
RGI60-11.00538,2016,-0.6482329937200079
RGI60-11.00538,2017,-0.7548491930800033
RGI60-11.00538,2018,-1.3420048396489608
RGI60-11.00538,2019,-1.0565323415864825
RGI60-11.00538,2020,-0.38526716898697033
RGI60-11.00538,2021,-0.447198326304365
RGI60-11.00538,2022,-1.5635018969089243
RGI60-11.00538,2023,-0.8858409085210606
RGI60-11.00538,2024,-0.8304809457721987
RGI60-11.00539,2000,-0.40125716292127733
RGI60-11.00539,2001,0.20983513817595423
RGI60-11.00539,2002,-1.4164467482510434
RGI60-11.00539,2003,-2.3278150036863856
RGI60-11.00539,2004,-0.1926272482700584
RGI60-11.00539,2005,-1.5440993466905875
RGI60-11.00539,2006,-0.5671123622633862
RGI60-11.00539,2007,-0.985146595153015
RGI60-11.00539,2008,-1.0663355538021557
RGI60-11.00539,2009,-2.098651601873925
RGI60-11.00539,2010,-0.968699513187701
RGI60-11.00539,2011,-1.1353908949627274
RGI60-11.00539,2012,-1.1638453871879217
RGI60-11.00539,2013,-0.6044810444291931
RGI60-11.00539,2014,-0.8306461597791912
RGI60-11.00539,2015,-1.4136122704920244
RGI60-11.00539,2016,-0.7486147252413684
RGI60-11.00539,2017,-1.2464073080003146
RGI60-11.00539,2018,-1.6261283505062734
RGI60-11.00539,2019,-1.5266178614774037
RGI60-11.00539,2020,-0.8591094720682793
RGI60-11.00539,2021,-1.1678320198799057
RGI60-11.00539,2022,-2.1730105789905263
RGI60-11.00539,2023,-2.108750590782584
RGI60-11.00539,2024,-0.8793899545012849
RGI60-11.00541,2000,-0.46760450860599395
RGI60-11.00541,2001,-0.12222788273148122
RGI60-11.00541,2002,-0.248724901327398
RGI60-11.00541,2003,-1.52708933604529
RGI60-11.00541,2004,-0.42230046722204884
RGI60-11.00541,2005,-0.4566918562616225
RGI60-11.00541,2006,-0.6765870444859527
RGI60-11.00541,2007,-0.7135552256754978
RGI60-11.00541,2008,-0.6862261911227975
RGI60-11.00541,2009,-0.7864502375229455
RGI60-11.00541,2010,-0.17971319924243323
RGI60-11.00541,2011,-1.0272465509654394
RGI60-11.00541,2012,-0.9600947639597094
RGI60-11.00541,2013,-0.30701699172391533
RGI60-11.00541,2014,-0.6543112504508899
RGI60-11.00541,2015,-1.063421569575746
RGI60-11.00541,2016,-0.9540248789062309
RGI60-11.00541,2017,-1.2255192490707056
RGI60-11.00541,2018,-1.4434104180686118
RGI60-11.00541,2019,-1.3327834770352944
RGI60-11.00541,2020,-0.7220009657098359
RGI60-11.00541,2021,-0.6711011766828897
RGI60-11.00541,2022,-1.784476234019011
RGI60-11.00541,2023,-1.5249569896032167
RGI60-11.00541,2024,-1.2053399389690516
RGI60-11.00546,2000,-1.1367166245235225
RGI60-11.00546,2001,0.1494098993791606
RGI60-11.00546,2002,-0.8153190406143527
RGI60-11.00546,2003,-1.563631556091649
RGI60-11.00546,2004,-0.5116697651330355
RGI60-11.00546,2005,-0.7437561387271845
RGI60-11.00546,2006,-1.1893633113883495
RGI60-11.00546,2007,-1.2992035828864552
RGI60-11.00546,2008,-0.9353670663971976
RGI60-11.00546,2009,-1.185140012209163
RGI60-11.00546,2010,-0.32959064863821097
RGI60-11.00546,2011,-1.4407863433964767
RGI60-11.00546,2012,-1.225503549574499
RGI60-11.00546,2013,-0.5924865640079389
RGI60-11.00546,2014,-0.8744990425491164
RGI60-11.00546,2015,-1.3217331508147057
RGI60-11.00546,2016,-1.0906605375937353
RGI60-11.00546,2017,-1.3506490421694008
RGI60-11.00546,2018,-1.8658714844088227
RGI60-11.00546,2019,-1.4920624382553502
RGI60-11.00546,2020,-1.1761449717644648
RGI60-11.00546,2021,-1.0146749441493927
RGI60-11.00546,2022,-2.13549718839757
RGI60-11.00546,2023,-1.6072098642933805
RGI60-11.00546,2024,-1.6066939665105353
RGI60-11.00548,2000,-0.8577485542680456
RGI60-11.00548,2001,0.03607505793626009
RGI60-11.00548,2002,-0.48800178687908913
RGI60-11.00548,2003,-1.787057857576277
RGI60-11.00548,2004,0.038799227805482284
RGI60-11.00548,2005,-0.8034961017151364
RGI60-11.00548,2006,-0.9851769054171554
RGI60-11.00548,2007,-1.206953478178004
RGI60-11.00548,2008,-0.7815143066603338
RGI60-11.00548,2009,-1.2991856933825756
RGI60-11.00548,2010,-0.23986824166369602
RGI60-11.00548,2011,-1.3545123914767125
RGI60-11.00548,2012,-1.2493093184956732
RGI60-11.00548,2013,-0.4235622416702284
RGI60-11.00548,2014,-1.0335715649834074
RGI60-11.00548,2015,-1.5221423441707747
RGI60-11.00548,2016,-1.254466916740604
RGI60-11.00548,2017,-1.5774488797266462
RGI60-11.00548,2018,-1.8965234814075547
RGI60-11.00548,2019,-1.487434221329828
RGI60-11.00548,2020,-0.9562134367960508
RGI60-11.00548,2021,-1.0633952311068509
RGI60-11.00548,2022,-2.3814612895026057
RGI60-11.00548,2023,-1.8026480721625489
RGI60-11.00548,2024,-1.37708202136298
RGI60-11.00551,2000,-0.7735583647587951
RGI60-11.00551,2001,-0.029902869997818327
RGI60-11.00551,2002,-1.37779516168903
RGI60-11.00551,2003,-1.5706809310108776
RGI60-11.00551,2004,-0.7746618601996464
RGI60-11.00551,2005,-1.6087535141932163
RGI60-11.00551,2006,-1.2738224910884397
RGI60-11.00551,2007,-1.1857343423746343
RGI60-11.00551,2008,-0.8928396894883547
RGI60-11.00551,2009,-1.3013606305046033
RGI60-11.00551,2010,-0.4022783241510849
RGI60-11.00551,2011,-1.4141493783336814
RGI60-11.00551,2012,-1.436125847481877
RGI60-11.00551,2013,-0.18164915291231043
RGI60-11.00551,2014,-0.9849589356899111
RGI60-11.00551,2015,-1.4561354815574519
RGI60-11.00551,2016,-1.334007083562752
RGI60-11.00551,2017,-1.2625598747611657
RGI60-11.00551,2018,-1.6188039305278608
RGI60-11.00551,2019,-1.2441221357164882
RGI60-11.00551,2020,-1.2853999716587041
RGI60-11.00551,2021,-0.9671680856745359
RGI60-11.00551,2022,-2.1467782484528026
RGI60-11.00551,2023,-1.6139867249868476
RGI60-11.00551,2024,-0.5457412204894461
RGI60-11.00554,2000,-0.9861378404040975
RGI60-11.00554,2001,0.14930623530133036
RGI60-11.00554,2002,-0.5557903879036098
RGI60-11.00554,2003,-1.5599763662076498
RGI60-11.00554,2004,-0.4261025111700949
RGI60-11.00554,2005,-0.7694814227919559
RGI60-11.00554,2006,-0.9161013518108698
RGI60-11.00554,2007,-1.0733299087826929
RGI60-11.00554,2008,-0.8091356591586979
RGI60-11.00554,2009,-1.0794416626995256
RGI60-11.00554,2010,-0.10960003910867455
RGI60-11.00554,2011,-1.0955681248039317
RGI60-11.00554,2012,-1.081336145103983
RGI60-11.00554,2013,-0.48836532161296586
RGI60-11.00554,2014,-0.8175777765501846
RGI60-11.00554,2015,-1.2307518383307317
RGI60-11.00554,2016,-1.0211656129204965
RGI60-11.00554,2017,-1.1458713012331612
RGI60-11.00554,2018,-1.7243660301518235
RGI60-11.00554,2019,-1.2627069345561794
RGI60-11.00554,2020,-0.9851820614335284
RGI60-11.00554,2021,-0.6016602806754971
RGI60-11.00554,2022,-2.012245677482062
RGI60-11.00554,2023,-1.7412587382776674
RGI60-11.00554,2024,-1.4172095186690619
RGI60-11.00558,2000,-0.38187360263851977
RGI60-11.00558,2001,0.09862572855415352
RGI60-11.00558,2002,-0.8458878870184019
RGI60-11.00558,2003,-1.6979308452183621
RGI60-11.00558,2004,-0.6171495544411237
RGI60-11.00558,2005,-1.6441614330354697
RGI60-11.00558,2006,-0.42208341074571787
RGI60-11.00558,2007,-0.5725759592691468
RGI60-11.00558,2008,-0.9992186476881437
RGI60-11.00558,2009,-1.4821579937161649
RGI60-11.00558,2010,-0.4766579645463476
RGI60-11.00558,2011,-1.054010885024959
RGI60-11.00558,2012,-1.0010843544712653
RGI60-11.00558,2013,-0.6239602278287271
RGI60-11.00558,2014,-0.8181022688446551
RGI60-11.00558,2015,-1.1255897395518144
RGI60-11.00558,2016,-0.582665825692422
RGI60-11.00558,2017,-1.1371269271092794
RGI60-11.00558,2018,-1.7602022954155032
RGI60-11.00558,2019,-1.2032859062981267
RGI60-11.00558,2020,-1.2663088960302211
RGI60-11.00558,2021,-0.5540482932713551
RGI60-11.00558,2022,-1.8297514774645172
RGI60-11.00558,2023,-1.9214095566889604
RGI60-11.00558,2024,-1.0867875486155167
RGI60-11.00562,2000,-0.3038149819616637
RGI60-11.00562,2001,0.3720588994466525
RGI60-11.00562,2002,-0.6989480455267054
RGI60-11.00562,2003,-1.7915791924268936
RGI60-11.00562,2004,-0.4191087694721203
RGI60-11.00562,2005,-0.9221508840030439
RGI60-11.00562,2006,-0.7323281474374681
RGI60-11.00562,2007,-1.2375200121275456
RGI60-11.00562,2008,-1.224112099729938
RGI60-11.00562,2009,-1.4018238571701587
RGI60-11.00562,2010,-0.18646727838304222
RGI60-11.00562,2011,-1.292370156510525
RGI60-11.00562,2012,-1.3393976750835401
RGI60-11.00562,2013,-0.24407798305870376
RGI60-11.00562,2014,-0.7543516984648115
RGI60-11.00562,2015,-1.6309252635999574
RGI60-11.00562,2016,-1.2835390633491406
RGI60-11.00562,2017,-1.2917245422691042
RGI60-11.00562,2018,-1.7394767824123374
RGI60-11.00562,2019,-1.1063424664599528
RGI60-11.00562,2020,-1.2630079576750828
RGI60-11.00562,2021,-0.9662668441917811
RGI60-11.00562,2022,-1.9128085215502524
RGI60-11.00562,2023,-1.684247391991922
RGI60-11.00562,2024,-0.7832249896840698
RGI60-11.00574,2000,-0.44586196842949793
RGI60-11.00574,2001,-0.20767849571949193
RGI60-11.00574,2002,-0.41692351728988064
RGI60-11.00574,2003,-1.7364293706699718
RGI60-11.00574,2004,-0.3457069058741733
RGI60-11.00574,2005,-0.7124043749081105
RGI60-11.00574,2006,-0.7304867264219977
RGI60-11.00574,2007,-0.647074892873049
RGI60-11.00574,2008,-0.9968753071560741
RGI60-11.00574,2009,-1.2459151226530176
RGI60-11.00574,2010,-0.6244866741024815
RGI60-11.00574,2011,-1.4359146413601476
RGI60-11.00574,2012,-1.1920214557556785
RGI60-11.00574,2013,-0.34546395067892044
RGI60-11.00574,2014,-0.8620305456860868
RGI60-11.00574,2015,-1.536552879662717
RGI60-11.00574,2016,-0.9344469002649923
RGI60-11.00574,2017,-1.093270215846718
RGI60-11.00574,2018,-1.552480454797641
RGI60-11.00574,2019,-1.4543755998493486
RGI60-11.00574,2020,-1.0160144874711934
RGI60-11.00574,2021,-1.1765524621612888
RGI60-11.00574,2022,-0.5880363688456907
RGI60-11.00574,2023,-1.0741591833835795
RGI60-11.00574,2024,-1.1876216367605157
RGI60-11.00577,2000,-0.9444174890790517
RGI60-11.00577,2001,0.5396247143360864
RGI60-11.00577,2002,-1.0867633082493597
RGI60-11.00577,2003,-1.5321374170842914
RGI60-11.00577,2004,-0.3330129562626397
RGI60-11.00577,2005,-1.1542682021765578
RGI60-11.00577,2006,-1.3563892285463721
RGI60-11.00577,2007,-1.6410990837353514
RGI60-11.00577,2008,-1.2427409032692218
RGI60-11.00577,2009,-0.8130108808715402
RGI60-11.00577,2010,-0.535841690356367
RGI60-11.00577,2011,-1.5104838509215592
RGI60-11.00577,2012,-1.1844106510150516
RGI60-11.00577,2013,-0.7417883815166781
RGI60-11.00577,2014,-1.0422693908396878
RGI60-11.00577,2015,-1.7763080301019234
RGI60-11.00577,2016,-1.383698765910093
RGI60-11.00577,2017,-1.206451331166452
RGI60-11.00577,2018,-1.70658972957668
RGI60-11.00577,2019,-1.363343423657211
RGI60-11.00577,2020,-1.3409694988987069
RGI60-11.00577,2021,-0.9796684036839512
RGI60-11.00577,2022,-0.4359017051278108
RGI60-11.00577,2023,-0.610057215104445
RGI60-11.00577,2024,-1.0102006206683791
RGI60-11.00590,2000,-0.9144245071519739
RGI60-11.00590,2001,0.3297882220864651
RGI60-11.00590,2002,-0.26335498911608735
RGI60-11.00590,2003,-1.8331606104760296
RGI60-11.00590,2004,-0.11867318106542202
RGI60-11.00590,2005,-0.8736682888489171
RGI60-11.00590,2006,-1.4318939290995862
RGI60-11.00590,2007,-1.253158849973322
RGI60-11.00590,2008,-0.62065477855903
RGI60-11.00590,2009,-0.9050247887956794
RGI60-11.00590,2010,-0.13328455502021075
RGI60-11.00590,2011,-1.4741166621001436
RGI60-11.00590,2012,-0.6591830288577133
RGI60-11.00590,2013,-0.4119305168483484
RGI60-11.00590,2014,-0.939939919594616
RGI60-11.00590,2015,-1.1448301513260655
RGI60-11.00590,2016,-0.8844590108626399
RGI60-11.00590,2017,-0.9877305218031609
RGI60-11.00590,2018,-1.4471155577772912
RGI60-11.00590,2019,-0.8882843748102298
RGI60-11.00590,2020,-1.0904408361381128
RGI60-11.00590,2021,-0.7209217614883059
RGI60-11.00590,2022,-2.008353294774057
RGI60-11.00590,2023,-0.18067625609193572
RGI60-11.00590,2024,-0.7339144196226763
RGI60-11.00593,2000,-0.4718458413481549
RGI60-11.00593,2001,-0.23600763941470881
RGI60-11.00593,2002,-0.4467825905739835
RGI60-11.00593,2003,-1.6278774660232411
RGI60-11.00593,2004,-0.4475019910384407
RGI60-11.00593,2005,-0.8870288894036399
RGI60-11.00593,2006,-0.5658591484693475
RGI60-11.00593,2007,-0.6928247566612209
RGI60-11.00593,2008,-1.0109984412934423
RGI60-11.00593,2009,-1.300932714708732
RGI60-11.00593,2010,-0.5783290629033943
RGI60-11.00593,2011,-1.2697163534209028
RGI60-11.00593,2012,-1.1659589621670294
RGI60-11.00593,2013,-0.35369822992141653
RGI60-11.00593,2014,-0.8422099851284524
RGI60-11.00593,2015,-1.3438453939230244
RGI60-11.00593,2016,-0.975348969866809
RGI60-11.00593,2017,-1.4067573961866104
RGI60-11.00593,2018,-1.569611239716109
RGI60-11.00593,2019,-1.5682649278313394
RGI60-11.00593,2020,-0.9674567227388465
RGI60-11.00593,2021,-1.3141024089097557
RGI60-11.00593,2022,-1.9441797787307489
RGI60-11.00593,2023,-1.3494001570591398
RGI60-11.00593,2024,-1.1017290963511888
RGI60-11.00597,2000,-0.6337086271973411
RGI60-11.00597,2001,0.10020834818689761
RGI60-11.00597,2002,-0.5352881396994866
RGI60-11.00597,2003,-2.0955855395414584
RGI60-11.00597,2004,-0.6296965823856758
RGI60-11.00597,2005,-1.1342703660563433
RGI60-11.00597,2006,-1.778167779104269
RGI60-11.00597,2007,-1.2623790516700373
RGI60-11.00597,2008,-1.080193205721394
RGI60-11.00597,2009,-1.2652703163820562
RGI60-11.00597,2010,-0.08417129689497393
RGI60-11.00597,2011,-1.3033726716886045
RGI60-11.00597,2012,-1.311416140653025
RGI60-11.00597,2013,-0.5990211644603609
RGI60-11.00597,2014,-0.6397282760026031
RGI60-11.00597,2015,-1.3552443204719324
RGI60-11.00597,2016,-1.363882622221589
RGI60-11.00597,2017,-1.4507311524717381
RGI60-11.00597,2018,-2.3048241552275455
RGI60-11.00597,2019,-1.5403569403364683
RGI60-11.00597,2020,-1.2488151849350286
RGI60-11.00597,2021,-0.8998771461818263
RGI60-11.00597,2022,-2.597213205451939
RGI60-11.00597,2023,-2.162194816192489
RGI60-11.00597,2024,-1.1225730628380644
RGI60-11.00603,2000,-1.5398334801591216
RGI60-11.00603,2001,0.09702102561099668
RGI60-11.00603,2002,-1.2513756445361919
RGI60-11.00603,2003,-2.0150072927560907
RGI60-11.00603,2004,-0.5239440432487713
RGI60-11.00603,2005,-1.4065526053752309
RGI60-11.00603,2006,-1.9429582267094077
RGI60-11.00603,2007,-2.007686760007051
RGI60-11.00603,2008,-1.1138388576194431
RGI60-11.00603,2009,-1.5178595296619488
RGI60-11.00603,2010,-0.6126361382086222
RGI60-11.00603,2011,-1.7727157074652728
RGI60-11.00603,2012,-1.4989241621322504
RGI60-11.00603,2013,-0.9068273072970504
RGI60-11.00603,2014,-0.9355473766296438
RGI60-11.00603,2015,-1.8971767847165744
RGI60-11.00603,2016,-1.58871416987518
RGI60-11.00603,2017,-1.643873988197508
RGI60-11.00603,2018,-2.2533069245011483
RGI60-11.00603,2019,-1.7445420265144833
RGI60-11.00603,2020,-1.8619887226603664
RGI60-11.00603,2021,-1.4634686361154752
RGI60-11.00603,2022,-2.8002840140553733
RGI60-11.00603,2023,-2.4453891036342776
RGI60-11.00603,2024,-1.399061651832956
RGI60-11.00604,2000,-0.487884589331492
RGI60-11.00604,2001,0.49947973798738643
RGI60-11.00604,2002,-0.3768391695901867
RGI60-11.00604,2003,-1.9339340671750955
RGI60-11.00604,2004,-0.4453135964248203
RGI60-11.00604,2005,-0.7411452429350684
RGI60-11.00604,2006,-1.0283400742728561
RGI60-11.00604,2007,-0.9277783335814364
RGI60-11.00604,2008,-0.8513446991142065
RGI60-11.00604,2009,-1.261853497151804
RGI60-11.00604,2010,-0.19493176457737327
RGI60-11.00604,2011,-1.4560783702645317
RGI60-11.00604,2012,-1.2231409668007167
RGI60-11.00604,2013,-0.40190039185597715
RGI60-11.00604,2014,-0.8014641462511429
RGI60-11.00604,2015,-1.267203348715916
RGI60-11.00604,2016,-0.9144062723666141
RGI60-11.00604,2017,-1.228754024729541
RGI60-11.00604,2018,-1.8870632559302947
RGI60-11.00604,2019,-1.4441039269183167
RGI60-11.00604,2020,-0.6788272772974976
RGI60-11.00604,2021,-0.9207038221857043
RGI60-11.00604,2022,-2.019133136478996
RGI60-11.00604,2023,-2.0438920947421
RGI60-11.00604,2024,-1.2332486620432785
RGI60-11.00619,2000,-0.6304141792063098
RGI60-11.00619,2001,0.3325483308162802
RGI60-11.00619,2002,-0.5741285628285079
RGI60-11.00619,2003,-1.8625708937108734
RGI60-11.00619,2004,-0.5642102702188418
RGI60-11.00619,2005,-0.9727875907284639
RGI60-11.00619,2006,-1.359216586666873
RGI60-11.00619,2007,-1.3597635329588726
RGI60-11.00619,2008,-1.243513373242764
RGI60-11.00619,2009,-1.4091855711676111
RGI60-11.00619,2010,-0.3959901329355284
RGI60-11.00619,2011,-1.5285999536650752
RGI60-11.00619,2012,-1.4884458267731437
RGI60-11.00619,2013,-0.5709490241187405
RGI60-11.00619,2014,-1.0963821353137004
RGI60-11.00619,2015,-1.5599128322122486
RGI60-11.00619,2016,-1.4216290062488715
RGI60-11.00619,2017,-1.4513590816473536
RGI60-11.00619,2018,-2.1754058105933147
RGI60-11.00619,2019,-1.7666839665791831
RGI60-11.00619,2020,-1.131198941644365
RGI60-11.00619,2021,-1.1756848955575954
RGI60-11.00619,2022,-2.6581210000174575
RGI60-11.00619,2023,-2.4532896704244997
RGI60-11.00619,2024,-1.4049897401468527
RGI60-11.00628,2000,-0.9151330251586254
RGI60-11.00628,2001,-0.015120824607471883
RGI60-11.00628,2002,-0.8371667531538292
RGI60-11.00628,2003,-1.9303785437103753
RGI60-11.00628,2004,-1.0957522092263805
RGI60-11.00628,2005,-1.2889845108304276
RGI60-11.00628,2006,-1.1192758586791929
RGI60-11.00628,2007,-1.1577341801727397
RGI60-11.00628,2008,-0.9293933644085693
RGI60-11.00628,2009,-1.2080941400589482
RGI60-11.00628,2010,-0.5963919061232447
RGI60-11.00628,2011,-1.4802752647381285
RGI60-11.00628,2012,-1.437829028713009
RGI60-11.00628,2013,-0.27049223121712695
RGI60-11.00628,2014,-1.0368396117976006
RGI60-11.00628,2015,-1.3559373729324757
RGI60-11.00628,2016,-1.2961940226473752
RGI60-11.00628,2017,-1.5621034586254365
RGI60-11.00628,2018,-1.3300382193093208
RGI60-11.00628,2019,-0.9572654738897207
RGI60-11.00628,2020,-1.101453684381885
RGI60-11.00628,2021,-0.7679231171938565
RGI60-11.00628,2022,-2.0380806817204284
RGI60-11.00628,2023,-1.6222578329031299
RGI60-11.00628,2024,-0.15493275417574648
RGI60-11.00647,2000,-0.3011289803666589
RGI60-11.00647,2001,-0.15422940987291578
RGI60-11.00647,2002,-0.8935271045444639
RGI60-11.00647,2003,-1.5620750266902164
RGI60-11.00647,2004,-0.3766613454418698
RGI60-11.00647,2005,-0.7659881397222742
RGI60-11.00647,2006,-0.6431694227958706
RGI60-11.00647,2007,-1.103034010997151
RGI60-11.00647,2008,-0.6672378901332271
RGI60-11.00647,2009,-0.8779306549574761
RGI60-11.00647,2010,-0.1315988786090968
RGI60-11.00647,2011,-0.9487730972482964
RGI60-11.00647,2012,-1.1795030395991841
RGI60-11.00647,2013,0.24321767435694752
RGI60-11.00647,2014,-0.4704427520089789
RGI60-11.00647,2015,-0.8938932627755424
RGI60-11.00647,2016,-0.9702638199199195
RGI60-11.00647,2017,-0.8901544232917675
RGI60-11.00647,2018,-1.3090365774466326
RGI60-11.00647,2019,-0.9945698379354064
RGI60-11.00647,2020,-0.6700160761094529
RGI60-11.00647,2021,-0.5000515171125832
RGI60-11.00647,2022,-1.711556504862937
RGI60-11.00647,2023,-1.2106020770967512
RGI60-11.00647,2024,-0.13744116617451774
RGI60-11.00648,2000,-0.2820690325308025
RGI60-11.00648,2001,0.28664647452723857
RGI60-11.00648,2002,-0.39994803054106887
RGI60-11.00648,2003,-1.5344872593424288
RGI60-11.00648,2004,-0.29370995819758305
RGI60-11.00648,2005,-0.6634434437285361
RGI60-11.00648,2006,-0.8325583732019931
RGI60-11.00648,2007,-0.7919742761142889
RGI60-11.00648,2008,-0.8685378557118687
RGI60-11.00648,2009,-0.9457098264964958
RGI60-11.00648,2010,-0.00922219874885366
RGI60-11.00648,2011,-1.159362645431631
RGI60-11.00648,2012,-0.79848301181897
RGI60-11.00648,2013,0.06132056924663054
RGI60-11.00648,2014,-0.8766370592774528
RGI60-11.00648,2015,-1.1135129443565408
RGI60-11.00648,2016,-1.0182956286555056
RGI60-11.00648,2017,-1.1909548453606105
RGI60-11.00648,2018,-1.6888647355330915
RGI60-11.00648,2019,-0.9661959187261471
RGI60-11.00648,2020,-0.882705510282281
RGI60-11.00648,2021,-0.7209793323898325
RGI60-11.00648,2022,-1.890647662808957
RGI60-11.00648,2023,-1.3425922718058505
RGI60-11.00648,2024,-0.8561393966948359
RGI60-11.00659,2000,-1.0476187757232638
RGI60-11.00659,2001,-0.05817071730125445
RGI60-11.00659,2002,-1.3542939535860707
RGI60-11.00659,2003,-1.9011044749031283
RGI60-11.00659,2004,-0.6914579613409184
RGI60-11.00659,2005,-1.9123292078660297
RGI60-11.00659,2006,-1.4924448496738068
RGI60-11.00659,2007,-1.617110244731979
RGI60-11.00659,2008,-1.0311085431631246
RGI60-11.00659,2009,-1.467505532471629
RGI60-11.00659,2010,-0.5738527001438133
RGI60-11.00659,2011,-1.516033456376577
RGI60-11.00659,2012,-1.3745589339299433
RGI60-11.00659,2013,-0.516726497954139
RGI60-11.00659,2014,-1.3119588655707952
RGI60-11.00659,2015,-1.260077550572822
RGI60-11.00659,2016,-0.7120866040748796
RGI60-11.00659,2017,-1.1112782401389496
RGI60-11.00659,2018,-1.6515829389426107
RGI60-11.00659,2019,-1.1950999515342573
RGI60-11.00659,2020,-1.2567286720358217
RGI60-11.00659,2021,-1.0504670270943586
RGI60-11.00659,2022,-1.8165970156476554
RGI60-11.00659,2023,-1.4312599370373982
RGI60-11.00659,2024,-0.43365337000356974
RGI60-11.00663,2000,-0.5675761819742714
RGI60-11.00663,2001,-0.0064294971395926215
RGI60-11.00663,2002,-0.39980377278463114
RGI60-11.00663,2003,-1.3712060760569256
RGI60-11.00663,2004,-0.07436498214479237
RGI60-11.00663,2005,-0.7546161943430593
RGI60-11.00663,2006,-0.7453333526043238
RGI60-11.00663,2007,-0.7240951174414958
RGI60-11.00663,2008,-0.9066113205180627
RGI60-11.00663,2009,-1.3940335921510263
RGI60-11.00663,2010,-0.09785964434334526
RGI60-11.00663,2011,-1.2695960458788091
RGI60-11.00663,2012,-0.9234947155934259
RGI60-11.00663,2013,-0.1684376522524439
RGI60-11.00663,2014,-0.9289466196019898
RGI60-11.00663,2015,-0.9695146569778358
RGI60-11.00663,2016,-0.8424742034266831
RGI60-11.00663,2017,-0.9151108397835699
RGI60-11.00663,2018,-1.8040422971872405
RGI60-11.00663,2019,-1.2643532377964715
RGI60-11.00663,2020,-0.8057047174401136
RGI60-11.00663,2021,-0.8782244621348289
RGI60-11.00663,2022,-1.9244628110094428
RGI60-11.00663,2023,-1.4077080969038502
RGI60-11.00663,2024,-0.8924109486405217
RGI60-11.00666,2000,-0.2814455454254504
RGI60-11.00666,2001,0.02546298249215362
RGI60-11.00666,2002,-0.18607314505047778
RGI60-11.00666,2003,-1.6651711174408255
RGI60-11.00666,2004,-0.3447405126938551
RGI60-11.00666,2005,-0.5881129173225537
RGI60-11.00666,2006,-1.2055176002015207
RGI60-11.00666,2007,-1.0837692671373622
RGI60-11.00666,2008,-1.0813636071257409
RGI60-11.00666,2009,-1.761151411878198
RGI60-11.00666,2010,-0.2359389914543959
RGI60-11.00666,2011,-1.242189726935531
RGI60-11.00666,2012,-1.2755621009485822
RGI60-11.00666,2013,-0.2765835903481907
RGI60-11.00666,2014,-0.5051330946611747
RGI60-11.00666,2015,-1.295594862530395
RGI60-11.00666,2016,-1.0477404754854263
RGI60-11.00666,2017,-1.5053330852562379
RGI60-11.00666,2018,-2.094019848990225
RGI60-11.00666,2019,-1.4163220816060107
RGI60-11.00666,2020,-1.2555813703022864
RGI60-11.00666,2021,-1.1049271796822624
RGI60-11.00666,2022,-2.423683699812698
RGI60-11.00666,2023,-1.808026561452321
RGI60-11.00666,2024,-1.5916226861358314
RGI60-11.00670,2000,-0.07803631407076617
RGI60-11.00670,2001,0.11914524212457889
RGI60-11.00670,2002,-0.4422766990973179
RGI60-11.00670,2003,-1.1145465902114697
RGI60-11.00670,2004,0.006072784788702212
RGI60-11.00670,2005,-0.7566203054600706
RGI60-11.00670,2006,-0.5781730306522811
RGI60-11.00670,2007,-0.3268466823051174
RGI60-11.00670,2008,-0.7682539475573189
RGI60-11.00670,2009,-1.3779360954881579
RGI60-11.00670,2010,-0.4978917157973721
RGI60-11.00670,2011,-1.0521774199072524
RGI60-11.00670,2012,-1.2610696551812364
RGI60-11.00670,2013,-0.09108273892862806
RGI60-11.00670,2014,-0.7034481567196313
RGI60-11.00670,2015,-1.1645512157592957
RGI60-11.00670,2016,-1.0641056278742844
RGI60-11.00670,2017,-1.0126748331584632
RGI60-11.00670,2018,-1.6335131687304378
RGI60-11.00670,2019,-1.1951138300141817
RGI60-11.00670,2020,-0.8888335662416348
RGI60-11.00670,2021,-1.0293910038901015
RGI60-11.00670,2022,-1.7349373569493995
RGI60-11.00670,2023,-0.9587470847629198
RGI60-11.00670,2024,-0.5345074335921197
RGI60-11.00674,2000,0.2075799694898861
RGI60-11.00674,2001,0.41364760321821215
RGI60-11.00674,2002,0.2750788092922507
RGI60-11.00674,2003,-1.3428525767944177
RGI60-11.00674,2004,0.17782003165479132
RGI60-11.00674,2005,-0.18049708724708025
RGI60-11.00674,2006,-0.4317067310553891
RGI60-11.00674,2007,-0.7585624859521871
RGI60-11.00674,2008,-0.5333725453834298
RGI60-11.00674,2009,-1.16807309426027
RGI60-11.00674,2010,0.16809149943974178
RGI60-11.00674,2011,-1.105900156953735
RGI60-11.00674,2012,-0.7489185492754322
RGI60-11.00674,2013,0.3068861146032177
RGI60-11.00674,2014,-0.336630882293165
RGI60-11.00674,2015,-0.7169139476032018
RGI60-11.00674,2016,-0.7688815321373192
RGI60-11.00674,2017,-1.0434292123970357
RGI60-11.00674,2018,-1.611706694314047
RGI60-11.00674,2019,-1.0593585320313852
RGI60-11.00674,2020,-0.9509129882709395
RGI60-11.00674,2021,-0.6336627186176313
RGI60-11.00674,2022,-1.7631876840486738
RGI60-11.00674,2023,-1.4129373103229348
RGI60-11.00674,2024,-0.8448274019803035
RGI60-11.00687,2000,-0.18209574412991403
RGI60-11.00687,2001,0.2941964842097837
RGI60-11.00687,2002,-0.02530847747981335
RGI60-11.00687,2003,-1.1331272364208707
RGI60-11.00687,2004,0.07862015746945528
RGI60-11.00687,2005,-0.5340785839929906
RGI60-11.00687,2006,-0.7953109006959249
RGI60-11.00687,2007,-0.20817902557382006
RGI60-11.00687,2008,-0.33740092992786974
RGI60-11.00687,2009,-0.8492771918151982
RGI60-11.00687,2010,0.06482485543881411
RGI60-11.00687,2011,-0.6786058254777053
RGI60-11.00687,2012,-0.9197104997460609
RGI60-11.00687,2013,-0.07738301238324102
RGI60-11.00687,2014,-0.4800586205413679
RGI60-11.00687,2015,-1.377185135229558
RGI60-11.00687,2016,-0.7454501152096229
RGI60-11.00687,2017,-0.7906383095763762
RGI60-11.00687,2018,-1.474500146935462
RGI60-11.00687,2019,-1.2282317419822568
RGI60-11.00687,2020,-0.7231259241515666
RGI60-11.00687,2021,-0.5794336940257548
RGI60-11.00687,2022,-1.692107083616387
RGI60-11.00687,2023,-1.1423792604106915
RGI60-11.00687,2024,-1.1277160695645794
RGI60-11.00689,2000,-0.16088949989447643
RGI60-11.00689,2001,0.5222292338031751
RGI60-11.00689,2002,-0.6655138969378118
RGI60-11.00689,2003,-1.6408731732195063
RGI60-11.00689,2004,-0.1922952470855097
RGI60-11.00689,2005,-1.0839010967713754
RGI60-11.00689,2006,-0.5176386698791391
RGI60-11.00689,2007,-0.6470126905883506
RGI60-11.00689,2008,-0.7309677017563445
RGI60-11.00689,2009,-0.1361516502973018
RGI60-11.00689,2010,-0.5293385910443589
RGI60-11.00689,2011,-1.4218337665254537
RGI60-11.00689,2012,-0.5943117288354517
RGI60-11.00689,2013,-0.38529376487640427
RGI60-11.00689,2014,-1.412806014647654
RGI60-11.00689,2015,-1.0740344232767531
RGI60-11.00689,2016,-0.8736776114511805
RGI60-11.00689,2017,-1.0918400162089728
RGI60-11.00689,2018,-1.5976835794552544
RGI60-11.00689,2019,-1.4433661110518718
RGI60-11.00689,2020,-1.578976814251381
RGI60-11.00689,2021,-1.1294513594116862
RGI60-11.00689,2022,-2.0034031806610297
RGI60-11.00689,2023,-1.1626461387344638
RGI60-11.00689,2024,-0.8751564446615976
RGI60-11.00691,2000,-0.36530082218189286
RGI60-11.00691,2001,0.16406876178290974
RGI60-11.00691,2002,-1.0570035366601174
RGI60-11.00691,2003,-1.5046696340122707
RGI60-11.00691,2004,-0.4532849156526466
RGI60-11.00691,2005,-1.1896886011618761
RGI60-11.00691,2006,-1.406117776960717
RGI60-11.00691,2007,-1.0396403759919024
RGI60-11.00691,2008,-0.8861771824232686
RGI60-11.00691,2009,-1.5383928652920926
RGI60-11.00691,2010,-0.296979129540459
RGI60-11.00691,2011,-1.256859253815962
RGI60-11.00691,2012,-0.968943131021224
RGI60-11.00691,2013,-0.6355765940652087
RGI60-11.00691,2014,-1.5018305244518912
RGI60-11.00691,2015,-0.9346171174079245
RGI60-11.00691,2016,-1.1763946145659705
RGI60-11.00691,2017,-0.4943212200568089
RGI60-11.00691,2018,-2.0128274232288437
RGI60-11.00691,2019,-1.1441440432918257
RGI60-11.00691,2020,-1.1649108049839443
RGI60-11.00691,2021,-1.01014921722426
RGI60-11.00691,2022,-1.8386862408529843
RGI60-11.00691,2023,-0.5619671135282632
RGI60-11.00691,2024,-0.6700658564982453
RGI60-11.00695,2000,-0.3592516296875733
RGI60-11.00695,2001,0.26810024388151343
RGI60-11.00695,2002,-1.0863854617914783
RGI60-11.00695,2003,-1.784076172338004
RGI60-11.00695,2004,-1.0994118855860218
RGI60-11.00695,2005,-1.219484443368438
RGI60-11.00695,2006,-0.8093772547475092
RGI60-11.00695,2007,-1.4527951052024668
RGI60-11.00695,2008,-0.670493573849342
RGI60-11.00695,2009,-0.432736347341395
RGI60-11.00695,2010,-0.5711315702866029
RGI60-11.00695,2011,-1.513224756958192
RGI60-11.00695,2012,-0.9449568502531608
RGI60-11.00695,2013,-0.834395872986393
RGI60-11.00695,2014,-1.7380460960582131
RGI60-11.00695,2015,-1.037620398643763
RGI60-11.00695,2016,-1.2723318595830033
RGI60-11.00695,2017,-0.5860310650981886
RGI60-11.00695,2018,-2.0142591604838804
RGI60-11.00695,2019,-1.8482907396178985
RGI60-11.00695,2020,-1.7064637796987177
RGI60-11.00695,2021,-1.3737959281468424
RGI60-11.00695,2022,-2.233188954403519
RGI60-11.00695,2023,-1.0519376205236055
RGI60-11.00695,2024,-0.9415910870362559
RGI60-11.00697,2000,-0.2412455042627628
RGI60-11.00697,2001,0.1925234234054447
RGI60-11.00697,2002,-0.4252005892743958
RGI60-11.00697,2003,-1.2335898425303455
RGI60-11.00697,2004,0.11647813585901812
RGI60-11.00697,2005,-0.7431891149295915
RGI60-11.00697,2006,-1.0535759045143251
RGI60-11.00697,2007,-0.6150448897660649
RGI60-11.00697,2008,-0.5619018061775446
RGI60-11.00697,2009,-1.0602109868366385
RGI60-11.00697,2010,-0.19071797811623603
RGI60-11.00697,2011,-0.7421390115212586
RGI60-11.00697,2012,-0.934738412760471
RGI60-11.00697,2013,-0.09897177634044663
RGI60-11.00697,2014,-0.5927899998154148
RGI60-11.00697,2015,-1.3506779960996522
RGI60-11.00697,2016,-0.8367288577949671
RGI60-11.00697,2017,-1.231772091846537
RGI60-11.00697,2018,-1.5664132176583816
RGI60-11.00697,2019,-1.2562935790194243
RGI60-11.00697,2020,-0.7884436597175004
RGI60-11.00697,2021,-0.8114518552502845
RGI60-11.00697,2022,-2.0145645311660916
RGI60-11.00697,2023,-1.09729891655055
RGI60-11.00697,2024,-0.6959970492513325
RGI60-11.00698,2000,-0.3156597248238347
RGI60-11.00698,2001,0.23842458517643983
RGI60-11.00698,2002,-0.28388033134199103
RGI60-11.00698,2003,-1.37132232414104
RGI60-11.00698,2004,0.010794986994150046
RGI60-11.00698,2005,-0.45002648567979686
RGI60-11.00698,2006,-0.878003877361421
RGI60-11.00698,2007,-0.6396564732159713
RGI60-11.00698,2008,-0.6200061358305473
RGI60-11.00698,2009,-1.0711282720607787
RGI60-11.00698,2010,-0.02915178826308118
RGI60-11.00698,2011,-0.7398607788899485
RGI60-11.00698,2012,-0.8046419779396864
RGI60-11.00698,2013,0.0009269157561107022
RGI60-11.00698,2014,-0.5540542311733758
RGI60-11.00698,2015,-1.1707331083915917
RGI60-11.00698,2016,-0.870637162633688
RGI60-11.00698,2017,-1.1198243372960823
RGI60-11.00698,2018,-1.811377230050542
RGI60-11.00698,2019,-1.2577822488333312
RGI60-11.00698,2020,-0.9082348210561988
RGI60-11.00698,2021,-0.8406433006322003
RGI60-11.00698,2022,-2.201776911200591
RGI60-11.00698,2023,-1.0270299660451037
RGI60-11.00698,2024,-0.8904862428224337
RGI60-11.00701,2000,0.3355333798916643
RGI60-11.00701,2001,0.23250107398469877
RGI60-11.00701,2002,-0.4109414206983198
RGI60-11.00701,2003,-0.8025196270153894
RGI60-11.00701,2004,0.24367113308070476
RGI60-11.00701,2005,-0.3600667366068081
RGI60-11.00701,2006,-0.45320923990919104
RGI60-11.00701,2007,0.04971610848631497
RGI60-11.00701,2008,-0.1612207821934876
RGI60-11.00701,2009,-0.48722437054024553
RGI60-11.00701,2010,0.1625243037327172
RGI60-11.00701,2011,-0.5766086419915024
RGI60-11.00701,2012,-0.6639885598804731
RGI60-11.00701,2013,0.13257088883169277
RGI60-11.00701,2014,-0.38443676362534773
RGI60-11.00701,2015,-0.6144498727162917
RGI60-11.00701,2016,-0.5729169546773405
RGI60-11.00701,2017,-0.6154575754013201
RGI60-11.00701,2018,-1.1368741725130747
RGI60-11.00701,2019,-1.087602170239002
RGI60-11.00701,2020,-0.5449304910728039
RGI60-11.00701,2021,-0.8232507906638253
RGI60-11.00701,2022,-1.9120409466913038
RGI60-11.00701,2023,-0.5418561962829634
RGI60-11.00701,2024,-0.23215023432546278
RGI60-11.00719,2000,-0.3476592559615864
RGI60-11.00719,2001,0.16492051454351242
RGI60-11.00719,2002,0.006087969497536538
RGI60-11.00719,2003,-1.6299452975895914
RGI60-11.00719,2004,-0.218611986151252
RGI60-11.00719,2005,-0.6998199994517473
RGI60-11.00719,2006,-1.2712598842368747
RGI60-11.00719,2007,-1.0608869674708865
RGI60-11.00719,2008,-0.6910058993656045
RGI60-11.00719,2009,-1.4400694421487112
RGI60-11.00719,2010,-0.39909897955853313
RGI60-11.00719,2011,-1.1229908563950206
RGI60-11.00719,2012,-1.346685089543448
RGI60-11.00719,2013,-0.29251859464674634
RGI60-11.00719,2014,-0.4039050423704572
RGI60-11.00719,2015,-1.4096657212337247
RGI60-11.00719,2016,-1.186624903744542
RGI60-11.00719,2017,-1.2513050405253412
RGI60-11.00719,2018,-2.134428999997691
RGI60-11.00719,2019,-1.5260265236492963
RGI60-11.00719,2020,-1.3838965554884397
RGI60-11.00719,2021,-1.2200004486433405
RGI60-11.00719,2022,-2.933964830034401
RGI60-11.00719,2023,-2.033599598638602
RGI60-11.00719,2024,-1.4123583630720287
RGI60-11.00720,2000,-0.2380651416694738
RGI60-11.00720,2001,0.3691757562359944
RGI60-11.00720,2002,-0.18151283864091683
RGI60-11.00720,2003,-1.5482722537813172
RGI60-11.00720,2004,-0.22659141749976308
RGI60-11.00720,2005,-0.3288050609215017
RGI60-11.00720,2006,-0.8938215359059986
RGI60-11.00720,2007,-0.895263485712648
RGI60-11.00720,2008,-0.5169702676515375
RGI60-11.00720,2009,-1.2140978158056723
RGI60-11.00720,2010,-0.09056739108467426
RGI60-11.00720,2011,-1.097537419208535
RGI60-11.00720,2012,-1.2572824595654635
RGI60-11.00720,2013,-0.30159790019146554
RGI60-11.00720,2014,-0.33463335044063813
RGI60-11.00720,2015,-1.3294554179386613
RGI60-11.00720,2016,-0.922883777069777
RGI60-11.00720,2017,-0.7647264837113084
RGI60-11.00720,2018,-1.6905358769017338
RGI60-11.00720,2019,-1.3645558625349126
RGI60-11.00720,2020,-1.1724539784434531
RGI60-11.00720,2021,-1.0692984877284344
RGI60-11.00720,2022,-2.20065524262588
RGI60-11.00720,2023,-1.7330836215505
RGI60-11.00720,2024,-1.2156945716630077
RGI60-11.00746,2000,-0.2322278111985338
RGI60-11.00746,2001,0.12415920999722307
RGI60-11.00746,2002,-0.10173050398840566
RGI60-11.00746,2003,-1.4019573147016897
RGI60-11.00746,2004,-0.06561527751273155
RGI60-11.00746,2005,-0.574748739086234
RGI60-11.00746,2006,-0.7384083748492613
RGI60-11.00746,2007,-0.6488297380134631
RGI60-11.00746,2008,-0.6507780672936588
RGI60-11.00746,2009,-1.107265780359421
RGI60-11.00746,2010,-0.2985416698488004
RGI60-11.00746,2011,-0.9029857276201253
RGI60-11.00746,2012,-1.1000337929356179
RGI60-11.00746,2013,-0.25575885156588496
RGI60-11.00746,2014,-0.18299037400382012
RGI60-11.00746,2015,-1.0885154302271391
RGI60-11.00746,2016,-0.7274208727886923
RGI60-11.00746,2017,-1.0901409641555584
RGI60-11.00746,2018,-1.822573911290299
RGI60-11.00746,2019,-1.2957360085578822
RGI60-11.00746,2020,-1.1326200276327263
RGI60-11.00746,2021,-0.757466106912971
RGI60-11.00746,2022,-2.483294677893803
RGI60-11.00746,2023,-1.602959201146711
RGI60-11.00746,2024,-1.2893067731730867
RGI60-11.00752,2000,-0.4123485102848945
RGI60-11.00752,2001,0.12844134352900527
RGI60-11.00752,2002,-0.7482383742293356
RGI60-11.00752,2003,-1.8407134635634876
RGI60-11.00752,2004,-0.8989833808471569
RGI60-11.00752,2005,-1.1089387592075157
RGI60-11.00752,2006,-0.5668999505718518
RGI60-11.00752,2007,-1.2154116821262935
RGI60-11.00752,2008,-1.0475057881169727
RGI60-11.00752,2009,-2.174998105947343
RGI60-11.00752,2010,-0.8308302760011599
RGI60-11.00752,2011,-1.9202588878803126
RGI60-11.00752,2012,-0.7611505247567842
RGI60-11.00752,2013,-1.0510968827773794
RGI60-11.00752,2014,-1.7316084427999914
RGI60-11.00752,2015,-1.5322688056913303
RGI60-11.00752,2016,-0.22173475996292336
RGI60-11.00752,2017,-0.7228683346577334
RGI60-11.00752,2018,-1.5795949129464013
RGI60-11.00752,2019,-1.5422915011601408
RGI60-11.00752,2020,-1.8623369718615972
RGI60-11.00752,2021,-1.4131051722183612
RGI60-11.00752,2022,-2.1375919985705227
RGI60-11.00752,2023,-1.2869740476959828
RGI60-11.00752,2024,-0.9544756584236136
RGI60-11.00755,2000,-0.38031491080406366
RGI60-11.00755,2001,0.28847248891129196
RGI60-11.00755,2002,-0.8119126575827971
RGI60-11.00755,2003,-1.83408716737339
RGI60-11.00755,2004,-0.7012470411204798
RGI60-11.00755,2005,-1.3072902564941309
RGI60-11.00755,2006,-1.362974374896755
RGI60-11.00755,2007,-1.3784143179758452
RGI60-11.00755,2008,-1.1229791283611048
RGI60-11.00755,2009,-1.6711911182347627
RGI60-11.00755,2010,-0.8396687854725996
RGI60-11.00755,2011,-1.8155564055187317
RGI60-11.00755,2012,-1.2486512737422981
RGI60-11.00755,2013,-0.9025578271713496
RGI60-11.00755,2014,-1.6551077216286356
RGI60-11.00755,2015,-0.9623313132647588
RGI60-11.00755,2016,-1.3061254954676624
RGI60-11.00755,2017,-0.6489146653542598
RGI60-11.00755,2018,-2.2331413370537208
RGI60-11.00755,2019,-1.389506691393952
RGI60-11.00755,2020,-1.2858407403215886
RGI60-11.00755,2021,-1.523181513559168
RGI60-11.00755,2022,-2.019844666176485
RGI60-11.00755,2023,-1.559066217489391
RGI60-11.00755,2024,-0.9851018701388473
RGI60-11.00766,2000,-0.18200971675502897
RGI60-11.00766,2001,0.7596391894354071
RGI60-11.00766,2002,-0.12067716457155192
RGI60-11.00766,2003,-1.6097703553923715
RGI60-11.00766,2004,0.13389118688472978
RGI60-11.00766,2005,-0.6298610665981762
RGI60-11.00766,2006,-0.8904056232003104
RGI60-11.00766,2007,-0.9135589246808609
RGI60-11.00766,2008,-0.5651255700203287
RGI60-11.00766,2009,-1.0208567249556886
RGI60-11.00766,2010,0.026641249056679972
RGI60-11.00766,2011,-0.8856745817827973
RGI60-11.00766,2012,-0.8536129642363143
RGI60-11.00766,2013,0.0832870564595064
RGI60-11.00766,2014,-0.3225739349622865
RGI60-11.00766,2015,-0.9206160323314552
RGI60-11.00766,2016,-0.8472851663963215
RGI60-11.00766,2017,-0.5376144885725781
RGI60-11.00766,2018,-1.3966281884163365
RGI60-11.00766,2019,-1.0949881789639164
RGI60-11.00766,2020,-0.8713185532450276
RGI60-11.00766,2021,-0.7109394128919041
RGI60-11.00766,2022,-1.7590752806782535
RGI60-11.00766,2023,-0.9090216640401834
RGI60-11.00766,2024,-0.254435348351558
RGI60-11.00770,2000,-0.11232692939467448
RGI60-11.00770,2001,0.04680507375413301
RGI60-11.00770,2002,-0.5133924268676546
RGI60-11.00770,2003,-1.5586309074108105
RGI60-11.00770,2004,0.01085749277638437
RGI60-11.00770,2005,-1.0156674898191764
RGI60-11.00770,2006,-1.1552281600355228
RGI60-11.00770,2007,-1.1642892407109122
RGI60-11.00770,2008,-1.0701052670070588
RGI60-11.00770,2009,-1.5311753043074408
RGI60-11.00770,2010,-0.48038400698736927
RGI60-11.00770,2011,-1.2797851134170475
RGI60-11.00770,2012,-1.2277755842539981
RGI60-11.00770,2013,-0.45070771076206995
RGI60-11.00770,2014,-0.842461803139182
RGI60-11.00770,2015,-1.2238854117140352
RGI60-11.00770,2016,-1.0522678989887322
RGI60-11.00770,2017,-1.4902603341464356
RGI60-11.00770,2018,-1.819291747807878
RGI60-11.00770,2019,-1.7360272297605168
RGI60-11.00770,2020,-1.366251003300626
RGI60-11.00770,2021,-1.294583245336457
RGI60-11.00770,2022,-2.753533232952207
RGI60-11.00770,2023,-1.8015058900920908
RGI60-11.00770,2024,-1.6537223025445509
RGI60-11.00777,2000,-0.5292397183153297
RGI60-11.00777,2001,0.12413734045844071
RGI60-11.00777,2002,-0.8369728794091522
RGI60-11.00777,2003,-1.8839470209769011
RGI60-11.00777,2004,-0.77012041158165
RGI60-11.00777,2005,-1.3052637710762072
RGI60-11.00777,2006,-0.6852047215739064
RGI60-11.00777,2007,-1.4434149014715505
RGI60-11.00777,2008,-1.2859538883287447
RGI60-11.00777,2009,-1.557479848936913
RGI60-11.00777,2010,-0.699285934803566
RGI60-11.00777,2011,-1.2805865714076277
RGI60-11.00777,2012,-0.9670116792834251
RGI60-11.00777,2013,-0.7978876901402476
RGI60-11.00777,2014,-0.7185746774110111
RGI60-11.00777,2015,-1.1357189048481933
RGI60-11.00777,2016,-0.9530169975258393
RGI60-11.00777,2017,-0.7854259336385969
RGI60-11.00777,2018,-1.2560440413613077
RGI60-11.00777,2019,-1.2217877483682744
RGI60-11.00777,2020,-0.9698458630945748
RGI60-11.00777,2021,-1.2083911703102481
RGI60-11.00777,2022,-1.701906005652794
RGI60-11.00777,2023,-0.9760236970613334
RGI60-11.00777,2024,-0.9347450662626225
RGI60-11.00779,2000,-0.17464542387527193
RGI60-11.00779,2001,0.5376970796344103
RGI60-11.00779,2002,-0.1753271178389223
RGI60-11.00779,2003,-1.6705988543323433
RGI60-11.00779,2004,-0.5331773723169458
RGI60-11.00779,2005,-0.7935809328089215
RGI60-11.00779,2006,-0.9332222556879713
RGI60-11.00779,2007,-1.1416931517002953
RGI60-11.00779,2008,-0.8237996929592587
RGI60-11.00779,2009,-1.3946163419210875
RGI60-11.00779,2010,-0.40906648994771994
RGI60-11.00779,2011,-1.2024361068292617
RGI60-11.00779,2012,-1.1153262442323857
RGI60-11.00779,2013,-0.20522318417055563
RGI60-11.00779,2014,-0.519320616380669
RGI60-11.00779,2015,-0.9308941936243099
RGI60-11.00779,2016,-1.1311240393694044
RGI60-11.00779,2017,-1.1198630927850388
RGI60-11.00779,2018,-2.042744943308154
RGI60-11.00779,2019,-1.2936370255458947
RGI60-11.00779,2020,-1.287479023594446
RGI60-11.00779,2021,-0.9198275608189012
RGI60-11.00779,2022,-2.576822725191259
RGI60-11.00779,2023,-1.7068931833289596
RGI60-11.00779,2024,-1.0965960795443124
RGI60-11.00781,2000,-0.23845248535438457
RGI60-11.00781,2001,0.30243791372347095
RGI60-11.00781,2002,-0.5217646588559691
RGI60-11.00781,2003,-1.5811287785820518
RGI60-11.00781,2004,-0.6059535406171783
RGI60-11.00781,2005,-1.1795737561672897
RGI60-11.00781,2006,-1.428302914464778
RGI60-11.00781,2007,-1.0183036193934325
RGI60-11.00781,2008,-0.7901868058347737
RGI60-11.00781,2009,-1.1188663763093427
RGI60-11.00781,2010,-0.6448841487940361
RGI60-11.00781,2011,-1.7177592648575803
RGI60-11.00781,2012,-1.1412636334377035
RGI60-11.00781,2013,-0.69553876654066
RGI60-11.00781,2014,-1.1318660260869082
RGI60-11.00781,2015,-1.4760956283644542
RGI60-11.00781,2016,-1.2384433519384357
RGI60-11.00781,2017,-1.2684442907193505
RGI60-11.00781,2018,-2.245822130346305
RGI60-11.00781,2019,-1.5785877370588315
RGI60-11.00781,2020,-1.4698656124323977
RGI60-11.00781,2021,-1.3889164731570443
RGI60-11.00781,2022,-2.629189287930725
RGI60-11.00781,2023,-1.8215517321081993
RGI60-11.00781,2024,-1.0644238593073336
RGI60-11.00782,2000,-0.1795528889271114
RGI60-11.00782,2001,0.5580235938371082
RGI60-11.00782,2002,-0.1443352848414008
RGI60-11.00782,2003,-1.4166480842971207
RGI60-11.00782,2004,-0.3470303867937989
RGI60-11.00782,2005,-0.8509018203196534
RGI60-11.00782,2006,-1.3028659507776628
RGI60-11.00782,2007,-0.640501871925736
RGI60-11.00782,2008,-0.8039213314464201
RGI60-11.00782,2009,-1.0754895845715802
RGI60-11.00782,2010,-0.1145507211479121
RGI60-11.00782,2011,-1.0278573669762583
RGI60-11.00782,2012,-0.8582740536181077
RGI60-11.00782,2013,-0.30156184378729395
RGI60-11.00782,2014,-0.35401455810405125
RGI60-11.00782,2015,-1.0339463098858002
RGI60-11.00782,2016,-1.028894147840521
RGI60-11.00782,2017,-1.4108024203001226
RGI60-11.00782,2018,-1.698057223949177
RGI60-11.00782,2019,-0.9381177443273832
RGI60-11.00782,2020,-0.9865277102179817
RGI60-11.00782,2021,-0.9181500215639233
RGI60-11.00782,2022,-2.2179782017050083
RGI60-11.00782,2023,-1.4576734729133978
RGI60-11.00782,2024,-0.5547664880770622
RGI60-11.00787,2000,0.09038225408236211
RGI60-11.00787,2001,0.509745063503846
RGI60-11.00787,2002,0.15504528365540204
RGI60-11.00787,2003,-1.258838502244245
RGI60-11.00787,2004,-0.06787472832588926
RGI60-11.00787,2005,-0.43575711842951154
RGI60-11.00787,2006,-0.6214434767179107
RGI60-11.00787,2007,-0.5475047122035592
RGI60-11.00787,2008,-0.36222796718565303
RGI60-11.00787,2009,-0.9185315995648191
RGI60-11.00787,2010,0.04229335751550056
RGI60-11.00787,2011,-0.7826968704882108
RGI60-11.00787,2012,-0.8484435820770975
RGI60-11.00787,2013,0.10577114254585407
RGI60-11.00787,2014,-0.26473778008119364
RGI60-11.00787,2015,-0.6446446436836911
RGI60-11.00787,2016,-0.7207451285433359
RGI60-11.00787,2017,-0.8935667738988254
RGI60-11.00787,2018,-1.7731831357891061
RGI60-11.00787,2019,-1.0584410820699155
RGI60-11.00787,2020,-0.9180950026583582
RGI60-11.00787,2021,-0.5041207258446858
RGI60-11.00787,2022,-2.3675820633269193
RGI60-11.00787,2023,-1.5907548650380994
RGI60-11.00787,2024,-0.8957119929849282
RGI60-11.00793,2000,-0.2641261469688593
RGI60-11.00793,2001,0.38062616400303007
RGI60-11.00793,2002,-0.6049083208902939
RGI60-11.00793,2003,-1.5787070339848328
RGI60-11.00793,2004,-0.5580323891175999
RGI60-11.00793,2005,-1.185001516485236
RGI60-11.00793,2006,-1.4893694862127247
RGI60-11.00793,2007,-0.9435186847049929
RGI60-11.00793,2008,-0.7600954532846645
RGI60-11.00793,2009,-1.609068571492755
RGI60-11.00793,2010,-0.3841020996768928
RGI60-11.00793,2011,-1.500824707050627
RGI60-11.00793,2012,-1.2163882380847988
RGI60-11.00793,2013,-0.5587816369765615
RGI60-11.00793,2014,-0.9078353918011377
RGI60-11.00793,2015,-1.3148027984153658
RGI60-11.00793,2016,-0.693580696067295
RGI60-11.00793,2017,-0.9622677251786876
RGI60-11.00793,2018,-2.06204695054517
RGI60-11.00793,2019,-1.3401683170645426
RGI60-11.00793,2020,-1.1783943132007066
RGI60-11.00793,2021,-1.3567451626988665
RGI60-11.00793,2022,-1.958689615481866
RGI60-11.00793,2023,-1.5484792324676584
RGI60-11.00793,2024,-0.8195823669017316
RGI60-11.00797,2000,-0.5739727960341295
RGI60-11.00797,2001,0.030890720967733376
RGI60-11.00797,2002,-0.6568271583649978
RGI60-11.00797,2003,-1.643504214704248
RGI60-11.00797,2004,-0.6466417553343113
RGI60-11.00797,2005,-1.0444092050365106
RGI60-11.00797,2006,-1.2705177309169478
RGI60-11.00797,2007,-0.9224530454997344
RGI60-11.00797,2008,-0.8100872961747729
RGI60-11.00797,2009,-1.3468966524458137
RGI60-11.00797,2010,-0.5070145217535547
RGI60-11.00797,2011,-1.392391943490051
RGI60-11.00797,2012,-1.2337061040902748
RGI60-11.00797,2013,-0.7418343795080016
RGI60-11.00797,2014,-0.6115161998620546
RGI60-11.00797,2015,-1.292010834256699
RGI60-11.00797,2016,-0.945458976661829
RGI60-11.00797,2017,-0.9923413437709991
RGI60-11.00797,2018,-2.0069269307598665
RGI60-11.00797,2019,-1.38577963230294
RGI60-11.00797,2020,-1.1761507860253166
RGI60-11.00797,2021,-1.202314457478465
RGI60-11.00797,2022,-2.2277747681788
RGI60-11.00797,2023,-1.4212621129454508
RGI60-11.00797,2024,-1.2975940680354685
RGI60-11.00803,2000,-1.1629510475734604
RGI60-11.00803,2001,-0.13667692700749634
RGI60-11.00803,2002,-1.047896463240124
RGI60-11.00803,2003,-2.361848646728322
RGI60-11.00803,2004,-1.413107780807518
RGI60-11.00803,2005,-1.9990934347516625
RGI60-11.00803,2006,-0.8633221474558199
RGI60-11.00803,2007,-0.9539425864578255
RGI60-11.00803,2008,-0.9023194313789243
RGI60-11.00803,2009,-1.6057965134096646
RGI60-11.00803,2010,-0.821933285938623
RGI60-11.00803,2011,-1.645366741789424
RGI60-11.00803,2012,-1.6096913818007954
RGI60-11.00803,2013,-1.2184118458249384
RGI60-11.00803,2014,-0.7365577221525527
RGI60-11.00803,2015,-1.681306065037333
RGI60-11.00803,2016,-1.0767389075981948
RGI60-11.00803,2017,-1.0314068945246369
RGI60-11.00803,2018,-2.221510122187997
RGI60-11.00803,2019,-1.6732220543346852
RGI60-11.00803,2020,-1.7121007640032302
RGI60-11.00803,2021,-1.746125805593897
RGI60-11.00803,2022,-1.8966088233391334
RGI60-11.00803,2023,-1.7481751025204042
RGI60-11.00803,2024,-0.7671367879492921
RGI60-11.00804,2000,-0.3483829648247021
RGI60-11.00804,2001,0.17916577408130763
RGI60-11.00804,2002,-0.7632052580795725
RGI60-11.00804,2003,-1.7486022284812663
RGI60-11.00804,2004,-0.21032345405164254
RGI60-11.00804,2005,-1.1056245108903748
RGI60-11.00804,2006,-0.9766784586084384
RGI60-11.00804,2007,-1.009784375272262
RGI60-11.00804,2008,-0.5939138887029685
RGI60-11.00804,2009,-1.3378543290939628
RGI60-11.00804,2010,-0.4466979503406502
RGI60-11.00804,2011,-1.5426269344950856
RGI60-11.00804,2012,-1.1143783120664732
RGI60-11.00804,2013,-0.6504455012978527
RGI60-11.00804,2014,-0.7578296120091781
RGI60-11.00804,2015,-1.4155540325451454
RGI60-11.00804,2016,-0.8687184093170192
RGI60-11.00804,2017,-1.2498409482505672
RGI60-11.00804,2018,-2.1081753477695044
RGI60-11.00804,2019,-1.31742925798464
RGI60-11.00804,2020,-1.2594772458266856
RGI60-11.00804,2021,-1.3342077089626079
RGI60-11.00804,2022,-2.1887679587736613
RGI60-11.00804,2023,-1.9128799385595916
RGI60-11.00804,2024,-1.2815230149522217
RGI60-11.00807,2000,-0.24250749508507385
RGI60-11.00807,2001,0.47642916710810157
RGI60-11.00807,2002,-0.6658579768691275
RGI60-11.00807,2003,-1.5372090878989688
RGI60-11.00807,2004,-0.42734955685400766
RGI60-11.00807,2005,-1.1836997065849493
RGI60-11.00807,2006,-1.2643123051238034
RGI60-11.00807,2007,-1.1263937542919547
RGI60-11.00807,2008,-0.7325444989914734
RGI60-11.00807,2009,-1.1764209660676557
RGI60-11.00807,2010,-0.2670000595301819
RGI60-11.00807,2011,-1.4984714349766224
RGI60-11.00807,2012,-1.3416126501869707
RGI60-11.00807,2013,-0.5891238897434983
RGI60-11.00807,2014,-0.7989211010672284
RGI60-11.00807,2015,-1.3737302189688874
RGI60-11.00807,2016,-1.0581992621054752
RGI60-11.00807,2017,-1.1259619876240885
RGI60-11.00807,2018,-2.20307052199107
RGI60-11.00807,2019,-1.5238426931470648
RGI60-11.00807,2020,-1.3495134921395833
RGI60-11.00807,2021,-1.3513293778801692
RGI60-11.00807,2022,-2.482243637725481
RGI60-11.00807,2023,-1.6046458502708028
RGI60-11.00807,2024,-1.2723992742448118
RGI60-11.00817,2000,-0.5987823579439819
RGI60-11.00817,2001,-0.2519869262528026
RGI60-11.00817,2002,-0.9085148950998185
RGI60-11.00817,2003,-1.7320013169810577
RGI60-11.00817,2004,-0.9726304824216923
RGI60-11.00817,2005,-1.4589392465773685
RGI60-11.00817,2006,-1.1240757010247615
RGI60-11.00817,2007,-1.5800175281888944
RGI60-11.00817,2008,-1.1569542995536721
RGI60-11.00817,2009,-1.6370883416924547
RGI60-11.00817,2010,-0.7980759477285126
RGI60-11.00817,2011,-1.7847965642031198
RGI60-11.00817,2012,-0.7691431074247459
RGI60-11.00817,2013,-0.55700067571398
RGI60-11.00817,2014,-1.2005324260224697
RGI60-11.00817,2015,-1.471131057124076
RGI60-11.00817,2016,-0.9603972056549714
RGI60-11.00817,2017,-1.6267094445668813
RGI60-11.00817,2018,-2.0786063058835493
RGI60-11.00817,2019,-1.7082161699411855
RGI60-11.00817,2020,-2.4120295721441285
RGI60-11.00817,2021,-1.6022114799544918
RGI60-11.00817,2022,-2.861508010300966
RGI60-11.00817,2023,-1.926696678708558
RGI60-11.00817,2024,-1.5654598066863812
RGI60-11.00822,2000,-0.24365282430534518
RGI60-11.00822,2001,0.9402661262040162
RGI60-11.00822,2002,-0.10889051948279305
RGI60-11.00822,2003,-1.43538114687165
RGI60-11.00822,2004,-0.2997741745082792
RGI60-11.00822,2005,-0.9302508372237177
RGI60-11.00822,2006,-0.9427288129418259
RGI60-11.00822,2007,-1.0741517703427406
RGI60-11.00822,2008,-0.7395638210751037
RGI60-11.00822,2009,-0.9430277047146098
RGI60-11.00822,2010,-0.3029666821323707
RGI60-11.00822,2011,-1.0897692475624094
RGI60-11.00822,2012,-1.166841558418527
RGI60-11.00822,2013,-0.139065628453948
RGI60-11.00822,2014,-0.8201737308491519
RGI60-11.00822,2015,-1.0384358409789032
RGI60-11.00822,2016,-0.9879561998546214
RGI60-11.00822,2017,-0.9170139858175123
RGI60-11.00822,2018,-1.8162506641163707
RGI60-11.00822,2019,-0.9327709765541321
RGI60-11.00822,2020,-0.9766424205501718
RGI60-11.00822,2021,-1.016417584410489
RGI60-11.00822,2022,-2.0539949892033693
RGI60-11.00822,2023,-1.749716787961023
RGI60-11.00822,2024,0.03836785383699426
RGI60-11.00826,2000,-0.9241045903915961
RGI60-11.00826,2001,-0.5099685659154524
RGI60-11.00826,2002,-1.186179790290179
RGI60-11.00826,2003,-2.06247946262825
RGI60-11.00826,2004,-1.4545781439944017
RGI60-11.00826,2005,-1.1534151251664215
RGI60-11.00826,2006,-0.8732740145954859
RGI60-11.00826,2007,-1.825522959125142
RGI60-11.00826,2008,-1.641625422603264
RGI60-11.00826,2009,-1.1125266056203769
RGI60-11.00826,2010,-0.06429003322733484
RGI60-11.00826,2011,-1.7849175509994801
RGI60-11.00826,2012,-1.0198705315941319
RGI60-11.00826,2013,-1.542264842816532
RGI60-11.00826,2014,-2.348357889179307
RGI60-11.00826,2015,-1.9068387084905507
RGI60-11.00826,2016,-1.8463751261618666
RGI60-11.00826,2017,-1.6208499213069405
RGI60-11.00826,2018,-2.0218851883114626
RGI60-11.00826,2019,-1.1900755275818282
RGI60-11.00826,2020,-2.346399174076139
RGI60-11.00826,2021,-1.5182891933394183
RGI60-11.00826,2022,-1.7280971006480166
RGI60-11.00826,2023,-2.1900255365976418
RGI60-11.00826,2024,-1.861682642866905
RGI60-11.00828,2000,-0.5376935744096724
RGI60-11.00828,2001,0.38660912185248675
RGI60-11.00828,2002,-0.7730958323998024
RGI60-11.00828,2003,-1.5081423989764593
RGI60-11.00828,2004,-0.853485806302613
RGI60-11.00828,2005,-1.2083766603971309
RGI60-11.00828,2006,-0.4582567856286825
RGI60-11.00828,2007,-0.7443691637571043
RGI60-11.00828,2008,-0.8380688220936948
RGI60-11.00828,2009,-2.1450672878231094
RGI60-11.00828,2010,-0.5314559709059976
RGI60-11.00828,2011,-1.6021753547371818
RGI60-11.00828,2012,-0.8200751915091344
RGI60-11.00828,2013,-0.32221185455111534
RGI60-11.00828,2014,-0.6358722979324298
RGI60-11.00828,2015,-1.388202509936551
RGI60-11.00828,2016,-0.8826384031910485
RGI60-11.00828,2017,-1.350472546689472
RGI60-11.00828,2018,-1.5679889330068568
RGI60-11.00828,2019,-1.330759727604428
RGI60-11.00828,2020,-1.565279387460762
RGI60-11.00828,2021,-0.9856596405731528
RGI60-11.00828,2022,-1.2941495659442097
RGI60-11.00828,2023,-1.621585675845897
RGI60-11.00828,2024,-0.7928176805966671
RGI60-11.00830,2000,-0.848318127709325
RGI60-11.00830,2001,-0.11007900874260956
RGI60-11.00830,2002,-1.0074091112348038
RGI60-11.00830,2003,-1.5963160204036093
RGI60-11.00830,2004,-1.1506052658861594
RGI60-11.00830,2005,-1.5158378227378697
RGI60-11.00830,2006,-0.9356493196474774
RGI60-11.00830,2007,-0.8004568165837302
RGI60-11.00830,2008,-1.0398540236548517
RGI60-11.00830,2009,-2.0771080766636736
RGI60-11.00830,2010,-0.5636077338960979
RGI60-11.00830,2011,-1.6551970681844306
RGI60-11.00830,2012,-1.0688746945944918
RGI60-11.00830,2013,-0.6999995615676289
RGI60-11.00830,2014,-1.3506802001320235
RGI60-11.00830,2015,-1.5576270966068446
RGI60-11.00830,2016,-1.1004655033714832
RGI60-11.00830,2017,-1.2860796899831988
RGI60-11.00830,2018,-1.672364885681594
RGI60-11.00830,2019,-1.4646699727180983
RGI60-11.00830,2020,-1.4924964618979881
RGI60-11.00830,2021,-1.145834072412067
RGI60-11.00830,2022,-1.9694751531502566
RGI60-11.00830,2023,-1.51214599261567
RGI60-11.00830,2024,-1.2257835143005194
RGI60-11.00833,2000,-0.21960666366728832
RGI60-11.00833,2001,-0.11773887248894399
RGI60-11.00833,2002,-0.7021793390584227
RGI60-11.00833,2003,-1.831601807975984
RGI60-11.00833,2004,-0.5374091440003129
RGI60-11.00833,2005,-1.1168305137189607
RGI60-11.00833,2006,-1.1017897074811964
RGI60-11.00833,2007,-0.809610126733278
RGI60-11.00833,2008,-0.6529846084990758
RGI60-11.00833,2009,-1.4318849931462692
RGI60-11.00833,2010,-0.45358040050496473
RGI60-11.00833,2011,-1.69973109274805
RGI60-11.00833,2012,-1.3355693196825147
RGI60-11.00833,2013,-0.7905306730204706
RGI60-11.00833,2014,-0.29148629191284714
RGI60-11.00833,2015,-1.3662764868838078
RGI60-11.00833,2016,-1.0142106067281838
RGI60-11.00833,2017,-1.21396172423617
RGI60-11.00833,2018,-2.2787550433641046
RGI60-11.00833,2019,-1.5582625841491484
RGI60-11.00833,2020,-1.5275316171267468
RGI60-11.00833,2021,-1.4641390638708187
RGI60-11.00833,2022,-2.4683619146543903
RGI60-11.00833,2023,-2.0387347240773694
RGI60-11.00833,2024,-1.386635974150141
RGI60-11.00834,2000,-0.6708096692291894
RGI60-11.00834,2001,0.6305068453768219
RGI60-11.00834,2002,-0.27219416546337316
RGI60-11.00834,2003,-1.767497399952308
RGI60-11.00834,2004,-0.2324336162225289
RGI60-11.00834,2005,-1.15596230442198
RGI60-11.00834,2006,-0.902817588087738
RGI60-11.00834,2007,-0.8081207476610393
RGI60-11.00834,2008,-0.6805243747067939
RGI60-11.00834,2009,-0.9977658980229428
RGI60-11.00834,2010,-0.3219016577648486
RGI60-11.00834,2011,-1.0753066045167299
RGI60-11.00834,2012,-1.1516471189057174
RGI60-11.00834,2013,-0.35551723751528597
RGI60-11.00834,2014,-0.7102050502912198
RGI60-11.00834,2015,-1.0932890526270964
RGI60-11.00834,2016,-1.2064077527860195
RGI60-11.00834,2017,-1.6820190075258976
RGI60-11.00834,2018,-1.9609164889623125
RGI60-11.00834,2019,-1.1601711107138062
RGI60-11.00834,2020,-1.263891657827647
RGI60-11.00834,2021,-1.0839753414384488
RGI60-11.00834,2022,-2.2554815290398817
RGI60-11.00834,2023,-1.9591534674308333
RGI60-11.00834,2024,-0.8048012249041635
RGI60-11.00836,2000,-1.0716171552889382
RGI60-11.00836,2001,-0.31658999707351243
RGI60-11.00836,2002,-0.8609915817849841
RGI60-11.00836,2003,-1.6433679960060856
RGI60-11.00836,2004,-0.7539495871806202
RGI60-11.00836,2005,1.0716888154575472
RGI60-11.00836,2006,-1.3163334825477397
RGI60-11.00836,2007,-1.4622126392864185
RGI60-11.00836,2008,-0.6051391671479784
RGI60-11.00836,2009,-0.7462838553207206
RGI60-11.00836,2010,-0.8261160678942826
RGI60-11.00836,2011,-1.5607314361711015
RGI60-11.00836,2012,-0.7427792087593456
RGI60-11.00836,2013,-0.8978069891674225
RGI60-11.00836,2014,-1.2376734763015387
RGI60-11.00836,2015,0.6340753627589103
RGI60-11.00836,2016,-1.0982590039612519
RGI60-11.00836,2017,-1.4048664386269707
RGI60-11.00836,2018,-1.5934782597374886
RGI60-11.00836,2019,-1.6021678359600597
RGI60-11.00836,2020,-1.034791885353476
RGI60-11.00836,2021,-1.1300672221286039
RGI60-11.00836,2022,-1.443352130979099
RGI60-11.00836,2023,-1.6876454262313947
RGI60-11.00836,2024,-0.7736747614484396
RGI60-11.00841,2000,-0.8264765375380629
RGI60-11.00841,2001,0.17504255777108657
RGI60-11.00841,2002,-0.6616606178791102
RGI60-11.00841,2003,-1.3627252458001387
RGI60-11.00841,2004,-0.4189341379529755
RGI60-11.00841,2005,-0.9237732987199812
RGI60-11.00841,2006,-1.1556847156072307
RGI60-11.00841,2007,-1.0003972350115429
RGI60-11.00841,2008,-0.6935617953989593
RGI60-11.00841,2009,-0.7766868043260152
RGI60-11.00841,2010,0.0022053281955097814
RGI60-11.00841,2011,-0.4313246111042649
RGI60-11.00841,2012,-1.0859931075289628
RGI60-11.00841,2013,-0.31599488258353464
RGI60-11.00841,2014,-0.2226095986865555
RGI60-11.00841,2015,-0.5637958595973633
RGI60-11.00841,2016,-0.9645767719106567
RGI60-11.00841,2017,-0.45306934097478246
RGI60-11.00841,2018,-1.2675175849032896
RGI60-11.00841,2019,-0.9853657404431675
RGI60-11.00841,2020,-0.5289213717033452
RGI60-11.00841,2021,-0.7912089494236291
RGI60-11.00841,2022,-1.65949558164536
RGI60-11.00841,2023,-1.4121225250475176
RGI60-11.00841,2024,-1.043588965915662
RGI60-11.00843,2000,-0.5362105930084211
RGI60-11.00843,2001,0.007929520579090021
RGI60-11.00843,2002,-0.3670141614986542
RGI60-11.00843,2003,-1.2857702087755898
RGI60-11.00843,2004,-0.9134648429553255
RGI60-11.00843,2005,-0.9243477434719165
RGI60-11.00843,2006,-0.41959811387094587
RGI60-11.00843,2007,-0.8312912367553174
RGI60-11.00843,2008,-0.8400661673794172
RGI60-11.00843,2009,-0.7958210615880495
RGI60-11.00843,2010,-0.40345533878222467
RGI60-11.00843,2011,-1.3004961026669182
RGI60-11.00843,2012,-0.37012302805486574
RGI60-11.00843,2013,-0.43289835021346706
RGI60-11.00843,2014,-1.0618704066008378
RGI60-11.00843,2015,-1.0860665676332322
RGI60-11.00843,2016,-0.6143118912203596
RGI60-11.00843,2017,-0.9898427920565469
RGI60-11.00843,2018,-1.672602945606391
RGI60-11.00843,2019,-1.2239779684406118
RGI60-11.00843,2020,-1.4933843617072284
RGI60-11.00843,2021,-0.9895194553697225
RGI60-11.00843,2022,-2.3668435332553974
RGI60-11.00843,2023,-1.3361815732818907
RGI60-11.00843,2024,-1.1781188822674757
RGI60-11.00844,2000,-0.37325545891199086
RGI60-11.00844,2001,0.0791955300010031
RGI60-11.00844,2002,-0.13522554799832098
RGI60-11.00844,2003,-1.3968219972078368
RGI60-11.00844,2004,-0.33261687392816597
RGI60-11.00844,2005,-0.9145471482248322
RGI60-11.00844,2006,-1.324969258603536
RGI60-11.00844,2007,-0.402758289994176
RGI60-11.00844,2008,-1.079178045298724
RGI60-11.00844,2009,-1.090739221631641
RGI60-11.00844,2010,-0.20724802327959035
RGI60-11.00844,2011,-0.6732566212304489
RGI60-11.00844,2012,-0.9628535663920189
RGI60-11.00844,2013,0.11258344522036667
RGI60-11.00844,2014,-0.5580347545437294
RGI60-11.00844,2015,-0.9742148418458132
RGI60-11.00844,2016,-0.9562864685569992
RGI60-11.00844,2017,-1.24612741165953
RGI60-11.00844,2018,-1.5905873477484826
RGI60-11.00844,2019,-0.9502580981655278
RGI60-11.00844,2020,-0.997433488457594
RGI60-11.00844,2021,-1.1387765478376615
RGI60-11.00844,2022,-2.0448728412338744
RGI60-11.00844,2023,-1.6229376194442926
RGI60-11.00844,2024,-0.9408771253469388
RGI60-11.00846,2000,-0.0845093984351305
RGI60-11.00846,2001,0.16228420967879043
RGI60-11.00846,2002,-0.479578216087141
RGI60-11.00846,2003,-1.556814240730747
RGI60-11.00846,2004,-0.24123006087640952
RGI60-11.00846,2005,-0.9957212619393097
RGI60-11.00846,2006,-0.8703641895005615
RGI60-11.00846,2007,-0.7001617161575003
RGI60-11.00846,2008,-0.7657640172228883
RGI60-11.00846,2009,-1.3420361502336973
RGI60-11.00846,2010,-0.38001119378757775
RGI60-11.00846,2011,-1.0023997604147492
RGI60-11.00846,2012,-1.219802085459652
RGI60-11.00846,2013,-0.2408033795976121
RGI60-11.00846,2014,-0.435615404060644
RGI60-11.00846,2015,-1.0463325657859175
RGI60-11.00846,2016,-0.9180055783207779
RGI60-11.00846,2017,-1.048616524966183
RGI60-11.00846,2018,-1.8473163935535135
RGI60-11.00846,2019,-1.3499020725487747
RGI60-11.00846,2020,-1.0381678793808824
RGI60-11.00846,2021,-1.1117046980436194
RGI60-11.00846,2022,-2.2531697224827933
RGI60-11.00846,2023,-1.757631539106486
RGI60-11.00846,2024,-1.4717400804340277
RGI60-11.00848,2000,-0.596900803428352
RGI60-11.00848,2001,-0.020289995434577435
RGI60-11.00848,2002,-1.0412665316882597
RGI60-11.00848,2003,-1.6920268924363269
RGI60-11.00848,2004,-0.5611965254747476
RGI60-11.00848,2005,-1.2786982774400266
RGI60-11.00848,2006,-1.2023272491445731
RGI60-11.00848,2007,-1.4123752986812945
RGI60-11.00848,2008,-0.9538041493888979
RGI60-11.00848,2009,-1.3135996400790286
RGI60-11.00848,2010,-0.42485069200557835
RGI60-11.00848,2011,-1.8172595758491452
RGI60-11.00848,2012,-1.4782837965333315
RGI60-11.00848,2013,-0.8917594208860693
RGI60-11.00848,2014,-1.2503200592416686
RGI60-11.00848,2015,-1.4188888075941601
RGI60-11.00848,2016,-1.2698127780570703
RGI60-11.00848,2017,-1.014640077970853
RGI60-11.00848,2018,-2.014361157817708
RGI60-11.00848,2019,-1.5347382708483241
RGI60-11.00848,2020,-1.6161321921236596
RGI60-11.00848,2021,-1.5969478033010036
RGI60-11.00848,2022,-2.402687045483089
RGI60-11.00848,2023,-1.6377134481800981
RGI60-11.00848,2024,-1.2735498063166784
RGI60-11.00852,2000,-0.5404651568200634
RGI60-11.00852,2001,0.65588659859497
RGI60-11.00852,2002,-0.7925915374832201
RGI60-11.00852,2003,-1.4786190869791418
RGI60-11.00852,2004,-0.7727236002324452
RGI60-11.00852,2005,-1.0702748686443333
RGI60-11.00852,2006,-0.44103004317904854
RGI60-11.00852,2007,-0.6940085645195487
RGI60-11.00852,2008,-0.7025408820415564
RGI60-11.00852,2009,-1.8114568798713748
RGI60-11.00852,2010,-0.4606411960549789
RGI60-11.00852,2011,-1.4408631047638134
RGI60-11.00852,2012,-0.4009252026003576
RGI60-11.00852,2013,-0.03797087390390197
RGI60-11.00852,2014,-0.417391298018965
RGI60-11.00852,2015,-1.349894992372592
RGI60-11.00852,2016,-0.6838004667147355
RGI60-11.00852,2017,-1.1211043759131372
RGI60-11.00852,2018,-1.454033488072809
RGI60-11.00852,2019,-0.7224509804089511
RGI60-11.00852,2020,-1.5271520820944697
RGI60-11.00852,2021,-0.815190011650459
RGI60-11.00852,2022,-1.4616728612618708
RGI60-11.00852,2023,-1.454929306298709
RGI60-11.00852,2024,-0.7956795834682975
RGI60-11.00860,2000,-0.40395142956503693
RGI60-11.00860,2001,0.35227607167839414
RGI60-11.00860,2002,-0.042311903563322595
RGI60-11.00860,2003,-1.6870676977157113
RGI60-11.00860,2004,-0.23605865954833016
RGI60-11.00860,2005,-0.9657608708321336
RGI60-11.00860,2006,-1.3476655122351704
RGI60-11.00860,2007,-1.2396984117748369
RGI60-11.00860,2008,-0.9891858747260327
RGI60-11.00860,2009,-1.3252388616188897
RGI60-11.00860,2010,-0.5419949398712761
RGI60-11.00860,2011,-1.0278708283328066
RGI60-11.00860,2012,-1.3844315841332657
RGI60-11.00860,2013,-0.3075281473255088
RGI60-11.00860,2014,-0.39996577654345145
RGI60-11.00860,2015,-1.0306899762221562
RGI60-11.00860,2016,-0.9329935748752198
RGI60-11.00860,2017,-1.339223020538976
RGI60-11.00860,2018,-1.8716536708980887
RGI60-11.00860,2019,-1.4002853313581858
RGI60-11.00860,2020,-1.2957911124928303
RGI60-11.00860,2021,-0.9518471892852354
RGI60-11.00860,2022,-2.4178951541183835
RGI60-11.00860,2023,-1.9685843644355818
RGI60-11.00860,2024,-1.012078413499215
RGI60-11.00871,2000,-0.6105834067480567
RGI60-11.00871,2001,0.15221255581171045
RGI60-11.00871,2002,-0.38011672383721967
RGI60-11.00871,2003,-1.413123129668971
RGI60-11.00871,2004,-0.3892497039816051
RGI60-11.00871,2005,-0.8892490938096712
RGI60-11.00871,2006,-0.9222119044586436
RGI60-11.00871,2007,-1.0482206173070665
RGI60-11.00871,2008,-0.97252940974867
RGI60-11.00871,2009,-1.0797010129911486
RGI60-11.00871,2010,-0.020053991833155038
RGI60-11.00871,2011,-0.8252862454805827
RGI60-11.00871,2012,-0.8609235510065554
RGI60-11.00871,2013,-0.4453943468636976
RGI60-11.00871,2014,-0.11103829140330523
RGI60-11.00871,2015,-0.519485708559792
RGI60-11.00871,2016,-0.5743852738276332
RGI60-11.00871,2017,-1.045648774660289
RGI60-11.00871,2018,-1.3953562645684645
RGI60-11.00871,2019,-1.132255105057179
RGI60-11.00871,2020,-0.996731658123642
RGI60-11.00871,2021,-0.8598453237899815
RGI60-11.00871,2022,-1.717474727901536
RGI60-11.00871,2023,-1.4183339162989732
RGI60-11.00871,2024,-0.8063979327637965
RGI60-11.00872,2000,-0.5734841578480758
RGI60-11.00872,2001,-0.23204171767021453
RGI60-11.00872,2002,-0.8109584670563605
RGI60-11.00872,2003,-1.6333542871987827
RGI60-11.00872,2004,-0.8174040365339406
RGI60-11.00872,2005,-1.3228149679506243
RGI60-11.00872,2006,-0.9828385129871341
RGI60-11.00872,2007,-0.8783855068362649
RGI60-11.00872,2008,-0.6919423303036427
RGI60-11.00872,2009,-1.3766984015869075
RGI60-11.00872,2010,-0.5735971523511041
RGI60-11.00872,2011,-1.70248473185118
RGI60-11.00872,2012,-0.8975910525778789
RGI60-11.00872,2013,-0.9176580447894448
RGI60-11.00872,2014,-1.1324150390324175
RGI60-11.00872,2015,-1.1559699690388383
RGI60-11.00872,2016,-0.8954653368582173
RGI60-11.00872,2017,-1.260317424538781
RGI60-11.00872,2018,-1.9699988807942255
RGI60-11.00872,2019,-1.608279982195953
RGI60-11.00872,2020,-1.7819815869583717
RGI60-11.00872,2021,-1.2299461282278377
RGI60-11.00872,2022,-2.682315462705501
RGI60-11.00872,2023,-1.726404276587716
RGI60-11.00872,2024,-1.3470853323413396
RGI60-11.00878,2000,-0.3631508719674143
RGI60-11.00878,2001,0.07416139330460259
RGI60-11.00878,2002,-0.3555161489573319
RGI60-11.00878,2003,-1.515015292634581
RGI60-11.00878,2004,-0.5448540004009264
RGI60-11.00878,2005,-1.0839579285208056
RGI60-11.00878,2006,-0.7887183156337901
RGI60-11.00878,2007,-0.7509420564758134
RGI60-11.00878,2008,-0.4808701056067297
RGI60-11.00878,2009,-1.0359093270194168
RGI60-11.00878,2010,-0.16770934845396812
RGI60-11.00878,2011,-1.315550671602323
RGI60-11.00878,2012,-0.7321046710295799
RGI60-11.00878,2013,-0.3817952778387875
RGI60-11.00878,2014,-0.6878389193695683
RGI60-11.00878,2015,-0.9457940273653291
RGI60-11.00878,2016,-0.5289702883639733
RGI60-11.00878,2017,-1.150733924584784
RGI60-11.00878,2018,-1.9561011811766829
RGI60-11.00878,2019,-1.2123290363028034
RGI60-11.00878,2020,-1.3435213792501157
RGI60-11.00878,2021,-0.8063259028229972
RGI60-11.00878,2022,-2.2238646559167976
RGI60-11.00878,2023,-1.4616277209596376
RGI60-11.00878,2024,-0.9836005323147525
RGI60-11.00880,2000,-0.3836277508278948
RGI60-11.00880,2001,0.2888177356436188
RGI60-11.00880,2002,-0.7099020357683674
RGI60-11.00880,2003,-1.5264371578076878
RGI60-11.00880,2004,-0.5285223705490865
RGI60-11.00880,2005,-0.7833357450978399
RGI60-11.00880,2006,-1.1999447195431978
RGI60-11.00880,2007,-0.9188866577766185
RGI60-11.00880,2008,-0.6543677073520057
RGI60-11.00880,2009,-1.0780444420883097
RGI60-11.00880,2010,-0.36582638263339307
RGI60-11.00880,2011,-0.9935058211579255
RGI60-11.00880,2012,-0.9530150246159624
RGI60-11.00880,2013,-0.4729446619970693
RGI60-11.00880,2014,-0.41542886658820954
RGI60-11.00880,2015,-1.293017031892838
RGI60-11.00880,2016,-0.9075171477897168
RGI60-11.00880,2017,-1.0787544709990922
RGI60-11.00880,2018,-1.57239626855243
RGI60-11.00880,2019,-1.266943472605969
RGI60-11.00880,2020,-1.1969615413326826
RGI60-11.00880,2021,-1.1760253070932754
RGI60-11.00880,2022,-1.7980491568852321
RGI60-11.00880,2023,-1.627330878486926
RGI60-11.00880,2024,-0.9059863384316225
RGI60-11.00885,2000,-0.23713100684390515
RGI60-11.00885,2001,0.5154654609624892
RGI60-11.00885,2002,0.11383643251551245
RGI60-11.00885,2003,-1.3846655105024797
RGI60-11.00885,2004,-0.04871171128765128
RGI60-11.00885,2005,-0.6596877718407148
RGI60-11.00885,2006,-1.1714494439775949
RGI60-11.00885,2007,-0.9784012193669978
RGI60-11.00885,2008,-0.9478384104761813
RGI60-11.00885,2009,-1.2611835133622014
RGI60-11.00885,2010,-0.09352646535156828
RGI60-11.00885,2011,-1.132275850686074
RGI60-11.00885,2012,-1.063612065422681
RGI60-11.00885,2013,-0.20749517913697246
RGI60-11.00885,2014,-0.37885792671484236
RGI60-11.00885,2015,-1.0422188825164962
RGI60-11.00885,2016,-0.8547986575757347
RGI60-11.00885,2017,-0.840013512548942
RGI60-11.00885,2018,-1.7983053330301493
RGI60-11.00885,2019,-0.893629432836822
RGI60-11.00885,2020,-1.2701015009098975
RGI60-11.00885,2021,-1.1086613377537344
RGI60-11.00885,2022,-2.1305396727914134
RGI60-11.00885,2023,-1.640592634229328
RGI60-11.00885,2024,-0.8940022281523723
RGI60-11.00886,2000,-0.5112932979771174
RGI60-11.00886,2001,0.24279594162646423
RGI60-11.00886,2002,-0.27759476652836435
RGI60-11.00886,2003,-1.5831797069375322
RGI60-11.00886,2004,-0.4984051840710265
RGI60-11.00886,2005,-0.9935525648287696
RGI60-11.00886,2006,-1.1524471188673076
RGI60-11.00886,2007,-1.0256015535059293
RGI60-11.00886,2008,-0.9289655227287801
RGI60-11.00886,2009,-1.2779910179759137
RGI60-11.00886,2010,-0.16480521729244157
RGI60-11.00886,2011,-1.0552103774558086
RGI60-11.00886,2012,-1.2889950520508844
RGI60-11.00886,2013,-0.3102310459846913
RGI60-11.00886,2014,-0.9107415286386394
RGI60-11.00886,2015,-0.9920903390422241
RGI60-11.00886,2016,-1.033427176459837
RGI60-11.00886,2017,-1.5312105736109443
RGI60-11.00886,2018,-1.8533749673996085
RGI60-11.00886,2019,-1.43887893027064
RGI60-11.00886,2020,-1.125740019775998
RGI60-11.00886,2021,-1.1475951452959416
RGI60-11.00886,2022,-2.359608242764237
RGI60-11.00886,2023,-1.9062124221590366
RGI60-11.00886,2024,-1.0766620841267869
RGI60-11.00887,2000,-0.8208763300762376
RGI60-11.00887,2001,-0.03783241342613941
RGI60-11.00887,2002,-0.2556552353307441
RGI60-11.00887,2003,-1.893592443572568
RGI60-11.00887,2004,-0.44678664128440027
RGI60-11.00887,2005,-1.251160114834621
RGI60-11.00887,2006,-1.5608916307447975
RGI60-11.00887,2007,-1.6476605118900762
RGI60-11.00887,2008,-1.3530352069681397
RGI60-11.00887,2009,-1.052480919118887
RGI60-11.00887,2010,-0.18925439774009367
RGI60-11.00887,2011,-1.3572224092723166
RGI60-11.00887,2012,-1.438001478407987
RGI60-11.00887,2013,-0.8934424547808473
RGI60-11.00887,2014,-0.47384987247846466
RGI60-11.00887,2015,-1.4709417683227792
RGI60-11.00887,2016,-1.237454165240729
RGI60-11.00887,2017,-1.9075793899411775
RGI60-11.00887,2018,-2.2804816808079695
RGI60-11.00887,2019,-1.4557009357610284
RGI60-11.00887,2020,-1.5789414442138936
RGI60-11.00887,2021,-1.256794679530169
RGI60-11.00887,2022,-2.628326551761207
RGI60-11.00887,2023,-2.059273433186952
RGI60-11.00887,2024,-1.3397100926940158
RGI60-11.00893,2000,-0.6514740305525295
RGI60-11.00893,2001,0.389244279919827
RGI60-11.00893,2002,-0.13719127471669468
RGI60-11.00893,2003,-1.5127493052107788
RGI60-11.00893,2004,-0.22553881798317188
RGI60-11.00893,2005,-0.6646247442409482
RGI60-11.00893,2006,-0.9806122771768623
RGI60-11.00893,2007,-0.9877061052619475
RGI60-11.00893,2008,-0.7814541846842522
RGI60-11.00893,2009,-0.857904078783816
RGI60-11.00893,2010,0.029084976093506798
RGI60-11.00893,2011,-0.8010888432643077
RGI60-11.00893,2012,-0.9212998592552166
RGI60-11.00893,2013,-0.2868346207021256
RGI60-11.00893,2014,-0.47065948702306104
RGI60-11.00893,2015,-0.5773736083769316
RGI60-11.00893,2016,-0.9461901271987239
RGI60-11.00893,2017,-1.5365974244250586
RGI60-11.00893,2018,-1.3478765110345812
RGI60-11.00893,2019,-1.104153956122331
RGI60-11.00893,2020,-0.9626168387450401
RGI60-11.00893,2021,-0.7111957886430477
RGI60-11.00893,2022,-2.0712482859346775
RGI60-11.00893,2023,-1.3468784173276473
RGI60-11.00893,2024,-0.7482832379850626
RGI60-11.00894,2000,-0.25050252810921425
RGI60-11.00894,2001,0.37277536349677376
RGI60-11.00894,2002,-0.4440471713104994
RGI60-11.00894,2003,-1.114711758543172
RGI60-11.00894,2004,-0.6010856357397986
RGI60-11.00894,2005,-0.7688107873244939
RGI60-11.00894,2006,-0.24493832767805634
RGI60-11.00894,2007,-0.6750675691402559
RGI60-11.00894,2008,-0.975934158989141
RGI60-11.00894,2009,-1.1151303367607481
RGI60-11.00894,2010,-0.41630882783886475
RGI60-11.00894,2011,-1.0933323602792413
RGI60-11.00894,2012,-0.6844204811049124
RGI60-11.00894,2013,-0.5200797491392037
RGI60-11.00894,2014,-1.142341173157298
RGI60-11.00894,2015,-1.065518100131758
RGI60-11.00894,2016,-0.6099191637268325
RGI60-11.00894,2017,-1.0963831246632045
RGI60-11.00894,2018,-1.3720775129835403
RGI60-11.00894,2019,-1.1927665968765326
RGI60-11.00894,2020,-1.5533411473408556
RGI60-11.00894,2021,-0.9273864623704771
RGI60-11.00894,2022,-1.9624865438612114
RGI60-11.00894,2023,-1.278990543695585
RGI60-11.00894,2024,-1.2370561809756422
RGI60-11.00897,2000,-0.6221801221029439
RGI60-11.00897,2001,0.002818638598907075
RGI60-11.00897,2002,-0.5838350736454772
RGI60-11.00897,2003,-1.8119441224713313
RGI60-11.00897,2004,-0.4432002443478551
RGI60-11.00897,2005,-1.1577419971209864
RGI60-11.00897,2006,-1.62950619480781
RGI60-11.00897,2007,-1.2612058656315244
RGI60-11.00897,2008,-0.9581142941916999
RGI60-11.00897,2009,-1.3848432389661287
RGI60-11.00897,2010,-0.5956882182782659
RGI60-11.00897,2011,-1.6342571601601008
RGI60-11.00897,2012,-1.3094470922938217
RGI60-11.00897,2013,-0.44757636071158013
RGI60-11.00897,2014,-0.5412643414856294
RGI60-11.00897,2015,-1.391542786849692
RGI60-11.00897,2016,-1.1671489150458711
RGI60-11.00897,2017,-1.4291160195337753
RGI60-11.00897,2018,-2.1554661044321977
RGI60-11.00897,2019,-1.4842404865222185
RGI60-11.00897,2020,-1.4752568262475294
RGI60-11.00897,2021,-1.376883207843061
RGI60-11.00897,2022,-2.7374528400047873
RGI60-11.00897,2023,-2.011149004928734
RGI60-11.00897,2024,-1.484597606150362
RGI60-11.00903,2000,0.1007925510193709
RGI60-11.00903,2001,0.24449036766316
RGI60-11.00903,2002,-0.33270034929643977
RGI60-11.00903,2003,-1.3488661936709616
RGI60-11.00903,2004,-0.03018797257090755
RGI60-11.00903,2005,-0.8951589414892418
RGI60-11.00903,2006,-1.0155412073705175
RGI60-11.00903,2007,-0.47902953363863143
RGI60-11.00903,2008,-0.6020415861780635
RGI60-11.00903,2009,-0.9964781643872269
RGI60-11.00903,2010,-0.30060789312382635
RGI60-11.00903,2011,-0.8731231202264739
RGI60-11.00903,2012,-0.9252523787539505
RGI60-11.00903,2013,-0.06886234864137142
RGI60-11.00903,2014,-0.683480495910014
RGI60-11.00903,2015,-1.1787107107486938
RGI60-11.00903,2016,-1.045569166132891
RGI60-11.00903,2017,-1.0404541509037368
RGI60-11.00903,2018,-1.5449028217920084
RGI60-11.00903,2019,-1.254115883847568
RGI60-11.00903,2020,-0.8852775268771702
RGI60-11.00903,2021,-1.0024471877448413
RGI60-11.00903,2022,-2.2947355804775795
RGI60-11.00903,2023,-1.7825368045577916
RGI60-11.00903,2024,-1.1780946307341804
RGI60-11.00905,2000,0.029113837570595158
RGI60-11.00905,2001,0.5460894903331888
RGI60-11.00905,2002,0.05339266953558419
RGI60-11.00905,2003,-1.4225541294134016
RGI60-11.00905,2004,-0.06132500862218088
RGI60-11.00905,2005,-0.5128103025261451
RGI60-11.00905,2006,-0.5707760100435149
RGI60-11.00905,2007,-0.5929417996651454
RGI60-11.00905,2008,-0.32875969876626426
RGI60-11.00905,2009,-0.8241283053301932
RGI60-11.00905,2010,0.1377157454116429
RGI60-11.00905,2011,-0.6617583278929484
RGI60-11.00905,2012,-0.6816104755219059
RGI60-11.00905,2013,-0.07546595156398328
RGI60-11.00905,2014,-0.041393068020975254
RGI60-11.00905,2015,-0.5299706161419018
RGI60-11.00905,2016,-0.7248362627948379
RGI60-11.00905,2017,-1.185248599450129
RGI60-11.00905,2018,-1.4924589242684063
RGI60-11.00905,2019,-1.0114742628290816
RGI60-11.00905,2020,-0.75141668389698
RGI60-11.00905,2021,-0.8769721519924578
RGI60-11.00905,2022,-1.894259395837325
RGI60-11.00905,2023,-1.5467628558110693
RGI60-11.00905,2024,-0.9307931893107813
RGI60-11.00906,2000,-1.000443071656268
RGI60-11.00906,2001,0.13939743287149176
RGI60-11.00906,2002,-0.679976066252054
RGI60-11.00906,2003,-1.8017073486959636
RGI60-11.00906,2004,-0.8139535903069188
RGI60-11.00906,2005,-1.2193757170288384
RGI60-11.00906,2006,-0.5603730292841935
RGI60-11.00906,2007,-1.066523541633715
RGI60-11.00906,2008,-1.2212783944604453
RGI60-11.00906,2009,-1.349600952827281
RGI60-11.00906,2010,-0.22616793925959233
RGI60-11.00906,2011,-1.7011727166426396
RGI60-11.00906,2012,-0.43370715040639496
RGI60-11.00906,2013,-0.7809553862059553
RGI60-11.00906,2014,-0.9824905619966781
RGI60-11.00906,2015,-1.28253702129628
RGI60-11.00906,2016,-0.5454732431832263
RGI60-11.00906,2017,-1.125139086169697
RGI60-11.00906,2018,-1.5170078053228069
RGI60-11.00906,2019,-1.5274148102425373
RGI60-11.00906,2020,-1.9838365262676594
RGI60-11.00906,2021,-1.038271303538292
RGI60-11.00906,2022,-2.0721404564814394
RGI60-11.00906,2023,-1.825817251393135
RGI60-11.00906,2024,-1.1803500677215306
RGI60-11.00917,2000,-0.2590090222269895
RGI60-11.00917,2001,0.48606000819562467
RGI60-11.00917,2002,0.01663692297671282
RGI60-11.00917,2003,-1.4018504774855107
RGI60-11.00917,2004,-0.2071362541300214
RGI60-11.00917,2005,-0.7050518213857789
RGI60-11.00917,2006,-1.1476728406577776
RGI60-11.00917,2007,-0.9904180213439632
RGI60-11.00917,2008,-0.7955901653071721
RGI60-11.00917,2009,-0.798569537294674
RGI60-11.00917,2010,0.37994605189702735
RGI60-11.00917,2011,-0.7839799380691204
RGI60-11.00917,2012,-1.006305697651571
RGI60-11.00917,2013,-0.25858278120145173
RGI60-11.00917,2014,-0.27201951099679805
RGI60-11.00917,2015,-0.34749880454598336
RGI60-11.00917,2016,-1.0147004966372573
RGI60-11.00917,2017,-0.5056812063048824
RGI60-11.00917,2018,-1.1742809525499969
RGI60-11.00917,2019,-0.876995455280422
RGI60-11.00917,2020,-0.883903054162697
RGI60-11.00917,2021,-0.6259693744793988
RGI60-11.00917,2022,-2.0124427923876347
RGI60-11.00917,2023,-1.507974510858789
RGI60-11.00917,2024,-0.7393736881203368
RGI60-11.00918,2000,-1.1239724440330898
RGI60-11.00918,2001,-0.12602696004439728
RGI60-11.00918,2002,-0.8551623905643364
RGI60-11.00918,2003,-1.7811998811732082
RGI60-11.00918,2004,-0.8359281513009251
RGI60-11.00918,2005,-1.4567939615538137
RGI60-11.00918,2006,-0.6757405384185651
RGI60-11.00918,2007,-1.4388074793636978
RGI60-11.00918,2008,-1.1715904557337844
RGI60-11.00918,2009,-1.1685625642396151
RGI60-11.00918,2010,-0.6860624129120353
RGI60-11.00918,2011,-0.8371651539723398
RGI60-11.00918,2012,-0.8865286753065984
RGI60-11.00918,2013,-0.9643061235999149
RGI60-11.00918,2014,-1.2740639496681483
RGI60-11.00918,2015,-1.4461295802141587
RGI60-11.00918,2016,-0.7773249476853741
RGI60-11.00918,2017,-0.2363499195558053
RGI60-11.00918,2018,-1.9010004227459945
RGI60-11.00918,2019,-1.7567839879141944
RGI60-11.00918,2020,-1.069990373327923
RGI60-11.00918,2021,-1.306721260879466
RGI60-11.00918,2022,-1.8771856212131395
RGI60-11.00918,2023,-1.4306064771313
RGI60-11.00918,2024,-1.335344996464954
RGI60-11.00919,2000,-0.3131195116529633
RGI60-11.00919,2001,0.7011872996242707
RGI60-11.00919,2002,-0.13673536645776152
RGI60-11.00919,2003,-1.531883470951903
RGI60-11.00919,2004,-0.19259307767416578
RGI60-11.00919,2005,-1.0429609713545265
RGI60-11.00919,2006,-0.7999184700994932
RGI60-11.00919,2007,-0.9281588859021226
RGI60-11.00919,2008,-1.0183378685778073
RGI60-11.00919,2009,-1.0442281623716507
RGI60-11.00919,2010,-0.03896039837238474
RGI60-11.00919,2011,-0.9233610206036327
RGI60-11.00919,2012,-1.3452427685431836
RGI60-11.00919,2013,-0.24195777697786258
RGI60-11.00919,2014,-0.7798031940635257
RGI60-11.00919,2015,-0.7379966681079153
RGI60-11.00919,2016,-1.0588136394391727
RGI60-11.00919,2017,-1.2966218427501544
RGI60-11.00919,2018,-1.3766269287810369
RGI60-11.00919,2019,-0.9569672769430173
RGI60-11.00919,2020,-0.7478928831170499
RGI60-11.00919,2021,-1.0757650715540235
RGI60-11.00919,2022,-2.1401291806588
RGI60-11.00919,2023,-0.9594610916572697
RGI60-11.00919,2024,-0.06211332857515328
RGI60-11.00923,2000,-0.6085106019883695
RGI60-11.00923,2001,0.3190021205358422
RGI60-11.00923,2002,-0.22209645677208967
RGI60-11.00923,2003,-1.5319964102785937
RGI60-11.00923,2004,-0.7323899528948234
RGI60-11.00923,2005,-1.201458644918468
RGI60-11.00923,2006,-0.7652647470516889
RGI60-11.00923,2007,-0.8910588129247563
RGI60-11.00923,2008,-0.7794291065372463
RGI60-11.00923,2009,-0.8744555977262891
RGI60-11.00923,2010,-0.4911079214384042
RGI60-11.00923,2011,-1.5297565814801972
RGI60-11.00923,2012,-0.7479815498477185
RGI60-11.00923,2013,-0.5791200970036856
RGI60-11.00923,2014,-1.2395146807081487
RGI60-11.00923,2015,-1.0696099283939502
RGI60-11.00923,2016,-0.8204834747518408
RGI60-11.00923,2017,-1.290366967571312
RGI60-11.00923,2018,-1.3608716140606112
RGI60-11.00923,2019,-1.309328974187647
RGI60-11.00923,2020,-1.3534973280685934
RGI60-11.00923,2021,-1.3779368802944973
RGI60-11.00923,2022,-1.6183588877461061
RGI60-11.00923,2023,-1.331111446067663
RGI60-11.00923,2024,-0.8265516569502211
RGI60-11.00924,2000,-0.7571104312158041
RGI60-11.00924,2001,0.635243622705048
RGI60-11.00924,2002,-0.2002624881656837
RGI60-11.00924,2003,-1.5281001191097383
RGI60-11.00924,2004,-0.8894855187194267
RGI60-11.00924,2005,-1.0404362645379686
RGI60-11.00924,2006,-0.9368979243472454
RGI60-11.00924,2007,-0.8551167101745052
RGI60-11.00924,2008,-0.5017276606648513
RGI60-11.00924,2009,-1.1461690588784275
RGI60-11.00924,2010,-0.28123132108851634
RGI60-11.00924,2011,-1.4585484663170827
RGI60-11.00924,2012,-0.35435749758388924
RGI60-11.00924,2013,-0.5562935779024338
RGI60-11.00924,2014,-1.2917296963760494
RGI60-11.00924,2015,-0.89791912090297
RGI60-11.00924,2016,-0.5944843189540491
RGI60-11.00924,2017,-1.1047651792536952
RGI60-11.00924,2018,-1.3687567219081633
RGI60-11.00924,2019,-1.4737515466045554
RGI60-11.00924,2020,-1.5422083827342967
RGI60-11.00924,2021,-0.9474238109843908
RGI60-11.00924,2022,-1.5781570805023464
RGI60-11.00924,2023,-1.3782564897190535
RGI60-11.00924,2024,-0.5019244724608112
RGI60-11.00925,2000,0.2469521741128644
RGI60-11.00925,2001,0.6112962818792518
RGI60-11.00925,2002,-0.25419178620811494
RGI60-11.00925,2003,-1.197984447137564
RGI60-11.00925,2004,-0.10715140410922325
RGI60-11.00925,2005,-0.7708080132426309
RGI60-11.00925,2006,-0.5741045523785548
RGI60-11.00925,2007,-0.4556593966801428
RGI60-11.00925,2008,-0.3999133033620515
RGI60-11.00925,2009,-0.9055651555346542
RGI60-11.00925,2010,-0.03568874084988277
RGI60-11.00925,2011,-0.3875219162817218
RGI60-11.00925,2012,-1.0441736765889007
RGI60-11.00925,2013,0.01087169198064597
RGI60-11.00925,2014,-0.3563990226998702
RGI60-11.00925,2015,-0.8090187071136914
RGI60-11.00925,2016,-0.7585731834263794
RGI60-11.00925,2017,-0.7662694430192035
RGI60-11.00925,2018,-1.2192165967338526
RGI60-11.00925,2019,-0.9886808026063226
RGI60-11.00925,2020,-0.6455872570379899
RGI60-11.00925,2021,-0.8689748753953825
RGI60-11.00925,2022,-2.046466949042302
RGI60-11.00925,2023,-1.3199314889461955
RGI60-11.00925,2024,-0.8435731118621461
RGI60-11.00929,2000,-0.7251861072651699
RGI60-11.00929,2001,-0.022627630636424145
RGI60-11.00929,2002,-0.7852631445116695
RGI60-11.00929,2003,-2.111299385613097
RGI60-11.00929,2004,-0.6812746085640252
RGI60-11.00929,2005,-1.6679382922485386
RGI60-11.00929,2006,-1.4701829842947343
RGI60-11.00929,2007,-1.6759395550773781
RGI60-11.00929,2008,-1.289633155174981
RGI60-11.00929,2009,-1.405361022721152
RGI60-11.00929,2010,-0.542270189867845
RGI60-11.00929,2011,-1.4392337038131675
RGI60-11.00929,2012,-1.3782499342051284
RGI60-11.00929,2013,-1.2629337436148211
RGI60-11.00929,2014,-1.116764787440126
RGI60-11.00929,2015,-1.4879829873051207
RGI60-11.00929,2016,-1.5042980743659344
RGI60-11.00929,2017,-1.7039370718712603
RGI60-11.00929,2018,-1.913990766984445
RGI60-11.00929,2019,-1.4577328544249761
RGI60-11.00929,2020,-1.5896838880698738
RGI60-11.00929,2021,-1.2476602179803022
RGI60-11.00929,2022,-2.389233723332543
RGI60-11.00929,2023,-2.2207324008806837
RGI60-11.00929,2024,-1.4104965081089487
RGI60-11.00932,2000,-0.6196586292948421
RGI60-11.00932,2001,-0.08192757498093595
RGI60-11.00932,2002,-0.5647548126346348
RGI60-11.00932,2003,-1.432670760602031
RGI60-11.00932,2004,-0.16965266729568607
RGI60-11.00932,2005,-0.5123239542624618
RGI60-11.00932,2006,-0.03876130021702218
RGI60-11.00932,2007,-0.7025709435238914
RGI60-11.00932,2008,-0.39996619699449165
RGI60-11.00932,2009,-0.4304857290510476
RGI60-11.00932,2010,-0.37105963875438874
RGI60-11.00932,2011,-0.8487144094318588
RGI60-11.00932,2012,-0.36162758343122325
RGI60-11.00932,2013,-0.5887632532171037
RGI60-11.00932,2014,-1.0592838212124585
RGI60-11.00932,2015,-1.0477830730118636
RGI60-11.00932,2016,-0.7013392761271275
RGI60-11.00932,2017,-0.7915592414075353
RGI60-11.00932,2018,-1.3144160696473874
RGI60-11.00932,2019,-1.4864810649020033
RGI60-11.00932,2020,-1.0250549791416073
RGI60-11.00932,2021,-1.0068639166756765
RGI60-11.00932,2022,-1.8366482146242777
RGI60-11.00932,2023,-0.9355013467289195
RGI60-11.00932,2024,-1.236280913538335
RGI60-11.00940,2000,-0.10173041353793755
RGI60-11.00940,2001,0.6591383605448758
RGI60-11.00940,2002,-0.7179862975635838
RGI60-11.00940,2003,-1.487494416972377
RGI60-11.00940,2004,-0.17849484743034433
RGI60-11.00940,2005,-0.9442517242986703
RGI60-11.00940,2006,-0.7093944739407525
RGI60-11.00940,2007,-0.6744135557326012
RGI60-11.00940,2008,-0.7482011110815341
RGI60-11.00940,2009,-1.1869294847802156
RGI60-11.00940,2010,-0.2771220159168134
RGI60-11.00940,2011,-0.5137104287987744
RGI60-11.00940,2012,-1.0001152159173017
RGI60-11.00940,2013,-0.09309869306499285
RGI60-11.00940,2014,-0.49253969638458583
RGI60-11.00940,2015,-0.9423559322769371
RGI60-11.00940,2016,-0.9456432825722656
RGI60-11.00940,2017,-0.769574279910343
RGI60-11.00940,2018,-1.137083684136324
RGI60-11.00940,2019,-0.7963988062285209
RGI60-11.00940,2020,-0.8809096689315233
RGI60-11.00940,2021,-1.3464478803322621
RGI60-11.00940,2022,-2.2371021968647575
RGI60-11.00940,2023,-1.2489759336204496
RGI60-11.00940,2024,-0.9408168683787412
RGI60-11.00943,2000,0.03058323098617577
RGI60-11.00943,2001,0.4644012717386241
RGI60-11.00943,2002,0.002274729573887524
RGI60-11.00943,2003,-1.1781790556695726
RGI60-11.00943,2004,-0.09332515905362959
RGI60-11.00943,2005,-0.8950797674580538
RGI60-11.00943,2006,-0.6534296428622213
RGI60-11.00943,2007,-0.9051298111452117
RGI60-11.00943,2008,-0.566525762611232
RGI60-11.00943,2009,-0.7221906564375877
RGI60-11.00943,2010,-0.03656971024776101
RGI60-11.00943,2011,-0.9920391691332113
RGI60-11.00943,2012,-0.9348415903562954
RGI60-11.00943,2013,0.1834236027475874
RGI60-11.00943,2014,-0.2677152147203059
RGI60-11.00943,2015,-0.7427613452062435
RGI60-11.00943,2016,-0.6424030593385351
RGI60-11.00943,2017,-1.2290899678750535
RGI60-11.00943,2018,-1.5412560591393385
RGI60-11.00943,2019,-0.9009468637920136
RGI60-11.00943,2020,-0.70348281173182
RGI60-11.00943,2021,-0.8796192527801916
RGI60-11.00943,2022,-2.2272764013545387
RGI60-11.00943,2023,-1.492809988868613
RGI60-11.00943,2024,-0.6221012848193045
RGI60-11.00945,2000,-0.4988141291202659
RGI60-11.00945,2001,0.2553113047870754
RGI60-11.00945,2002,-0.33021142301922535
RGI60-11.00945,2003,-1.5240940459431878
RGI60-11.00945,2004,-0.508941832293222
RGI60-11.00945,2005,-1.1612578629133379
RGI60-11.00945,2006,-1.2836602041858451
RGI60-11.00945,2007,-1.1662881741480433
RGI60-11.00945,2008,-0.9032128941869448
RGI60-11.00945,2009,-0.586569576183118
RGI60-11.00945,2010,-0.04583550100442235
RGI60-11.00945,2011,-1.15089375890129
RGI60-11.00945,2012,-1.0910829949081091
RGI60-11.00945,2013,-0.2524903293976497
RGI60-11.00945,2014,-0.35741950902336317
RGI60-11.00945,2015,-0.7865224242848328
RGI60-11.00945,2016,-0.9059720995515915
RGI60-11.00945,2017,-1.4739103170944072
RGI60-11.00945,2018,-1.7695985038367148
RGI60-11.00945,2019,-1.3831357247915013
RGI60-11.00945,2020,-1.16568474619542
RGI60-11.00945,2021,-0.8083401256041954
RGI60-11.00945,2022,-2.4062981923431153
RGI60-11.00945,2023,-1.6596809894210804
RGI60-11.00945,2024,-0.9457418268533793
RGI60-11.00950,2000,-0.017976518976582034
RGI60-11.00950,2001,0.6018321779065204
RGI60-11.00950,2002,-0.20514553395008905
RGI60-11.00950,2003,-1.5873092507921536
RGI60-11.00950,2004,-0.468966741536866
RGI60-11.00950,2005,-0.8579155177294757
RGI60-11.00950,2006,-0.9341834245654683
RGI60-11.00950,2007,-0.7977616680798596
RGI60-11.00950,2008,-0.4198014327282499
RGI60-11.00950,2009,-0.9506774367609454
RGI60-11.00950,2010,-0.2085963486146864
RGI60-11.00950,2011,-0.9341444200137142
RGI60-11.00950,2012,-1.0644515867019733
RGI60-11.00950,2013,-0.037860552841071815
RGI60-11.00950,2014,-0.4689691911409256
RGI60-11.00950,2015,-0.9103942539868259
RGI60-11.00950,2016,-0.745322293296274
RGI60-11.00950,2017,-1.0814427911407822
RGI60-11.00950,2018,-1.5926087524253332
RGI60-11.00950,2019,-1.2356044626252372
RGI60-11.00950,2020,-1.0184407254468586
RGI60-11.00950,2021,-0.9048909448919751
RGI60-11.00950,2022,-2.462871699120362
RGI60-11.00950,2023,-1.7371715769866278
RGI60-11.00950,2024,-1.1683664804004206
RGI60-11.00954,2000,-0.5474796319789362
RGI60-11.00954,2001,0.24684883231964727
RGI60-11.00954,2002,-0.43140317818744073
RGI60-11.00954,2003,-1.4451777774031624
RGI60-11.00954,2004,-0.42919422981870237
RGI60-11.00954,2005,-1.095426492480777
RGI60-11.00954,2006,-0.6274893929500707
RGI60-11.00954,2007,-0.7863603857984648
RGI60-11.00954,2008,-0.7110470322585037
RGI60-11.00954,2009,-1.3528128711122775
RGI60-11.00954,2010,-0.36539389373474507
RGI60-11.00954,2011,-0.7855245591383342
RGI60-11.00954,2012,-0.43424248253141096
RGI60-11.00954,2013,-0.7027666699708817
RGI60-11.00954,2014,-0.929353970703444
RGI60-11.00954,2015,-1.2676850283281202
RGI60-11.00954,2016,-0.6913209287978128
RGI60-11.00954,2017,-1.1560104290342244
RGI60-11.00954,2018,-0.8956257316292692
RGI60-11.00954,2019,-1.218534146463075
RGI60-11.00954,2020,-1.3054674103798347
RGI60-11.00954,2021,-1.2426885089896167
RGI60-11.00954,2022,-1.1206385901559595
RGI60-11.00954,2023,-1.4484623923467705
RGI60-11.00954,2024,-0.4796389776616269
RGI60-11.00957,2000,-0.612298420411541
RGI60-11.00957,2001,0.07798109406581477
RGI60-11.00957,2002,-0.7492303926148272
RGI60-11.00957,2003,-1.8356552010036722
RGI60-11.00957,2004,-0.6419500498806914
RGI60-11.00957,2005,-1.6631308013270685
RGI60-11.00957,2006,-1.382485733404145
RGI60-11.00957,2007,-1.6510371213054098
RGI60-11.00957,2008,-0.9811626440002754
RGI60-11.00957,2009,-1.3747012344819227
RGI60-11.00957,2010,-0.6705882401971018
RGI60-11.00957,2011,-1.7536549467107405
RGI60-11.00957,2012,-1.4306889232082534
RGI60-11.00957,2013,-0.46865133092158817
RGI60-11.00957,2014,-1.2737147269311897
RGI60-11.00957,2015,-1.3852805970359439
RGI60-11.00957,2016,-1.1684505002928232
RGI60-11.00957,2017,-1.6284998665665007
RGI60-11.00957,2018,-1.8100133825100648
RGI60-11.00957,2019,-1.1283869812620582
RGI60-11.00957,2020,-1.2793217569037367
RGI60-11.00957,2021,-1.542833269184837
RGI60-11.00957,2022,-2.5758228288867544
RGI60-11.00957,2023,-1.9398357445815986
RGI60-11.00957,2024,-0.9968125518000572
RGI60-11.00958,2000,-0.40591117786855135
RGI60-11.00958,2001,0.3575088707510792
RGI60-11.00958,2002,-0.02979209299071761
RGI60-11.00958,2003,-1.4241163363441294
RGI60-11.00958,2004,-0.29438773519960526
RGI60-11.00958,2005,-1.0557654966557055
RGI60-11.00958,2006,-1.2642452246056433
RGI60-11.00958,2007,-0.7490964766165222
RGI60-11.00958,2008,-0.6159225664086159
RGI60-11.00958,2009,-0.8743852156110079
RGI60-11.00958,2010,0.17378502245937566
RGI60-11.00958,2011,-0.9304890772267934
RGI60-11.00958,2012,-0.8539367609505931
RGI60-11.00958,2013,-0.19589613385168025
RGI60-11.00958,2014,-0.5390917668528274
RGI60-11.00958,2015,-1.060120825815856
RGI60-11.00958,2016,-0.7955176437722552
RGI60-11.00958,2017,-1.2494707560959428
RGI60-11.00958,2018,-1.3621666106738828
RGI60-11.00958,2019,-1.1808819956701182
RGI60-11.00958,2020,-0.7346658593749292
RGI60-11.00958,2021,-0.6495533154028079
RGI60-11.00958,2022,-2.220630712828579
RGI60-11.00958,2023,-1.7142165061077175
RGI60-11.00958,2024,-0.8703957334322574
RGI60-11.00962,2000,-0.41142635923149085
RGI60-11.00962,2001,0.5254603491603663
RGI60-11.00962,2002,-0.3685783414291335
RGI60-11.00962,2003,-1.3661419544662736
RGI60-11.00962,2004,-0.1816815940265752
RGI60-11.00962,2005,-0.9590442624368064
RGI60-11.00962,2006,-1.0073747317847157
RGI60-11.00962,2007,-0.7579802220814292
RGI60-11.00962,2008,-0.8555611820297729
RGI60-11.00962,2009,-0.9118995429277184
RGI60-11.00962,2010,-0.10491106119353744
RGI60-11.00962,2011,-0.752518086468595
RGI60-11.00962,2012,-0.9186957710481738
RGI60-11.00962,2013,-0.11849739112229396
RGI60-11.00962,2014,-0.3599603564056783
RGI60-11.00962,2015,-0.7617302134115382
RGI60-11.00962,2016,-0.8904746996298734
RGI60-11.00962,2017,-0.9621771345904511
RGI60-11.00962,2018,-1.356794307245044
RGI60-11.00962,2019,-1.0573131376312623
RGI60-11.00962,2020,-0.6466098008976447
RGI60-11.00962,2021,-0.7991992276414063
RGI60-11.00962,2022,-1.8893351370289397
RGI60-11.00962,2023,-1.1627614964653015
RGI60-11.00962,2024,-0.2008697847198715
RGI60-11.00964,2000,-0.6506076636014989
RGI60-11.00964,2001,0.4014489892471115
RGI60-11.00964,2002,-0.7812545140729441
RGI60-11.00964,2003,-1.2139969841051528
RGI60-11.00964,2004,-0.7156823840363526
RGI60-11.00964,2005,-0.9550669135644976
RGI60-11.00964,2006,-0.3832849255529248
RGI60-11.00964,2007,-0.4185920770024382
RGI60-11.00964,2008,-0.6691644827739811
RGI60-11.00964,2009,-1.4665835431625998
RGI60-11.00964,2010,-0.2739763642937401
RGI60-11.00964,2011,-1.220830314137085
RGI60-11.00964,2012,-0.8201589667877011
RGI60-11.00964,2013,-0.1325999385874187
RGI60-11.00964,2014,-0.7764688435532285
RGI60-11.00964,2015,-1.1237415595360765
RGI60-11.00964,2016,-0.6800147006839247
RGI60-11.00964,2017,-0.7721557675370032
RGI60-11.00964,2018,-1.0769689672358373
RGI60-11.00964,2019,-1.009000079022706
RGI60-11.00964,2020,-1.496493666441455
RGI60-11.00964,2021,-0.8263155821961515
RGI60-11.00964,2022,-2.0180023177915793
RGI60-11.00964,2023,-1.4692351543772568
RGI60-11.00964,2024,-0.9122389523123278
RGI60-11.00975,2000,-0.388718516609437
RGI60-11.00975,2001,0.30283899955834237
RGI60-11.00975,2002,-0.5597738356249276
RGI60-11.00975,2003,-1.5012973232705624
RGI60-11.00975,2004,-0.734630939661704
RGI60-11.00975,2005,-0.8410537371656372
RGI60-11.00975,2006,-1.0271020292880266
RGI60-11.00975,2007,-0.8596735434791192
RGI60-11.00975,2008,-0.8642000737099241
RGI60-11.00975,2009,-1.1959557289621174
RGI60-11.00975,2010,-0.5483443709965721
RGI60-11.00975,2011,-0.907305446340362
RGI60-11.00975,2012,-1.100828281483186
RGI60-11.00975,2013,0.019056776409542064
RGI60-11.00975,2014,-0.9645823330620009
RGI60-11.00975,2015,-1.2613674952606886
RGI60-11.00975,2016,-0.8719250049827223
RGI60-11.00975,2017,-0.9960591233647127
RGI60-11.00975,2018,-1.4319549650818109
RGI60-11.00975,2019,-0.835523027624377
RGI60-11.00975,2020,-1.251657243957721
RGI60-11.00975,2021,-1.1810471003694663
RGI60-11.00975,2022,-2.2075090233074683
RGI60-11.00975,2023,-1.4780781602479094
RGI60-11.00975,2024,-0.6562389163235036
RGI60-11.00976,2000,-0.09098775722181052
RGI60-11.00976,2001,0.6403035048767951
RGI60-11.00976,2002,-0.06427276843751151
RGI60-11.00976,2003,-1.1129590401687843
RGI60-11.00976,2004,-0.5744707430819382
RGI60-11.00976,2005,-1.0290404930406147
RGI60-11.00976,2006,0.08051697182785011
RGI60-11.00976,2007,-1.0589446315014568
RGI60-11.00976,2008,-0.30974139629516984
RGI60-11.00976,2009,-0.2616978651572228
RGI60-11.00976,2010,-0.35387853512295153
RGI60-11.00976,2011,-0.8065031605295656
RGI60-11.00976,2012,-0.44106124648507117
RGI60-11.00976,2013,-0.31116397261180134
RGI60-11.00976,2014,-0.05809728443305873
RGI60-11.00976,2015,-1.0932585907339933
RGI60-11.00976,2016,0.05817620939021162
RGI60-11.00976,2017,-0.3893724200162178
RGI60-11.00976,2018,-1.1491258737531482
RGI60-11.00976,2019,-1.316620907504543
RGI60-11.00976,2020,-0.7445964636202275
RGI60-11.00976,2021,-0.7417099134255659
RGI60-11.00976,2022,-1.5395929836952134
RGI60-11.00976,2023,-1.1275279525165098
RGI60-11.00976,2024,-0.04432215419049651
RGI60-11.00979,2000,-0.7242928820596104
RGI60-11.00979,2001,-0.12855028537036717
RGI60-11.00979,2002,-1.3454228099463943
RGI60-11.00979,2003,-1.7454249081321298
RGI60-11.00979,2004,0.39973786492453
RGI60-11.00979,2005,-1.2331460680456927
RGI60-11.00979,2006,-0.9168487191232396
RGI60-11.00979,2007,-1.2032733080676157
RGI60-11.00979,2008,-1.3687570565522957
RGI60-11.00979,2009,-1.4130840887515246
RGI60-11.00979,2010,-0.23079037053985563
RGI60-11.00979,2011,-0.9712114765670516
RGI60-11.00979,2012,-1.0682924638180922
RGI60-11.00979,2013,-1.156799106256415
RGI60-11.00979,2014,-0.759522023364402
RGI60-11.00979,2015,-1.6847084849866265
RGI60-11.00979,2016,-0.7407131217341836
RGI60-11.00979,2017,-0.02513686575675922
RGI60-11.00979,2018,-2.2677399232078677
RGI60-11.00979,2019,-1.9474239026444036
RGI60-11.00979,2020,0.655454195933217
RGI60-11.00979,2021,-0.8735237290024752
RGI60-11.00979,2022,-2.4244091887338497
RGI60-11.00979,2023,-2.368832060793714
RGI60-11.00979,2024,-0.7232939944735677
RGI60-11.00981,2000,-0.3182270867897941
RGI60-11.00981,2001,0.10369471911458017
RGI60-11.00981,2002,-0.8156807230978677
RGI60-11.00981,2003,-1.1507410871341088
RGI60-11.00981,2004,-0.37370783191461787
RGI60-11.00981,2005,-1.1918685399368583
RGI60-11.00981,2006,-0.19448845269174186
RGI60-11.00981,2007,-0.9151955415680884
RGI60-11.00981,2008,-0.7197201781779422
RGI60-11.00981,2009,-1.2340303834493884
RGI60-11.00981,2010,-0.39645778125479536
RGI60-11.00981,2011,-1.1788205261412479
RGI60-11.00981,2012,-0.832065502005623
RGI60-11.00981,2013,-0.479527408168703
RGI60-11.00981,2014,-0.708312027674954
RGI60-11.00981,2015,-0.9822679485984467
RGI60-11.00981,2016,-0.5498542550602123
RGI60-11.00981,2017,-0.9276733559790769
RGI60-11.00981,2018,-1.2266164464886589
RGI60-11.00981,2019,-1.2052396429824574
RGI60-11.00981,2020,-1.3510890920132894
RGI60-11.00981,2021,-0.9452285035933014
RGI60-11.00981,2022,-1.9739685382782204
RGI60-11.00981,2023,-1.223074081711406
RGI60-11.00981,2024,-0.9693720451485701
RGI60-11.00988,2000,-1.0451513228237994
RGI60-11.00988,2001,0.43885128974849774
RGI60-11.00988,2002,-0.37600124211245156
RGI60-11.00988,2003,-1.3768833934586668
RGI60-11.00988,2004,-0.48230699244666325
RGI60-11.00988,2005,-0.7562265456559389
RGI60-11.00988,2006,-0.28293003068757855
RGI60-11.00988,2007,-1.1682495272632945
RGI60-11.00988,2008,-0.9324265859606844
RGI60-11.00988,2009,-0.18751443209074348
RGI60-11.00988,2010,-0.335076493147153
RGI60-11.00988,2011,-0.8098880328922871
RGI60-11.00988,2012,-0.720824980942037
RGI60-11.00988,2013,-0.40727890056887683
RGI60-11.00988,2014,-1.3792545385035262
RGI60-11.00988,2015,-1.0799786138072385
RGI60-11.00988,2016,-0.9910252086419473
RGI60-11.00988,2017,-0.7378675109478622
RGI60-11.00988,2018,-1.6548404639185406
RGI60-11.00988,2019,-0.8027264738791994
RGI60-11.00988,2020,-0.6981456592406614
RGI60-11.00988,2021,-0.44837286017556904
RGI60-11.00988,2022,-2.54018646777671
RGI60-11.00988,2023,-0.615590448972688
RGI60-11.00988,2024,-0.2756043868296767
RGI60-11.00991,2000,-0.3417200289715722
RGI60-11.00991,2001,0.8524734604906321
RGI60-11.00991,2002,-0.07057171574477594
RGI60-11.00991,2003,-1.5150500744107975
RGI60-11.00991,2004,-0.451390292789774
RGI60-11.00991,2005,-1.0612272915773984
RGI60-11.00991,2006,-1.2198507690771476
RGI60-11.00991,2007,-1.0809350937588684
RGI60-11.00991,2008,-0.6552979734356396
RGI60-11.00991,2009,-1.0170218529937278
RGI60-11.00991,2010,-0.024825767174121438
RGI60-11.00991,2011,-0.9792501366319661
RGI60-11.00991,2012,-1.2814029187476683
RGI60-11.00991,2013,0.08561913694457124
RGI60-11.00991,2014,-0.26840892119683374
RGI60-11.00991,2015,-0.8041726113778764
RGI60-11.00991,2016,-1.0387024746951548
RGI60-11.00991,2017,-1.169661858697276
RGI60-11.00991,2018,-1.6821688572417908
RGI60-11.00991,2019,-1.1720339589128177
RGI60-11.00991,2020,-1.1792135265801051
RGI60-11.00991,2021,-0.8433066208497213
RGI60-11.00991,2022,-2.851404434823333
RGI60-11.00991,2023,-1.8142145377031358
RGI60-11.00991,2024,-0.9586680702988154
RGI60-11.00992,2000,-0.3495525642354047
RGI60-11.00992,2001,-0.1119718725052794
RGI60-11.00992,2002,-0.34274635082608873
RGI60-11.00992,2003,-1.6052535726941515
RGI60-11.00992,2004,-0.5431890010064588
RGI60-11.00992,2005,-1.0967420613425956
RGI60-11.00992,2006,-1.2518194222190642
RGI60-11.00992,2007,-1.3068383858356645
RGI60-11.00992,2008,-0.7135460724002712
RGI60-11.00992,2009,-1.0278445337253128
RGI60-11.00992,2010,-0.17255846620199655
RGI60-11.00992,2011,-1.0800420983030803
RGI60-11.00992,2012,-1.072825472280943
RGI60-11.00992,2013,-0.13960111899056116
RGI60-11.00992,2014,-0.8003929342024517
RGI60-11.00992,2015,-1.2962301367915914
RGI60-11.00992,2016,-0.8035996261210083
RGI60-11.00992,2017,-1.5457029384387848
RGI60-11.00992,2018,-1.7478118591316698
RGI60-11.00992,2019,-1.2459315127476156
RGI60-11.00992,2020,-1.1981568391874617
RGI60-11.00992,2021,-1.0457764854741531
RGI60-11.00992,2022,-2.5021036953805726
RGI60-11.00992,2023,-1.5903640867753386
RGI60-11.00992,2024,-0.9728922180927867
RGI60-11.00994,2000,-0.3850260423642892
RGI60-11.00994,2001,0.1688055935928121
RGI60-11.00994,2002,-0.47613011089620216
RGI60-11.00994,2003,-1.0308561617056038
RGI60-11.00994,2004,-0.7148694342171794
RGI60-11.00994,2005,-0.9237989746613919
RGI60-11.00994,2006,-0.23733682060181666
RGI60-11.00994,2007,-0.4211836630216867
RGI60-11.00994,2008,-0.7347914412319898
RGI60-11.00994,2009,-1.6150147382063778
RGI60-11.00994,2010,-0.23649878043194145
RGI60-11.00994,2011,-1.2915694918071865
RGI60-11.00994,2012,-0.5618586890813045
RGI60-11.00994,2013,-0.289019947417364
RGI60-11.00994,2014,-0.39822821230355365
RGI60-11.00994,2015,-0.9132295750533408
RGI60-11.00994,2016,-0.7070596105662499
RGI60-11.00994,2017,-0.929216453392055
RGI60-11.00994,2018,-1.3190476289577355
RGI60-11.00994,2019,-1.2019698176755556
RGI60-11.00994,2020,-1.374541175442999
RGI60-11.00994,2021,-0.86959977295975
RGI60-11.00994,2022,-1.7897848415983917
RGI60-11.00994,2023,-1.659902025149325
RGI60-11.00994,2024,-1.1851541453163237
RGI60-11.01006,2000,-0.7322120536175319
RGI60-11.01006,2001,0.039264232974195235
RGI60-11.01006,2002,-0.5302550773378089
RGI60-11.01006,2003,-1.1277746856999387
RGI60-11.01006,2004,-0.8085922280905282
RGI60-11.01006,2005,-0.8927733299983269
RGI60-11.01006,2006,-0.2790235614142529
RGI60-11.01006,2007,-0.471190666918217
RGI60-11.01006,2008,-0.9990488390389421
RGI60-11.01006,2009,-1.2230896000163023
RGI60-11.01006,2010,-0.039293687622108386
RGI60-11.01006,2011,-1.0604043125794385
RGI60-11.01006,2012,-0.1956069794674955
RGI60-11.01006,2013,-0.526969770777258
RGI60-11.01006,2014,-0.1808964922570354
RGI60-11.01006,2015,-0.9889580203849734
RGI60-11.01006,2016,-0.7728027786572704
RGI60-11.01006,2017,-0.5214234171543916
RGI60-11.01006,2018,-1.111277485077923
RGI60-11.01006,2019,-1.3554712468644539
RGI60-11.01006,2020,-1.4038137484779414
RGI60-11.01006,2021,-0.8945672814139125
RGI60-11.01006,2022,-1.8601305420010146
RGI60-11.01006,2023,-1.2363718083024535
RGI60-11.01006,2024,-1.1806018162030543
RGI60-11.01019,2000,-0.5121867474346533
RGI60-11.01019,2001,0.4768830719560925
RGI60-11.01019,2002,-0.2721765182278365
RGI60-11.01019,2003,-0.911856185715914
RGI60-11.01019,2004,-0.605724428468297
RGI60-11.01019,2005,-0.7904454533365264
RGI60-11.01019,2006,-0.21706024251639455
RGI60-11.01019,2007,0.038328798724813984
RGI60-11.01019,2008,-0.39122546401255853
RGI60-11.01019,2009,-1.244742254007856
RGI60-11.01019,2010,-0.3191883187181575
RGI60-11.01019,2011,-0.8611429412967064
RGI60-11.01019,2012,-0.2633069655208825
RGI60-11.01019,2013,-0.20782268427529976
RGI60-11.01019,2014,-0.7189908771423232
RGI60-11.01019,2015,-0.9630992582166729
RGI60-11.01019,2016,-0.2709836478477153
RGI60-11.01019,2017,-0.4007931674055001
RGI60-11.01019,2018,-1.0443222315118246
RGI60-11.01019,2019,-0.6957444850257832
RGI60-11.01019,2020,-0.797539997993921
RGI60-11.01019,2021,-0.7072932886473234
RGI60-11.01019,2022,-1.4608814047900236
RGI60-11.01019,2023,-1.0112356211305413
RGI60-11.01019,2024,-0.5746701685244034
RGI60-11.01024,2000,-0.055323347489678265
RGI60-11.01024,2001,0.4287610739331227
RGI60-11.01024,2002,-0.10615284282292548
RGI60-11.01024,2003,-1.5121695079868631
RGI60-11.01024,2004,-0.20974135228053603
RGI60-11.01024,2005,-0.6904170843662478
RGI60-11.01024,2006,-0.9091268285091835
RGI60-11.01024,2007,-0.883453012314441
RGI60-11.01024,2008,-0.5550944320098755
RGI60-11.01024,2009,-0.7241634122350875
RGI60-11.01024,2010,0.25767058307939394
RGI60-11.01024,2011,-0.6066462078524171
RGI60-11.01024,2012,-0.7683336178138025
RGI60-11.01024,2013,-0.013896737474369258
RGI60-11.01024,2014,-0.1776240834138984
RGI60-11.01024,2015,-0.45507959657729413
RGI60-11.01024,2016,-0.7360057342731121
RGI60-11.01024,2017,-0.8261515527992629
RGI60-11.01024,2018,-1.6526735484804993
RGI60-11.01024,2019,-1.3397787583130123
RGI60-11.01024,2020,-0.6686584794877487
RGI60-11.01024,2021,-0.5424475330124034
RGI60-11.01024,2022,-2.521373748361098
RGI60-11.01024,2023,-1.6279090101353157
RGI60-11.01024,2024,-0.9906300356550343
RGI60-11.01038,2000,-0.3885778976278074
RGI60-11.01038,2001,0.12863563872266803
RGI60-11.01038,2002,-0.6442227467608743
RGI60-11.01038,2003,-1.270923137184727
RGI60-11.01038,2004,-0.5943159839579177
RGI60-11.01038,2005,-0.8384105331517464
RGI60-11.01038,2006,-0.12442275873181963
RGI60-11.01038,2007,-0.25666663179094173
RGI60-11.01038,2008,-0.30225191605383506
RGI60-11.01038,2009,-1.5339901960273477
RGI60-11.01038,2010,-0.5710398477901748
RGI60-11.01038,2011,-1.1318590272262217
RGI60-11.01038,2012,-0.4827358621316957
RGI60-11.01038,2013,-0.672087807711304
RGI60-11.01038,2014,-0.8098007992197948
RGI60-11.01038,2015,-0.9717564992536025
RGI60-11.01038,2016,-0.7524608256256027
RGI60-11.01038,2017,-0.3727784961328315
RGI60-11.01038,2018,-0.981329174552841
RGI60-11.01038,2019,-0.989505497791582
RGI60-11.01038,2020,-1.1599950011703868
RGI60-11.01038,2021,-0.9656917860233825
RGI60-11.01038,2022,-1.7817099451957654
RGI60-11.01038,2023,-1.2890483070883327
RGI60-11.01038,2024,-1.0694498665137329
RGI60-11.01041,2000,-0.6860067303810349
RGI60-11.01041,2001,0.2604737460256543
RGI60-11.01041,2002,-0.28908341599188214
RGI60-11.01041,2003,-1.9803983621677177
RGI60-11.01041,2004,-0.6580587728653524
RGI60-11.01041,2005,-1.0487424017279245
RGI60-11.01041,2006,-1.2600841958083322
RGI60-11.01041,2007,-1.304126441787812
RGI60-11.01041,2008,-0.9943179160647586
RGI60-11.01041,2009,-1.2332821741397155
RGI60-11.01041,2010,-0.33742863408804313
RGI60-11.01041,2011,-1.077141613118339
RGI60-11.01041,2012,-1.4699494793333199
RGI60-11.01041,2013,-0.3777131530479506
RGI60-11.01041,2014,-0.5582506007167151
RGI60-11.01041,2015,-1.5383167908998971
RGI60-11.01041,2016,-0.9805479361116528
RGI60-11.01041,2017,-1.6297860243337885
RGI60-11.01041,2018,-2.0454775556127127
RGI60-11.01041,2019,-1.7378615478287007
RGI60-11.01041,2020,-1.3110054588121751
RGI60-11.01041,2021,-0.975284782467645
RGI60-11.01041,2022,-2.8152616246238025
RGI60-11.01041,2023,-2.1927712693078636
RGI60-11.01041,2024,-1.1689281651071106
RGI60-11.01046,2000,-0.7588603104841517
RGI60-11.01046,2001,-0.039513440158410185
RGI60-11.01046,2002,-0.9163896374247887
RGI60-11.01046,2003,-1.4638132046163332
RGI60-11.01046,2004,-0.5931972796645273
RGI60-11.01046,2005,-1.1789782285151247
RGI60-11.01046,2006,-0.3095152562808644
RGI60-11.01046,2007,-0.4262894136241262
RGI60-11.01046,2008,-0.7603073609523471
RGI60-11.01046,2009,-1.5777041297720735
RGI60-11.01046,2010,-0.4598766588031859
RGI60-11.01046,2011,-0.9875813592934456
RGI60-11.01046,2012,-0.34288242485506476
RGI60-11.01046,2013,-0.5716407899053819
RGI60-11.01046,2014,-0.5130143572339203
RGI60-11.01046,2015,-1.3695112616707652
RGI60-11.01046,2016,-0.7616094036180394
RGI60-11.01046,2017,-0.8541106187840544
RGI60-11.01046,2018,-1.1305249279128244
RGI60-11.01046,2019,-1.318079936430566
RGI60-11.01046,2020,-1.4416399724498508
RGI60-11.01046,2021,-0.9860073059195367
RGI60-11.01046,2022,-1.938792956764814
RGI60-11.01046,2023,-1.476313528536397
RGI60-11.01046,2024,-0.9360322032532151
RGI60-11.01067,2000,-0.6377062109647376
RGI60-11.01067,2001,-0.04802866896031621
RGI60-11.01067,2002,-1.0661844413748234
RGI60-11.01067,2003,-1.7889625443805004
RGI60-11.01067,2004,-1.0429903858306042
RGI60-11.01067,2005,-1.3546426950196389
RGI60-11.01067,2006,-0.9156535237282204
RGI60-11.01067,2007,-0.6720574012382194
RGI60-11.01067,2008,-1.1370533519488948
RGI60-11.01067,2009,-2.1272242468681197
RGI60-11.01067,2010,-1.1164529832657974
RGI60-11.01067,2011,-1.9435821585666455
RGI60-11.01067,2012,-0.6841508281815503
RGI60-11.01067,2013,-0.6894894943435943
RGI60-11.01067,2014,-0.8039301892473392
RGI60-11.01067,2015,-1.5139853494717308
RGI60-11.01067,2016,-1.2525634892855035
RGI60-11.01067,2017,-1.558114650729526
RGI60-11.01067,2018,-1.6286590555291318
RGI60-11.01067,2019,-1.572168331065104
RGI60-11.01067,2020,-2.001878266650476
RGI60-11.01067,2021,-1.4683981882428232
RGI60-11.01067,2022,-2.278702073838873
RGI60-11.01067,2023,-1.7739657635096449
RGI60-11.01067,2024,-1.2332287455751754
RGI60-11.01068,2000,-1.0444694354922455
RGI60-11.01068,2001,-0.10455847773348159
RGI60-11.01068,2002,-0.7432081823906322
RGI60-11.01068,2003,-1.8915506125036716
RGI60-11.01068,2004,-0.9890505160950778
RGI60-11.01068,2005,-1.5115005862422954
RGI60-11.01068,2006,-0.29943641726175785
RGI60-11.01068,2007,-1.299130717110439
RGI60-11.01068,2008,-1.3696877624057444
RGI60-11.01068,2009,-1.0819024108591502
RGI60-11.01068,2010,-0.6859276579985026
RGI60-11.01068,2011,-1.786662343892262
RGI60-11.01068,2012,-0.9435142172373311
RGI60-11.01068,2013,-0.9070955418234241
RGI60-11.01068,2014,-1.8440392085075419
RGI60-11.01068,2015,-1.7100800686551798
RGI60-11.01068,2016,-0.879234468711567
RGI60-11.01068,2017,-0.44827465645024456
RGI60-11.01068,2018,-1.8547800573541435
RGI60-11.01068,2019,-1.490296661275306
RGI60-11.01068,2020,-1.513648387224093
RGI60-11.01068,2021,-1.3064265865014888
RGI60-11.01068,2022,-1.1268096539611956
RGI60-11.01068,2023,-1.31334473076431
RGI60-11.01068,2024,-1.1475656489599295
RGI60-11.01111,2000,-0.33768303162845215
RGI60-11.01111,2001,0.46478774563830894
RGI60-11.01111,2002,-0.338572000798846
RGI60-11.01111,2003,-1.7300601595893383
RGI60-11.01111,2004,-0.3481830040157621
RGI60-11.01111,2005,-1.441519930917785
RGI60-11.01111,2006,-1.380307862983099
RGI60-11.01111,2007,-0.8313864230178908
RGI60-11.01111,2008,-0.7250677377308509
RGI60-11.01111,2009,-1.3070258517881976
RGI60-11.01111,2010,-0.5468389254302229
RGI60-11.01111,2011,-1.052522120144293
RGI60-11.01111,2012,-1.3106576259705764
RGI60-11.01111,2013,0.05177954663415685
RGI60-11.01111,2014,-1.036996062187953
RGI60-11.01111,2015,-1.444192909457624
RGI60-11.01111,2016,-0.987326378609034
RGI60-11.01111,2017,-1.4122186005583033
RGI60-11.01111,2018,-1.6873757385400185
RGI60-11.01111,2019,-1.429332928904214
RGI60-11.01111,2020,-1.2305750332232757
RGI60-11.01111,2021,-1.0452913642214274
RGI60-11.01111,2022,-2.5147827067316046
RGI60-11.01111,2023,-1.7619113044200114
RGI60-11.01111,2024,-1.0340769181169538
RGI60-11.01120,2000,-0.5551826261774763
RGI60-11.01120,2001,0.2078302980865605
RGI60-11.01120,2002,-0.7174620091989861
RGI60-11.01120,2003,-1.6664391663884097
RGI60-11.01120,2004,-0.8183190600378142
RGI60-11.01120,2005,-1.2615120892646605
RGI60-11.01120,2006,-0.46190540980559114
RGI60-11.01120,2007,-1.120140416866771
RGI60-11.01120,2008,-1.3002535287791628
RGI60-11.01120,2009,-1.3631397550587128
RGI60-11.01120,2010,-0.41833716426259127
RGI60-11.01120,2011,-1.6320367147206443
RGI60-11.01120,2012,-0.7151834469316435
RGI60-11.01120,2013,-0.9282368356753223
RGI60-11.01120,2014,-1.1801925518071574
RGI60-11.01120,2015,-1.153404269250132
RGI60-11.01120,2016,-0.9057394263843977
RGI60-11.01120,2017,-0.8814622922090272
RGI60-11.01120,2018,-1.8643986975054332
RGI60-11.01120,2019,-1.3318848377626284
RGI60-11.01120,2020,-1.4827334030553638
RGI60-11.01120,2021,-1.0702569486578029
RGI60-11.01120,2022,-2.128266792838199
RGI60-11.01120,2023,-1.4674234042018075
RGI60-11.01120,2024,-0.8977470597149808
RGI60-11.01144,2000,-0.5496776490904597
RGI60-11.01144,2001,-0.11182375908645992
RGI60-11.01144,2002,-0.2948126046480627
RGI60-11.01144,2003,-1.372393330996649
RGI60-11.01144,2004,-0.828215453729785
RGI60-11.01144,2005,-0.9423755672770796
RGI60-11.01144,2006,-0.31934966385117836
RGI60-11.01144,2007,-0.7410629510200527
RGI60-11.01144,2008,-0.6928243988075465
RGI60-11.01144,2009,-1.2552365288264857
RGI60-11.01144,2010,-0.7224810630875796
RGI60-11.01144,2011,-1.2813311956216662
RGI60-11.01144,2012,-0.9117035757213674
RGI60-11.01144,2013,-0.588637686158041
RGI60-11.01144,2014,-0.7218091637260726
RGI60-11.01144,2015,-1.0590526374373572
RGI60-11.01144,2016,-0.9955731993107299
RGI60-11.01144,2017,-0.9586726459441884
RGI60-11.01144,2018,-1.4352132934272652
RGI60-11.01144,2019,-1.5916536322319743
RGI60-11.01144,2020,-1.5390989798687036
RGI60-11.01144,2021,-1.1129047350571057
RGI60-11.01144,2022,-1.8683204629118562
RGI60-11.01144,2023,-1.5317311271993517
RGI60-11.01144,2024,-1.0603604576306929
RGI60-11.01145,2000,-1.0041256984315945
RGI60-11.01145,2001,0.2689284566090486
RGI60-11.01145,2002,-0.4911744521514657
RGI60-11.01145,2003,-1.127168528250917
RGI60-11.01145,2004,-0.8244265050626324
RGI60-11.01145,2005,-1.043270065327273
RGI60-11.01145,2006,-0.3152165705171376
RGI60-11.01145,2007,-0.8411917938404456
RGI60-11.01145,2008,-0.5415850560087399
RGI60-11.01145,2009,-1.3864565908498818
RGI60-11.01145,2010,0.007500807204826265
RGI60-11.01145,2011,-1.0954709068531958
RGI60-11.01145,2012,-0.5825644321661221
RGI60-11.01145,2013,-0.5176509128793028
RGI60-11.01145,2014,-1.0488817767512002
RGI60-11.01145,2015,-0.7513737252504044
RGI60-11.01145,2016,-0.7377807382548264
RGI60-11.01145,2017,-0.8067040043892564
RGI60-11.01145,2018,-1.515627633740644
RGI60-11.01145,2019,-1.1922598730888334
RGI60-11.01145,2020,-1.543946013633973
RGI60-11.01145,2021,-0.521099575278869
RGI60-11.01145,2022,-1.8903280570848862
RGI60-11.01145,2023,-1.4814176169368538
RGI60-11.01145,2024,-1.1136490330040032
RGI60-11.01146,2000,-0.5984122301987136
RGI60-11.01146,2001,-0.10581297526318045
RGI60-11.01146,2002,-0.7393340808676518
RGI60-11.01146,2003,-1.1970250259471276
RGI60-11.01146,2004,-0.8430454298103844
RGI60-11.01146,2005,-1.013853364031632
RGI60-11.01146,2006,-0.5540869524233742
RGI60-11.01146,2007,-1.1341720890873381
RGI60-11.01146,2008,-1.288544598948176
RGI60-11.01146,2009,-0.6675697840909447
RGI60-11.01146,2010,-0.4154943602185036
RGI60-11.01146,2011,-1.759482529055473
RGI60-11.01146,2012,-0.843372229577911
RGI60-11.01146,2013,-0.5131102708378243
RGI60-11.01146,2014,-1.019754004266807
RGI60-11.01146,2015,-1.1725883966725479
RGI60-11.01146,2016,-0.9798327503488703
RGI60-11.01146,2017,-1.2005621229920087
RGI60-11.01146,2018,-1.4965992323542006
RGI60-11.01146,2019,-1.6048475730073322
RGI60-11.01146,2020,-1.803635491344567
RGI60-11.01146,2021,-1.1598097320778757
RGI60-11.01146,2022,-2.0671265991650998
RGI60-11.01146,2023,-1.4300687188173036
RGI60-11.01146,2024,-0.9856866729111733
RGI60-11.01156,2000,-0.8805827012511849
RGI60-11.01156,2001,0.014849660365159334
RGI60-11.01156,2002,-0.9747311536226981
RGI60-11.01156,2003,-1.4955684749170668
RGI60-11.01156,2004,-0.9590245685054146
RGI60-11.01156,2005,-1.347695920874206
RGI60-11.01156,2006,-0.4959234859655707
RGI60-11.01156,2007,-1.1582934365315258
RGI60-11.01156,2008,-1.033764026496831
RGI60-11.01156,2009,-1.4160018503779384
RGI60-11.01156,2010,-0.9534926104779831
RGI60-11.01156,2011,-1.7318983346782861
RGI60-11.01156,2012,-1.2527998905556779
RGI60-11.01156,2013,-0.5585116714555349
RGI60-11.01156,2014,-1.124115526695952
RGI60-11.01156,2015,-1.1657430967610498
RGI60-11.01156,2016,-1.0774777632824362
RGI60-11.01156,2017,-1.2547294239332059
RGI60-11.01156,2018,-1.4374302858541586
RGI60-11.01156,2019,-1.4880654381284346
RGI60-11.01156,2020,-1.7051417554845214
RGI60-11.01156,2021,-0.9343738914319424
RGI60-11.01156,2022,-1.2807629720259426
RGI60-11.01156,2023,-1.568601278451715
RGI60-11.01156,2024,-0.7763747964091927
RGI60-11.01161,2000,-0.4840940262981291
RGI60-11.01161,2001,0.391700434340464
RGI60-11.01161,2002,-0.3857443691288671
RGI60-11.01161,2003,-0.47449243429518234
RGI60-11.01161,2004,-0.4743160718067566
RGI60-11.01161,2005,-0.5725431028173273
RGI60-11.01161,2006,-0.012944382421938072
RGI60-11.01161,2007,-0.6385966739549284
RGI60-11.01161,2008,-0.6140137326469821
RGI60-11.01161,2009,-0.5030100606402467
RGI60-11.01161,2010,0.09959060114172769
RGI60-11.01161,2011,-1.5315677062338642
RGI60-11.01161,2012,-0.9193017335863001
RGI60-11.01161,2013,-0.06481376782735654
RGI60-11.01161,2014,-0.5260040758040174
RGI60-11.01161,2015,-0.8955217401016441
RGI60-11.01161,2016,-0.7208098136460949
RGI60-11.01161,2017,-0.446363918538845
RGI60-11.01161,2018,-1.0911288962150256
RGI60-11.01161,2019,-0.8341245295186823
RGI60-11.01161,2020,-1.1975773326679722
RGI60-11.01161,2021,-0.38637447445278605
RGI60-11.01161,2022,-1.3851850799001268
RGI60-11.01161,2023,-1.0959819280879302
RGI60-11.01161,2024,0.05275399696004912
RGI60-11.01165,2000,-0.34856948651080455
RGI60-11.01165,2001,0.5922024747076636
RGI60-11.01165,2002,-0.4398753771875312
RGI60-11.01165,2003,-1.6637433884922785
RGI60-11.01165,2004,-0.38199346263569867
RGI60-11.01165,2005,-1.3204541733230208
RGI60-11.01165,2006,-1.0022280438834288
RGI60-11.01165,2007,-1.0209598068589516
RGI60-11.01165,2008,-0.877545081877486
RGI60-11.01165,2009,-1.2950945779985696
RGI60-11.01165,2010,-0.6567211021466557
RGI60-11.01165,2011,-1.2732446840685157
RGI60-11.01165,2012,-0.882425824656625
RGI60-11.01165,2013,-0.4568060863289815
RGI60-11.01165,2014,-1.3491475058656364
RGI60-11.01165,2015,-1.1153662226819725
RGI60-11.01165,2016,-0.8996175504241974
RGI60-11.01165,2017,-1.1782550321395786
RGI60-11.01165,2018,-1.5560290124845773
RGI60-11.01165,2019,-1.0238260551431515
RGI60-11.01165,2020,-1.089466977997621
RGI60-11.01165,2021,-1.0118421264707294
RGI60-11.01165,2022,-2.220531921511152
RGI60-11.01165,2023,-1.6329708679832873
RGI60-11.01165,2024,-1.0762922985859986
RGI60-11.01166,2000,-0.08081471888144032
RGI60-11.01166,2001,0.5973346555112036
RGI60-11.01166,2002,-0.41146270370315235
RGI60-11.01166,2003,-1.4781559913824573
RGI60-11.01166,2004,-0.23161169560043582
RGI60-11.01166,2005,-1.080662641320276
RGI60-11.01166,2006,-0.9039770196261678
RGI60-11.01166,2007,-0.8559998985834123
RGI60-11.01166,2008,-0.5932094862860673
RGI60-11.01166,2009,-0.8539418088026836
RGI60-11.01166,2010,-0.4499643553206325
RGI60-11.01166,2011,-1.3841128815569088
RGI60-11.01166,2012,-1.0864227049831343
RGI60-11.01166,2013,-0.42031915330725494
RGI60-11.01166,2014,-1.255998777401492
RGI60-11.01166,2015,-0.7598093338211582
RGI60-11.01166,2016,-0.9643240381441115
RGI60-11.01166,2017,-1.1349272321124633
RGI60-11.01166,2018,-1.770805627450643
RGI60-11.01166,2019,-0.909414587227319
RGI60-11.01166,2020,-0.9301416542499887
RGI60-11.01166,2021,-1.224884095463167
RGI60-11.01166,2022,-2.3168300114644156
RGI60-11.01166,2023,-0.9482059690353828
RGI60-11.01166,2024,-0.6135040871956405
RGI60-11.01173,2000,0.10712100783449408
RGI60-11.01173,2001,0.5529986275152055
RGI60-11.01173,2002,-0.37950782378348946
RGI60-11.01173,2003,-1.4519430736535077
RGI60-11.01173,2004,0.10721219570745222
RGI60-11.01173,2005,-0.9182521970984143
RGI60-11.01173,2006,-1.0775099531365746
RGI60-11.01173,2007,-0.9193401884932463
RGI60-11.01173,2008,-0.7195324028573531
RGI60-11.01173,2009,-1.0048337255587205
RGI60-11.01173,2010,-0.5177009939135063
RGI60-11.01173,2011,-1.3758946607703049
RGI60-11.01173,2012,-1.0025870617124122
RGI60-11.01173,2013,-0.40602233565029944
RGI60-11.01173,2014,-1.1667017057718945
RGI60-11.01173,2015,-1.0118819930443521
RGI60-11.01173,2016,-1.1215927634825578
RGI60-11.01173,2017,-1.5055017118105305
RGI60-11.01173,2018,-2.002544477260085
RGI60-11.01173,2019,-1.102184763059903
RGI60-11.01173,2020,-1.1380467643833003
RGI60-11.01173,2021,-1.0201357921229357
RGI60-11.01173,2022,-2.1535427979243336
RGI60-11.01173,2023,-1.0952135924726867
RGI60-11.01173,2024,-0.6714164439639481
RGI60-11.01176,2000,-0.1627061319448021
RGI60-11.01176,2001,0.4559125095566644
RGI60-11.01176,2002,-0.37586267887136
RGI60-11.01176,2003,-1.6292118471174146
RGI60-11.01176,2004,-0.33237053577340414
RGI60-11.01176,2005,-0.915771152537354
RGI60-11.01176,2006,-0.0967577948723658
RGI60-11.01176,2007,-0.5086637338678462
RGI60-11.01176,2008,-0.6974002591388189
RGI60-11.01176,2009,-1.4555128450282244
RGI60-11.01176,2010,-0.5335758124403205
RGI60-11.01176,2011,-1.7449268747903477
RGI60-11.01176,2012,-0.5114516414068135
RGI60-11.01176,2013,-0.7235830799090924
RGI60-11.01176,2014,-0.9180772989250257
RGI60-11.01176,2015,-0.9661415765599362
RGI60-11.01176,2016,-1.2384243633944072
RGI60-11.01176,2017,-1.0116983419486696
RGI60-11.01176,2018,-1.1759077985123092
RGI60-11.01176,2019,-1.1124687425181599
RGI60-11.01176,2020,-1.3023773473435978
RGI60-11.01176,2021,-0.9219025927823711
RGI60-11.01176,2022,-2.0990505937168384
RGI60-11.01176,2023,-1.274651326089415
RGI60-11.01176,2024,-1.390345379616516
RGI60-11.01187,2000,-0.09869280992562124
RGI60-11.01187,2001,0.23809455308247363
RGI60-11.01187,2002,-0.48352027542809994
RGI60-11.01187,2003,-1.281896017542587
RGI60-11.01187,2004,-0.46137818750115533
RGI60-11.01187,2005,-0.8667564278192861
RGI60-11.01187,2006,-0.36777932541344793
RGI60-11.01187,2007,-0.24484374100317208
RGI60-11.01187,2008,-0.7832399878630429
RGI60-11.01187,2009,-1.129474236291924
RGI60-11.01187,2010,-0.12227577590595962
RGI60-11.01187,2011,-1.133374907744523
RGI60-11.01187,2012,-0.9898884539494803
RGI60-11.01187,2013,-0.2157847039601476
RGI60-11.01187,2014,-0.5487232012713401
RGI60-11.01187,2015,-0.8404171065353025
RGI60-11.01187,2016,-0.5368054021243658
RGI60-11.01187,2017,-0.9637454852349829
RGI60-11.01187,2018,-1.285248529160893
RGI60-11.01187,2019,-1.1211499784071497
RGI60-11.01187,2020,-1.1932023110660117
RGI60-11.01187,2021,-0.3952381262569828
RGI60-11.01187,2022,-1.831232316828834
RGI60-11.01187,2023,-1.525695584021451
RGI60-11.01187,2024,-0.6323530167439333
RGI60-11.01193,2000,-0.755071033924338
RGI60-11.01193,2001,0.027423434099011823
RGI60-11.01193,2002,-0.5820594480604664
RGI60-11.01193,2003,-1.5135992644887593
RGI60-11.01193,2004,-0.8532837041330336
RGI60-11.01193,2005,-1.1459469227814785
RGI60-11.01193,2006,-0.505904157593771
RGI60-11.01193,2007,-0.9472246655599668
RGI60-11.01193,2008,-0.9270990194534892
RGI60-11.01193,2009,-1.3449177707727757
RGI60-11.01193,2010,-0.79396223739158
RGI60-11.01193,2011,-1.5732106600461577
RGI60-11.01193,2012,-1.1995878093694476
RGI60-11.01193,2013,-0.4318182158898256
RGI60-11.01193,2014,-0.8275041178300548
RGI60-11.01193,2015,-1.2074821650745928
RGI60-11.01193,2016,-1.0521706272982376
RGI60-11.01193,2017,-1.1313382939702012
RGI60-11.01193,2018,-1.6155866556166245
RGI60-11.01193,2019,-1.4928566648442083
RGI60-11.01193,2020,-1.5053431962973316
RGI60-11.01193,2021,-1.0307584218860308
RGI60-11.01193,2022,-2.0969837271044725
RGI60-11.01193,2023,-1.724781342271909
RGI60-11.01193,2024,-1.0718962874863998
RGI60-11.01198,2000,-0.7330573392217878
RGI60-11.01198,2001,-0.043527558046998926
RGI60-11.01198,2002,-0.5269414024346755
RGI60-11.01198,2003,-1.3486288788168674
RGI60-11.01198,2004,-0.6503797360408264
RGI60-11.01198,2005,-0.8913565883831005
RGI60-11.01198,2006,-0.5364292608727484
RGI60-11.01198,2007,-0.6404813996358145
RGI60-11.01198,2008,-0.6946258972138764
RGI60-11.01198,2009,-1.3865257098174557
RGI60-11.01198,2010,-0.6776988975832549
RGI60-11.01198,2011,-1.3975093222049644
RGI60-11.01198,2012,-0.585686493824126
RGI60-11.01198,2013,-0.4439422211846614
RGI60-11.01198,2014,-0.460270619532137
RGI60-11.01198,2015,-0.8490291119759824
RGI60-11.01198,2016,-0.7254171668251923
RGI60-11.01198,2017,-0.9389113752895522
RGI60-11.01198,2018,-1.5450515345636109
RGI60-11.01198,2019,-1.3592294865323655
RGI60-11.01198,2020,-1.2820797648219135
RGI60-11.01198,2021,-0.8479810999600422
RGI60-11.01198,2022,-2.0944712904855676
RGI60-11.01198,2023,-1.5818656771935156
RGI60-11.01198,2024,-1.2963431352097907
RGI60-11.01203,2000,-0.10410846354602588
RGI60-11.01203,2001,0.2752721704418767
RGI60-11.01203,2002,-0.37579648021473283
RGI60-11.01203,2003,-1.389708468013934
RGI60-11.01203,2004,-0.5695152881565486
RGI60-11.01203,2005,-0.733915788421426
RGI60-11.01203,2006,-0.4769858780770201
RGI60-11.01203,2007,-0.8100269698890162
RGI60-11.01203,2008,-0.6923307108014588
RGI60-11.01203,2009,-1.3999068495167277
RGI60-11.01203,2010,-0.23692169257881313
RGI60-11.01203,2011,-1.3082774330032994
RGI60-11.01203,2012,-0.9784486104332313
RGI60-11.01203,2013,-0.16289850141128293
RGI60-11.01203,2014,-0.6468736813255004
RGI60-11.01203,2015,-0.8723103093808676
RGI60-11.01203,2016,-0.7082106303404544
RGI60-11.01203,2017,-1.0809813379226165
RGI60-11.01203,2018,-1.738899226515321
RGI60-11.01203,2019,-1.2540558508935988
RGI60-11.01203,2020,-1.5355530346060628
RGI60-11.01203,2021,-0.8473650231024825
RGI60-11.01203,2022,-2.423425737647991
RGI60-11.01203,2023,-1.8745206403580932
RGI60-11.01203,2024,-0.6782437278773554
RGI60-11.01208,2000,-0.21340457740624674
RGI60-11.01208,2001,0.49393003685978165
RGI60-11.01208,2002,-0.37329231190962175
RGI60-11.01208,2003,-1.4221657354178434
RGI60-11.01208,2004,-0.4283319879501239
RGI60-11.01208,2005,-0.9144689745725034
RGI60-11.01208,2006,-0.28081106211909307
RGI60-11.01208,2007,-0.5428164625100549
RGI60-11.01208,2008,-0.6977898658282364
RGI60-11.01208,2009,-1.320778700917991
RGI60-11.01208,2010,-0.3505978569825285
RGI60-11.01208,2011,-1.4590616897287183
RGI60-11.01208,2012,-0.6147610641668038
RGI60-11.01208,2013,-0.5108841814191339
RGI60-11.01208,2014,-0.46738338757315556
RGI60-11.01208,2015,-0.8175372396574683
RGI60-11.01208,2016,-0.84359126579276
RGI60-11.01208,2017,-0.791463329595503
RGI60-11.01208,2018,-1.4825323162884714
RGI60-11.01208,2019,-1.2600580270235238
RGI60-11.01208,2020,-1.4169007334181192
RGI60-11.01208,2021,-0.5181823276831363
RGI60-11.01208,2022,-2.2148393150840944
RGI60-11.01208,2023,-1.5932027454338282
RGI60-11.01208,2024,-1.4196521618907454
RGI60-11.01215,2000,-0.26529152005723555
RGI60-11.01215,2001,0.5510541063996317
RGI60-11.01215,2002,-0.17095789654989452
RGI60-11.01215,2003,-0.9757002012879924
RGI60-11.01215,2004,-0.36599123927490573
RGI60-11.01215,2005,-0.5941216730474005
RGI60-11.01215,2006,-0.0038197656533477953
RGI60-11.01215,2007,-0.4537772655579068
RGI60-11.01215,2008,-0.4687868385775182
RGI60-11.01215,2009,-1.0310183852120969
RGI60-11.01215,2010,-0.07048314318063614
RGI60-11.01215,2011,-1.0756208310656359
RGI60-11.01215,2012,-0.5682667806203171
RGI60-11.01215,2013,-0.09315808101775108
RGI60-11.01215,2014,-0.2197456713714251
RGI60-11.01215,2015,-0.5580692826947488
RGI60-11.01215,2016,-0.35070248560790496
RGI60-11.01215,2017,-0.5533837383029117
RGI60-11.01215,2018,-1.1291080542663174
RGI60-11.01215,2019,-1.0315512530536943
RGI60-11.01215,2020,-1.2000444327909863
RGI60-11.01215,2021,-0.4242786485257974
RGI60-11.01215,2022,-1.5455126230671736
RGI60-11.01215,2023,-1.1909111570785256
RGI60-11.01215,2024,-0.584942273683442
RGI60-11.01222,2000,-0.4970214953080893
RGI60-11.01222,2001,0.029682330958741954
RGI60-11.01222,2002,-0.20056605776158015
RGI60-11.01222,2003,-0.9704652074563309
RGI60-11.01222,2004,-0.3189047336180103
RGI60-11.01222,2005,-0.5729469963315519
RGI60-11.01222,2006,-0.13728648574823415
RGI60-11.01222,2007,-0.13542413174010243
RGI60-11.01222,2008,-0.6008935851021522
RGI60-11.01222,2009,-1.1389006609696755
RGI60-11.01222,2010,-0.5460414512706063
RGI60-11.01222,2011,-0.7806182184429382
RGI60-11.01222,2012,-0.38209970452041464
RGI60-11.01222,2013,-0.29321046487391506
RGI60-11.01222,2014,-0.33508426996337637
RGI60-11.01222,2015,-0.550120432286389
RGI60-11.01222,2016,-0.33865756466524977
RGI60-11.01222,2017,-0.8435297405635929
RGI60-11.01222,2018,-1.1256418725322903
RGI60-11.01222,2019,-1.221869257804247
RGI60-11.01222,2020,-0.9190524385032245
RGI60-11.01222,2021,-0.4047845414295161
RGI60-11.01222,2022,-1.6557780742506485
RGI60-11.01222,2023,-0.9861429798437213
RGI60-11.01222,2024,-0.8712272816761388
RGI60-11.01224,2000,-0.46706491226378477
RGI60-11.01224,2001,0.10866578625956658
RGI60-11.01224,2002,-0.544581697799289
RGI60-11.01224,2003,-1.2187126268006552
RGI60-11.01224,2004,-0.40428211644985296
RGI60-11.01224,2005,-0.5736956013091593
RGI60-11.01224,2006,-0.11182807216164625
RGI60-11.01224,2007,-0.6442202357572012
RGI60-11.01224,2008,-0.6108030800863796
RGI60-11.01224,2009,-1.0074888472378525
RGI60-11.01224,2010,-0.40240318655928486
RGI60-11.01224,2011,-1.4113118193533298
RGI60-11.01224,2012,-0.8609022407780906
RGI60-11.01224,2013,-0.2512866382225925
RGI60-11.01224,2014,-0.5122629422088454
RGI60-11.01224,2015,-0.9182894377362533
RGI60-11.01224,2016,-0.5079380717432923
RGI60-11.01224,2017,-0.9270044349283674
RGI60-11.01224,2018,-1.2430613110576976
RGI60-11.01224,2019,-1.0562285138059901
RGI60-11.01224,2020,-1.1212388398477908
RGI60-11.01224,2021,-0.681966276266447
RGI60-11.01224,2022,-1.56010609792476
RGI60-11.01224,2023,-1.3275515147704957
RGI60-11.01224,2024,-0.5773843500524843
RGI60-11.01234,2000,-0.16785525701402837
RGI60-11.01234,2001,0.19508927139090648
RGI60-11.01234,2002,-0.4826881520298343
RGI60-11.01234,2003,-1.0027298832431109
RGI60-11.01234,2004,-0.4186355664518727
RGI60-11.01234,2005,-1.019034844829997
RGI60-11.01234,2006,0.3640531279511079
RGI60-11.01234,2007,-0.6747692246853063
RGI60-11.01234,2008,-0.6668693980861542
RGI60-11.01234,2009,-0.9116321671179336
RGI60-11.01234,2010,-0.10854634140903063
RGI60-11.01234,2011,-0.9377220598796603
RGI60-11.01234,2012,-0.9640912267358754
RGI60-11.01234,2013,-0.2376504183436316
RGI60-11.01234,2014,-0.3658142177674363
RGI60-11.01234,2015,-0.8221544072113519
RGI60-11.01234,2016,-0.6140278312756179
RGI60-11.01234,2017,-0.6872390827043469
RGI60-11.01234,2018,-1.2408250115997892
RGI60-11.01234,2019,-1.1507573089570324
RGI60-11.01234,2020,-1.0957177882410725
RGI60-11.01234,2021,-0.5009999491059506
RGI60-11.01234,2022,-2.095259100666581
RGI60-11.01234,2023,-1.3291832248723574
RGI60-11.01234,2024,-0.43371895114050174
RGI60-11.01237,2000,-0.24873813372368336
RGI60-11.01237,2001,0.031212250558309007
RGI60-11.01237,2002,-0.40494665934024276
RGI60-11.01237,2003,-0.9356084865413572
RGI60-11.01237,2004,-0.4807170060139342
RGI60-11.01237,2005,-0.6503621727180229
RGI60-11.01237,2006,0.4349810927221359
RGI60-11.01237,2007,-0.08143338798003591
RGI60-11.01237,2008,-0.3721607889208779
RGI60-11.01237,2009,-1.0945837230890922
RGI60-11.01237,2010,-0.40354228638554546
RGI60-11.01237,2011,-0.9253105425849333
RGI60-11.01237,2012,-0.572792356595514
RGI60-11.01237,2013,-0.1553274271370368
RGI60-11.01237,2014,-0.5087151309815143
RGI60-11.01237,2015,-0.603206779692608
RGI60-11.01237,2016,-0.3154787276105151
RGI60-11.01237,2017,-0.4235199910998283
RGI60-11.01237,2018,-1.1269500825431544
RGI60-11.01237,2019,-1.3119996603225452
RGI60-11.01237,2020,-0.8103014068720116
RGI60-11.01237,2021,-0.6564434052655426
RGI60-11.01237,2022,-1.4105391129193614
RGI60-11.01237,2023,-0.8739292774807801
RGI60-11.01237,2024,-1.0109300365708394
RGI60-11.01238,2000,-0.852478953794154
RGI60-11.01238,2001,-0.18683963286019123
RGI60-11.01238,2002,-0.8281622850869316
RGI60-11.01238,2003,-1.6718005759676506
RGI60-11.01238,2004,-0.9644285562149864
RGI60-11.01238,2005,-1.228743485222756
RGI60-11.01238,2006,-0.5468392324382785
RGI60-11.01238,2007,-0.9609156454513118
RGI60-11.01238,2008,-1.0146507383230552
RGI60-11.01238,2009,-1.57859884706102
RGI60-11.01238,2010,-0.7704614831948629
RGI60-11.01238,2011,-1.8232823921413703
RGI60-11.01238,2012,-1.1794265119413259
RGI60-11.01238,2013,-0.6036795308628051
RGI60-11.01238,2014,-0.7669619787198922
RGI60-11.01238,2015,-1.214528956808022
RGI60-11.01238,2016,-0.8552883134301723
RGI60-11.01238,2017,-1.3856707368937544
RGI60-11.01238,2018,-1.905907638771549
RGI60-11.01238,2019,-1.7136345048158952
RGI60-11.01238,2020,-1.6189332416166207
RGI60-11.01238,2021,-1.0251988466607664
RGI60-11.01238,2022,-2.5566469488664967
RGI60-11.01238,2023,-1.9966641733448416
RGI60-11.01238,2024,-1.3747026595650986
RGI60-11.01246,2000,-0.3885008390536656
RGI60-11.01246,2001,-0.10067754586001154
RGI60-11.01246,2002,-0.8870582916970938
RGI60-11.01246,2003,-1.3811630574747666
RGI60-11.01246,2004,-0.5688288230016956
RGI60-11.01246,2005,-1.0495236252211357
RGI60-11.01246,2006,-0.3226445101534657
RGI60-11.01246,2007,-0.43632584068100283
RGI60-11.01246,2008,-0.8265666210986454
RGI60-11.01246,2009,-0.9839669386490418
RGI60-11.01246,2010,-0.33428957191405667
RGI60-11.01246,2011,-1.2595242385949272
RGI60-11.01246,2012,-0.8880223316360495
RGI60-11.01246,2013,-0.47231832498267534
RGI60-11.01246,2014,-0.5020514624851145
RGI60-11.01246,2015,-0.8963309342966097
RGI60-11.01246,2016,-0.7033439625349464
RGI60-11.01246,2017,-1.1664421451763765
RGI60-11.01246,2018,-1.3243327230024595
RGI60-11.01246,2019,-1.2035882124862536
RGI60-11.01246,2020,-1.3601190658747337
RGI60-11.01246,2021,-0.7095100711595169
RGI60-11.01246,2022,-1.6488687369011843
RGI60-11.01246,2023,-1.1888161641041148
RGI60-11.01246,2024,-0.5861555586043684
RGI60-11.01258,2000,0.04951372969429757
RGI60-11.01258,2001,0.40569543235104055
RGI60-11.01258,2002,-0.7634155329879497
RGI60-11.01258,2003,-1.364455474680092
RGI60-11.01258,2004,-0.2481232436530364
RGI60-11.01258,2005,-0.9179774908430705
RGI60-11.01258,2006,-0.45587534372948535
RGI60-11.01258,2007,-0.45338479345881405
RGI60-11.01258,2008,-1.0677612690045803
RGI60-11.01258,2009,-1.0788428258166978
RGI60-11.01258,2010,-0.8650116469877397
RGI60-11.01258,2011,-0.6905732682271358
RGI60-11.01258,2012,-0.6584407671702395
RGI60-11.01258,2013,-0.2156473419469903
RGI60-11.01258,2014,-0.8499625628169858
RGI60-11.01258,2015,-0.8073892496447467
RGI60-11.01258,2016,-0.7492002773435974
RGI60-11.01258,2017,-1.3875845706444516
RGI60-11.01258,2018,-1.02904706820827
RGI60-11.01258,2019,-1.232616434881456
RGI60-11.01258,2020,-1.183873862413384
RGI60-11.01258,2021,-0.9253691353700049
RGI60-11.01258,2022,-1.7490724926121324
RGI60-11.01258,2023,-1.392775170222755
RGI60-11.01258,2024,-0.7554945081947612
RGI60-11.01261,2000,-0.45214724645044013
RGI60-11.01261,2001,0.4423931960592111
RGI60-11.01261,2002,0.0004858055486459678
RGI60-11.01261,2003,-1.0275667656348413
RGI60-11.01261,2004,-0.5317102024431166
RGI60-11.01261,2005,-0.7574439861215292
RGI60-11.01261,2006,0.14857672296640567
RGI60-11.01261,2007,-0.45608842493731505
RGI60-11.01261,2008,-0.3473664396858278
RGI60-11.01261,2009,-1.015364754977243
RGI60-11.01261,2010,0.08250253045517741
RGI60-11.01261,2011,-1.5341562320070758
RGI60-11.01261,2012,-0.8708779384765643
RGI60-11.01261,2013,-0.2363566715884809
RGI60-11.01261,2014,-0.3298852875485691
RGI60-11.01261,2015,-0.854225820447038
RGI60-11.01261,2016,-0.441521143068116
RGI60-11.01261,2017,-0.7760389703608255
RGI60-11.01261,2018,-1.5203620969293228
RGI60-11.01261,2019,-1.1694462743531455
RGI60-11.01261,2020,-1.0243375240909
RGI60-11.01261,2021,-0.6199645953064837
RGI60-11.01261,2022,-2.2927465296271583
RGI60-11.01261,2023,-1.42338287159735
RGI60-11.01261,2024,-1.2485396813105347
RGI60-11.01267,2000,-0.393370079167487
RGI60-11.01267,2001,0.6220638121076734
RGI60-11.01267,2002,-0.05572023493447498
RGI60-11.01267,2003,-1.4117402433897275
RGI60-11.01267,2004,-0.2594146032738359
RGI60-11.01267,2005,-1.29681033749638
RGI60-11.01267,2006,-0.9456532839262695
RGI60-11.01267,2007,-0.7731665736351899
RGI60-11.01267,2008,-0.7509496296189037
RGI60-11.01267,2009,-1.0291609906124835
RGI60-11.01267,2010,-0.36746399431678106
RGI60-11.01267,2011,-1.2963365199892745
RGI60-11.01267,2012,-0.72795790737276
RGI60-11.01267,2013,-0.5553600968078194
RGI60-11.01267,2014,-1.1258782823550622
RGI60-11.01267,2015,-0.9181168391931993
RGI60-11.01267,2016,-0.9124959393661295
RGI60-11.01267,2017,-1.0130358586872246
RGI60-11.01267,2018,-1.6318044779649579
RGI60-11.01267,2019,-0.8717279199997148
RGI60-11.01267,2020,-0.6576881636159042
RGI60-11.01267,2021,-0.9589769017874489
RGI60-11.01267,2022,-2.1363661367349733
RGI60-11.01267,2023,-1.780547269313117
RGI60-11.01267,2024,-0.6216632638345186
RGI60-11.01270,2000,-0.5576313783143101
RGI60-11.01270,2001,-0.047467241435298346
RGI60-11.01270,2002,-0.24995764514931518
RGI60-11.01270,2003,-1.2796201753383698
RGI60-11.01270,2004,-0.4912035421007039
RGI60-11.01270,2005,-0.5997723818013238
RGI60-11.01270,2006,-0.18705605198079517
RGI60-11.01270,2007,-0.2446078774423331
RGI60-11.01270,2008,-0.43627150781130486
RGI60-11.01270,2009,-1.1952856214782683
RGI60-11.01270,2010,-0.37118231626968745
RGI60-11.01270,2011,-1.061177679157002
RGI60-11.01270,2012,-0.46437664296634995
RGI60-11.01270,2013,-0.26031493389129057
RGI60-11.01270,2014,-0.34262358225631695
RGI60-11.01270,2015,-0.6989150236833429
RGI60-11.01270,2016,-0.4351854405814085
RGI60-11.01270,2017,-0.5054185245646741
RGI60-11.01270,2018,-1.1897067832954487
RGI60-11.01270,2019,-1.2681256504824596
RGI60-11.01270,2020,-1.064283965437522
RGI60-11.01270,2021,-0.695911478100524
RGI60-11.01270,2022,-1.6767232549592874
RGI60-11.01270,2023,-1.278176678039312
RGI60-11.01270,2024,-1.1409139011610958
RGI60-11.01275,2000,-0.6712360639342363
RGI60-11.01275,2001,-0.12870988673610295
RGI60-11.01275,2002,-0.6701828536640463
RGI60-11.01275,2003,-1.5715646934826903
RGI60-11.01275,2004,-0.5054484463801352
RGI60-11.01275,2005,-1.207572254695706
RGI60-11.01275,2006,-0.7199858589250023
RGI60-11.01275,2007,-0.6900234017545894
RGI60-11.01275,2008,-0.8786251851177553
RGI60-11.01275,2009,-1.6280211224457934
RGI60-11.01275,2010,-0.9180060484304591
RGI60-11.01275,2011,-1.8068584825940532
RGI60-11.01275,2012,-0.9935973266999811
RGI60-11.01275,2013,-0.6698801631092313
RGI60-11.01275,2014,-0.9287690065154953
RGI60-11.01275,2015,-1.0891393433906655
RGI60-11.01275,2016,-0.8540116905603955
RGI60-11.01275,2017,-1.3840368340845675
RGI60-11.01275,2018,-1.7008478267937632
RGI60-11.01275,2019,-1.4768835106853369
RGI60-11.01275,2020,-1.5125306368008524
RGI60-11.01275,2021,-0.8882975003751801
RGI60-11.01275,2022,-2.178797303572688
RGI60-11.01275,2023,-1.643372250496911
RGI60-11.01275,2024,-0.7566405363689466
RGI60-11.01280,2000,-0.547535512316559
RGI60-11.01280,2001,-0.16296846681221722
RGI60-11.01280,2002,-0.5300359683232299
RGI60-11.01280,2003,-1.1358116329648569
RGI60-11.01280,2004,-0.6686483498000657
RGI60-11.01280,2005,-1.1211810349759426
RGI60-11.01280,2006,-1.283454303079181
RGI60-11.01280,2007,-0.6815306508670834
RGI60-11.01280,2008,-0.27084316411550863
RGI60-11.01280,2009,-0.08529205837414011
RGI60-11.01280,2010,-0.06998795511111855
RGI60-11.01280,2011,-1.1490828094582826
RGI60-11.01280,2012,-0.798217916181159
RGI60-11.01280,2013,-0.4117343558835513
RGI60-11.01280,2014,-1.2139242750815225
RGI60-11.01280,2015,-0.6889865425072805
RGI60-11.01280,2016,-0.7046577457653876
RGI60-11.01280,2017,-0.7945140812483285
RGI60-11.01280,2018,-1.8167813098819954
RGI60-11.01280,2019,-1.0327118672525968
RGI60-11.01280,2020,-0.8833745162458067
RGI60-11.01280,2021,-1.2856136325056804
RGI60-11.01280,2022,-2.1872397120023157
RGI60-11.01280,2023,-1.539889223627407
RGI60-11.01280,2024,-1.2473440665865239
RGI60-11.01288,2000,-0.5581331183344016
RGI60-11.01288,2001,0.2655696824497574
RGI60-11.01288,2002,-0.675341895252147
RGI60-11.01288,2003,-1.7968306642778638
RGI60-11.01288,2004,-0.35898237645629294
RGI60-11.01288,2005,-0.8358083602431816
RGI60-11.01288,2006,-0.20397177685476964
RGI60-11.01288,2007,-0.7816469799765879
RGI60-11.01288,2008,-1.049103738460032
RGI60-11.01288,2009,-1.4483734843499927
RGI60-11.01288,2010,-1.0383230072681346
RGI60-11.01288,2011,-1.4145047840681757
RGI60-11.01288,2012,-0.7722762004263708
RGI60-11.01288,2013,-0.21514358625977936
RGI60-11.01288,2014,-1.316865519802427
RGI60-11.01288,2015,-1.0508304715423078
RGI60-11.01288,2016,-0.7706479116159866
RGI60-11.01288,2017,-0.20497057548907427
RGI60-11.01288,2018,-1.4596339950978456
RGI60-11.01288,2019,-0.8018812366743885
RGI60-11.01288,2020,-1.4220722314778926
RGI60-11.01288,2021,-0.928655312326681
RGI60-11.01288,2022,-0.8256658359589997
RGI60-11.01288,2023,-1.2808045316459788
RGI60-11.01288,2024,-0.5850448529865677
RGI60-11.01293,2000,-0.7276413984604995
RGI60-11.01293,2001,0.07683356732818347
RGI60-11.01293,2002,-0.7234813732920979
RGI60-11.01293,2003,-1.8150516541981618
RGI60-11.01293,2004,-0.9665016839348568
RGI60-11.01293,2005,-1.5463312635893567
RGI60-11.01293,2006,-1.3262474667077944
RGI60-11.01293,2007,-0.6864959249955358
RGI60-11.01293,2008,-0.8518297705570044
RGI60-11.01293,2009,-1.165880147716763
RGI60-11.01293,2010,-0.4017712530113693
RGI60-11.01293,2011,-1.5626171013385062
RGI60-11.01293,2012,-1.0309628138296105
RGI60-11.01293,2013,-0.8917543550831617
RGI60-11.01293,2014,-1.751743540843529
RGI60-11.01293,2015,-0.8201411535148819
RGI60-11.01293,2016,-1.1789244544313724
RGI60-11.01293,2017,-1.1413642646381057
RGI60-11.01293,2018,-2.1726196842148218
RGI60-11.01293,2019,-1.4055742629707588
RGI60-11.01293,2020,-1.3520908732705794
RGI60-11.01293,2021,-1.4797337145857932
RGI60-11.01293,2022,-2.537224338880711
RGI60-11.01293,2023,-1.8549671286996476
RGI60-11.01293,2024,-1.4444387491143147
RGI60-11.01296,2000,-0.7856351058195641
RGI60-11.01296,2001,-0.03979680658449092
RGI60-11.01296,2002,-0.5760955129466696
RGI60-11.01296,2003,-1.7668674363902994
RGI60-11.01296,2004,-1.019283558241292
RGI60-11.01296,2005,-1.4360812530891547
RGI60-11.01296,2006,-0.3721120954560123
RGI60-11.01296,2007,-1.0892335590595903
RGI60-11.01296,2008,-1.2804531358655424
RGI60-11.01296,2009,-1.4081475710782008
RGI60-11.01296,2010,-0.904113336119596
RGI60-11.01296,2011,-1.9031314665778418
RGI60-11.01296,2012,-1.697355018175903
RGI60-11.01296,2013,-0.6202486888912359
RGI60-11.01296,2014,-1.0199137102436737
RGI60-11.01296,2015,-1.148516721151927
RGI60-11.01296,2016,-0.9874103144398501
RGI60-11.01296,2017,-1.690018603180469
RGI60-11.01296,2018,-1.9018516291707854
RGI60-11.01296,2019,-1.6358344775178992
RGI60-11.01296,2020,-1.715887837986886
RGI60-11.01296,2021,-0.8123905230484499
RGI60-11.01296,2022,-2.1521118249097375
RGI60-11.01296,2023,-2.609564725610534
RGI60-11.01296,2024,-1.125988893916238
RGI60-11.01302,2000,-0.8600197041941753
RGI60-11.01302,2001,0.36016230397711346
RGI60-11.01302,2002,-0.33907233213220267
RGI60-11.01302,2003,-1.1674827031107786
RGI60-11.01302,2004,-0.7205762098648492
RGI60-11.01302,2005,-1.1833871051483946
RGI60-11.01302,2006,-1.257467957557979
RGI60-11.01302,2007,-0.568261817530152
RGI60-11.01302,2008,-0.675021075926788
RGI60-11.01302,2009,-0.6247491504398822
RGI60-11.01302,2010,-0.1061364712261339
RGI60-11.01302,2011,-0.934491082229362
RGI60-11.01302,2012,-0.5264969014192957
RGI60-11.01302,2013,-0.3722007294914324
RGI60-11.01302,2014,-1.2401297878265312
RGI60-11.01302,2015,-0.34827570454365153
RGI60-11.01302,2016,-0.620964264619017
RGI60-11.01302,2017,-0.5665946037838632
RGI60-11.01302,2018,-1.5708816261784633
RGI60-11.01302,2019,-0.9347530767541652
RGI60-11.01302,2020,-0.9947822288443877
RGI60-11.01302,2021,-0.8120035243269539
RGI60-11.01302,2022,-1.9737547864422096
RGI60-11.01302,2023,-1.2659205129026625
RGI60-11.01302,2024,-0.7975369696658537
RGI60-11.01318,2000,-0.40069319910423273
RGI60-11.01318,2001,0.0487846706076599
RGI60-11.01318,2002,-0.3031756311786469
RGI60-11.01318,2003,-1.0823420828280577
RGI60-11.01318,2004,-0.5035603959485845
RGI60-11.01318,2005,-0.598428275400647
RGI60-11.01318,2006,0.00622713081313675
RGI60-11.01318,2007,-0.5210079557882542
RGI60-11.01318,2008,-0.6253893219791441
RGI60-11.01318,2009,-1.164591471497102
RGI60-11.01318,2010,-0.6362051650402583
RGI60-11.01318,2011,-0.8356452729398758
RGI60-11.01318,2012,-0.3957970090503541
RGI60-11.01318,2013,-0.3737614412063375
RGI60-11.01318,2014,-0.7061998148478257
RGI60-11.01318,2015,-0.900123735249406
RGI60-11.01318,2016,-0.7200167560556945
RGI60-11.01318,2017,-0.5661888461612524
RGI60-11.01318,2018,-0.8997583228669923
RGI60-11.01318,2019,-0.861527104278129
RGI60-11.01318,2020,-0.6475301817677356
RGI60-11.01318,2021,-0.5580151320378539
RGI60-11.01318,2022,-1.452146722696043
RGI60-11.01318,2023,-0.9060834180424261
RGI60-11.01318,2024,-0.9908759421095497
RGI60-11.01328,2000,-1.325694485028471
RGI60-11.01328,2001,-0.7344604096360384
RGI60-11.01328,2002,-1.1761035039609733
RGI60-11.01328,2003,-2.0443601267845923
RGI60-11.01328,2004,-1.4866911809526433
RGI60-11.01328,2005,-1.591355604384164
RGI60-11.01328,2006,-0.9363556733556355
RGI60-11.01328,2007,-1.4216715664461903
RGI60-11.01328,2008,-1.483694741847024
RGI60-11.01328,2009,-2.058952330210855
RGI60-11.01328,2010,-1.2775190388784554
RGI60-11.01328,2011,-2.3160162639170805
RGI60-11.01328,2012,-1.6623382928822874
RGI60-11.01328,2013,-1.1413813481727137
RGI60-11.01328,2014,-1.5508100034605765
RGI60-11.01328,2015,-1.7440188867781925
RGI60-11.01328,2016,-1.3901565158931937
RGI60-11.01328,2017,-1.9915711429781124
RGI60-11.01328,2018,-2.2425834659060455
RGI60-11.01328,2019,-2.2135654185267573
RGI60-11.01328,2020,-1.5623980604176007
RGI60-11.01328,2021,-1.3748527774615098
RGI60-11.01328,2022,-2.6948053925212836
RGI60-11.01328,2023,-2.090799162393724
RGI60-11.01328,2024,-1.4036528418405552
RGI60-11.01335,2000,-1.1060313635498977
RGI60-11.01335,2001,-0.24897260473217786
RGI60-11.01335,2002,-1.1171888982576437
RGI60-11.01335,2003,-2.0797973177824467
RGI60-11.01335,2004,-0.7685245439425422
RGI60-11.01335,2005,-1.8334202778079178
RGI60-11.01335,2006,-1.0013460727705281
RGI60-11.01335,2007,-1.4316020850277924
RGI60-11.01335,2008,-0.5833395503004067
RGI60-11.01335,2009,-0.9855349219079976
RGI60-11.01335,2010,-0.8909443362663372
RGI60-11.01335,2011,-2.137704526051766
RGI60-11.01335,2012,-1.2479929754810757
RGI60-11.01335,2013,-0.9745714330585618
RGI60-11.01335,2014,-1.7870328252804006
RGI60-11.01335,2015,-1.2447428832379857
RGI60-11.01335,2016,-1.0834059094606951
RGI60-11.01335,2017,-1.600387676042599
RGI60-11.01335,2018,-1.7518771722727255
RGI60-11.01335,2019,-1.2199826267685094
RGI60-11.01335,2020,-0.8158685424545002
RGI60-11.01335,2021,-1.0657631736473188
RGI60-11.01335,2022,-2.304707676484636
RGI60-11.01335,2023,-1.6986774692368762
RGI60-11.01335,2024,-1.0443785305658295
RGI60-11.01336,2000,-0.3826281316466137
RGI60-11.01336,2001,0.653589075046242
RGI60-11.01336,2002,-0.33609425296971057
RGI60-11.01336,2003,-1.3131837264829271
RGI60-11.01336,2004,-0.17706173380284185
RGI60-11.01336,2005,-0.9512570737688151
RGI60-11.01336,2006,0.057406966868084
RGI60-11.01336,2007,-0.777393722210295
RGI60-11.01336,2008,-0.8223524988941366
RGI60-11.01336,2009,-0.6471482866147615
RGI60-11.01336,2010,-0.09144137291846766
RGI60-11.01336,2011,-1.42667689237902
RGI60-11.01336,2012,-0.8118130107529373
RGI60-11.01336,2013,-0.07104494241376846
RGI60-11.01336,2014,-0.7532284534340901
RGI60-11.01336,2015,-0.7612444806734388
RGI60-11.01336,2016,-0.2799407516000466
RGI60-11.01336,2017,-0.6137960915174954
RGI60-11.01336,2018,-1.1323125198978454
RGI60-11.01336,2019,-0.5020780999371155
RGI60-11.01336,2020,-1.075465335911685
RGI60-11.01336,2021,-0.7864752633876682
RGI60-11.01336,2022,-1.6724357175839901
RGI60-11.01336,2023,-1.5786130178216689
RGI60-11.01336,2024,-0.5306351931252528
RGI60-11.01338,2000,-0.771488073634492
RGI60-11.01338,2001,0.25833564824108235
RGI60-11.01338,2002,-0.6126868422667204
RGI60-11.01338,2003,-1.90634249524923
RGI60-11.01338,2004,-1.0630165833169734
RGI60-11.01338,2005,-0.9272651614439721
RGI60-11.01338,2006,-0.37502836322540956
RGI60-11.01338,2007,-1.1938259146898471
RGI60-11.01338,2008,-1.1206754857843804
RGI60-11.01338,2009,-1.2777204302496379
RGI60-11.01338,2010,-0.721917007144921
RGI60-11.01338,2011,-1.6914093881656136
RGI60-11.01338,2012,-1.1061389231610559
RGI60-11.01338,2013,-0.6429422212375776
RGI60-11.01338,2014,-0.9984556555212205
RGI60-11.01338,2015,-1.0637715888371373
RGI60-11.01338,2016,-1.322455416550135
RGI60-11.01338,2017,-1.2434576751356965
RGI60-11.01338,2018,-1.8122665648166314
RGI60-11.01338,2019,-1.3913718578104175
RGI60-11.01338,2020,-1.5868561934625085
RGI60-11.01338,2021,-0.8578467200400197
RGI60-11.01338,2022,-2.316917813196265
RGI60-11.01338,2023,-1.2876478427085079
RGI60-11.01338,2024,-0.7131423324601167
RGI60-11.01346,2000,-0.8452833458227151
RGI60-11.01346,2001,-0.19885009898833605
RGI60-11.01346,2002,-0.5477921828786385
RGI60-11.01346,2003,-1.5437511257626717
RGI60-11.01346,2004,-1.050811065245657
RGI60-11.01346,2005,-1.1755623136770095
RGI60-11.01346,2006,-0.44831685232837026
RGI60-11.01346,2007,-0.60929212483512
RGI60-11.01346,2008,-1.0370222097035962
RGI60-11.01346,2009,-1.537643945413909
RGI60-11.01346,2010,-0.5709805139505442
RGI60-11.01346,2011,-1.5594184623411227
RGI60-11.01346,2012,-0.7864843782268068
RGI60-11.01346,2013,-0.7446083869622094
RGI60-11.01346,2014,-0.6252331416854084
RGI60-11.01346,2015,-1.0161479563212508
RGI60-11.01346,2016,-0.9133106711388652
RGI60-11.01346,2017,-1.1665757709664666
RGI60-11.01346,2018,-1.7888400945681795
RGI60-11.01346,2019,-1.7327753591831225
RGI60-11.01346,2020,-1.4797072932867104
RGI60-11.01346,2021,-0.7378925147344166
RGI60-11.01346,2022,-2.116664378684209
RGI60-11.01346,2023,-1.5887000458767617
RGI60-11.01346,2024,-1.1443331684218823
RGI60-11.01358,2000,-0.37838436775006457
RGI60-11.01358,2001,0.010663717742640744
RGI60-11.01358,2002,-0.43497344278440464
RGI60-11.01358,2003,-1.3574558853087584
RGI60-11.01358,2004,-0.6438592272348239
RGI60-11.01358,2005,-0.9443633014342888
RGI60-11.01358,2006,-0.3968063047451142
RGI60-11.01358,2007,-0.7190084421650677
RGI60-11.01358,2008,-0.6615232368733345
RGI60-11.01358,2009,-0.8510502293035873
RGI60-11.01358,2010,-0.6789464789949736
RGI60-11.01358,2011,-1.2551521006813124
RGI60-11.01358,2012,-0.8378810196819967
RGI60-11.01358,2013,-0.4765722764072171
RGI60-11.01358,2014,-0.5693261201077178
RGI60-11.01358,2015,-0.9864578362904068
RGI60-11.01358,2016,-0.48466313015639134
RGI60-11.01358,2017,-1.2622688006685852
RGI60-11.01358,2018,-1.3558468711717957
RGI60-11.01358,2019,-1.0940246459828042
RGI60-11.01358,2020,-0.8197750247256219
RGI60-11.01358,2021,-0.8580923254173123
RGI60-11.01358,2022,-1.9620455370025192
RGI60-11.01358,2023,-1.6336433056327402
RGI60-11.01358,2024,-0.7737775113749238
RGI60-11.01362,2000,-0.5344269652131134
RGI60-11.01362,2001,-0.09789067781190097
RGI60-11.01362,2002,-0.36455656174060147
RGI60-11.01362,2003,-1.2707669044414327
RGI60-11.01362,2004,-0.9298955568212717
RGI60-11.01362,2005,-1.1768184700491626
RGI60-11.01362,2006,-0.5417075903182736
RGI60-11.01362,2007,-0.8276893114364584
RGI60-11.01362,2008,-0.7754741153008201
RGI60-11.01362,2009,-1.321161256390027
RGI60-11.01362,2010,-0.9905367893076769
RGI60-11.01362,2011,-1.6665636202600127
RGI60-11.01362,2012,-0.9215078375947251
RGI60-11.01362,2013,-0.594196774618613
RGI60-11.01362,2014,-1.031260365276855
RGI60-11.01362,2015,-1.068459269816467
RGI60-11.01362,2016,-0.6731579809482229
RGI60-11.01362,2017,-1.3529964374980703
RGI60-11.01362,2018,-1.5235342020781446
RGI60-11.01362,2019,-1.3086993130781484
RGI60-11.01362,2020,-1.550243762432981
RGI60-11.01362,2021,-1.0097859026538005
RGI60-11.01362,2022,-2.196394822500676
RGI60-11.01362,2023,-2.006293467689678
RGI60-11.01362,2024,-1.0616107082738255
RGI60-11.01378,2000,-0.4553771631286946
RGI60-11.01378,2001,-0.18135664146395958
RGI60-11.01378,2002,-0.8039314181379265
RGI60-11.01378,2003,-1.5944708824453717
RGI60-11.01378,2004,-0.9566777353210485
RGI60-11.01378,2005,-1.4637595315297354
RGI60-11.01378,2006,-0.6151532415925646
RGI60-11.01378,2007,-0.9323916045297524
RGI60-11.01378,2008,-1.0536003434135288
RGI60-11.01378,2009,-1.4033106708179823
RGI60-11.01378,2010,-0.9937765786534899
RGI60-11.01378,2011,-1.8878593277140787
RGI60-11.01378,2012,-1.078994257192622
RGI60-11.01378,2013,-0.43261314985629107
RGI60-11.01378,2014,-0.8187645303147484
RGI60-11.01378,2015,-1.3292885832252959
RGI60-11.01378,2016,-0.8829782607224946
RGI60-11.01378,2017,-1.0601083219120429
RGI60-11.01378,2018,-1.417459395422585
RGI60-11.01378,2019,-1.206228362605788
RGI60-11.01378,2020,-1.363032665560671
RGI60-11.01378,2021,-0.9621205109485924
RGI60-11.01378,2022,-1.88099729985232
RGI60-11.01378,2023,-1.783100074185186
RGI60-11.01378,2024,-0.27606703571306546
RGI60-11.01379,2000,-0.0074943600872363625
RGI60-11.01379,2001,0.3173080178720111
RGI60-11.01379,2002,-0.2041508881300666
RGI60-11.01379,2003,-1.004264155863623
RGI60-11.01379,2004,-0.6748488686579228
RGI60-11.01379,2005,-0.5616767860430487
RGI60-11.01379,2006,0.1681681005471395
RGI60-11.01379,2007,0.9008537062100744
RGI60-11.01379,2008,-0.5765429649322272
RGI60-11.01379,2009,-1.6157756281148372
RGI60-11.01379,2010,-0.17180117092646047
RGI60-11.01379,2011,-0.8259773586028911
RGI60-11.01379,2012,-0.6068489365656375
RGI60-11.01379,2013,-0.35812113106013466
RGI60-11.01379,2014,0.014715555472830544
RGI60-11.01379,2015,-1.053614511453352
RGI60-11.01379,2016,-0.7468690534369836
RGI60-11.01379,2017,-0.7239996854201289
RGI60-11.01379,2018,-1.4911914447198455
RGI60-11.01379,2019,-1.1828684360876527
RGI60-11.01379,2020,-0.9748502519326359
RGI60-11.01379,2021,-0.2990686748719569
RGI60-11.01379,2022,-1.284050919928038
RGI60-11.01379,2023,-0.8375227098554738
RGI60-11.01379,2024,-0.8496757626173179
RGI60-11.01387,2000,-0.30085583591519327
RGI60-11.01387,2001,0.7097353769827999
RGI60-11.01387,2002,0.0887752496159196
RGI60-11.01387,2003,-1.1317910674743397
RGI60-11.01387,2004,-0.021800656538462804
RGI60-11.01387,2005,-0.1376554990976824
RGI60-11.01387,2006,0.6103393858543839
RGI60-11.01387,2007,-0.015502575523640455
RGI60-11.01387,2008,-0.14221056755609426
RGI60-11.01387,2009,-0.9478180361219698
RGI60-11.01387,2010,0.16855844200473857
RGI60-11.01387,2011,-0.924244288867543
RGI60-11.01387,2012,-0.12770946427672014
RGI60-11.01387,2013,-0.07538925905231003
RGI60-11.01387,2014,0.16411293760207496
RGI60-11.01387,2015,-0.550655817208465
RGI60-11.01387,2016,-0.32871778388349027
RGI60-11.01387,2017,-0.39649926011555414
RGI60-11.01387,2018,-1.1189385993380743
RGI60-11.01387,2019,-0.7776326810903813
RGI60-11.01387,2020,-0.9677521964600665
RGI60-11.01387,2021,-0.13226044164292022
RGI60-11.01387,2022,-1.6532741433781806
RGI60-11.01387,2023,-0.9454810885544468
RGI60-11.01387,2024,-0.6105508791594725
RGI60-11.01431,2000,-0.10634106548902178
RGI60-11.01431,2001,0.37945459127437775
RGI60-11.01431,2002,-0.372210886531163
RGI60-11.01431,2003,-0.9837554130201251
RGI60-11.01431,2004,-0.5729798827274699
RGI60-11.01431,2005,-0.5138960686497693
RGI60-11.01431,2006,0.2346421707592924
RGI60-11.01431,2007,-0.2086318133388566
RGI60-11.01431,2008,-0.6070709666910794
RGI60-11.01431,2009,-0.8466840441106332
RGI60-11.01431,2010,-0.2687082176895693
RGI60-11.01431,2011,-0.8309915540498536
RGI60-11.01431,2012,-0.5449128893134696
RGI60-11.01431,2013,-0.5172251483521869
RGI60-11.01431,2014,-0.2910472008084476
RGI60-11.01431,2015,-0.6313640725419248
RGI60-11.01431,2016,-0.5955323533600902
RGI60-11.01431,2017,-0.8498621111212182
RGI60-11.01431,2018,-1.1941906381554994
RGI60-11.01431,2019,-1.0480924360832895
RGI60-11.01431,2020,-0.6584515774751192
RGI60-11.01431,2021,-0.7076978093495349
RGI60-11.01431,2022,-1.60100958320278
RGI60-11.01431,2023,-0.7643944783776957
RGI60-11.01431,2024,-1.0397631828100913
RGI60-11.01435,2000,-0.1935523846612282
RGI60-11.01435,2001,0.44009649132554585
RGI60-11.01435,2002,-0.06448812831080819
RGI60-11.01435,2003,-0.8905055996691735
RGI60-11.01435,2004,-0.07943829067521402
RGI60-11.01435,2005,-0.48438735253115484
RGI60-11.01435,2006,0.30762596272392484
RGI60-11.01435,2007,-0.33431958422615216
RGI60-11.01435,2008,-0.6979076311495916
RGI60-11.01435,2009,-0.890581763983969
RGI60-11.01435,2010,-0.3107521160650778
RGI60-11.01435,2011,-0.9721632700807898
RGI60-11.01435,2012,-0.6184188757014506
RGI60-11.01435,2013,-0.03950522183224814
RGI60-11.01435,2014,-0.7542878117274538
RGI60-11.01435,2015,-0.6598533325715306
RGI60-11.01435,2016,-0.6936742693099467
RGI60-11.01435,2017,-1.028040414446148
RGI60-11.01435,2018,-1.0781050075751393
RGI60-11.01435,2019,-0.9944413995323986
RGI60-11.01435,2020,-0.7426512167400694
RGI60-11.01435,2021,-0.3951166983278865
RGI60-11.01435,2022,-1.3828330898379062
RGI60-11.01435,2023,-1.4931616692429825
RGI60-11.01435,2024,-0.2158550187389935
RGI60-11.01445,2000,-0.3602582321778165
RGI60-11.01445,2001,0.29059323746594534
RGI60-11.01445,2002,-0.09108414649247676
RGI60-11.01445,2003,-1.130976217508142
RGI60-11.01445,2004,-0.47686159794514715
RGI60-11.01445,2005,-0.605664491601475
RGI60-11.01445,2006,-0.37315542131021484
RGI60-11.01445,2007,-0.3361822409443016
RGI60-11.01445,2008,-0.5367195216087554
RGI60-11.01445,2009,-1.085258793686225
RGI60-11.01445,2010,-0.4503750843205745
RGI60-11.01445,2011,-0.926644742891882
RGI60-11.01445,2012,-0.45068504293469713
RGI60-11.01445,2013,-0.4922833790779483
RGI60-11.01445,2014,-0.3767688426698498
RGI60-11.01445,2015,-0.6530031906234289
RGI60-11.01445,2016,-0.7388554905937854
RGI60-11.01445,2017,-0.7423102800767419
RGI60-11.01445,2018,-1.0892396176680355
RGI60-11.01445,2019,-1.1014669033344495
RGI60-11.01445,2020,-0.919347507785493
RGI60-11.01445,2021,-0.5491569497696734
RGI60-11.01445,2022,-1.5897774244667195
RGI60-11.01445,2023,-1.1814482327845242
RGI60-11.01445,2024,-1.2402023941793923
RGI60-11.01450,2000,-1.136415837014077
RGI60-11.01450,2001,-0.38935260791913795
RGI60-11.01450,2002,-0.6021849979264142
RGI60-11.01450,2003,-1.6593855673082998
RGI60-11.01450,2004,-1.126867547795027
RGI60-11.01450,2005,-1.2515453548461808
RGI60-11.01450,2006,-0.9649287099160722
RGI60-11.01450,2007,-0.9392204577114693
RGI60-11.01450,2008,-1.075246988596847
RGI60-11.01450,2009,-1.5481277393144857
RGI60-11.01450,2010,-1.0386377034635688
RGI60-11.01450,2011,-1.7161516271280792
RGI60-11.01450,2012,-1.362407840292505
RGI60-11.01450,2013,-0.8606602240709229
RGI60-11.01450,2014,-1.0179401582322052
RGI60-11.01450,2015,-1.2253225475336351
RGI60-11.01450,2016,-1.1474561445275704
RGI60-11.01450,2017,-1.4291994122434895
RGI60-11.01450,2018,-1.9698451988451264
RGI60-11.01450,2019,-1.752803335314883
RGI60-11.01450,2020,-1.5574513790399616
RGI60-11.01450,2021,-0.8703181850719031
RGI60-11.01450,2022,-2.3984093146101735
RGI60-11.01450,2023,-1.994609789025045
RGI60-11.01450,2024,-1.3682130548384688
RGI60-11.01468,2000,-0.21217884347010052
RGI60-11.01468,2001,0.3682096713254836
RGI60-11.01468,2002,0.14382772921946124
RGI60-11.01468,2003,-0.8463908027902258
RGI60-11.01468,2004,-0.38682060185411205
RGI60-11.01468,2005,-0.34554647484790996
RGI60-11.01468,2006,0.09732375640743068
RGI60-11.01468,2007,0.046108784145054815
RGI60-11.01468,2008,-0.03872124311983463
RGI60-11.01468,2009,-0.6476793945603669
RGI60-11.01468,2010,-0.18180503598488867
RGI60-11.01468,2011,-0.27479550871216757
RGI60-11.01468,2012,0.036485447558801676
RGI60-11.01468,2013,-0.276895847042146
RGI60-11.01468,2014,0.0827840506857932
RGI60-11.01468,2015,-0.18869196672021532
RGI60-11.01468,2016,-0.40869441289190794
RGI60-11.01468,2017,-0.6196538061968861
RGI60-11.01468,2018,-0.7465628718706401
RGI60-11.01468,2019,-0.8239026292806277
RGI60-11.01468,2020,-0.3637835790920739
RGI60-11.01468,2021,-0.2624360054797554
RGI60-11.01468,2022,-1.0642514156378258
RGI60-11.01468,2023,-0.9613295315788111
RGI60-11.01468,2024,-0.9372977254761068
RGI60-11.01473,2000,-0.9776918653002454
RGI60-11.01473,2001,0.25380855391862833
RGI60-11.01473,2002,-0.28569989035172094
RGI60-11.01473,2003,-1.8434925246111113
RGI60-11.01473,2004,-0.5525495773211593
RGI60-11.01473,2005,-1.2701231499919523
RGI60-11.01473,2006,-0.9391491838171206
RGI60-11.01473,2007,-1.1687641273269762
RGI60-11.01473,2008,-0.7208507501918231
RGI60-11.01473,2009,-1.0321419563492056
RGI60-11.01473,2010,-0.29885069204942194
RGI60-11.01473,2011,-0.9365697343664303
RGI60-11.01473,2012,-1.4860747951794961
RGI60-11.01473,2013,-0.36246022228126495
RGI60-11.01473,2014,-0.6322210404939403
RGI60-11.01473,2015,-1.0806292126028596
RGI60-11.01473,2016,-0.8606411001582599
RGI60-11.01473,2017,-1.566872462812807
RGI60-11.01473,2018,-1.6819245283386186
RGI60-11.01473,2019,-1.2198017403742243
RGI60-11.01473,2020,-1.3836177048684726
RGI60-11.01473,2021,-1.4117652710602402
RGI60-11.01473,2022,-2.3065214359476283
RGI60-11.01473,2023,-1.8345440744114323
RGI60-11.01473,2024,-1.0815028622498715
RGI60-11.01478,2000,-0.9179356747574953
RGI60-11.01478,2001,-0.1317667237922211
RGI60-11.01478,2002,-0.17959629176260328
RGI60-11.01478,2003,-1.5239881168103162
RGI60-11.01478,2004,-1.087784234118407
RGI60-11.01478,2005,-1.2936413746028539
RGI60-11.01478,2006,-0.7726217438783533
RGI60-11.01478,2007,-0.7434287578979344
RGI60-11.01478,2008,-1.0570466396664981
RGI60-11.01478,2009,-1.2919233893261022
RGI60-11.01478,2010,-0.6349888936690514
RGI60-11.01478,2011,-1.6151932776926996
RGI60-11.01478,2012,-1.2712670938946757
RGI60-11.01478,2013,-0.7159424588901018
RGI60-11.01478,2014,-0.7443582658939685
RGI60-11.01478,2015,-1.19811627968132
RGI60-11.01478,2016,-1.0813668575545552
RGI60-11.01478,2017,-1.4879797359847862
RGI60-11.01478,2018,-2.0901970629600726
RGI60-11.01478,2019,-1.6198571271659854
RGI60-11.01478,2020,-1.5318818258102405
RGI60-11.01478,2021,-0.6936148605913861
RGI60-11.01478,2022,-2.6599290772866073
RGI60-11.01478,2023,-2.0299770798942327
RGI60-11.01478,2024,-1.1447360991141384
RGI60-11.01488,2000,-0.5752031062283525
RGI60-11.01488,2001,0.5022005409057677
RGI60-11.01488,2002,-0.060991912411667126
RGI60-11.01488,2003,-1.2878275808236572
RGI60-11.01488,2004,-0.622441883582318
RGI60-11.01488,2005,-0.8216621507712655
RGI60-11.01488,2006,0.027705298436806802
RGI60-11.01488,2007,-0.40700133004988137
RGI60-11.01488,2008,-0.8212740504817554
RGI60-11.01488,2009,-0.903548712734718
RGI60-11.01488,2010,-0.6724867256113624
RGI60-11.01488,2011,-1.2497250466414118
RGI60-11.01488,2012,-1.018063173989601
RGI60-11.01488,2013,-0.21315862587501105
RGI60-11.01488,2014,-0.6808251610529724
RGI60-11.01488,2015,-0.685466893799819
RGI60-11.01488,2016,-0.9323736061477168
RGI60-11.01488,2017,-1.2678079749070033
RGI60-11.01488,2018,-1.239361232709089
RGI60-11.01488,2019,-0.8160866715249742
RGI60-11.01488,2020,-1.0464606185705576
RGI60-11.01488,2021,-0.6479244387258596
RGI60-11.01488,2022,-1.4873005572205007
RGI60-11.01488,2023,-1.4211015432879843
RGI60-11.01488,2024,-0.3385227695680754
RGI60-11.01489,2000,-0.5397868602688782
RGI60-11.01489,2001,0.40628997636746256
RGI60-11.01489,2002,-0.15483526857342733
RGI60-11.01489,2003,-1.011124930419466
RGI60-11.01489,2004,-0.8246367424600067
RGI60-11.01489,2005,-0.8836938367318762
RGI60-11.01489,2006,0.07217620691693294
RGI60-11.01489,2007,-0.7778792535747661
RGI60-11.01489,2008,-0.9007873513162811
RGI60-11.01489,2009,-1.065508774497463
RGI60-11.01489,2010,-0.5740081154939282
RGI60-11.01489,2011,-1.5470087269850041
RGI60-11.01489,2012,-1.1704045846672344
RGI60-11.01489,2013,-0.1082462656739207
RGI60-11.01489,2014,-0.5963544356688784
RGI60-11.01489,2015,-0.4850053706998943
RGI60-11.01489,2016,-0.8921678849227411
RGI60-11.01489,2017,-0.5315517223841856
RGI60-11.01489,2018,-1.234552025909716
RGI60-11.01489,2019,-1.195714033036723
RGI60-11.01489,2020,-1.2555773778703492
RGI60-11.01489,2021,-0.6421232883843765
RGI60-11.01489,2022,-2.0815509392944467
RGI60-11.01489,2023,-1.1370574846511123
RGI60-11.01489,2024,-0.309263099430357
RGI60-11.01500,2000,0.0641843879557118
RGI60-11.01500,2001,0.4346182003727034
RGI60-11.01500,2002,-0.3390213448121039
RGI60-11.01500,2003,-1.2213271534453463
RGI60-11.01500,2004,-0.5326339333539227
RGI60-11.01500,2005,-0.9349993042771807
RGI60-11.01500,2006,-0.2742801414117929
RGI60-11.01500,2007,-0.7127566422079604
RGI60-11.01500,2008,-0.9763658554191468
RGI60-11.01500,2009,-1.0016804375605033
RGI60-11.01500,2010,-0.8099368197337395
RGI60-11.01500,2011,-1.7660798628978944
RGI60-11.01500,2012,-1.1793791918640468
RGI60-11.01500,2013,-0.14322847950707862
RGI60-11.01500,2014,-0.36865682741747924
RGI60-11.01500,2015,-0.8916990771874178
RGI60-11.01500,2016,-0.9440389366505392
RGI60-11.01500,2017,-1.341498987582607
RGI60-11.01500,2018,-1.5767191620593524
RGI60-11.01500,2019,-1.3301004309403013
RGI60-11.01500,2020,-1.263888523725383
RGI60-11.01500,2021,-0.18670947177367037
RGI60-11.01500,2022,-2.5403565810400632
RGI60-11.01500,2023,-2.335060247122537
RGI60-11.01500,2024,-0.7287109798528312
RGI60-11.01505,2000,-1.2154095934864904
RGI60-11.01505,2001,-0.24166053563897505
RGI60-11.01505,2002,-1.1476545086540435
RGI60-11.01505,2003,-1.959285636053511
RGI60-11.01505,2004,-1.3655700518064426
RGI60-11.01505,2005,-1.6177168403511395
RGI60-11.01505,2006,-0.587375920123814
RGI60-11.01505,2007,-1.262595629205449
RGI60-11.01505,2008,-0.1703825641311557
RGI60-11.01505,2009,-1.1308239136371288
RGI60-11.01505,2010,-0.7397853690566506
RGI60-11.01505,2011,-1.5716475010498652
RGI60-11.01505,2012,-0.8338151727338934
RGI60-11.01505,2013,-0.5613140502457601
RGI60-11.01505,2014,-1.6346704240690357
RGI60-11.01505,2015,-0.9586820889093459
RGI60-11.01505,2016,-1.4692621077245391
RGI60-11.01505,2017,0.7951307067488078
RGI60-11.01505,2018,-1.4369725531715327
RGI60-11.01505,2019,-0.7529062467000317
RGI60-11.01505,2020,-1.5063387416354366
RGI60-11.01505,2021,-0.9964810044764204
RGI60-11.01505,2022,-1.3381250443740593
RGI60-11.01505,2023,-0.8187723029705298
RGI60-11.01505,2024,-0.9527565083909477
RGI60-11.01509,2000,-1.124707191083928
RGI60-11.01509,2001,-0.3425046983644642
RGI60-11.01509,2002,-0.6233646159653876
RGI60-11.01509,2003,-2.227452020535207
RGI60-11.01509,2004,-1.5240097814082105
RGI60-11.01509,2005,-1.6632966150562916
RGI60-11.01509,2006,-0.8446848096953464
RGI60-11.01509,2007,-1.599192503299623
RGI60-11.01509,2008,-1.6034362719366964
RGI60-11.01509,2009,-2.013828303105989
RGI60-11.01509,2010,-1.4730257494970467
RGI60-11.01509,2011,-2.1124765270851698
RGI60-11.01509,2012,-1.8833551178387524
RGI60-11.01509,2013,-1.296615891690891
RGI60-11.01509,2014,-1.1933944726155545
RGI60-11.01509,2015,-1.7804759042615814
RGI60-11.01509,2016,-1.6626800403277247
RGI60-11.01509,2017,-2.1888661592231666
RGI60-11.01509,2018,-2.4661892324670442
RGI60-11.01509,2019,-1.880844094541922
RGI60-11.01509,2020,-2.263841954947469
RGI60-11.01509,2021,-1.3276417663838327
RGI60-11.01509,2022,-2.9798157465863273
RGI60-11.01509,2023,-2.849085370903384
RGI60-11.01509,2024,-1.7033589380883987
RGI60-11.01522,2000,-1.4526253426683806
RGI60-11.01522,2001,-0.2710079961509998
RGI60-11.01522,2002,-0.8445090818198104
RGI60-11.01522,2003,-1.7774013493734757
RGI60-11.01522,2004,-1.2557391903222752
RGI60-11.01522,2005,-1.075015631131196
RGI60-11.01522,2006,-0.9547813120155968
RGI60-11.01522,2007,-1.071808708718067
RGI60-11.01522,2008,-0.6722251427212019
RGI60-11.01522,2009,-1.375963719094616
RGI60-11.01522,2010,-0.7251006413401421
RGI60-11.01522,2011,-1.3825283144472031
RGI60-11.01522,2012,-1.3563919345932414
RGI60-11.01522,2013,-0.8876998216555323
RGI60-11.01522,2014,-1.1715711402560738
RGI60-11.01522,2015,-1.0293782662724293
RGI60-11.01522,2016,-1.6566099500146025
RGI60-11.01522,2017,-0.04691206890856958
RGI60-11.01522,2018,-1.813458414170529
RGI60-11.01522,2019,-1.098171974326051
RGI60-11.01522,2020,-0.5145497559665766
RGI60-11.01522,2021,-1.1392786615222934
RGI60-11.01522,2022,-1.2260823679776272
RGI60-11.01522,2023,-0.9725446936782918
RGI60-11.01522,2024,-1.1633561108276214
RGI60-11.01524,2000,-0.8772426957486461
RGI60-11.01524,2001,0.6263705702150091
RGI60-11.01524,2002,-0.12546215690869733
RGI60-11.01524,2003,-1.5755702909217293
RGI60-11.01524,2004,-0.7025701464549018
RGI60-11.01524,2005,-0.9872493129089494
RGI60-11.01524,2006,-0.999794858071531
RGI60-11.01524,2007,-0.8236205317285387
RGI60-11.01524,2008,-0.28430690098516537
RGI60-11.01524,2009,-1.1264563173767865
RGI60-11.01524,2010,-0.3625511913652343
RGI60-11.01524,2011,-0.4653413945756383
RGI60-11.01524,2012,-1.1322437875515767
RGI60-11.01524,2013,0.07089083953973307
RGI60-11.01524,2014,-0.8907790377331669
RGI60-11.01524,2015,-0.8093748744361557
RGI60-11.01524,2016,-0.7682665595001635
RGI60-11.01524,2017,-1.093305523250623
RGI60-11.01524,2018,-1.2017410816126757
RGI60-11.01524,2019,-0.6282847486245613
RGI60-11.01524,2020,-1.0812636030910894
RGI60-11.01524,2021,-1.1986783442214324
RGI60-11.01524,2022,-2.0175200362229067
RGI60-11.01524,2023,-0.7722302074631744
RGI60-11.01524,2024,-0.6819890456002862
RGI60-11.01527,2000,-1.4769228545509825
RGI60-11.01527,2001,-0.5229510799198748
RGI60-11.01527,2002,-0.656449677583612
RGI60-11.01527,2003,-1.8340197524516384
RGI60-11.01527,2004,-1.343492618375497
RGI60-11.01527,2005,-1.8940287185425553
RGI60-11.01527,2006,-0.36836644812799735
RGI60-11.01527,2007,-1.1471138744855918
RGI60-11.01527,2008,-0.5602832819064179
RGI60-11.01527,2009,-0.28711053846387447
RGI60-11.01527,2010,0.5042202051479444
RGI60-11.01527,2011,-1.1907972273934146
RGI60-11.01527,2012,-0.33186377765943575
RGI60-11.01527,2013,-1.3837266488237094
RGI60-11.01527,2014,-2.069138333734614
RGI60-11.01527,2015,-1.5492587882843931
RGI60-11.01527,2016,-0.35407021473805644
RGI60-11.01527,2017,0.08543644303981235
RGI60-11.01527,2018,-2.287035833833426
RGI60-11.01527,2019,-0.908126979312666
RGI60-11.01527,2020,-1.5359191080858463
RGI60-11.01527,2021,-1.3560544230034888
RGI60-11.01527,2022,-2.6044958816056645
RGI60-11.01527,2023,-1.3080807449395637
RGI60-11.01527,2024,-1.5755002582061346
RGI60-11.01545,2000,-0.4036779389108378
RGI60-11.01545,2001,0.8765863296807115
RGI60-11.01545,2002,0.3266610342541111
RGI60-11.01545,2003,-1.4501975603992636
RGI60-11.01545,2004,-0.4732800814095328
RGI60-11.01545,2005,-0.6807826952924201
RGI60-11.01545,2006,-0.36476068018580504
RGI60-11.01545,2007,-0.425366803331907
RGI60-11.01545,2008,-0.6902673463592773
RGI60-11.01545,2009,-0.4631727412735813
RGI60-11.01545,2010,-0.33507565443540177
RGI60-11.01545,2011,-1.697694769463967
RGI60-11.01545,2012,-0.8711984321409578
RGI60-11.01545,2013,-0.2710750477346473
RGI60-11.01545,2014,-0.26767783412961776
RGI60-11.01545,2015,-0.9588396205227958
RGI60-11.01545,2016,-0.6495720078815771
RGI60-11.01545,2017,-1.1934018743038919
RGI60-11.01545,2018,-1.8745912748759244
RGI60-11.01545,2019,-1.252615001283418
RGI60-11.01545,2020,-1.2854799041780347
RGI60-11.01545,2021,-0.28760751388432704
RGI60-11.01545,2022,-2.866556832534245
RGI60-11.01545,2023,-2.049455470374731
RGI60-11.01545,2024,-0.2492206297090242
RGI60-11.01549,2000,-0.5557029251612275
RGI60-11.01549,2001,0.5180936182140378
RGI60-11.01549,2002,-0.4800084128988471
RGI60-11.01549,2003,-1.7607341365736309
RGI60-11.01549,2004,-0.6974179169680365
RGI60-11.01549,2005,-1.0398930238660626
RGI60-11.01549,2006,-1.2194438000383678
RGI60-11.01549,2007,-0.849791787594817
RGI60-11.01549,2008,-0.30716222109113345
RGI60-11.01549,2009,-0.6615870554328049
RGI60-11.01549,2010,-0.7067090621352801
RGI60-11.01549,2011,-0.7632785517636347
RGI60-11.01549,2012,-1.1713676536259081
RGI60-11.01549,2013,-0.5161131781723298
RGI60-11.01549,2014,-0.6801923007264702
RGI60-11.01549,2015,-1.096756065544792
RGI60-11.01549,2016,-0.9465492020919922
RGI60-11.01549,2017,-0.5358654682481234
RGI60-11.01549,2018,-0.9848551562430212
RGI60-11.01549,2019,-1.037865700037555
RGI60-11.01549,2020,-0.5349193736073714
RGI60-11.01549,2021,-0.8947115705987772
RGI60-11.01549,2022,-1.1946861181986383
RGI60-11.01549,2023,-1.6614864593279006
RGI60-11.01549,2024,-1.0914768734199156
RGI60-11.01550,2000,-0.29552744844369805
RGI60-11.01550,2001,0.38161188363055387
RGI60-11.01550,2002,0.017024492366467858
RGI60-11.01550,2003,-1.0974751490306554
RGI60-11.01550,2004,-0.3437881820361187
RGI60-11.01550,2005,-0.4641813455534194
RGI60-11.01550,2006,-0.0071596286914730745
RGI60-11.01550,2007,-0.09577603827219322
RGI60-11.01550,2008,-0.43140767044010847
RGI60-11.01550,2009,-0.9682030563807127
RGI60-11.01550,2010,-0.5453018259139262
RGI60-11.01550,2011,-0.5883566147047264
RGI60-11.01550,2012,-0.5311212665222595
RGI60-11.01550,2013,-0.35217876758556976
RGI60-11.01550,2014,-0.5281494636025389
RGI60-11.01550,2015,-0.5060572577230223
RGI60-11.01550,2016,-0.2633719782195555
RGI60-11.01550,2017,-0.5142747463960486
RGI60-11.01550,2018,-0.929976617824696
RGI60-11.01550,2019,-1.0877293186562924
RGI60-11.01550,2020,-0.7859210694109713
RGI60-11.01550,2021,-0.41223681825485736
RGI60-11.01550,2022,-1.4648451437447596
RGI60-11.01550,2023,-0.9436610901122581
RGI60-11.01550,2024,-1.0827402314549819
RGI60-11.01556,2000,-0.11730261271018436
RGI60-11.01556,2001,0.5020420727464328
RGI60-11.01556,2002,-0.021568607584079358
RGI60-11.01556,2003,-0.744608772126675
RGI60-11.01556,2004,-0.09921560179190689
RGI60-11.01556,2005,-0.4861016952785068
RGI60-11.01556,2006,-0.10314233286956981
RGI60-11.01556,2007,0.019217164530968722
RGI60-11.01556,2008,-0.15755535944288498
RGI60-11.01556,2009,-0.3531984649566293
RGI60-11.01556,2010,0.037617138678058604
RGI60-11.01556,2011,-0.22686075757024807
RGI60-11.01556,2012,0.008095257274645051
RGI60-11.01556,2013,0.13262767536004555
RGI60-11.01556,2014,-0.3104244294343883
RGI60-11.01556,2015,-0.25922514650800704
RGI60-11.01556,2016,-0.0725337899611701
RGI60-11.01556,2017,-0.6133600153914691
RGI60-11.01556,2018,-0.8314519659128572
RGI60-11.01556,2019,-0.7971497570515729
RGI60-11.01556,2020,-0.29728200214454015
RGI60-11.01556,2021,-0.563253559283521
RGI60-11.01556,2022,-1.0390944050230622
RGI60-11.01556,2023,-0.31462688668653566
RGI60-11.01556,2024,-0.08716197132160888
RGI60-11.01557,2000,-1.0708139146403415
RGI60-11.01557,2001,0.051575637318735934
RGI60-11.01557,2002,-0.5663006130103165
RGI60-11.01557,2003,-2.0044537844478416
RGI60-11.01557,2004,-0.8812317456462642
RGI60-11.01557,2005,-1.4361826003887885
RGI60-11.01557,2006,-1.1519835886074279
RGI60-11.01557,2007,-1.0635314787486565
RGI60-11.01557,2008,-0.7836182471108879
RGI60-11.01557,2009,-1.1477739590969047
RGI60-11.01557,2010,-0.628124926980586
RGI60-11.01557,2011,-1.3891609315658449
RGI60-11.01557,2012,-1.2480706901062737
RGI60-11.01557,2013,-0.5117526536880189
RGI60-11.01557,2014,-1.1502166195092303
RGI60-11.01557,2015,-1.4174318814088234
RGI60-11.01557,2016,-1.1203417765185182
RGI60-11.01557,2017,-1.1504271268585438
RGI60-11.01557,2018,-2.1174255368517043
RGI60-11.01557,2019,-0.9913335621337588
RGI60-11.01557,2020,-1.3821795993397716
RGI60-11.01557,2021,-1.2593874180642508
RGI60-11.01557,2022,-2.1230692211996027
RGI60-11.01557,2023,-1.3935647970045344
RGI60-11.01557,2024,-1.2853370216025353
RGI60-11.01564,2000,-0.6661575957558463
RGI60-11.01564,2001,0.474662683780106
RGI60-11.01564,2002,-0.2659914835913587
RGI60-11.01564,2003,-1.5344865449105733
RGI60-11.01564,2004,-0.7478322446856862
RGI60-11.01564,2005,-1.038386209507716
RGI60-11.01564,2006,-1.2499224692080264
RGI60-11.01564,2007,-0.8898967634667313
RGI60-11.01564,2008,-0.6402757891904081
RGI60-11.01564,2009,-0.9325169432051981
RGI60-11.01564,2010,-0.3040956948613943
RGI60-11.01564,2011,-0.8006209545815531
RGI60-11.01564,2012,-1.066795937213279
RGI60-11.01564,2013,-0.5666732645661886
RGI60-11.01564,2014,-0.9193049352532183
RGI60-11.01564,2015,-0.7166784667522068
RGI60-11.01564,2016,-0.6945652849806121
RGI60-11.01564,2017,-1.1374627913600242
RGI60-11.01564,2018,-1.4600760215856574
RGI60-11.01564,2019,-0.978523289104422
RGI60-11.01564,2020,-0.9212980949375937
RGI60-11.01564,2021,-1.3331403094218504
RGI60-11.01564,2022,-1.9732289734715875
RGI60-11.01564,2023,-1.2723059063422992
RGI60-11.01564,2024,-0.717203833997304
RGI60-11.01565,2000,-0.7304072219573639
RGI60-11.01565,2001,0.17823974028608913
RGI60-11.01565,2002,-0.46871888476534385
RGI60-11.01565,2003,-1.5169909338912095
RGI60-11.01565,2004,-0.8794831529281657
RGI60-11.01565,2005,-1.171101743706195
RGI60-11.01565,2006,-0.9561566964654805
RGI60-11.01565,2007,-0.9177742282230098
RGI60-11.01565,2008,-0.7449297179968313
RGI60-11.01565,2009,-1.1538235229697207
RGI60-11.01565,2010,-0.20572917665587231
RGI60-11.01565,2011,-0.9536014773154972
RGI60-11.01565,2012,-0.8992000083375021
RGI60-11.01565,2013,-0.48260241599418074
RGI60-11.01565,2014,-0.7881531167737847
RGI60-11.01565,2015,-1.0218657403370068
RGI60-11.01565,2016,-0.5106862063544643
RGI60-11.01565,2017,-1.1723158909360079
RGI60-11.01565,2018,-1.9019494389342215
RGI60-11.01565,2019,-1.169350165744232
RGI60-11.01565,2020,-0.924818067200971
RGI60-11.01565,2021,-1.5768480842955852
RGI60-11.01565,2022,-2.2444991303924686
RGI60-11.01565,2023,-1.589919567623899
RGI60-11.01565,2024,-1.0190889752437593
RGI60-11.01567,2000,-0.4225226269244584
RGI60-11.01567,2001,-0.003359389081651898
RGI60-11.01567,2002,0.10220381744095752
RGI60-11.01567,2003,-1.6393077035244814
RGI60-11.01567,2004,-1.1187398455835966
RGI60-11.01567,2005,-0.8457517274681156
RGI60-11.01567,2006,-0.6629018431469403
RGI60-11.01567,2007,-0.844902851801353
RGI60-11.01567,2008,0.3545149151527024
RGI60-11.01567,2009,-1.1814152915439506
RGI60-11.01567,2010,0.03344829884381817
RGI60-11.01567,2011,-1.780331434028514
RGI60-11.01567,2012,-0.32987492402722335
RGI60-11.01567,2013,-0.3358824201077724
RGI60-11.01567,2014,-1.6166583930823077
RGI60-11.01567,2015,-0.9329262380083772
RGI60-11.01567,2016,-1.0327110849147352
RGI60-11.01567,2017,0.5526764225077837
RGI60-11.01567,2018,-1.6142729861514136
RGI60-11.01567,2019,-0.8450846945503692
RGI60-11.01567,2020,-0.9199929132313791
RGI60-11.01567,2021,-0.8454227114523829
RGI60-11.01567,2022,1.7692708367768128
RGI60-11.01567,2023,-1.5711795513878146
RGI60-11.01567,2024,-0.7802946335902019
RGI60-11.01570,2000,-0.4896781112940949
RGI60-11.01570,2001,0.07944337607098306
RGI60-11.01570,2002,-0.4882780009618458
RGI60-11.01570,2003,-1.1492007928711985
RGI60-11.01570,2004,-0.41426990441078587
RGI60-11.01570,2005,-1.0359525159051233
RGI60-11.01570,2006,-0.8157802547873614
RGI60-11.01570,2007,-0.5853996240609426
RGI60-11.01570,2008,-0.667136998033307
RGI60-11.01570,2009,-0.6096349478710219
RGI60-11.01570,2010,-0.4541149442916749
RGI60-11.01570,2011,-0.7695543400580417
RGI60-11.01570,2012,-0.907003394679765
RGI60-11.01570,2013,-0.4820194942423178
RGI60-11.01570,2014,-0.653284588509169
RGI60-11.01570,2015,-1.0106041664247265
RGI60-11.01570,2016,-0.4752663603596297
RGI60-11.01570,2017,-1.164477656799518
RGI60-11.01570,2018,-1.3855276343790437
RGI60-11.01570,2019,-1.032959646131423
RGI60-11.01570,2020,-0.8769068300501858
RGI60-11.01570,2021,-1.3046931652895686
RGI60-11.01570,2022,-2.0876455033600516
RGI60-11.01570,2023,-1.1370441376869216
RGI60-11.01570,2024,-0.44728948370271815
RGI60-11.01576,2000,-0.7708648644865114
RGI60-11.01576,2001,-0.09291697944913979
RGI60-11.01576,2002,-0.7131273024723577
RGI60-11.01576,2003,-1.577811763284043
RGI60-11.01576,2004,-1.2781510003553733
RGI60-11.01576,2005,-1.2863469934725864
RGI60-11.01576,2006,-0.5222907538270971
RGI60-11.01576,2007,-1.0676071752675145
RGI60-11.01576,2008,-1.320674788544204
RGI60-11.01576,2009,-1.7170149228132892
RGI60-11.01576,2010,-0.9342946039579128
RGI60-11.01576,2011,-2.0142028514665196
RGI60-11.01576,2012,-1.8135640775943505
RGI60-11.01576,2013,-0.8537774278896673
RGI60-11.01576,2014,-0.9540350370269278
RGI60-11.01576,2015,-1.748291480650622
RGI60-11.01576,2016,-1.47401415928044
RGI60-11.01576,2017,-1.5383932745453868
RGI60-11.01576,2018,-2.2031682637522394
RGI60-11.01576,2019,-1.718352279863824
RGI60-11.01576,2020,-1.6666419712743266
RGI60-11.01576,2021,-0.8900597014633966
RGI60-11.01576,2022,-2.5359640366987466
RGI60-11.01576,2023,-2.537081933678431
RGI60-11.01576,2024,-1.3401190995907724
RGI60-11.01582,2000,-1.3124227671414759
RGI60-11.01582,2001,-0.36156584747672627
RGI60-11.01582,2002,-1.4683967680970003
RGI60-11.01582,2003,-1.862216412730123
RGI60-11.01582,2004,-1.0875165185137683
RGI60-11.01582,2005,-1.2975876120762928
RGI60-11.01582,2006,-1.1985349726016272
RGI60-11.01582,2007,-1.0837506497171092
RGI60-11.01582,2008,-1.2453683601524281
RGI60-11.01582,2009,-1.5265767874561469
RGI60-11.01582,2010,-0.9518618250899604
RGI60-11.01582,2011,-1.739292095200914
RGI60-11.01582,2012,-1.3354942824342124
RGI60-11.01582,2013,-1.3275016216165922
RGI60-11.01582,2014,-1.6405184863098778
RGI60-11.01582,2015,-1.469923867483307
RGI60-11.01582,2016,-1.1995089772367213
RGI60-11.01582,2017,-1.7123506770790686
RGI60-11.01582,2018,-1.966825325678198
RGI60-11.01582,2019,-1.286286145908452
RGI60-11.01582,2020,-1.9934632825091132
RGI60-11.01582,2021,-1.4806508334679922
RGI60-11.01582,2022,-1.679770382658515
RGI60-11.01582,2023,-1.9299283424555893
RGI60-11.01582,2024,-1.4758068564765459
RGI60-11.01587,2000,-0.6023563635455893
RGI60-11.01587,2001,0.15965392654449906
RGI60-11.01587,2002,-0.6461060823706548
RGI60-11.01587,2003,-1.1438073910376239
RGI60-11.01587,2004,-0.5375954761555648
RGI60-11.01587,2005,-1.093023117505874
RGI60-11.01587,2006,-0.5588426689531407
RGI60-11.01587,2007,-0.7924189995265734
RGI60-11.01587,2008,-0.6447956269212612
RGI60-11.01587,2009,-0.5721306100671589
RGI60-11.01587,2010,-0.145634366162131
RGI60-11.01587,2011,-0.8476809173147638
RGI60-11.01587,2012,-0.8946145436363276
RGI60-11.01587,2013,-0.6055610372964078
RGI60-11.01587,2014,-0.9579514135142831
RGI60-11.01587,2015,-0.5069345735034438
RGI60-11.01587,2016,-0.44529173966574
RGI60-11.01587,2017,-1.1254282831285556
RGI60-11.01587,2018,-1.4822418451464014
RGI60-11.01587,2019,-1.2003388710929974
RGI60-11.01587,2020,-0.9316976242821238
RGI60-11.01587,2021,-1.385054874264649
RGI60-11.01587,2022,-1.9746255624506373
RGI60-11.01587,2023,-1.2690598889348328
RGI60-11.01587,2024,-0.7596200859425988
RGI60-11.01604,2000,-0.8677891577210247
RGI60-11.01604,2001,0.671402442048859
RGI60-11.01604,2002,-0.6694854648503141
RGI60-11.01604,2003,-1.6045729999670848
RGI60-11.01604,2004,-0.8425015666339319
RGI60-11.01604,2005,-1.4793087377827074
RGI60-11.01604,2006,-0.5575115701722511
RGI60-11.01604,2007,-1.177004106736603
RGI60-11.01604,2008,-0.6083215252423649
RGI60-11.01604,2009,-0.46270021649401405
RGI60-11.01604,2010,-0.13792063321228787
RGI60-11.01604,2011,-0.838700496283385
RGI60-11.01604,2012,-1.0881858335165742
RGI60-11.01604,2013,-0.6417832882656331
RGI60-11.01604,2014,-0.6144516429402964
RGI60-11.01604,2015,-0.824723173393381
RGI60-11.01604,2016,-0.6449564970254669
RGI60-11.01604,2017,-0.9894938819737804
RGI60-11.01604,2018,-1.5583625179382805
RGI60-11.01604,2019,-0.9499291318994796
RGI60-11.01604,2020,-0.2917337886192394
RGI60-11.01604,2021,-1.1950844544224672
RGI60-11.01604,2022,-1.932643907661368
RGI60-11.01604,2023,-0.960974352533551
RGI60-11.01604,2024,-0.31441541456125977
RGI60-11.01621,2000,-0.3540677625557812
RGI60-11.01621,2001,0.2909485438764784
RGI60-11.01621,2002,-0.29398984382959004
RGI60-11.01621,2003,-1.0477200242654612
RGI60-11.01621,2004,-0.785045954619636
RGI60-11.01621,2005,-0.4911383458207802
RGI60-11.01621,2006,-0.44092346968221574
RGI60-11.01621,2007,-0.24140578402590185
RGI60-11.01621,2008,-0.6869744875378598
RGI60-11.01621,2009,-1.283684840789339
RGI60-11.01621,2010,-0.45840653123706016
RGI60-11.01621,2011,-0.9705409219356078
RGI60-11.01621,2012,-0.8206849342384908
RGI60-11.01621,2013,-0.3355144389965766
RGI60-11.01621,2014,-0.18358380977559424
RGI60-11.01621,2015,-0.9152922418834002
RGI60-11.01621,2016,-0.6507507505580418
RGI60-11.01621,2017,-0.5594383897577917
RGI60-11.01621,2018,-1.1150622514164474
RGI60-11.01621,2019,-1.120323760950904
RGI60-11.01621,2020,-1.0991437771298098
RGI60-11.01621,2021,-0.643551436081633
RGI60-11.01621,2022,-1.4532820463616032
RGI60-11.01621,2023,-1.4337287267904748
RGI60-11.01621,2024,-0.9281554143592141
RGI60-11.01622,2000,-0.9076499331438761
RGI60-11.01622,2001,-0.30519276843123744
RGI60-11.01622,2002,-1.1795351338617612
RGI60-11.01622,2003,-1.8754412475920221
RGI60-11.01622,2004,-1.1740142698151077
RGI60-11.01622,2005,-1.605617006379207
RGI60-11.01622,2006,-1.252183087299674
RGI60-11.01622,2007,-0.9358293902882162
RGI60-11.01622,2008,-1.643552615371833
RGI60-11.01622,2009,-2.1845922708462524
RGI60-11.01622,2010,-1.0840812459008347
RGI60-11.01622,2011,-2.1773042916530434
RGI60-11.01622,2012,-1.1788976707888108
RGI60-11.01622,2013,-0.827561859557387
RGI60-11.01622,2014,-0.9536200448469461
RGI60-11.01622,2015,-1.5134953046213784
RGI60-11.01622,2016,-1.2381393184332061
RGI60-11.01622,2017,-1.775249595125564
RGI60-11.01622,2018,-2.0757029122939468
RGI60-11.01622,2019,-1.8633400337496973
RGI60-11.01622,2020,-2.0496523571620617
RGI60-11.01622,2021,-1.3662668244365694
RGI60-11.01622,2022,-2.4744228758058195
RGI60-11.01622,2023,-2.366488960972538
RGI60-11.01622,2024,-1.6754577502654269
RGI60-11.01623,2000,-1.0586719872686494
RGI60-11.01623,2001,-0.3089145726039926
RGI60-11.01623,2002,-0.5984617505753891
RGI60-11.01623,2003,-1.764971572167741
RGI60-11.01623,2004,-1.2000385075938556
RGI60-11.01623,2005,-1.44532945333598
RGI60-11.01623,2006,-0.7022900973029993
RGI60-11.01623,2007,-1.099570273770185
RGI60-11.01623,2008,-1.075555300183756
RGI60-11.01623,2009,-1.774508941704158
RGI60-11.01623,2010,-0.799774088995175
RGI60-11.01623,2011,-2.1237634999201966
RGI60-11.01623,2012,-1.7260460137687277
RGI60-11.01623,2013,-0.8183376012455736
RGI60-11.01623,2014,-0.7324887864812538
RGI60-11.01623,2015,-1.8657357944133115
RGI60-11.01623,2016,-1.3891645171886853
RGI60-11.01623,2017,-1.4468027831179087
RGI60-11.01623,2018,-1.9820658447058932
RGI60-11.01623,2019,-1.7123086136565604
RGI60-11.01623,2020,-1.5450792612919853
RGI60-11.01623,2021,-1.1729075551170784
RGI60-11.01623,2022,-2.5734045995314103
RGI60-11.01623,2023,-2.5336209460288783
RGI60-11.01623,2024,-1.2476197927460828
RGI60-11.01629,2000,-0.1737964086449117
RGI60-11.01629,2001,0.38956964372500763
RGI60-11.01629,2002,0.0832892131122277
RGI60-11.01629,2003,-0.6849537956980996
RGI60-11.01629,2004,-0.23569708499625594
RGI60-11.01629,2005,-0.572914049740334
RGI60-11.01629,2006,0.3411964760445297
RGI60-11.01629,2007,0.3571802923448239
RGI60-11.01629,2008,0.17808991712754602
RGI60-11.01629,2009,-1.181113658362013
RGI60-11.01629,2010,-0.5906841776708786
RGI60-11.01629,2011,-0.12853074804425618
RGI60-11.01629,2012,-0.39306719792014677
RGI60-11.01629,2013,-0.4187707050650874
RGI60-11.01629,2014,0.09610372180692411
RGI60-11.01629,2015,-0.48520505357765265
RGI60-11.01629,2016,-0.3675889631895065
RGI60-11.01629,2017,-0.34674370883073713
RGI60-11.01629,2018,-0.16593414835338494
RGI60-11.01629,2019,-0.9418295640677852
RGI60-11.01629,2020,-0.5825177224920168
RGI60-11.01629,2021,-0.314763818902573
RGI60-11.01629,2022,-1.3822397373366595
RGI60-11.01629,2023,-1.0341578593634824
RGI60-11.01629,2024,-1.3778786215600838
RGI60-11.01631,2000,-0.5240560922394742
RGI60-11.01631,2001,0.34818156793965227
RGI60-11.01631,2002,-0.33086836365534755
RGI60-11.01631,2003,-1.4537552700733638
RGI60-11.01631,2004,-0.515158533047721
RGI60-11.01631,2005,-0.7990789294539886
RGI60-11.01631,2006,-0.8285074871403948
RGI60-11.01631,2007,-0.9923715802349102
RGI60-11.01631,2008,-0.7376202035628429
RGI60-11.01631,2009,-0.7775705959932168
RGI60-11.01631,2010,0.052295854145208875
RGI60-11.01631,2011,-1.094840879429138
RGI60-11.01631,2012,-0.9372807171530267
RGI60-11.01631,2013,-0.3906143868158785
RGI60-11.01631,2014,-0.7226370578119983
RGI60-11.01631,2015,-0.5963770608873626
RGI60-11.01631,2016,-0.5800937424715774
RGI60-11.01631,2017,-0.9763107585550318
RGI60-11.01631,2018,-1.5849008019638893
RGI60-11.01631,2019,-1.1888349615956955
RGI60-11.01631,2020,-0.9768556833083568
RGI60-11.01631,2021,-1.3354628484416968
RGI60-11.01631,2022,-1.819567045141973
RGI60-11.01631,2023,-1.2498807995070247
RGI60-11.01631,2024,-0.8886865068683417
RGI60-11.01635,2000,-1.1950641555845827
RGI60-11.01635,2001,-0.21767055157684423
RGI60-11.01635,2002,-0.4023256921728711
RGI60-11.01635,2003,-1.9771593099238898
RGI60-11.01635,2004,-1.0320747079577122
RGI60-11.01635,2005,-0.17842110099738817
RGI60-11.01635,2006,-1.36812558615364
RGI60-11.01635,2007,-1.227810706310947
RGI60-11.01635,2008,-0.533735433055764
RGI60-11.01635,2009,-1.1512683734910318
RGI60-11.01635,2010,-0.30164298921313126
RGI60-11.01635,2011,-0.025726699341002135
RGI60-11.01635,2012,-1.1247661777857796
RGI60-11.01635,2013,-0.8463464692898603
RGI60-11.01635,2014,-1.2309387827302793
RGI60-11.01635,2015,-0.8267630409462928
RGI60-11.01635,2016,-1.244321911783452
RGI60-11.01635,2017,-0.29927078416451947
RGI60-11.01635,2018,-0.614875257370144
RGI60-11.01635,2019,-0.8504922701508669
RGI60-11.01635,2020,-0.9903049371245738
RGI60-11.01635,2021,-0.36603644991119694
RGI60-11.01635,2022,-2.351718565099682
RGI60-11.01635,2023,-0.16456185082685082
RGI60-11.01635,2024,-1.1515841583633981
RGI60-11.01648,2000,0.11622368209774281
RGI60-11.01648,2001,0.3554089070185692
RGI60-11.01648,2002,0.41389450619240886
RGI60-11.01648,2003,-0.8398911394978403
RGI60-11.01648,2004,-0.2370400380562841
RGI60-11.01648,2005,-0.43467830830719234
RGI60-11.01648,2006,-0.2444968871692151
RGI60-11.01648,2007,0.07031343837460785
RGI60-11.01648,2008,0.0840673294848136
RGI60-11.01648,2009,-1.0832999820071687
RGI60-11.01648,2010,-0.2669488624366702
RGI60-11.01648,2011,-0.2475209892132507
RGI60-11.01648,2012,-0.27744053220268755
RGI60-11.01648,2013,-0.12645254903845082
RGI60-11.01648,2014,-0.19110050057739164
RGI60-11.01648,2015,-0.3778575249703839
RGI60-11.01648,2016,-0.20830909600489728
RGI60-11.01648,2017,-0.41351734060236434
RGI60-11.01648,2018,-0.7333815317630168
RGI60-11.01648,2019,-1.0715725813213324
RGI60-11.01648,2020,-0.5997971116946087
RGI60-11.01648,2021,-0.16646289595778035
RGI60-11.01648,2022,-1.4532350940320256
RGI60-11.01648,2023,-1.283379973546712
RGI60-11.01648,2024,-1.1832827892328326
RGI60-11.01656,2000,0.04463572750757272
RGI60-11.01656,2001,0.39840919219200527
RGI60-11.01656,2002,0.11268047542512283
RGI60-11.01656,2003,-0.7988830841141176
RGI60-11.01656,2004,-0.27990103151979473
RGI60-11.01656,2005,-0.19374288089224473
RGI60-11.01656,2006,-0.05955004489253962
RGI60-11.01656,2007,-0.0033646832928764248
RGI60-11.01656,2008,-0.5272495845404064
RGI60-11.01656,2009,-0.967017398722422
RGI60-11.01656,2010,-0.07246372501045262
RGI60-11.01656,2011,-0.48946532511572316
RGI60-11.01656,2012,-0.5591633182358091
RGI60-11.01656,2013,-0.05430426095291979
RGI60-11.01656,2014,0.3465505357662248
RGI60-11.01656,2015,-0.5260663652312425
RGI60-11.01656,2016,-0.40016997838547513
RGI60-11.01656,2017,-0.7777161230168919
RGI60-11.01656,2018,-0.7940007891846376
RGI60-11.01656,2019,-0.8961173377833731
RGI60-11.01656,2020,-0.7402100180804222
RGI60-11.01656,2021,-0.48602046090216955
RGI60-11.01656,2022,-1.1956942096195162
RGI60-11.01656,2023,-1.174917367194355
RGI60-11.01656,2024,-0.5578086423180171
RGI60-11.01663,2000,-0.5409583154893315
RGI60-11.01663,2001,0.8276277218011026
RGI60-11.01663,2002,-0.2199529437484769
RGI60-11.01663,2003,-1.3800909197737585
RGI60-11.01663,2004,-0.8118933522572241
RGI60-11.01663,2005,-1.0349978613525612
RGI60-11.01663,2006,-0.650352258348705
RGI60-11.01663,2007,-0.8924493016839634
RGI60-11.01663,2008,-0.13731430410664058
RGI60-11.01663,2009,-0.7675053438841368
RGI60-11.01663,2010,-0.3088685036149562
RGI60-11.01663,2011,-0.7923320645450136
RGI60-11.01663,2012,-0.8570928634527856
RGI60-11.01663,2013,-0.5597037697594556
RGI60-11.01663,2014,-0.28718276023800954
RGI60-11.01663,2015,-0.684222674536773
RGI60-11.01663,2016,-0.3469631677653442
RGI60-11.01663,2017,-0.8204209343943515
RGI60-11.01663,2018,-1.3890377505958655
RGI60-11.01663,2019,-1.0199886322537561
RGI60-11.01663,2020,-0.6030974136694836
RGI60-11.01663,2021,-1.123364198511978
RGI60-11.01663,2022,-2.0239477601598446
RGI60-11.01663,2023,-1.206392629642144
RGI60-11.01663,2024,-0.33433825838120823
RGI60-11.01666,2000,-0.22229187965619515
RGI60-11.01666,2001,0.25558292621853507
RGI60-11.01666,2002,0.08871764401265947
RGI60-11.01666,2003,-0.8981472430485171
RGI60-11.01666,2004,-0.4582752372382342
RGI60-11.01666,2005,-0.3123758340755214
RGI60-11.01666,2006,-0.09334077313271871
RGI60-11.01666,2007,-0.3861343790860241
RGI60-11.01666,2008,-0.510714656268654
RGI60-11.01666,2009,-1.0263896879095467
RGI60-11.01666,2010,-0.42037461618057637
RGI60-11.01666,2011,-0.7063852855177182
RGI60-11.01666,2012,-0.050255880804054465
RGI60-11.01666,2013,-0.24821816190311574
RGI60-11.01666,2014,-0.12898944820300123
RGI60-11.01666,2015,-0.5187740763986232
RGI60-11.01666,2016,-0.47638266100202487
RGI60-11.01666,2017,-0.8918480844091301
RGI60-11.01666,2018,-0.717015908224963
RGI60-11.01666,2019,-0.9739867571725764
RGI60-11.01666,2020,-0.5885381717787804
RGI60-11.01666,2021,-0.569327770709071
RGI60-11.01666,2022,-1.5039105396578498
RGI60-11.01666,2023,-0.8438138772382606
RGI60-11.01666,2024,-1.126113680440535
RGI60-11.01669,2000,-1.324282615632465
RGI60-11.01669,2001,-0.019038431443423987
RGI60-11.01669,2002,-0.749993911237508
RGI60-11.01669,2003,-1.9887435276103087
RGI60-11.01669,2004,-1.227345799190942
RGI60-11.01669,2005,-1.1533106361321146
RGI60-11.01669,2006,-1.052345695962897
RGI60-11.01669,2007,-1.4645117187279146
RGI60-11.01669,2008,-1.0300246756588711
RGI60-11.01669,2009,-1.3189979587982863
RGI60-11.01669,2010,-0.2945610904871452
RGI60-11.01669,2011,-1.3438314285647102
RGI60-11.01669,2012,-1.5101729365941359
RGI60-11.01669,2013,-0.909660720987312
RGI60-11.01669,2014,-0.6252784868311654
RGI60-11.01669,2015,-1.3070790990681624
RGI60-11.01669,2016,-0.6717797685563627
RGI60-11.01669,2017,-1.7267160079612955
RGI60-11.01669,2018,-2.522771031238282
RGI60-11.01669,2019,-1.5259544593167074
RGI60-11.01669,2020,-1.3520040450934556
RGI60-11.01669,2021,-1.950840790639766
RGI60-11.01669,2022,-2.6776767876637413
RGI60-11.01669,2023,-1.7500157974799624
RGI60-11.01669,2024,-1.4697662636393927
RGI60-11.01678,2000,-0.7012571283315148
RGI60-11.01678,2001,-0.19612815333252787
RGI60-11.01678,2002,-0.729212695205008
RGI60-11.01678,2003,-1.5918933843312837
RGI60-11.01678,2004,-0.9577365667457832
RGI60-11.01678,2005,-1.097130181713886
RGI60-11.01678,2006,-0.6256157165905647
RGI60-11.01678,2007,-0.9140973206893037
RGI60-11.01678,2008,-1.1578811630831773
RGI60-11.01678,2009,-1.4500155984426706
RGI60-11.01678,2010,-1.0105534465565642
RGI60-11.01678,2011,-1.4431029125428556
RGI60-11.01678,2012,-0.7126393846417485
RGI60-11.01678,2013,-0.7930308078431426
RGI60-11.01678,2014,-0.9121481089547392
RGI60-11.01678,2015,-1.1114284024547445
RGI60-11.01678,2016,-0.8863207289829275
RGI60-11.01678,2017,-1.1744624460770805
RGI60-11.01678,2018,-1.4618626109756625
RGI60-11.01678,2019,-1.3819832425048215
RGI60-11.01678,2020,-1.406725691480235
RGI60-11.01678,2021,-1.0484696296222984
RGI60-11.01678,2022,-2.015383075244004
RGI60-11.01678,2023,-1.424717500186925
RGI60-11.01678,2024,-1.1061352188510885
RGI60-11.01688,2000,-0.13050028426698124
RGI60-11.01688,2001,-0.22393077566782194
RGI60-11.01688,2002,-1.5634619257574138
RGI60-11.01688,2003,-2.3849850977106217
RGI60-11.01688,2004,-0.9746182770243784
RGI60-11.01688,2005,-1.0405121506757982
RGI60-11.01688,2006,-0.5043385526323426
RGI60-11.01688,2007,0.04441818647033502
RGI60-11.01688,2008,-0.510731276772711
RGI60-11.01688,2009,-1.4467230853331583
RGI60-11.01688,2010,-0.29261861931463884
RGI60-11.01688,2011,-0.929585194427723
RGI60-11.01688,2012,-0.5054850809276807
RGI60-11.01688,2013,-1.3590791500413009
RGI60-11.01688,2014,-0.5241315572606379
RGI60-11.01688,2015,-1.353368493584214
RGI60-11.01688,2016,-1.342785527294405
RGI60-11.01688,2017,-0.9070224221237044
RGI60-11.01688,2018,-0.6259379523357181
RGI60-11.01688,2019,-0.6353027633190809
RGI60-11.01688,2020,-0.279968111180552
RGI60-11.01688,2021,-1.306125902655276
RGI60-11.01688,2022,-1.8703216047562803
RGI60-11.01688,2023,-2.0472840224765942
RGI60-11.01688,2024,-1.290404238736242
RGI60-11.01690,2000,-0.3342957589446448
RGI60-11.01690,2001,0.355784912104394
RGI60-11.01690,2002,0.519520742929909
RGI60-11.01690,2003,-1.6601447967520087
RGI60-11.01690,2004,-1.0636302695121227
RGI60-11.01690,2005,-0.7557471984557811
RGI60-11.01690,2006,-0.3926960409089659
RGI60-11.01690,2007,-0.07483872557296622
RGI60-11.01690,2008,-0.7251822404216459
RGI60-11.01690,2009,-1.0624483890104137
RGI60-11.01690,2010,-0.6402641139836885
RGI60-11.01690,2011,-1.4705282686956496
RGI60-11.01690,2012,-1.2052476144843811
RGI60-11.01690,2013,-0.3641451328038361
RGI60-11.01690,2014,-0.14970409459310074
RGI60-11.01690,2015,-0.5980923462049591
RGI60-11.01690,2016,-1.0553227065233557
RGI60-11.01690,2017,-1.3720342074944671
RGI60-11.01690,2018,-1.6322928442521178
RGI60-11.01690,2019,-1.4960909064201955
RGI60-11.01690,2020,-1.2427525430166444
RGI60-11.01690,2021,-0.3701958549742998
RGI60-11.01690,2022,-2.6384236383455035
RGI60-11.01690,2023,-1.7935659344443828
RGI60-11.01690,2024,-0.9418960238281955
RGI60-11.01698,2000,-0.6082353511102488
RGI60-11.01698,2001,0.003905018335776278
RGI60-11.01698,2002,-0.4128727595971732
RGI60-11.01698,2003,-1.5615369773727952
RGI60-11.01698,2004,-1.0555783834050902
RGI60-11.01698,2005,-1.1130921081729024
RGI60-11.01698,2006,-0.6575636472168648
RGI60-11.01698,2007,-0.5357217983034847
RGI60-11.01698,2008,-1.110874299252043
RGI60-11.01698,2009,-1.7492043240548756
RGI60-11.01698,2010,-0.735137302106617
RGI60-11.01698,2011,-1.5305233313019961
RGI60-11.01698,2012,-1.0786560675671852
RGI60-11.01698,2013,-0.4808847610890089
RGI60-11.01698,2014,-0.8317335855374015
RGI60-11.01698,2015,-1.1171346486434115
RGI60-11.01698,2016,-0.69613105259077
RGI60-11.01698,2017,-1.3828176596064496
RGI60-11.01698,2018,-1.7303585700318602
RGI60-11.01698,2019,-1.7690483913756014
RGI60-11.01698,2020,-1.2748565895877753
RGI60-11.01698,2021,-0.8381402077162424
RGI60-11.01698,2022,-2.118539720740502
RGI60-11.01698,2023,-1.7141416647620376
RGI60-11.01698,2024,-1.2326986483594458
RGI60-11.01701,2000,-0.5153501039051901
RGI60-11.01701,2001,0.3772750512260894
RGI60-11.01701,2002,0.38741392679100517
RGI60-11.01701,2003,-1.3162667683511509
RGI60-11.01701,2004,-0.4479648634883317
RGI60-11.01701,2005,-0.7743246897483888
RGI60-11.01701,2006,-0.741284100392265
RGI60-11.01701,2007,-0.6384369782222697
RGI60-11.01701,2008,-0.20171827628130515
RGI60-11.01701,2009,-0.6953701360461447
RGI60-11.01701,2010,0.15122558828440713
RGI60-11.01701,2011,-0.2549943331085883
RGI60-11.01701,2012,-0.3509919193215506
RGI60-11.01701,2013,-0.29498044736442713
RGI60-11.01701,2014,-0.7720134542834647
RGI60-11.01701,2015,-0.1654045242985362
RGI60-11.01701,2016,-0.31274114682718174
RGI60-11.01701,2017,-0.03611176541578909
RGI60-11.01701,2018,-0.9036485222711692
RGI60-11.01701,2019,-0.7265125369757517
RGI60-11.01701,2020,-0.7478262690119681
RGI60-11.01701,2021,-0.6900634175307114
RGI60-11.01701,2022,-1.5370903287872961
RGI60-11.01701,2023,-0.641820552569623
RGI60-11.01701,2024,-1.1378065320932182
RGI60-11.01702,2000,-0.9348031070304963
RGI60-11.01702,2001,-0.17728074340476607
RGI60-11.01702,2002,-0.8256871343413862
RGI60-11.01702,2003,-1.5469005157995546
RGI60-11.01702,2004,-1.0066471857921686
RGI60-11.01702,2005,-1.1172426169665786
RGI60-11.01702,2006,-0.8141899733987125
RGI60-11.01702,2007,-0.8485198253458157
RGI60-11.01702,2008,-1.2775608860562753
RGI60-11.01702,2009,-2.029695906391234
RGI60-11.01702,2010,-0.7810067042477309
RGI60-11.01702,2011,-1.7719004500550368
RGI60-11.01702,2012,-0.9441709532528553
RGI60-11.01702,2013,-0.6760010370661
RGI60-11.01702,2014,-0.6467741341839994
RGI60-11.01702,2015,-1.269841946611627
RGI60-11.01702,2016,-0.9309673056815171
RGI60-11.01702,2017,-1.6687853687247758
RGI60-11.01702,2018,-1.8258677909636023
RGI60-11.01702,2019,-1.8231564146857708
RGI60-11.01702,2020,-1.82289628566823
RGI60-11.01702,2021,-1.0357938623803467
RGI60-11.01702,2022,-2.3706381326978
RGI60-11.01702,2023,-2.244741800421571
RGI60-11.01702,2024,-1.2767839112986812
RGI60-11.01704,2000,-1.029848960300161
RGI60-11.01704,2001,0.40759951867046096
RGI60-11.01704,2002,-0.5440601962214954
RGI60-11.01704,2003,-1.8667482941946258
RGI60-11.01704,2004,-0.8348920232662561
RGI60-11.01704,2005,-1.3323045815981525
RGI60-11.01704,2006,-1.4243073236661048
RGI60-11.01704,2007,-1.4822102151040417
RGI60-11.01704,2008,-0.6507801831023527
RGI60-11.01704,2009,-0.6608857688556659
RGI60-11.01704,2010,-0.2775347639587371
RGI60-11.01704,2011,-0.7422011506648518
RGI60-11.01704,2012,-1.334349147778555
RGI60-11.01704,2013,-0.33735604950210807
RGI60-11.01704,2014,-0.4692087680019523
RGI60-11.01704,2015,-0.9976518568216042
RGI60-11.01704,2016,-0.9465874590397865
RGI60-11.01704,2017,-1.515750079917256
RGI60-11.01704,2018,-1.5360614355650184
RGI60-11.01704,2019,-1.1586612611117317
RGI60-11.01704,2020,-1.0971749918145868
RGI60-11.01704,2021,-1.1740717845434425
RGI60-11.01704,2022,-2.3874529549846795
RGI60-11.01704,2023,-1.327878901605065
RGI60-11.01704,2024,-0.8715639334330696
RGI60-11.01710,2000,-0.7421054262435277
RGI60-11.01710,2001,0.3583036298167769
RGI60-11.01710,2002,0.4551466952827107
RGI60-11.01710,2003,-1.6703673151872123
RGI60-11.01710,2004,-0.9035467047251845
RGI60-11.01710,2005,-0.7151398477381086
RGI60-11.01710,2006,-0.6151051846802911
RGI60-11.01710,2007,-0.17957587796638808
RGI60-11.01710,2008,-0.28817227512554217
RGI60-11.01710,2009,-0.9082343649256837
RGI60-11.01710,2010,-0.673791731438717
RGI60-11.01710,2011,-1.4942746185630023
RGI60-11.01710,2012,-1.0069051491367098
RGI60-11.01710,2013,-0.5191638517830861
RGI60-11.01710,2014,-0.03860061724471897
RGI60-11.01710,2015,-0.8310188980774267
RGI60-11.01710,2016,-0.9445707927245355
RGI60-11.01710,2017,-1.4217583211489004
RGI60-11.01710,2018,-1.5603907018042344
RGI60-11.01710,2019,-1.375628646586224
RGI60-11.01710,2020,-1.629105596869501
RGI60-11.01710,2021,-0.4187005685381754
RGI60-11.01710,2022,-2.5982539221479106
RGI60-11.01710,2023,-1.7807227956615037
RGI60-11.01710,2024,-0.9651953389115927
RGI60-11.01715,2000,-0.24926694254166604
RGI60-11.01715,2001,0.7348244886504859
RGI60-11.01715,2002,-0.46513052042886344
RGI60-11.01715,2003,-1.790828843258503
RGI60-11.01715,2004,-0.9182400813679427
RGI60-11.01715,2005,-1.1975902665647908
RGI60-11.01715,2006,-0.9244803436520146
RGI60-11.01715,2007,-0.9727089179489365
RGI60-11.01715,2008,-0.337629983515103
RGI60-11.01715,2009,-0.6336883419629874
RGI60-11.01715,2010,-0.13359462786242338
RGI60-11.01715,2011,-1.1937667394336704
RGI60-11.01715,2012,-1.1088506923912973
RGI60-11.01715,2013,-0.6219985000362551
RGI60-11.01715,2014,-0.3146606405773848
RGI60-11.01715,2015,-1.0059473211831653
RGI60-11.01715,2016,-0.549528704703141
RGI60-11.01715,2017,-1.1311559666957196
RGI60-11.01715,2018,-1.6363419453197054
RGI60-11.01715,2019,-1.3015151092069113
RGI60-11.01715,2020,-0.9225019719794594
RGI60-11.01715,2021,-1.2748895334115689
RGI60-11.01715,2022,-2.537875206397182
RGI60-11.01715,2023,-1.4439775721256876
RGI60-11.01715,2024,-0.699093440099279
RGI60-11.01716,2000,-0.315820786064285
RGI60-11.01716,2001,0.5081089037209453
RGI60-11.01716,2002,0.13886564355737005
RGI60-11.01716,2003,-0.9292809413416889
RGI60-11.01716,2004,-0.18930198477720506
RGI60-11.01716,2005,-0.1991819451814407
RGI60-11.01716,2006,0.18441941818714988
RGI60-11.01716,2007,-0.09746696481814002
RGI60-11.01716,2008,-0.4453464545120924
RGI60-11.01716,2009,-0.9696106572767544
RGI60-11.01716,2010,0.11378603038177795
RGI60-11.01716,2011,-0.6933216214990956
RGI60-11.01716,2012,0.0038737854380501424
RGI60-11.01716,2013,0.12756748889511085
RGI60-11.01716,2014,0.27916046611475576
RGI60-11.01716,2015,-0.3149696163584472
RGI60-11.01716,2016,-0.309943750985826
RGI60-11.01716,2017,-0.056943379910629394
RGI60-11.01716,2018,-0.8179459476935328
RGI60-11.01716,2019,-0.855547685876029
RGI60-11.01716,2020,-0.3809332423692978
RGI60-11.01716,2021,0.016075708474498213
RGI60-11.01716,2022,-0.9520553544956852
RGI60-11.01716,2023,-0.9587447977559391
RGI60-11.01716,2024,-0.5444641398673948
RGI60-11.01719,2000,-0.36023576948565056
RGI60-11.01719,2001,0.15428885095216383
RGI60-11.01719,2002,0.06372897987136839
RGI60-11.01719,2003,-1.4404911277077423
RGI60-11.01719,2004,-0.669682598437242
RGI60-11.01719,2005,-0.6080667912675733
RGI60-11.01719,2006,-0.2822331726130713
RGI60-11.01719,2007,-0.38913444786872675
RGI60-11.01719,2008,-0.6282383577930627
RGI60-11.01719,2009,-1.0709671899186426
RGI60-11.01719,2010,-0.24153989223271827
RGI60-11.01719,2011,-1.2137759725386637
RGI60-11.01719,2012,-0.9123130877119694
RGI60-11.01719,2013,-0.3746860138601025
RGI60-11.01719,2014,-0.27450500633914765
RGI60-11.01719,2015,-0.6511610438653427
RGI60-11.01719,2016,-0.75696211210341
RGI60-11.01719,2017,-1.0114981703254728
RGI60-11.01719,2018,-1.3686699844200523
RGI60-11.01719,2019,-1.2245570923349542
RGI60-11.01719,2020,-1.030312079223579
RGI60-11.01719,2021,-0.2980268676181074
RGI60-11.01719,2022,-2.3259572790043195
RGI60-11.01719,2023,-1.5374738132753745
RGI60-11.01719,2024,-0.2597690137230783
RGI60-11.01737,2000,-0.603022594276279
RGI60-11.01737,2001,0.5041874685651603
RGI60-11.01737,2002,-0.5213704617923548
RGI60-11.01737,2003,-1.453533569343489
RGI60-11.01737,2004,-0.5769168049616085
RGI60-11.01737,2005,-1.170337788033804
RGI60-11.01737,2006,-0.550361053559917
RGI60-11.01737,2007,-1.0886077159522145
RGI60-11.01737,2008,-0.7159394079143344
RGI60-11.01737,2009,-0.5240487707668675
RGI60-11.01737,2010,-0.2657123323882319
RGI60-11.01737,2011,-0.7253008044794236
RGI60-11.01737,2012,-1.086423630784123
RGI60-11.01737,2013,-0.4492235562473451
RGI60-11.01737,2014,-0.5833031139835276
RGI60-11.01737,2015,-0.8635161103731644
RGI60-11.01737,2016,-0.7203132630716219
RGI60-11.01737,2017,-0.6638676520289539
RGI60-11.01737,2018,-1.7529148144921862
RGI60-11.01737,2019,-1.2460740241157071
RGI60-11.01737,2020,-0.9554808509779456
RGI60-11.01737,2021,-1.1028024718470069
RGI60-11.01737,2022,-2.151925294245328
RGI60-11.01737,2023,-1.4133919982263554
RGI60-11.01737,2024,-0.5379292253884523
RGI60-11.01738,2000,-0.5935072551387258
RGI60-11.01738,2001,0.6129349993884317
RGI60-11.01738,2002,-0.7167017618708088
RGI60-11.01738,2003,-1.686542391923696
RGI60-11.01738,2004,-0.6897927534849025
RGI60-11.01738,2005,-1.1895564890659251
RGI60-11.01738,2006,-0.6864240057725014
RGI60-11.01738,2007,-1.0117604899022952
RGI60-11.01738,2008,-0.6281649098650021
RGI60-11.01738,2009,-0.8863347138740312
RGI60-11.01738,2010,0.009842333898892996
RGI60-11.01738,2011,-0.4592320067012024
RGI60-11.01738,2012,-1.0082656316058138
RGI60-11.01738,2013,-0.4451412814821231
RGI60-11.01738,2014,-0.5484730275989073
RGI60-11.01738,2015,-0.9956471750851127
RGI60-11.01738,2016,-0.5498926507745346
RGI60-11.01738,2017,-0.9581977831345224
RGI60-11.01738,2018,-1.8579955872024239
RGI60-11.01738,2019,-1.1657474188047958
RGI60-11.01738,2020,-0.8084620040426819
RGI60-11.01738,2021,-1.2181462422909282
RGI60-11.01738,2022,-2.4051254227800225
RGI60-11.01738,2023,-1.0563697440299962
RGI60-11.01738,2024,0.16123762273540576
RGI60-11.01743,2000,-0.5466205606989056
RGI60-11.01743,2001,0.3701267312652303
RGI60-11.01743,2002,-0.020437045189693803
RGI60-11.01743,2003,-2.0913401472859903
RGI60-11.01743,2004,-0.981821159114066
RGI60-11.01743,2005,-1.2076221308670059
RGI60-11.01743,2006,-0.5379554040710333
RGI60-11.01743,2007,-0.503696161785427
RGI60-11.01743,2008,-1.0602079155750022
RGI60-11.01743,2009,-1.0934077948869227
RGI60-11.01743,2010,-0.5073225503748493
RGI60-11.01743,2011,-1.386113426000398
RGI60-11.01743,2012,-1.0699658337343194
RGI60-11.01743,2013,-0.5510885771462668
RGI60-11.01743,2014,-1.176626897613008
RGI60-11.01743,2015,-0.669058762483413
RGI60-11.01743,2016,-1.426555748921582
RGI60-11.01743,2017,-1.3547421682418246
RGI60-11.01743,2018,-2.071776584950234
RGI60-11.01743,2019,-1.2705678623252927
RGI60-11.01743,2020,-1.6456654532909263
RGI60-11.01743,2021,-0.7449512456823973
RGI60-11.01743,2022,-2.477065398535853
RGI60-11.01743,2023,-1.2058606943520633
RGI60-11.01743,2024,-1.4843417275922144
RGI60-11.01746,2000,-0.07391630179223851
RGI60-11.01746,2001,0.676646374126838
RGI60-11.01746,2002,0.029900370207591287
RGI60-11.01746,2003,-1.2061972465167914
RGI60-11.01746,2004,-0.16870381445516563
RGI60-11.01746,2005,-0.9868277164901497
RGI60-11.01746,2006,-0.8259557041043314
RGI60-11.01746,2007,-0.7542935713811251
RGI60-11.01746,2008,0.014479765259335475
RGI60-11.01746,2009,-0.6688411657543929
RGI60-11.01746,2010,0.2461497830917253
RGI60-11.01746,2011,-0.9964400160473996
RGI60-11.01746,2012,-0.6976817744675845
RGI60-11.01746,2013,-0.07720883510410775
RGI60-11.01746,2014,-1.0354484010576819
RGI60-11.01746,2015,-0.6077877483003825
RGI60-11.01746,2016,-0.6974399937597532
RGI60-11.01746,2017,-0.2048102447353648
RGI60-11.01746,2018,-1.644158363856879
RGI60-11.01746,2019,-0.7308653948621363
RGI60-11.01746,2020,-0.6211752018683601
RGI60-11.01746,2021,-0.8997356122393799
RGI60-11.01746,2022,-1.5859566503091669
RGI60-11.01746,2023,-0.9923743971994219
RGI60-11.01746,2024,-0.9319281413223244
RGI60-11.01750,2000,-0.4330709939320365
RGI60-11.01750,2001,0.17449171752772308
RGI60-11.01750,2002,-0.2360921972068991
RGI60-11.01750,2003,-1.5870303404784076
RGI60-11.01750,2004,-0.8037543143636151
RGI60-11.01750,2005,-0.6492668087640971
RGI60-11.01750,2006,-0.24817854864756084
RGI60-11.01750,2007,-0.4307025296633257
RGI60-11.01750,2008,-1.0181579040675963
RGI60-11.01750,2009,-1.5278441505493698
RGI60-11.01750,2010,-0.5003058533866709
RGI60-11.01750,2011,-1.273449291546072
RGI60-11.01750,2012,-0.8572487839131444
RGI60-11.01750,2013,-0.6284429800757992
RGI60-11.01750,2014,-0.12686782612837766
RGI60-11.01750,2015,-0.7391523052419278
RGI60-11.01750,2016,-0.25422334953093517
RGI60-11.01750,2017,-0.9082561553406284
RGI60-11.01750,2018,-1.383515116581676
RGI60-11.01750,2019,-1.2486322681095776
RGI60-11.01750,2020,-1.075167519070904
RGI60-11.01750,2021,-0.9943204386191272
RGI60-11.01750,2022,-1.779012856572336
RGI60-11.01750,2023,-1.7304767612153387
RGI60-11.01750,2024,-0.5321671406715063
RGI60-11.01753,2000,-1.2408003523008346
RGI60-11.01753,2001,-0.2549941741794288
RGI60-11.01753,2002,-0.39432810430050746
RGI60-11.01753,2003,-1.7962135489550461
RGI60-11.01753,2004,-1.3820951633579215
RGI60-11.01753,2005,-1.6950174910783056
RGI60-11.01753,2006,-1.7791293198114912
RGI60-11.01753,2007,-1.7980391408375083
RGI60-11.01753,2008,-0.7983759928295114
RGI60-11.01753,2009,-1.450844923054758
RGI60-11.01753,2010,-0.5656564653931051
RGI60-11.01753,2011,-1.9801070170073012
RGI60-11.01753,2012,-1.5485622281233928
RGI60-11.01753,2013,-0.8635137288690093
RGI60-11.01753,2014,-1.5714859347970789
RGI60-11.01753,2015,-1.6306357693420477
RGI60-11.01753,2016,-1.1968429738938406
RGI60-11.01753,2017,-1.2672894138784279
RGI60-11.01753,2018,-2.381123277266724
RGI60-11.01753,2019,-1.506644980723764
RGI60-11.01753,2020,-1.5844010079759783
RGI60-11.01753,2021,-1.6843172050999955
RGI60-11.01753,2022,-2.8898928366392505
RGI60-11.01753,2023,-2.001554176566567
RGI60-11.01753,2024,-1.329800248953621
RGI60-11.01755,2000,-0.06524380113447936
RGI60-11.01755,2001,0.5853425976347378
RGI60-11.01755,2002,-0.38039936131504215
RGI60-11.01755,2003,-1.6466961924742995
RGI60-11.01755,2004,-0.8441938991705535
RGI60-11.01755,2005,-1.079152657011837
RGI60-11.01755,2006,-0.6424413253955443
RGI60-11.01755,2007,-0.7304147978842324
RGI60-11.01755,2008,0.09308260686822589
RGI60-11.01755,2009,-0.9939517176428325
RGI60-11.01755,2010,-0.5733825790927262
RGI60-11.01755,2011,-0.7901126008326032
RGI60-11.01755,2012,-0.8128035710073782
RGI60-11.01755,2013,-0.13992903921512534
RGI60-11.01755,2014,-0.3111129910116146
RGI60-11.01755,2015,-0.8447629299896038
RGI60-11.01755,2016,-0.38608231601601734
RGI60-11.01755,2017,-0.5338197440377204
RGI60-11.01755,2018,-1.6708017638462755
RGI60-11.01755,2019,-1.3504239174250847
RGI60-11.01755,2020,-0.7506837166825078
RGI60-11.01755,2021,-1.062689761935222
RGI60-11.01755,2022,-2.468758881580522
RGI60-11.01755,2023,-0.9879882088598784
RGI60-11.01755,2024,-0.22155244576811983
RGI60-11.01757,2000,-0.6345386207767123
RGI60-11.01757,2001,0.3592045956576402
RGI60-11.01757,2002,-0.6009126821467414
RGI60-11.01757,2003,-1.219892976659351
RGI60-11.01757,2004,-0.6261111697523497
RGI60-11.01757,2005,-0.9685700207398757
RGI60-11.01757,2006,-0.42490142046336027
RGI60-11.01757,2007,-0.3735088594442871
RGI60-11.01757,2008,-0.6679651284752969
RGI60-11.01757,2009,-1.3323969773288442
RGI60-11.01757,2010,-0.7674844416032416
RGI60-11.01757,2011,-1.125287760378709
RGI60-11.01757,2012,-0.3091426556101482
RGI60-11.01757,2013,-0.4929156539255051
RGI60-11.01757,2014,-0.702071024199716
RGI60-11.01757,2015,-0.9260622691488919
RGI60-11.01757,2016,-0.8063162180941837
RGI60-11.01757,2017,-1.018562962023588
RGI60-11.01757,2018,-1.4088357122699329
RGI60-11.01757,2019,-0.9346280426168958
RGI60-11.01757,2020,-1.1649329581295003
RGI60-11.01757,2021,-1.00574388680928
RGI60-11.01757,2022,-1.5138902303867938
RGI60-11.01757,2023,-1.4611380900067261
RGI60-11.01757,2024,-1.0770553216840693
RGI60-11.01760,2000,-0.24515726888608586
RGI60-11.01760,2001,0.3604933355899179
RGI60-11.01760,2002,-0.42682671629604974
RGI60-11.01760,2003,-1.1972896229930117
RGI60-11.01760,2004,-0.5392378111115331
RGI60-11.01760,2005,-0.7056824432351495
RGI60-11.01760,2006,0.20502251708163444
RGI60-11.01760,2007,-0.2536735607714684
RGI60-11.01760,2008,-0.6619046882786139
RGI60-11.01760,2009,-1.2452096667238386
RGI60-11.01760,2010,-0.3797010378214485
RGI60-11.01760,2011,-0.6719254981091926
RGI60-11.01760,2012,-0.43083513599126366
RGI60-11.01760,2013,-0.3935065047306272
RGI60-11.01760,2014,-0.23417194266662084
RGI60-11.01760,2015,-0.8535914048233514
RGI60-11.01760,2016,-0.4810401512006204
RGI60-11.01760,2017,-0.7468059447449792
RGI60-11.01760,2018,-1.082302039899169
RGI60-11.01760,2019,-1.017054414388526
RGI60-11.01760,2020,-0.9906633602741142
RGI60-11.01760,2021,-0.7028473403598453
RGI60-11.01760,2022,-1.1985854158115248
RGI60-11.01760,2023,-1.0925673148791106
RGI60-11.01760,2024,-0.8640738711747469
RGI60-11.01762,2000,-0.20748598238746857
RGI60-11.01762,2001,0.9937661136987175
RGI60-11.01762,2002,0.42550511125471585
RGI60-11.01762,2003,-1.619076115424898
RGI60-11.01762,2004,-0.35749007653743237
RGI60-11.01762,2005,-0.4555359133932763
RGI60-11.01762,2006,-0.09049469546746114
RGI60-11.01762,2007,-0.1520814506365385
RGI60-11.01762,2008,-0.4809657383430295
RGI60-11.01762,2009,-0.5782445179820259
RGI60-11.01762,2010,-0.0008019027594192707
RGI60-11.01762,2011,-1.0861593288229783
RGI60-11.01762,2012,-0.8234426960241139
RGI60-11.01762,2013,0.030679447860022524
RGI60-11.01762,2014,-0.43967341943927823
RGI60-11.01762,2015,-0.27922088911086507
RGI60-11.01762,2016,-0.6467154145319453
RGI60-11.01762,2017,-1.2575600225194687
RGI60-11.01762,2018,-1.3810921458905296
RGI60-11.01762,2019,-0.6647103635427252
RGI60-11.01762,2020,-1.1840274521343834
RGI60-11.01762,2021,-0.33811614872734386
RGI60-11.01762,2022,-2.0409534859635587
RGI60-11.01762,2023,-1.0312694192688847
RGI60-11.01762,2024,-0.2733329850254138
RGI60-11.01765,2000,-1.0379082195096319
RGI60-11.01765,2001,0.3626749054179419
RGI60-11.01765,2002,-0.4251724075617946
RGI60-11.01765,2003,-1.8087790767647587
RGI60-11.01765,2004,-0.6578847757082623
RGI60-11.01765,2005,-1.3631684769867733
RGI60-11.01765,2006,-1.4808114674380626
RGI60-11.01765,2007,-1.430687679711475
RGI60-11.01765,2008,-0.7370839409203434
RGI60-11.01765,2009,-0.6471547190823165
RGI60-11.01765,2010,-0.198446114500062
RGI60-11.01765,2011,-0.8822996741108934
RGI60-11.01765,2012,-1.4380239346264299
RGI60-11.01765,2013,-0.3420799326644559
RGI60-11.01765,2014,-0.574184693282688
RGI60-11.01765,2015,-0.8838335252747673
RGI60-11.01765,2016,-0.9193031461926459
RGI60-11.01765,2017,-1.0148242459512251
RGI60-11.01765,2018,-1.732328169745807
RGI60-11.01765,2019,-1.154000705385542
RGI60-11.01765,2020,-1.0064129060330202
RGI60-11.01765,2021,-1.1572725084624202
RGI60-11.01765,2022,-2.6153120381275565
RGI60-11.01765,2023,-1.7307373412346563
RGI60-11.01765,2024,-1.153805852681971
RGI60-11.01766,2000,-0.23246928464875904
RGI60-11.01766,2001,0.36588133214589047
RGI60-11.01766,2002,-0.10530061232353138
RGI60-11.01766,2003,-1.339480924941666
RGI60-11.01766,2004,-0.7292264791658363
RGI60-11.01766,2005,-1.2181711906709405
RGI60-11.01766,2006,-1.302895537882669
RGI60-11.01766,2007,-0.946087492474555
RGI60-11.01766,2008,-0.3774158664452881
RGI60-11.01766,2009,-0.5201286130868248
RGI60-11.01766,2010,0.006087572285781828
RGI60-11.01766,2011,-1.291228583057205
RGI60-11.01766,2012,-0.9665765540079151
RGI60-11.01766,2013,-0.2519836750396656
RGI60-11.01766,2014,-0.7382684056869522
RGI60-11.01766,2015,-1.071355384490243
RGI60-11.01766,2016,-0.6963230217228809
RGI60-11.01766,2017,-0.6817911599451622
RGI60-11.01766,2018,-1.463034923879036
RGI60-11.01766,2019,-1.0606311949625475
RGI60-11.01766,2020,-1.21589996654189
RGI60-11.01766,2021,-1.0774923223846398
RGI60-11.01766,2022,-2.092415166927113
RGI60-11.01766,2023,-1.3549398716946306
RGI60-11.01766,2024,-0.4784749209963705
RGI60-11.01769,2000,-0.4931314802294542
RGI60-11.01769,2001,0.7139862647589843
RGI60-11.01769,2002,-0.3589129536786015
RGI60-11.01769,2003,-0.6916217757355565
RGI60-11.01769,2004,-0.3602416810065967
RGI60-11.01769,2005,-1.009510017037372
RGI60-11.01769,2006,-1.2396616698068232
RGI60-11.01769,2007,-0.6523850171357694
RGI60-11.01769,2008,0.06228604949699651
RGI60-11.01769,2009,-0.16140029425752617
RGI60-11.01769,2010,0.03531460659443936
RGI60-11.01769,2011,-0.3989670298872248
RGI60-11.01769,2012,-0.7167421691234572
RGI60-11.01769,2013,-0.25113631419097726
RGI60-11.01769,2014,-0.5023917166162386
RGI60-11.01769,2015,-0.4959296837587086
RGI60-11.01769,2016,-0.6885346613502308
RGI60-11.01769,2017,0.4340382119795677
RGI60-11.01769,2018,-1.2235532674075698
RGI60-11.01769,2019,-0.3909054016078798
RGI60-11.01769,2020,-0.715151164849926
RGI60-11.01769,2021,-0.6954637459382021
RGI60-11.01769,2022,1.956233492700998
RGI60-11.01769,2023,-0.2178250534198564
RGI60-11.01769,2024,-0.4720095211758054
RGI60-11.01770,2000,-0.26099026425760197
RGI60-11.01770,2001,0.13291340128991247
RGI60-11.01770,2002,-0.5992368256222042
RGI60-11.01770,2003,-1.706478104277922
RGI60-11.01770,2004,-1.114167631329021
RGI60-11.01770,2005,-1.0987142549248456
RGI60-11.01770,2006,-0.5277765700169621
RGI60-11.01770,2007,-0.3580671885980551
RGI60-11.01770,2008,-1.2854072320991774
RGI60-11.01770,2009,-1.6296302605107535
RGI60-11.01770,2010,-0.9236647616486002
RGI60-11.01770,2011,-1.5402069066080828
RGI60-11.01770,2012,-0.9897162262777184
RGI60-11.01770,2013,-0.8026971017866205
RGI60-11.01770,2014,-0.6220367271737618
RGI60-11.01770,2015,-1.1746654995824768
RGI60-11.01770,2016,-0.6989967484376843
RGI60-11.01770,2017,-1.3363150062620117
RGI60-11.01770,2018,-1.794590531306913
RGI60-11.01770,2019,-1.8631555605694978
RGI60-11.01770,2020,-1.4492727749358356
RGI60-11.01770,2021,-1.0749821656767466
RGI60-11.01770,2022,-1.8155822108837918
RGI60-11.01770,2023,-2.0691649543643083
RGI60-11.01770,2024,-0.7132639082384562
RGI60-11.01776,2000,-0.7562984170745345
RGI60-11.01776,2001,0.2027759586801634
RGI60-11.01776,2002,-0.5747751685095728
RGI60-11.01776,2003,-1.7849852814220937
RGI60-11.01776,2004,-0.9268949226403072
RGI60-11.01776,2005,-1.0546779720255548
RGI60-11.01776,2006,-1.107028384999439
RGI60-11.01776,2007,-1.1598503188879035
RGI60-11.01776,2008,-0.7153283792027806
RGI60-11.01776,2009,-0.4964202089394566
RGI60-11.01776,2010,-0.4063413324593397
RGI60-11.01776,2011,-1.0817827435475609
RGI60-11.01776,2012,-1.4382629228430093
RGI60-11.01776,2013,-0.4605063180044153
RGI60-11.01776,2014,-0.7177603641335241
RGI60-11.01776,2015,-1.4960313928856999
RGI60-11.01776,2016,-1.0028729818170894
RGI60-11.01776,2017,-1.3044353163469196
RGI60-11.01776,2018,-1.9428490583738975
RGI60-11.01776,2019,-1.2928744745670713
RGI60-11.01776,2020,-1.40540747985999
RGI60-11.01776,2021,-1.3582701118438312
RGI60-11.01776,2022,-2.6672630039403717
RGI60-11.01776,2023,-1.6010395111038307
RGI60-11.01776,2024,-0.8474467286625038
RGI60-11.01786,2000,-0.6872619239816484
RGI60-11.01786,2001,-0.2957891844652146
RGI60-11.01786,2002,-0.12004347961225759
RGI60-11.01786,2003,-1.3117589536727658
RGI60-11.01786,2004,-0.7745779582072697
RGI60-11.01786,2005,-0.8811950274640892
RGI60-11.01786,2006,-0.2951775861702985
RGI60-11.01786,2007,-0.3682971068685684
RGI60-11.01786,2008,-0.6328974441599172
RGI60-11.01786,2009,-1.661429509125014
RGI60-11.01786,2010,-0.4889160197718926
RGI60-11.01786,2011,-1.577528449854705
RGI60-11.01786,2012,-0.7973589210133262
RGI60-11.01786,2013,-0.501772039650095
RGI60-11.01786,2014,-0.2316406424135785
RGI60-11.01786,2015,-0.9159147043590792
RGI60-11.01786,2016,-0.32176265036775986
RGI60-11.01786,2017,-1.050636565475978
RGI60-11.01786,2018,-1.4424322411845898
RGI60-11.01786,2019,-1.2964095921819476
RGI60-11.01786,2020,-0.9767568430234537
RGI60-11.01786,2021,-0.682699540208171
RGI60-11.01786,2022,-1.9048051944010227
RGI60-11.01786,2023,-1.6067620346300866
RGI60-11.01786,2024,-0.6082560713598858
RGI60-11.01790,2000,-0.6334838689651348
RGI60-11.01790,2001,0.5129808695082345
RGI60-11.01790,2002,-0.6311048781755487
RGI60-11.01790,2003,-1.4938377277124624
RGI60-11.01790,2004,-0.5505053852575381
RGI60-11.01790,2005,-1.1379877495566237
RGI60-11.01790,2006,-0.9117612664737609
RGI60-11.01790,2007,-1.3813794642500796
RGI60-11.01790,2008,-0.5652065597833258
RGI60-11.01790,2009,-0.4651842207748768
RGI60-11.01790,2010,0.11016617824505326
RGI60-11.01790,2011,-0.6584279350415303
RGI60-11.01790,2012,-1.1916074626384843
RGI60-11.01790,2013,-0.057071219627877645
RGI60-11.01790,2014,-0.6563471064499482
RGI60-11.01790,2015,-0.8291502196728598
RGI60-11.01790,2016,-0.8331126706324935
RGI60-11.01790,2017,-1.161225561776932
RGI60-11.01790,2018,-1.7276381717265212
RGI60-11.01790,2019,-1.1485155792372996
RGI60-11.01790,2020,-0.8493101690324163
RGI60-11.01790,2021,-0.8660122264840471
RGI60-11.01790,2022,-2.4521630117387585
RGI60-11.01790,2023,-1.0153471958607625
RGI60-11.01790,2024,-0.9744419988340816
RGI60-11.01791,2000,-0.5526647926937056
RGI60-11.01791,2001,0.18270473963352807
RGI60-11.01791,2002,-0.13002936279970723
RGI60-11.01791,2003,-1.3695880788001795
RGI60-11.01791,2004,-0.6979154419568011
RGI60-11.01791,2005,-0.7568643502758597
RGI60-11.01791,2006,-0.3433174512502439
RGI60-11.01791,2007,-0.4203786826962025
RGI60-11.01791,2008,-0.6400089154965608
RGI60-11.01791,2009,-1.4185328228585548
RGI60-11.01791,2010,-0.38452423718185896
RGI60-11.01791,2011,-1.3576079628161752
RGI60-11.01791,2012,-0.6640646073477491
RGI60-11.01791,2013,-0.1359875420040061
RGI60-11.01791,2014,-0.1435231818699052
RGI60-11.01791,2015,-1.031884468728077
RGI60-11.01791,2016,-0.29219797739321135
RGI60-11.01791,2017,-1.2192147178410477
RGI60-11.01791,2018,-1.4947440997168253
RGI60-11.01791,2019,-1.1955560459068437
RGI60-11.01791,2020,-1.1990601390490687
RGI60-11.01791,2021,-0.40293272331515706
RGI60-11.01791,2022,-2.0452948792604078
RGI60-11.01791,2023,-1.7563483285566326
RGI60-11.01791,2024,-0.655772516408456
RGI60-11.01797,2000,-0.7096190191537628
RGI60-11.01797,2001,-0.01792645117185998
RGI60-11.01797,2002,-0.38144811857001104
RGI60-11.01797,2003,-1.592540631870459
RGI60-11.01797,2004,-1.0669855587892239
RGI60-11.01797,2005,-1.255039617965329
RGI60-11.01797,2006,-0.7607510429675317
RGI60-11.01797,2007,-0.7839908370885271
RGI60-11.01797,2008,-0.7422532397484484
RGI60-11.01797,2009,-1.4779180242409775
RGI60-11.01797,2010,-0.7916282649667175
RGI60-11.01797,2011,-1.6670359045188592
RGI60-11.01797,2012,-1.1969191436446716
RGI60-11.01797,2013,-0.5252242409404118
RGI60-11.01797,2014,-0.662841164532132
RGI60-11.01797,2015,-0.9931636662408722
RGI60-11.01797,2016,-1.1125439136447375
RGI60-11.01797,2017,-1.2792758104310689
RGI60-11.01797,2018,-1.8326845952171036
RGI60-11.01797,2019,-1.6191107542972896
RGI60-11.01797,2020,-1.5387808427448828
RGI60-11.01797,2021,-0.8469808801514166
RGI60-11.01797,2022,-2.4142000414054325
RGI60-11.01797,2023,-1.700889329482952
RGI60-11.01797,2024,-0.9793861147599844
RGI60-11.01806,2000,-0.6635459631520962
RGI60-11.01806,2001,0.3221667451812059
RGI60-11.01806,2002,-0.36269161945875195
RGI60-11.01806,2003,-1.7368163797897203
RGI60-11.01806,2004,-0.6917069275150832
RGI60-11.01806,2005,-1.2666762705306955
RGI60-11.01806,2006,-0.8329148157772099
RGI60-11.01806,2007,-1.145012804869901
RGI60-11.01806,2008,-0.6530866591176804
RGI60-11.01806,2009,-0.24663760924002975
RGI60-11.01806,2010,-0.2936132624713981
RGI60-11.01806,2011,-1.078612162931673
RGI60-11.01806,2012,-1.0411852753216189
RGI60-11.01806,2013,-0.4569981793454003
RGI60-11.01806,2014,-0.3762043116116498
RGI60-11.01806,2015,-1.1737672620119515
RGI60-11.01806,2016,-1.174301396628954
RGI60-11.01806,2017,-1.279494334033392
RGI60-11.01806,2018,-2.023191943283119
RGI60-11.01806,2019,-1.1308095680908856
RGI60-11.01806,2020,-1.1026995899786396
RGI60-11.01806,2021,-1.1751653604138157
RGI60-11.01806,2022,-2.373028558101526
RGI60-11.01806,2023,-1.5460625620024868
RGI60-11.01806,2024,-0.9489251304378633
RGI60-11.01813,2000,-0.7314932064940619
RGI60-11.01813,2001,0.4719595865442372
RGI60-11.01813,2002,-0.5053984282608506
RGI60-11.01813,2003,-1.5730490979109826
RGI60-11.01813,2004,-0.5125807462328354
RGI60-11.01813,2005,-1.1024264957940426
RGI60-11.01813,2006,-1.1465854179504127
RGI60-11.01813,2007,-1.3778117312775011
RGI60-11.01813,2008,-0.4607949196473369
RGI60-11.01813,2009,-0.4424347866648765
RGI60-11.01813,2010,-0.2146314433404357
RGI60-11.01813,2011,-0.855859854500909
RGI60-11.01813,2012,-1.0695967075729826
RGI60-11.01813,2013,-0.457007075493693
RGI60-11.01813,2014,-0.6611906572963202
RGI60-11.01813,2015,-0.8948586172165712
RGI60-11.01813,2016,-1.0292953388731765
RGI60-11.01813,2017,-1.027952913663389
RGI60-11.01813,2018,-1.4116642719978056
RGI60-11.01813,2019,-1.1239278763560587
RGI60-11.01813,2020,-0.9883880356952802
RGI60-11.01813,2021,-0.877858136806329
RGI60-11.01813,2022,-2.36863049995874
RGI60-11.01813,2023,-1.5619545196796962
RGI60-11.01813,2024,-0.7078135117790788
RGI60-11.01827,2000,-0.9209107427000887
RGI60-11.01827,2001,-0.6178958372449198
RGI60-11.01827,2002,-0.958771386752999
RGI60-11.01827,2003,-2.0336538454333692
RGI60-11.01827,2004,-1.6479091056926842
RGI60-11.01827,2005,-1.5565059233052994
RGI60-11.01827,2006,-0.7575961518650042
RGI60-11.01827,2007,-0.9746157829557132
RGI60-11.01827,2008,-1.3785828769709065
RGI60-11.01827,2009,-1.9495285474188528
RGI60-11.01827,2010,-1.721923678005054
RGI60-11.01827,2011,-1.8345640480173242
RGI60-11.01827,2012,-1.4915577762605807
RGI60-11.01827,2013,-0.9340818494644255
RGI60-11.01827,2014,-1.050450694559067
RGI60-11.01827,2015,-1.6313990664351055
RGI60-11.01827,2016,-1.206022622851808
RGI60-11.01827,2017,-1.4235725812110624
RGI60-11.01827,2018,-2.225294582256175
RGI60-11.01827,2019,-2.0639629005995563
RGI60-11.01827,2020,-1.5041516669563595
RGI60-11.01827,2021,-1.113665062168395
RGI60-11.01827,2022,-1.973503521296085
RGI60-11.01827,2023,-1.0047575022741435
RGI60-11.01827,2024,-1.6092796078166627
RGI60-11.01834,2000,-1.106757793145038
RGI60-11.01834,2001,0.878101765380336
RGI60-11.01834,2002,-0.695067130040824
RGI60-11.01834,2003,-2.3115640414806835
RGI60-11.01834,2004,-0.9082125213069432
RGI60-11.01834,2005,-1.7068484023543238
RGI60-11.01834,2006,-1.151890344430545
RGI60-11.01834,2007,-1.913250740299428
RGI60-11.01834,2008,-0.8636131859549505
RGI60-11.01834,2009,-0.3883127543378395
RGI60-11.01834,2010,-0.2571181409417652
RGI60-11.01834,2011,-1.4495875675403047
RGI60-11.01834,2012,-1.6688628243819674
RGI60-11.01834,2013,-0.617230410395464
RGI60-11.01834,2014,-0.5533450642880726
RGI60-11.01834,2015,-1.875035881684831
RGI60-11.01834,2016,-1.4009834481186665
RGI60-11.01834,2017,-1.4794775995044773
RGI60-11.01834,2018,-2.4073052560860413
RGI60-11.01834,2019,-1.2625386590881733
RGI60-11.01834,2020,-1.3227885309069654
RGI60-11.01834,2021,-1.3761021628812884
RGI60-11.01834,2022,-3.06609700577362
RGI60-11.01834,2023,-1.9311486106665994
RGI60-11.01834,2024,-0.9723407091988626
RGI60-11.01840,2000,-0.13603951564195238
RGI60-11.01840,2001,0.3635092500108702
RGI60-11.01840,2002,-0.08505144048467861
RGI60-11.01840,2003,-1.4154042219142386
RGI60-11.01840,2004,-0.7932582473735674
RGI60-11.01840,2005,-0.6434709561965007
RGI60-11.01840,2006,-0.34148080886784726
RGI60-11.01840,2007,-0.44540345468477976
RGI60-11.01840,2008,0.054166118316797296
RGI60-11.01840,2009,-0.40365173076567107
RGI60-11.01840,2010,0.008867806868397832
RGI60-11.01840,2011,-0.6495006721108919
RGI60-11.01840,2012,-0.6987488126914059
RGI60-11.01840,2013,-0.0432707446484093
RGI60-11.01840,2014,-0.25177826140864656
RGI60-11.01840,2015,-0.776340507630942
RGI60-11.01840,2016,-0.7667253099915248
RGI60-11.01840,2017,-1.0394359857265125
RGI60-11.01840,2018,-1.2813041264473202
RGI60-11.01840,2019,-1.0110783786111839
RGI60-11.01840,2020,-0.4268572199738142
RGI60-11.01840,2021,-0.7425641860704572
RGI60-11.01840,2022,-1.8239041489140244
RGI60-11.01840,2023,-1.093640572031724
RGI60-11.01840,2024,-0.3996347274281912
RGI60-11.01857,2000,-0.8235682597948129
RGI60-11.01857,2001,-0.5358313594139028
RGI60-11.01857,2002,-0.14159407974748328
RGI60-11.01857,2003,-1.380907939685288
RGI60-11.01857,2004,-0.8947247863023011
RGI60-11.01857,2005,-0.7249354114495874
RGI60-11.01857,2006,-0.6907078874500464
RGI60-11.01857,2007,-0.6145625692330101
RGI60-11.01857,2008,-1.3078493338930852
RGI60-11.01857,2009,-1.6441147901388398
RGI60-11.01857,2010,-1.1965399129078096
RGI60-11.01857,2011,-1.241908729780413
RGI60-11.01857,2012,-0.9554392624199511
RGI60-11.01857,2013,-0.22643369077699582
RGI60-11.01857,2014,-0.4748674872026514
RGI60-11.01857,2015,-1.6166769981240523
RGI60-11.01857,2016,-0.6692994060138979
RGI60-11.01857,2017,-1.29648012276969
RGI60-11.01857,2018,-1.649803760418414
RGI60-11.01857,2019,-1.7881542124777776
RGI60-11.01857,2020,-1.3389830651991121
RGI60-11.01857,2021,-1.013677029866352
RGI60-11.01857,2022,-2.219573235943803
RGI60-11.01857,2023,-2.3067792594605963
RGI60-11.01857,2024,-0.9135020513758092
RGI60-11.01863,2000,-0.4495449581815927
RGI60-11.01863,2001,0.6185556191404429
RGI60-11.01863,2002,0.0054800718671143
RGI60-11.01863,2003,-1.9068986324387116
RGI60-11.01863,2004,-0.4973922118493229
RGI60-11.01863,2005,-1.4164566270687873
RGI60-11.01863,2006,-0.9497313060175605
RGI60-11.01863,2007,-1.0063661635618448
RGI60-11.01863,2008,-0.17666003007444353
RGI60-11.01863,2009,-0.20489030991848656
RGI60-11.01863,2010,0.09490504944375944
RGI60-11.01863,2011,-0.9354193247666931
RGI60-11.01863,2012,-1.0071813289537448
RGI60-11.01863,2013,-0.4147361355130371
RGI60-11.01863,2014,-0.05244460011225016
RGI60-11.01863,2015,-0.845733497868734
RGI60-11.01863,2016,-1.055586342354289
RGI60-11.01863,2017,-1.1215662852909496
RGI60-11.01863,2018,-1.9510739917124873
RGI60-11.01863,2019,-1.1877589947683806
RGI60-11.01863,2020,-1.1652158765101688
RGI60-11.01863,2021,-1.0359303879869892
RGI60-11.01863,2022,-2.5382804623044324
RGI60-11.01863,2023,-1.6971008048239336
RGI60-11.01863,2024,-0.6295613659997968
RGI60-11.01868,2000,-1.6398960443325192
RGI60-11.01868,2001,-0.2153700493990346
RGI60-11.01868,2002,-1.2215362150762554
RGI60-11.01868,2003,-2.0078748376552644
RGI60-11.01868,2004,-0.8356810811700601
RGI60-11.01868,2005,-1.9191372529968505
RGI60-11.01868,2006,-1.027128346805779
RGI60-11.01868,2007,-1.6147983554267293
RGI60-11.01868,2008,-0.9733271605478586
RGI60-11.01868,2009,-0.9684319199274094
RGI60-11.01868,2010,-1.3572631255608132
RGI60-11.01868,2011,-1.464598005894354
RGI60-11.01868,2012,-1.0603526797274527
RGI60-11.01868,2013,-1.0051847886479959
RGI60-11.01868,2014,-1.0738734093884568
RGI60-11.01868,2015,-0.1845795466663791
RGI60-11.01868,2016,-1.679981446796593
RGI60-11.01868,2017,-0.5651557390543056
RGI60-11.01868,2018,-1.8181475809901844
RGI60-11.01868,2019,-1.1815824139357065
RGI60-11.01868,2020,-0.4305000941035727
RGI60-11.01868,2021,-0.8607826751193812
RGI60-11.01868,2022,-2.320955155188841
RGI60-11.01868,2023,2.7871111009645695
RGI60-11.01868,2024,-1.6135906091077459
RGI60-11.01876,2000,-1.066110405384699
RGI60-11.01876,2001,-0.0915060458852166
RGI60-11.01876,2002,-0.3912214166238993
RGI60-11.01876,2003,-1.682776109228337
RGI60-11.01876,2004,-1.0238312441377422
RGI60-11.01876,2005,-1.4040480861028095
RGI60-11.01876,2006,-1.7719240253937567
RGI60-11.01876,2007,-1.46922330070394
RGI60-11.01876,2008,-1.2017031951049815
RGI60-11.01876,2009,-1.1423134763451976
RGI60-11.01876,2010,-0.8335189864660744
RGI60-11.01876,2011,-1.5406374338859878
RGI60-11.01876,2012,-1.5440111246006751
RGI60-11.01876,2013,-0.5493075871265063
RGI60-11.01876,2014,-0.9565162459767674
RGI60-11.01876,2015,-1.5447294572070085
RGI60-11.01876,2016,-1.3454400611970558
RGI60-11.01876,2017,-1.8571958159181992
RGI60-11.01876,2018,-2.0146923776050167
RGI60-11.01876,2019,-1.5505936051061306
RGI60-11.01876,2020,-1.5799392528404477
RGI60-11.01876,2021,-1.4840774796436556
RGI60-11.01876,2022,-2.9900448073332715
RGI60-11.01876,2023,-2.311959084371286
RGI60-11.01876,2024,-1.4729335388338978
RGI60-11.01885,2000,-0.10833813593533928
RGI60-11.01885,2001,0.6113576320131686
RGI60-11.01885,2002,0.14637463940004708
RGI60-11.01885,2003,-0.651306017995899
RGI60-11.01885,2004,-0.4734620111957438
RGI60-11.01885,2005,-0.5108825335725167
RGI60-11.01885,2006,0.09728016327125155
RGI60-11.01885,2007,0.0715117276610403
RGI60-11.01885,2008,-0.46491807887259534
RGI60-11.01885,2009,-0.7766622093249946
RGI60-11.01885,2010,-0.30604246588672723
RGI60-11.01885,2011,-0.560935977249648
RGI60-11.01885,2012,-0.12831790692222164
RGI60-11.01885,2013,-0.11518601445618859
RGI60-11.01885,2014,0.0752566329978
RGI60-11.01885,2015,-0.41863847997406634
RGI60-11.01885,2016,-0.2040602648710899
RGI60-11.01885,2017,-0.4389753271694713
RGI60-11.01885,2018,-0.70556371212033
RGI60-11.01885,2019,-0.8360916597964814
RGI60-11.01885,2020,-0.6602342696581882
RGI60-11.01885,2021,-0.5530079970497621
RGI60-11.01885,2022,-1.0931988152289727
RGI60-11.01885,2023,-0.8746738477497296
RGI60-11.01885,2024,-0.5241205237906087
RGI60-11.01902,2000,-0.5194655774559056
RGI60-11.01902,2001,0.18558525299373274
RGI60-11.01902,2002,-0.10344194442010568
RGI60-11.01902,2003,-1.730879456188088
RGI60-11.01902,2004,-1.0715478991344976
RGI60-11.01902,2005,-0.7021924783149114
RGI60-11.01902,2006,-0.3533186492918259
RGI60-11.01902,2007,-0.4259317462947168
RGI60-11.01902,2008,-0.4118848295148128
RGI60-11.01902,2009,-1.4790117220335355
RGI60-11.01902,2010,-0.23475525811745124
RGI60-11.01902,2011,-1.2001892874929894
RGI60-11.01902,2012,-1.3383375608091728
RGI60-11.01902,2013,-0.7923666421112231
RGI60-11.01902,2014,-0.3042560998909539
RGI60-11.01902,2015,-0.8614627856782386
RGI60-11.01902,2016,-0.9830245137165011
RGI60-11.01902,2017,-1.3378897203067006
RGI60-11.01902,2018,-1.626983138467873
RGI60-11.01902,2019,-1.5794459437542394
RGI60-11.01902,2020,-1.2540561240704378
RGI60-11.01902,2021,-0.6270964662889607
RGI60-11.01902,2022,-2.413618034606578
RGI60-11.01902,2023,-2.0646761715943303
RGI60-11.01902,2024,-0.9214649552003948
RGI60-11.01906,2000,-0.7368427394158048
RGI60-11.01906,2001,-0.2429375336733296
RGI60-11.01906,2002,-0.5544907717434465
RGI60-11.01906,2003,-1.612380925312015
RGI60-11.01906,2004,-1.0392025108561982
RGI60-11.01906,2005,-1.01641272768529
RGI60-11.01906,2006,-0.8196721950455145
RGI60-11.01906,2007,-0.6313886662826107
RGI60-11.01906,2008,-1.1433082534675825
RGI60-11.01906,2009,-1.8249290770417326
RGI60-11.01906,2010,-0.8571662829556504
RGI60-11.01906,2011,-1.737084460032926
RGI60-11.01906,2012,-1.4401728546071002
RGI60-11.01906,2013,-0.6494604173960918
RGI60-11.01906,2014,-1.089845708525873
RGI60-11.01906,2015,-1.1779921536515408
RGI60-11.01906,2016,-1.182815670591337
RGI60-11.01906,2017,-1.3695188941651715
RGI60-11.01906,2018,-1.6123440115467988
RGI60-11.01906,2019,-1.3680341460039902
RGI60-11.01906,2020,-1.5945672040556431
RGI60-11.01906,2021,-0.9830085604437018
RGI60-11.01906,2022,-2.283101841364651
RGI60-11.01906,2023,-2.095307009307568
RGI60-11.01906,2024,-1.244516474538731
RGI60-11.01912,2000,-0.21562922688672703
RGI60-11.01912,2001,0.31705652092887704
RGI60-11.01912,2002,-0.25149156435852926
RGI60-11.01912,2003,-1.7903002427232786
RGI60-11.01912,2004,-1.3840521086922082
RGI60-11.01912,2005,-1.0551225604606265
RGI60-11.01912,2006,-0.5118383547014702
RGI60-11.01912,2007,-0.5896652863230417
RGI60-11.01912,2008,-0.20219914843962838
RGI60-11.01912,2009,-0.9407218267916094
RGI60-11.01912,2010,-0.3514156480111067
RGI60-11.01912,2011,-1.2778938167988794
RGI60-11.01912,2012,-1.198387592811093
RGI60-11.01912,2013,-0.6310705654123665
RGI60-11.01912,2014,-0.33687611815679486
RGI60-11.01912,2015,-0.8108039727773012
RGI60-11.01912,2016,-0.9897144699011731
RGI60-11.01912,2017,-1.048983555325608
RGI60-11.01912,2018,-1.670477818081291
RGI60-11.01912,2019,-1.841812644276147
RGI60-11.01912,2020,-1.6197624022079475
RGI60-11.01912,2021,-0.6803722628930826
RGI60-11.01912,2022,-2.3868986312423695
RGI60-11.01912,2023,-1.8381490962545228
RGI60-11.01912,2024,-1.014802866606677
RGI60-11.01920,2000,-0.27085407631107905
RGI60-11.01920,2001,0.4605405988930631
RGI60-11.01920,2002,-0.09420472736200836
RGI60-11.01920,2003,-1.7558722352062512
RGI60-11.01920,2004,-0.3222090528472285
RGI60-11.01920,2005,-1.307646340798181
RGI60-11.01920,2006,-1.0681302129160688
RGI60-11.01920,2007,-0.5242532018772996
RGI60-11.01920,2008,-0.21964624829881296
RGI60-11.01920,2009,-0.6130647797491794
RGI60-11.01920,2010,0.19275305051116565
RGI60-11.01920,2011,-0.16438800316777957
RGI60-11.01920,2012,-0.9871724839004279
RGI60-11.01920,2013,-0.5150067413789985
RGI60-11.01920,2014,0.025264745069263683
RGI60-11.01920,2015,-1.1129968839747124
RGI60-11.01920,2016,-0.9998095176228677
RGI60-11.01920,2017,-0.8460696520961446
RGI60-11.01920,2018,-1.5067218532696045
RGI60-11.01920,2019,-1.0705123836968529
RGI60-11.01920,2020,-0.49442518110376243
RGI60-11.01920,2021,-0.9124234816490064
RGI60-11.01920,2022,-2.303996417137714
RGI60-11.01920,2023,-1.4230016488222967
RGI60-11.01920,2024,-0.019804406932124596
RGI60-11.01928,2000,-1.5433474678909223
RGI60-11.01928,2001,-0.4986889234914871
RGI60-11.01928,2002,-0.860117794742857
RGI60-11.01928,2003,-1.713511627080562
RGI60-11.01928,2004,-1.1856984747673913
RGI60-11.01928,2005,-0.9389434400482626
RGI60-11.01928,2006,-0.8270665631476725
RGI60-11.01928,2007,-1.215759725965368
RGI60-11.01928,2008,-1.3880884946179786
RGI60-11.01928,2009,-1.7874176275302724
RGI60-11.01928,2010,-1.744716102535366
RGI60-11.01928,2011,-2.038870413760005
RGI60-11.01928,2012,-1.3783398735135004
RGI60-11.01928,2013,-0.892462213267367
RGI60-11.01928,2014,-1.3689043986119571
RGI60-11.01928,2015,-1.5781845500896896
RGI60-11.01928,2016,-1.4436782637868986
RGI60-11.01928,2017,-1.4617082231712641
RGI60-11.01928,2018,-1.4066777150399072
RGI60-11.01928,2019,-1.808418106941279
RGI60-11.01928,2020,-1.7761554980235423
RGI60-11.01928,2021,-1.4481216953925498
RGI60-11.01928,2022,-1.630642952455276
RGI60-11.01928,2023,-1.8254426530366088
RGI60-11.01928,2024,-1.1315181868609603
RGI60-11.01934,2000,-0.7380451676780101
RGI60-11.01934,2001,-0.29275062281165476
RGI60-11.01934,2002,-0.22993319544385726
RGI60-11.01934,2003,-1.3416494757651323
RGI60-11.01934,2004,-0.9726504657102973
RGI60-11.01934,2005,-0.880608835396606
RGI60-11.01934,2006,-0.16968108910766622
RGI60-11.01934,2007,-0.3501439302199605
RGI60-11.01934,2008,-0.903563936678186
RGI60-11.01934,2009,-1.866988094942024
RGI60-11.01934,2010,-0.685346271111412
RGI60-11.01934,2011,-1.0530034627298768
RGI60-11.01934,2012,-0.8666683063332213
RGI60-11.01934,2013,-0.6045271019231104
RGI60-11.01934,2014,-0.5443889716368109
RGI60-11.01934,2015,-1.2702806272663891
RGI60-11.01934,2016,-0.7603637284965142
RGI60-11.01934,2017,-1.259366411325459
RGI60-11.01934,2018,-1.3120584760424832
RGI60-11.01934,2019,-1.293181829381323
RGI60-11.01934,2020,-1.2528667965120075
RGI60-11.01934,2021,-1.1051542719001088
RGI60-11.01934,2022,-1.69950506762221
RGI60-11.01934,2023,-1.124862533521562
RGI60-11.01934,2024,-1.271920833382147
RGI60-11.01935,2000,-0.9495585732115464
RGI60-11.01935,2001,-0.2090025131620512
RGI60-11.01935,2002,-1.2031421301297234
RGI60-11.01935,2003,-1.8718056795981042
RGI60-11.01935,2004,-0.4371131706065816
RGI60-11.01935,2005,0.877345086960931
RGI60-11.01935,2006,-0.8822054452036856
RGI60-11.01935,2007,-1.6409754760047095
RGI60-11.01935,2008,-1.1696635311600083
RGI60-11.01935,2009,-1.023702082978926
RGI60-11.01935,2010,-0.6359454872744065
RGI60-11.01935,2011,-0.7456034718624698
RGI60-11.01935,2012,-0.8539381667853546
RGI60-11.01935,2013,-0.6415114851321588
RGI60-11.01935,2014,-1.363287720693218
RGI60-11.01935,2015,-0.9293837843050388
RGI60-11.01935,2016,-1.0904161778921215
RGI60-11.01935,2017,-0.36083167756989054
RGI60-11.01935,2018,-1.9780363621585528
RGI60-11.01935,2019,-0.8160221512323842
RGI60-11.01935,2020,-0.20612661721339243
RGI60-11.01935,2021,-0.9179452678456624
RGI60-11.01935,2022,-1.1173907639186669
RGI60-11.01935,2023,-0.4825536139764021
RGI60-11.01935,2024,-0.8517730817931876
RGI60-11.01942,2000,-0.2787968689978575
RGI60-11.01942,2001,0.41761707338181175
RGI60-11.01942,2002,-0.10757617382409612
RGI60-11.01942,2003,-1.7626823613904645
RGI60-11.01942,2004,-0.9890060356375836
RGI60-11.01942,2005,-1.0944325928409806
RGI60-11.01942,2006,-1.0088771984159006
RGI60-11.01942,2007,-0.9348061022309577
RGI60-11.01942,2008,-0.44162586649102553
RGI60-11.01942,2009,-0.42107512007507647
RGI60-11.01942,2010,0.011182919228869381
RGI60-11.01942,2011,-0.7267720644688489
RGI60-11.01942,2012,-0.9829745016522156
RGI60-11.01942,2013,-0.3396865509154979
RGI60-11.01942,2014,0.1812298744126959
RGI60-11.01942,2015,-0.5558330699633562
RGI60-11.01942,2016,-0.998658259448858
RGI60-11.01942,2017,-1.093489562687013
RGI60-11.01942,2018,-1.5365972395131102
RGI60-11.01942,2019,-1.2251402984705309
RGI60-11.01942,2020,-1.0556950994298964
RGI60-11.01942,2021,-0.6633400035204817
RGI60-11.01942,2022,-2.3847798169682752
RGI60-11.01942,2023,-1.672417277495545
RGI60-11.01942,2024,-0.03423110611277691
RGI60-11.01943,2000,-0.5421831194540758
RGI60-11.01943,2001,0.12069420645960294
RGI60-11.01943,2002,-0.11385710217159728
RGI60-11.01943,2003,-1.5404723882503175
RGI60-11.01943,2004,-0.7215120754334001
RGI60-11.01943,2005,-1.0495252846738254
RGI60-11.01943,2006,-0.897027141939896
RGI60-11.01943,2007,-0.4765744550268875
RGI60-11.01943,2008,-0.9662564115191615
RGI60-11.01943,2009,-0.8964542734661989
RGI60-11.01943,2010,-0.7531993511750327
RGI60-11.01943,2011,-1.4598222319040441
RGI60-11.01943,2012,-0.2957455839901716
RGI60-11.01943,2013,-0.4410231859525353
RGI60-11.01943,2014,-0.7102875986301846
RGI60-11.01943,2015,-1.028041304269211
RGI60-11.01943,2016,-0.7730520920981596
RGI60-11.01943,2017,-0.4303285138938045
RGI60-11.01943,2018,-1.0927411714635638
RGI60-11.01943,2019,-1.1525909211475374
RGI60-11.01943,2020,-1.2450978125400767
RGI60-11.01943,2021,-0.9798143832690269
RGI60-11.01943,2022,-1.8884980853023823
RGI60-11.01943,2023,-0.5770033985131119
RGI60-11.01943,2024,-1.1508376515846943
RGI60-11.01946,2000,-0.6710815639443312
RGI60-11.01946,2001,-0.0818932705806803
RGI60-11.01946,2002,-0.8268394725637115
RGI60-11.01946,2003,-1.7148313284278163
RGI60-11.01946,2004,-0.8495645524174098
RGI60-11.01946,2005,-1.5253244124077514
RGI60-11.01946,2006,-1.4538203197578878
RGI60-11.01946,2007,-1.0145822337327974
RGI60-11.01946,2008,-0.7250793574276123
RGI60-11.01946,2009,-1.1017891375833153
RGI60-11.01946,2010,-0.6940049619230775
RGI60-11.01946,2011,-1.0556264195364056
RGI60-11.01946,2012,-1.0375255782488728
RGI60-11.01946,2013,-0.6066486383382803
RGI60-11.01946,2014,-1.0851917487164247
RGI60-11.01946,2015,-1.0272834420114538
RGI60-11.01946,2016,-1.023383566104356
RGI60-11.01946,2017,-1.0613312882949484
RGI60-11.01946,2018,-1.6249524457444264
RGI60-11.01946,2019,-1.336046262238448
RGI60-11.01946,2020,-1.2167796516766278
RGI60-11.01946,2021,-1.001893257534698
RGI60-11.01946,2022,-2.027630007930857
RGI60-11.01946,2023,-1.656882236631275
RGI60-11.01946,2024,-1.3092355464700687
RGI60-11.01948,2000,-0.07353230632824614
RGI60-11.01948,2001,0.49344186119450173
RGI60-11.01948,2002,-0.1756450204105714
RGI60-11.01948,2003,-1.5771515382117531
RGI60-11.01948,2004,-0.6074173376917905
RGI60-11.01948,2005,-1.0928046175844224
RGI60-11.01948,2006,-0.8056396008167869
RGI60-11.01948,2007,-0.42085360520048787
RGI60-11.01948,2008,-0.16786118135932554
RGI60-11.01948,2009,-0.6808233528807612
RGI60-11.01948,2010,0.3346010487696399
RGI60-11.01948,2011,-0.5580267104872662
RGI60-11.01948,2012,-0.8047017843010414
RGI60-11.01948,2013,-0.3870794438890238
RGI60-11.01948,2014,-0.08243795729066888
RGI60-11.01948,2015,-0.7829548666072508
RGI60-11.01948,2016,-0.513163355450439
RGI60-11.01948,2017,-0.9785568159443656
RGI60-11.01948,2018,-1.4078562505934356
RGI60-11.01948,2019,-1.1234371649165067
RGI60-11.01948,2020,-0.5717675343382549
RGI60-11.01948,2021,-0.8620576977253942
RGI60-11.01948,2022,-2.32470331333567
RGI60-11.01948,2023,-1.355580874226599
RGI60-11.01948,2024,-0.5378774967840129
RGI60-11.01952,2000,-0.8208574908264373
RGI60-11.01952,2001,-0.11525345985386037
RGI60-11.01952,2002,-0.6433956126983471
RGI60-11.01952,2003,-1.1351626882592463
RGI60-11.01952,2004,-0.6618336243603893
RGI60-11.01952,2005,-0.6590899376886349
RGI60-11.01952,2006,-0.8992111660041524
RGI60-11.01952,2007,-0.7171150243570323
RGI60-11.01952,2008,-0.9084777900776695
RGI60-11.01952,2009,-0.33151040377763275
RGI60-11.01952,2010,-0.8833506975410947
RGI60-11.01952,2011,-1.0052260126143153
RGI60-11.01952,2012,-0.6341969190167268
RGI60-11.01952,2013,-0.3848164096872981
RGI60-11.01952,2014,-0.4897381127308747
RGI60-11.01952,2015,-0.7775985310203116
RGI60-11.01952,2016,-0.5797605938538469
RGI60-11.01952,2017,-1.142834808036489
RGI60-11.01952,2018,-1.537535237718569
RGI60-11.01952,2019,-0.5014354798770646
RGI60-11.01952,2020,-0.5774251653128464
RGI60-11.01952,2021,-0.5976335398940027
RGI60-11.01952,2022,-1.4195423218116414
RGI60-11.01952,2023,-0.812080913767872
RGI60-11.01952,2024,-0.7563650662794887
RGI60-11.01968,2000,-0.6525659224826411
RGI60-11.01968,2001,0.1813532817286917
RGI60-11.01968,2002,-0.6191483830510109
RGI60-11.01968,2003,-1.6109095213208318
RGI60-11.01968,2004,-0.679204414443497
RGI60-11.01968,2005,-1.4110135226322615
RGI60-11.01968,2006,-1.6882074485236376
RGI60-11.01968,2007,-1.1025144990656424
RGI60-11.01968,2008,-0.48279796716279116
RGI60-11.01968,2009,-0.6850476100854659
RGI60-11.01968,2010,-0.21078069081580475
RGI60-11.01968,2011,-0.052711696096787275
RGI60-11.01968,2012,-0.47788046398948214
RGI60-11.01968,2013,-0.34217939211180926
RGI60-11.01968,2014,-0.9518330249395824
RGI60-11.01968,2015,-0.9373267095824862
RGI60-11.01968,2016,-0.9238110355840315
RGI60-11.01968,2017,-0.17443340632167914
RGI60-11.01968,2018,-1.1641305959409498
RGI60-11.01968,2019,-0.9740569775783027
RGI60-11.01968,2020,-1.1568289219817744
RGI60-11.01968,2021,-1.410635186880587
RGI60-11.01968,2022,-1.9634357959182864
RGI60-11.01968,2023,-1.1789840631526205
RGI60-11.01968,2024,-1.3302252880472734
RGI60-11.01974,2000,-0.6716581452377346
RGI60-11.01974,2001,0.24727194401491603
RGI60-11.01974,2002,-0.7491078134575381
RGI60-11.01974,2003,-1.8969756416645494
RGI60-11.01974,2004,-0.8675481489631737
RGI60-11.01974,2005,-1.4725774372391642
RGI60-11.01974,2006,-1.1814449258964714
RGI60-11.01974,2007,-1.141004950956102
RGI60-11.01974,2008,-0.5540433069786552
RGI60-11.01974,2009,-0.9372582277219488
RGI60-11.01974,2010,0.06957423503236582
RGI60-11.01974,2011,-0.8710215766018018
RGI60-11.01974,2012,-1.2704218369759108
RGI60-11.01974,2013,-0.5278003091386937
RGI60-11.01974,2014,-0.6376356637108214
RGI60-11.01974,2015,-1.0549501660077745
RGI60-11.01974,2016,-0.7880060873399142
RGI60-11.01974,2017,-1.0210703477919476
RGI60-11.01974,2018,-1.7810662494940845
RGI60-11.01974,2019,-1.2209553438709877
RGI60-11.01974,2020,-1.20131155355788
RGI60-11.01974,2021,-1.362025193209722
RGI60-11.01974,2022,-2.5723651438243054
RGI60-11.01974,2023,-1.8268656708562376
RGI60-11.01974,2024,-1.0459036913651312
RGI60-11.01980,2000,-0.026805981120580913
RGI60-11.01980,2001,0.47294397915339825
RGI60-11.01980,2002,0.22815360829193831
RGI60-11.01980,2003,-1.2715474113104888
RGI60-11.01980,2004,-0.7591052866188958
RGI60-11.01980,2005,-0.630622408858554
RGI60-11.01980,2006,-0.45791237237116067
RGI60-11.01980,2007,-0.7634182766961701
RGI60-11.01980,2008,-0.7007688367907934
RGI60-11.01980,2009,-0.6339487060777288
RGI60-11.01980,2010,0.3971759234095942
RGI60-11.01980,2011,-0.6123508494750463
RGI60-11.01980,2012,-0.8107510604674022
RGI60-11.01980,2013,-0.15805958816230575
RGI60-11.01980,2014,0.4352398236313154
RGI60-11.01980,2015,-0.5423417851263898
RGI60-11.01980,2016,-0.6321337320588842
RGI60-11.01980,2017,-0.8954099177100352
RGI60-11.01980,2018,-1.1763769238020636
RGI60-11.01980,2019,-1.0183601978397432
RGI60-11.01980,2020,-0.5405555573010306
RGI60-11.01980,2021,-0.6532915482938219
RGI60-11.01980,2022,-2.0520927009992276
RGI60-11.01980,2023,-1.3790103051807825
RGI60-11.01980,2024,0.103529684732101
RGI60-11.01986,2000,-1.205252286514235
RGI60-11.01986,2001,-0.5170635239659805
RGI60-11.01986,2002,-0.8222495422282436
RGI60-11.01986,2003,-2.05665837188528
RGI60-11.01986,2004,-1.0297406757418153
RGI60-11.01986,2005,-0.8320856050359966
RGI60-11.01986,2006,-0.7852077966244501
RGI60-11.01986,2007,-1.0666378792890086
RGI60-11.01986,2008,-0.8829223479570157
RGI60-11.01986,2009,-2.088048528064863
RGI60-11.01986,2010,-1.0576579822208658
RGI60-11.01986,2011,-1.7838677494325244
RGI60-11.01986,2012,-1.252402033694182
RGI60-11.01986,2013,-0.42332580583246515
RGI60-11.01986,2014,-0.9803265018738717
RGI60-11.01986,2015,-1.516257681450333
RGI60-11.01986,2016,-1.4195480100106335
RGI60-11.01986,2017,-1.341316648331679
RGI60-11.01986,2018,-1.3494102964526302
RGI60-11.01986,2019,-1.824920733393927
RGI60-11.01986,2020,-1.8702232095820561
RGI60-11.01986,2021,-0.9628697309575927
RGI60-11.01986,2022,-2.3701778418517634
RGI60-11.01986,2023,-0.7697043098968821
RGI60-11.01986,2024,-1.3614727043967791
RGI60-11.01987,2000,-0.6928334506325851
RGI60-11.01987,2001,0.007166002178284447
RGI60-11.01987,2002,-0.5001809465996863
RGI60-11.01987,2003,-1.3643529339647125
RGI60-11.01987,2004,-0.6057085830796288
RGI60-11.01987,2005,-0.8418977781166426
RGI60-11.01987,2006,-1.050624990137972
RGI60-11.01987,2007,-0.9853782457002578
RGI60-11.01987,2008,-0.9817249529712704
RGI60-11.01987,2009,-0.7747327822998479
RGI60-11.01987,2010,-0.6779772780611862
RGI60-11.01987,2011,-1.1390564854408365
RGI60-11.01987,2012,-1.0569138875444115
RGI60-11.01987,2013,-0.2612588918072717
RGI60-11.01987,2014,-0.44666488676130234
RGI60-11.01987,2015,-0.6880092469487182
RGI60-11.01987,2016,-0.11613930907581926
RGI60-11.01987,2017,-0.6319305588665479
RGI60-11.01987,2018,-1.5157710534835782
RGI60-11.01987,2019,-0.47100974068600904
RGI60-11.01987,2020,-1.2849408186285505
RGI60-11.01987,2021,-0.9872791041260891
RGI60-11.01987,2022,-1.4808541232582908
RGI60-11.01987,2023,-1.7637439388726368
RGI60-11.01987,2024,-0.7367716319326189
RGI60-11.01990,2000,-0.9155127254949437
RGI60-11.01990,2001,0.17479846062772686
RGI60-11.01990,2002,-0.7954486112211834
RGI60-11.01990,2003,-1.7438247039573813
RGI60-11.01990,2004,-0.8959370892541955
RGI60-11.01990,2005,-0.9282362380003618
RGI60-11.01990,2006,-0.842606260359873
RGI60-11.01990,2007,-0.7729373034057613
RGI60-11.01990,2008,-1.159375137958682
RGI60-11.01990,2009,-2.0871691437121047
RGI60-11.01990,2010,-0.9316455838976674
RGI60-11.01990,2011,-1.9487832308127684
RGI60-11.01990,2012,-0.9534947675494676
RGI60-11.01990,2013,-0.756193174863543
RGI60-11.01990,2014,-0.9338017098600274
RGI60-11.01990,2015,-1.3247405360478037
RGI60-11.01990,2016,-0.8987892813579788
RGI60-11.01990,2017,-1.370855329787132
RGI60-11.01990,2018,-1.7128357648911008
RGI60-11.01990,2019,-1.6677118681957528
RGI60-11.01990,2020,-1.767411027779564
RGI60-11.01990,2021,-1.2252585101384308
RGI60-11.01990,2022,-2.512645597623083
RGI60-11.01990,2023,-1.8219725728443812
RGI60-11.01990,2024,-1.069010903092337
RGI60-11.02006,2000,-0.6272198320652573
RGI60-11.02006,2001,-0.01472704450903739
RGI60-11.02006,2002,-0.3817211396487399
RGI60-11.02006,2003,-1.4681132091359763
RGI60-11.02006,2004,-0.9920347613251463
RGI60-11.02006,2005,-0.8748180515677018
RGI60-11.02006,2006,-0.38168750280360186
RGI60-11.02006,2007,-0.3299577522732773
RGI60-11.02006,2008,-0.7656458881226951
RGI60-11.02006,2009,-1.5588407256802652
RGI60-11.02006,2010,-0.6945235464408523
RGI60-11.02006,2011,-1.2930088362152439
RGI60-11.02006,2012,-0.9215814338881635
RGI60-11.02006,2013,-0.3726931803932573
RGI60-11.02006,2014,-0.5369234586496219
RGI60-11.02006,2015,-1.4787274717415504
RGI60-11.02006,2016,-0.941220484382766
RGI60-11.02006,2017,-1.773532123495539
RGI60-11.02006,2018,-1.7578253854596444
RGI60-11.02006,2019,-1.8794981722016662
RGI60-11.02006,2020,-1.480364404523494
RGI60-11.02006,2021,-0.9030143200781305
RGI60-11.02006,2022,-2.520130107434067
RGI60-11.02006,2023,-2.061079798653356
RGI60-11.02006,2024,-1.1174793178751332
RGI60-11.02007,2000,-0.7449468070492807
RGI60-11.02007,2001,0.1629824871067227
RGI60-11.02007,2002,-0.4190287611240267
RGI60-11.02007,2003,-1.7103817944458455
RGI60-11.02007,2004,-0.7890310739653891
RGI60-11.02007,2005,-0.4254417314590831
RGI60-11.02007,2006,-0.43334876669820016
RGI60-11.02007,2007,-0.1298186023546617
RGI60-11.02007,2008,-0.4437731909479404
RGI60-11.02007,2009,-1.0985304200289976
RGI60-11.02007,2010,-0.8326000333549693
RGI60-11.02007,2011,-1.1444210887069752
RGI60-11.02007,2012,-0.85090436356117
RGI60-11.02007,2013,-0.41636617954981614
RGI60-11.02007,2014,-0.5862903473218587
RGI60-11.02007,2015,-0.6903539127234273
RGI60-11.02007,2016,-0.503681078761154
RGI60-11.02007,2017,-1.2478185412532303
RGI60-11.02007,2018,-1.1462629414477163
RGI60-11.02007,2019,-1.3928828523529846
RGI60-11.02007,2020,-1.0269263724151318
RGI60-11.02007,2021,-0.577854498820303
RGI60-11.02007,2022,-1.7182648048519913
RGI60-11.02007,2023,-1.1786717303357315
RGI60-11.02007,2024,-0.519051919404907
RGI60-11.02011,2000,-0.6012286904814886
RGI60-11.02011,2001,-0.31448303376013376
RGI60-11.02011,2002,-0.7763769972091237
RGI60-11.02011,2003,-1.8590949887883923
RGI60-11.02011,2004,-1.049387299659383
RGI60-11.02011,2005,-1.376803266531609
RGI60-11.02011,2006,-1.620000741610118
RGI60-11.02011,2007,-1.0888277719372494
RGI60-11.02011,2008,-0.9276995229906432
RGI60-11.02011,2009,-1.3193048209884093
RGI60-11.02011,2010,-0.7880723906509843
RGI60-11.02011,2011,-1.1916754780665888
RGI60-11.02011,2012,-1.2552849889584452
RGI60-11.02011,2013,-0.6637037912551682
RGI60-11.02011,2014,-1.3099786654542518
RGI60-11.02011,2015,-1.1574529484380673
RGI60-11.02011,2016,-0.9538361405190172
RGI60-11.02011,2017,-1.0400900267308666
RGI60-11.02011,2018,-1.8236729804278933
RGI60-11.02011,2019,-1.582825455542168
RGI60-11.02011,2020,-0.9804825298820614
RGI60-11.02011,2021,-1.1634848660127008
RGI60-11.02011,2022,-0.7384984631675766
RGI60-11.02011,2023,-0.8497407239500354
RGI60-11.02011,2024,-1.3579192191842666
RGI60-11.02012,2000,-1.097463176095251
RGI60-11.02012,2001,-0.4532512652092773
RGI60-11.02012,2002,-0.8338328958879638
RGI60-11.02012,2003,-2.0481462949619638
RGI60-11.02012,2004,-1.4255226640564018
RGI60-11.02012,2005,-1.9820337693110923
RGI60-11.02012,2006,-1.4403280936356975
RGI60-11.02012,2007,-1.7765101940739347
RGI60-11.02012,2008,-1.7120496966709366
RGI60-11.02012,2009,-1.1671963155484484
RGI60-11.02012,2010,-1.2444808629029285
RGI60-11.02012,2011,-2.103607133970448
RGI60-11.02012,2012,-1.691403880131913
RGI60-11.02012,2013,-0.9971764728891596
RGI60-11.02012,2014,-0.9037323356437805
RGI60-11.02012,2015,-1.7287286981504966
RGI60-11.02012,2016,-1.6793873941624853
RGI60-11.02012,2017,-1.885003078076116
RGI60-11.02012,2018,-2.4523382653963846
RGI60-11.02012,2019,-2.079207513225324
RGI60-11.02012,2020,-1.858083261098817
RGI60-11.02012,2021,-1.1535639493318408
RGI60-11.02012,2022,-2.9708328090398943
RGI60-11.02012,2023,-2.5477401132541573
RGI60-11.02012,2024,-1.26834982234109
RGI60-11.02051,2000,-0.39019806538743523
RGI60-11.02051,2001,0.017383105108631502
RGI60-11.02051,2002,-0.3661640652700042
RGI60-11.02051,2003,-1.3981435430997358
RGI60-11.02051,2004,-0.6315655032754351
RGI60-11.02051,2005,-1.2141499943267642
RGI60-11.02051,2006,-1.251333449915149
RGI60-11.02051,2007,-0.6234692587307112
RGI60-11.02051,2008,-0.4891062368991326
RGI60-11.02051,2009,-0.8102835687004444
RGI60-11.02051,2010,-0.5136476402603716
RGI60-11.02051,2011,-0.943596412183
RGI60-11.02051,2012,-0.819902439280621
RGI60-11.02051,2013,-0.22173424503611994
RGI60-11.02051,2014,-0.5140322522649179
RGI60-11.02051,2015,-0.7717380307298225
RGI60-11.02051,2016,-0.5740358974168052
RGI60-11.02051,2017,-0.8308911052572597
RGI60-11.02051,2018,-1.2259897888878128
RGI60-11.02051,2019,-1.0493016081870856
RGI60-11.02051,2020,-0.7402321537063917
RGI60-11.02051,2021,-0.8613667485221913
RGI60-11.02051,2022,-1.9745165908778888
RGI60-11.02051,2023,-1.3857473832841323
RGI60-11.02051,2024,-1.6816466951918878
RGI60-11.02064,2000,-0.5836817139454231
RGI60-11.02064,2001,-0.11479527651582022
RGI60-11.02064,2002,-0.6387202720196913
RGI60-11.02064,2003,-1.6749278724968135
RGI60-11.02064,2004,-0.7751092446394907
RGI60-11.02064,2005,-1.5749314063990105
RGI60-11.02064,2006,-1.6825747806483335
RGI60-11.02064,2007,-1.251653503668823
RGI60-11.02064,2008,-1.084882718590357
RGI60-11.02064,2009,-1.159471385980209
RGI60-11.02064,2010,-1.109107645672568
RGI60-11.02064,2011,-1.7565421752991277
RGI60-11.02064,2012,-1.0561083097519226
RGI60-11.02064,2013,-0.7110774185711017
RGI60-11.02064,2014,-1.2346114107887436
RGI60-11.02064,2015,-1.1024734380516745
RGI60-11.02064,2016,-1.2733235533182674
RGI60-11.02064,2017,-1.3176251710567448
RGI60-11.02064,2018,-2.211295460089869
RGI60-11.02064,2019,-1.413787242496011
RGI60-11.02064,2020,-0.9947533228457556
RGI60-11.02064,2021,-0.7881056890694214
RGI60-11.02064,2022,-2.5207379544732818
RGI60-11.02064,2023,-2.2275649085651157
RGI60-11.02064,2024,-0.527573688629308
RGI60-11.02069,2000,-0.24261198650279903
RGI60-11.02069,2001,0.31723715387554363
RGI60-11.02069,2002,-0.6919157505694223
RGI60-11.02069,2003,-1.4315178837299407
RGI60-11.02069,2004,-0.6428713920866246
RGI60-11.02069,2005,-1.3456579832835946
RGI60-11.02069,2006,-1.3776115944157223
RGI60-11.02069,2007,-0.9443218708721124
RGI60-11.02069,2008,-0.4266446601619944
RGI60-11.02069,2009,-0.7361801005143672
RGI60-11.02069,2010,-0.5043946614438333
RGI60-11.02069,2011,-0.9389268369874185
RGI60-11.02069,2012,-0.6780388150893082
RGI60-11.02069,2013,-0.2018897815846482
RGI60-11.02069,2014,-1.002869547452815
RGI60-11.02069,2015,-0.8006134732370044
RGI60-11.02069,2016,-0.6079688350324705
RGI60-11.02069,2017,-0.596807499961072
RGI60-11.02069,2018,-1.6208870244656541
RGI60-11.02069,2019,-1.0519074564847353
RGI60-11.02069,2020,-0.8513492958966703
RGI60-11.02069,2021,-1.0407099529217807
RGI60-11.02069,2022,-2.001399251766529
RGI60-11.02069,2023,-1.5339740791630967
RGI60-11.02069,2024,-0.9344777880381967
RGI60-11.02072,2000,-0.9060969892116184
RGI60-11.02072,2001,0.22877264517849039
RGI60-11.02072,2002,-1.2220159831996846
RGI60-11.02072,2003,-1.9555330849602615
RGI60-11.02072,2004,-1.1601401325934355
RGI60-11.02072,2005,-1.4448131988832995
RGI60-11.02072,2006,-1.2118541001315877
RGI60-11.02072,2007,-0.7144130631814564
RGI60-11.02072,2008,-1.190540520940304
RGI60-11.02072,2009,-2.2424596759613595
RGI60-11.02072,2010,-0.9260377421602914
RGI60-11.02072,2011,-2.2468113652597443
RGI60-11.02072,2012,-0.9342931179524271
RGI60-11.02072,2013,-0.7957398794567645
RGI60-11.02072,2014,-1.291354989432992
RGI60-11.02072,2015,-1.5486135243832249
RGI60-11.02072,2016,-0.6502568070915419
RGI60-11.02072,2017,-1.8911779304341751
RGI60-11.02072,2018,-1.9469055489205425
RGI60-11.02072,2019,-1.769414991023776
RGI60-11.02072,2020,-1.8556399140787798
RGI60-11.02072,2021,-1.3190953683568882
RGI60-11.02072,2022,-2.69656991193954
RGI60-11.02072,2023,-1.8514183283144323
RGI60-11.02072,2024,-1.1938096811461087
RGI60-11.02075,2000,-0.3755623141118104
RGI60-11.02075,2001,0.3188771165642035
RGI60-11.02075,2002,-0.6547212808290656
RGI60-11.02075,2003,-1.2777464921959751
RGI60-11.02075,2004,-0.8303577471110618
RGI60-11.02075,2005,-1.1657436402363415
RGI60-11.02075,2006,-1.2022478215218024
RGI60-11.02075,2007,-0.862269636320937
RGI60-11.02075,2008,-0.5327393163489353
RGI60-11.02075,2009,-0.7789033464092153
RGI60-11.02075,2010,-0.4093472921599688
RGI60-11.02075,2011,-0.5629221466094865
RGI60-11.02075,2012,-0.6205984881650524
RGI60-11.02075,2013,-0.3109352747951113
RGI60-11.02075,2014,-1.0209294994839975
RGI60-11.02075,2015,-0.566705570045301
RGI60-11.02075,2016,-0.5530881806351375
RGI60-11.02075,2017,-0.4927121178761228
RGI60-11.02075,2018,-1.5136577692819064
RGI60-11.02075,2019,-0.986289182426973
RGI60-11.02075,2020,-0.8217588815731782
RGI60-11.02075,2021,-0.7043407230328983
RGI60-11.02075,2022,-1.83365038986662
RGI60-11.02075,2023,-1.3847220551596733
RGI60-11.02075,2024,-0.7588999229566935
RGI60-11.02078,2000,-0.715596681085598
RGI60-11.02078,2001,0.15249038747228705
RGI60-11.02078,2002,-0.839404098452838
RGI60-11.02078,2003,-1.550445521170398
RGI60-11.02078,2004,-0.9404172680260539
RGI60-11.02078,2005,-1.5071120206487238
RGI60-11.02078,2006,-1.490137615021544
RGI60-11.02078,2007,-1.4518015033062486
RGI60-11.02078,2008,-1.038882628307017
RGI60-11.02078,2009,-1.0528226476902611
RGI60-11.02078,2010,-0.6683425560886282
RGI60-11.02078,2011,-0.7709472577951896
RGI60-11.02078,2012,-0.8251347664761715
RGI60-11.02078,2013,-0.5407393327015951
RGI60-11.02078,2014,-0.8476607566640239
RGI60-11.02078,2015,-0.9028633114909647
RGI60-11.02078,2016,-1.0570392505585136
RGI60-11.02078,2017,-0.8140551516036177
RGI60-11.02078,2018,-1.636978339579068
RGI60-11.02078,2019,-1.324509680805828
RGI60-11.02078,2020,-0.715885209245662
RGI60-11.02078,2021,-1.0659197874057702
RGI60-11.02078,2022,-2.0826623605737216
RGI60-11.02078,2023,-1.6075931905780472
RGI60-11.02078,2024,-1.3330712115566745
RGI60-11.02094,2000,-0.6460863349788761
RGI60-11.02094,2001,0.5844743063035167
RGI60-11.02094,2002,-0.5587940592335326
RGI60-11.02094,2003,-1.9148190651603278
RGI60-11.02094,2004,-0.6575318088003914
RGI60-11.02094,2005,-1.293399567079478
RGI60-11.02094,2006,-1.0663620023577365
RGI60-11.02094,2007,-1.3338329770993482
RGI60-11.02094,2008,-0.11288626753250464
RGI60-11.02094,2009,-0.8478380866875489
RGI60-11.02094,2010,-0.35791766312273904
RGI60-11.02094,2011,-0.806520197648687
RGI60-11.02094,2012,-1.2559122316943183
RGI60-11.02094,2013,-0.05068117951240059
RGI60-11.02094,2014,-0.2828990371540625
RGI60-11.02094,2015,-0.8120994965593404
RGI60-11.02094,2016,-0.6820251565646558
RGI60-11.02094,2017,-0.9570380755975381
RGI60-11.02094,2018,-1.813467133560179
RGI60-11.02094,2019,-1.231063965959855
RGI60-11.02094,2020,-1.1379295396354348
RGI60-11.02094,2021,-1.3051223454397411
RGI60-11.02094,2022,-2.309036533521592
RGI60-11.02094,2023,-1.4734469880841259
RGI60-11.02094,2024,-0.8228554344281968
RGI60-11.02095,2000,-0.6316007106399789
RGI60-11.02095,2001,0.5415424686878934
RGI60-11.02095,2002,-0.5689235845722587
RGI60-11.02095,2003,-1.3884678246814268
RGI60-11.02095,2004,-0.8534949394099136
RGI60-11.02095,2005,-1.1210638972227729
RGI60-11.02095,2006,-0.6204435113838576
RGI60-11.02095,2007,-0.6375859609494532
RGI60-11.02095,2008,-0.9975017649981205
RGI60-11.02095,2009,-1.668221336513053
RGI60-11.02095,2010,-0.5755005482333417
RGI60-11.02095,2011,-1.7161740989320349
RGI60-11.02095,2012,-0.9755366701266581
RGI60-11.02095,2013,-0.4599604124660365
RGI60-11.02095,2014,-0.6094951341144479
RGI60-11.02095,2015,-1.2992036095608852
RGI60-11.02095,2016,-0.5749134750414773
RGI60-11.02095,2017,-1.1792812426235924
RGI60-11.02095,2018,-1.440942070391872
RGI60-11.02095,2019,-1.5439316768267042
RGI60-11.02095,2020,-1.1494139525539775
RGI60-11.02095,2021,-0.7868874521750917
RGI60-11.02095,2022,-2.0031369148913516
RGI60-11.02095,2023,-1.476096752242902
RGI60-11.02095,2024,-0.8222391662681764
RGI60-11.02113,2000,-0.2949419547533744
RGI60-11.02113,2001,0.718708391057187
RGI60-11.02113,2002,-0.2869379459222762
RGI60-11.02113,2003,-1.6581005648924199
RGI60-11.02113,2004,-0.5194669862328316
RGI60-11.02113,2005,-1.1156752466114668
RGI60-11.02113,2006,-0.7438728128087958
RGI60-11.02113,2007,-1.0594502032079407
RGI60-11.02113,2008,-0.015013914877492707
RGI60-11.02113,2009,-0.8138915484188207
RGI60-11.02113,2010,0.27382957803884345
RGI60-11.02113,2011,-0.7743022267950533
RGI60-11.02113,2012,-0.7100008725144442
RGI60-11.02113,2013,0.18373055900926183
RGI60-11.02113,2014,0.057854790914186216
RGI60-11.02113,2015,-0.5216709973887143
RGI60-11.02113,2016,-0.4922790746372075
RGI60-11.02113,2017,-1.0080833396559026
RGI60-11.02113,2018,-1.4219419167528637
RGI60-11.02113,2019,-1.058093713549877
RGI60-11.02113,2020,-0.5874024539195021
RGI60-11.02113,2021,-1.0881529873783529
RGI60-11.02113,2022,-2.4674198916750454
RGI60-11.02113,2023,-1.3354076829771326
RGI60-11.02113,2024,-0.47536816617078304
RGI60-11.02119,2000,-0.43348445336546226
RGI60-11.02119,2001,0.21977063764145788
RGI60-11.02119,2002,-0.26594223549428037
RGI60-11.02119,2003,-1.4747850365493744
RGI60-11.02119,2004,-0.626122761858331
RGI60-11.02119,2005,-1.117425082670226
RGI60-11.02119,2006,-1.084209409547033
RGI60-11.02119,2007,-0.7569115361801537
RGI60-11.02119,2008,-0.3837319902398339
RGI60-11.02119,2009,-0.6273761327092015
RGI60-11.02119,2010,-0.1785770932802503
RGI60-11.02119,2011,-0.5722785030399845
RGI60-11.02119,2012,-0.9770074191538933
RGI60-11.02119,2013,-0.2977520221362246
RGI60-11.02119,2014,-0.6687196674942104
RGI60-11.02119,2015,-0.7524193027385698
RGI60-11.02119,2016,-0.45885432011155636
RGI60-11.02119,2017,-0.8231980088062423
RGI60-11.02119,2018,-1.3302584639183146
RGI60-11.02119,2019,-1.0659171983483193
RGI60-11.02119,2020,-0.7450368782320136
RGI60-11.02119,2021,-0.7780071193636932
RGI60-11.02119,2022,-1.9768558073122935
RGI60-11.02119,2023,-1.3770424023956818
RGI60-11.02119,2024,-0.8976114607274935
RGI60-11.02144,2000,-0.43563538214150543
RGI60-11.02144,2001,0.41235536562807273
RGI60-11.02144,2002,-0.3437778446488054
RGI60-11.02144,2003,-1.5630824906050051
RGI60-11.02144,2004,-0.8494398074949541
RGI60-11.02144,2005,-1.1429524057936424
RGI60-11.02144,2006,-0.6378984075549079
RGI60-11.02144,2007,-0.8936040939763823
RGI60-11.02144,2008,-0.10518130635201739
RGI60-11.02144,2009,-0.7569938918595209
RGI60-11.02144,2010,-0.2540334644975225
RGI60-11.02144,2011,-0.7153394959100465
RGI60-11.02144,2012,-0.823586580311163
RGI60-11.02144,2013,-0.24774521633245195
RGI60-11.02144,2014,-0.5098108850122927
RGI60-11.02144,2015,-0.4672471294216088
RGI60-11.02144,2016,-0.462113555688921
RGI60-11.02144,2017,-0.5983701131149269
RGI60-11.02144,2018,-1.3619325348386633
RGI60-11.02144,2019,-1.0468107600737362
RGI60-11.02144,2020,-0.6410320779396482
RGI60-11.02144,2021,-0.8117525544027762
RGI60-11.02144,2022,-1.707703376963101
RGI60-11.02144,2023,-1.2566678064278187
RGI60-11.02144,2024,-0.6675706039496835
RGI60-11.02151,2000,-0.6584165218422933
RGI60-11.02151,2001,0.096294736018391
RGI60-11.02151,2002,-0.5549148448443129
RGI60-11.02151,2003,-2.101812349393807
RGI60-11.02151,2004,-1.1741662585333672
RGI60-11.02151,2005,-1.5730928376704485
RGI60-11.02151,2006,-1.3508493240793586
RGI60-11.02151,2007,-1.275658139596079
RGI60-11.02151,2008,-0.7858024639843444
RGI60-11.02151,2009,-1.1921387993120827
RGI60-11.02151,2010,-0.20774865400444897
RGI60-11.02151,2011,-0.5502630166618251
RGI60-11.02151,2012,-1.518666332005146
RGI60-11.02151,2013,-0.6608053807029803
RGI60-11.02151,2014,-0.25998402616720917
RGI60-11.02151,2015,-0.8729255741976969
RGI60-11.02151,2016,-0.9210118732570542
RGI60-11.02151,2017,-1.4402356017980256
RGI60-11.02151,2018,-2.138403419442621
RGI60-11.02151,2019,-1.555999318525284
RGI60-11.02151,2020,-1.2443609695938387
RGI60-11.02151,2021,-1.552565274624362
RGI60-11.02151,2022,-2.5662049868212913
RGI60-11.02151,2023,-1.8477273479398093
RGI60-11.02151,2024,-1.1002722662361546
RGI60-11.02165,2000,-0.9563163881768602
RGI60-11.02165,2001,0.11769034483636043
RGI60-11.02165,2002,-0.736933542173822
RGI60-11.02165,2003,-1.5315770919743101
RGI60-11.02165,2004,-1.140533329930953
RGI60-11.02165,2005,-1.1957893917319213
RGI60-11.02165,2006,0.051184220916467904
RGI60-11.02165,2007,-0.5520666852022849
RGI60-11.02165,2008,-1.0836032434343665
RGI60-11.02165,2009,-1.7805486298508697
RGI60-11.02165,2010,-0.8145748737753634
RGI60-11.02165,2011,-1.5577632407526187
RGI60-11.02165,2012,-1.2726029148004692
RGI60-11.02165,2013,-0.38134750592810995
RGI60-11.02165,2014,-1.1429044126839811
RGI60-11.02165,2015,-1.101721972724151
RGI60-11.02165,2016,-0.7493588505234628
RGI60-11.02165,2017,-1.6280192022408846
RGI60-11.02165,2018,-1.394451158855421
RGI60-11.02165,2019,-1.4258621309929778
RGI60-11.02165,2020,-1.212293417069099
RGI60-11.02165,2021,-1.2949788038478276
RGI60-11.02165,2022,-2.364098022930113
RGI60-11.02165,2023,-1.7088311673455525
RGI60-11.02165,2024,-0.8908833742825516
RGI60-11.02168,2000,-1.237004510612007
RGI60-11.02168,2001,-0.021158453066485228
RGI60-11.02168,2002,-0.764789577124303
RGI60-11.02168,2003,-2.011224485707336
RGI60-11.02168,2004,-1.0097232309931867
RGI60-11.02168,2005,-0.992155598609787
RGI60-11.02168,2006,-0.2011495429048087
RGI60-11.02168,2007,-0.9066451383743439
RGI60-11.02168,2008,-1.2481072279605703
RGI60-11.02168,2009,-1.667548418416182
RGI60-11.02168,2010,-1.0123184285866873
RGI60-11.02168,2011,-1.2189417321602687
RGI60-11.02168,2012,-0.974783032063344
RGI60-11.02168,2013,-0.546675418695816
RGI60-11.02168,2014,-1.1387791011896506
RGI60-11.02168,2015,-1.485522743242053
RGI60-11.02168,2016,-0.7847224893245694
RGI60-11.02168,2017,-0.6402399856684462
RGI60-11.02168,2018,-1.6139670426132955
RGI60-11.02168,2019,-1.0023438426868643
RGI60-11.02168,2020,-1.171263220413684
RGI60-11.02168,2021,-1.2061664815730428
RGI60-11.02168,2022,-2.275105303978181
RGI60-11.02168,2023,-0.9268483010035876
RGI60-11.02168,2024,-1.2294483889997716
RGI60-11.02172,2000,-0.31804768471597117
RGI60-11.02172,2001,0.6682766341702564
RGI60-11.02172,2002,-0.11865057331277062
RGI60-11.02172,2003,-1.64954195497462
RGI60-11.02172,2004,-1.110375794611691
RGI60-11.02172,2005,-1.2541966922769077
RGI60-11.02172,2006,-1.0458434407633974
RGI60-11.02172,2007,-1.1293697070257216
RGI60-11.02172,2008,-0.05697044426272191
RGI60-11.02172,2009,-0.7454972525683915
RGI60-11.02172,2010,-0.24518083956906256
RGI60-11.02172,2011,-0.6102816116206639
RGI60-11.02172,2012,-1.0351480961461481
RGI60-11.02172,2013,-0.1540935076854627
RGI60-11.02172,2014,-0.37384240514160816
RGI60-11.02172,2015,-0.4890434784400258
RGI60-11.02172,2016,-0.6242186048226751
RGI60-11.02172,2017,-0.8150366645097498
RGI60-11.02172,2018,-1.5722921552459792
RGI60-11.02172,2019,-1.288845726476678
RGI60-11.02172,2020,-0.490731311766213
RGI60-11.02172,2021,-0.6656319381808431
RGI60-11.02172,2022,-2.324527755338039
RGI60-11.02172,2023,-1.4352064920929397
RGI60-11.02172,2024,-1.0246994346433915
RGI60-11.02173,2000,-0.6321672907354609
RGI60-11.02173,2001,0.07469345832797192
RGI60-11.02173,2002,-0.36855013621729543
RGI60-11.02173,2003,-1.4448846918629428
RGI60-11.02173,2004,-0.8898083083354922
RGI60-11.02173,2005,-0.9752193923468255
RGI60-11.02173,2006,-0.5675613118798372
RGI60-11.02173,2007,-0.7093924794450948
RGI60-11.02173,2008,-0.15270213966498464
RGI60-11.02173,2009,-0.7149663110816702
RGI60-11.02173,2010,-0.2807649220621184
RGI60-11.02173,2011,-0.6617845163827969
RGI60-11.02173,2012,-0.7926593346856878
RGI60-11.02173,2013,-0.20509224614182436
RGI60-11.02173,2014,-0.4707490349926888
RGI60-11.02173,2015,-0.5798648353828517
RGI60-11.02173,2016,-0.39372826387733806
RGI60-11.02173,2017,-0.6137836815654096
RGI60-11.02173,2018,-1.0574376891149413
RGI60-11.02173,2019,-1.0775768725527084
RGI60-11.02173,2020,-0.6185925844194585
RGI60-11.02173,2021,-0.3770391323614455
RGI60-11.02173,2022,-1.3974870235207082
RGI60-11.02173,2023,-1.0917678580622625
RGI60-11.02173,2024,-0.48666029104441244
RGI60-11.02194,2000,-0.47867427996823025
RGI60-11.02194,2001,0.5549983037568524
RGI60-11.02194,2002,-0.3920179310182345
RGI60-11.02194,2003,-1.8586703029319032
RGI60-11.02194,2004,-1.1280217971362179
RGI60-11.02194,2005,-1.378017732317847
RGI60-11.02194,2006,-1.10690625503781
RGI60-11.02194,2007,-1.429042362119672
RGI60-11.02194,2008,-0.2583788421143509
RGI60-11.02194,2009,-1.0312348637998499
RGI60-11.02194,2010,-0.47603888941312117
RGI60-11.02194,2011,-1.005746768575341
RGI60-11.02194,2012,-1.1399195214376083
RGI60-11.02194,2013,-0.3446471707571319
RGI60-11.02194,2014,-0.7451226447213257
RGI60-11.02194,2015,-0.7665127320644338
RGI60-11.02194,2016,-0.6084240912736623
RGI60-11.02194,2017,-0.8866424462520996
RGI60-11.02194,2018,-1.6983159308876834
RGI60-11.02194,2019,-1.1827637419303232
RGI60-11.02194,2020,-0.9406285209359617
RGI60-11.02194,2021,-1.006235120835706
RGI60-11.02194,2022,-2.22808257432772
RGI60-11.02194,2023,-1.4605936659565428
RGI60-11.02194,2024,-0.5265013230757406
RGI60-11.02195,2000,-0.5172417408009782
RGI60-11.02195,2001,0.4984673078873296
RGI60-11.02195,2002,-0.4553307608996771
RGI60-11.02195,2003,-1.7196690536180852
RGI60-11.02195,2004,-1.0601512567430302
RGI60-11.02195,2005,-1.3036294322320647
RGI60-11.02195,2006,-1.4310807347362298
RGI60-11.02195,2007,-1.3311723480996545
RGI60-11.02195,2008,-0.30494221383705433
RGI60-11.02195,2009,-1.1572395150638335
RGI60-11.02195,2010,-0.3280423684557694
RGI60-11.02195,2011,-0.5446911057953314
RGI60-11.02195,2012,-1.0344997182003357
RGI60-11.02195,2013,-0.333982069158544
RGI60-11.02195,2014,-1.136901590721442
RGI60-11.02195,2015,-1.156669491125598
RGI60-11.02195,2016,-0.611779688786207
RGI60-11.02195,2017,-1.069498883792436
RGI60-11.02195,2018,-1.3805980692642903
RGI60-11.02195,2019,-1.25004726655677
RGI60-11.02195,2020,-0.9725967134129193
RGI60-11.02195,2021,-1.0892850881280969
RGI60-11.02195,2022,-2.3701258111319983
RGI60-11.02195,2023,-1.5198526739988516
RGI60-11.02195,2024,-1.4251430464888353
RGI60-11.02197,2000,-0.3812596734972082
RGI60-11.02197,2001,0.39125349670087683
RGI60-11.02197,2002,-0.8126010433992119
RGI60-11.02197,2003,-1.5352818787925435
RGI60-11.02197,2004,-0.9946766506160325
RGI60-11.02197,2005,-1.1319868124674686
RGI60-11.02197,2006,0.1702795836921981
RGI60-11.02197,2007,-0.7466179796623428
RGI60-11.02197,2008,-0.9084990324987559
RGI60-11.02197,2009,-1.7754181435671157
RGI60-11.02197,2010,-0.7078626083079449
RGI60-11.02197,2011,-1.2619674242258343
RGI60-11.02197,2012,-0.43535208144277254
RGI60-11.02197,2013,-0.3044546876619765
RGI60-11.02197,2014,-0.6601598926910544
RGI60-11.02197,2015,-1.4082996819507188
RGI60-11.02197,2016,-0.3005492658714606
RGI60-11.02197,2017,-1.288249886353191
RGI60-11.02197,2018,-1.6998724064761843
RGI60-11.02197,2019,-1.3768239309112689
RGI60-11.02197,2020,-1.2753219705952226
RGI60-11.02197,2021,-0.9477268354855208
RGI60-11.02197,2022,-1.8141045787147467
RGI60-11.02197,2023,-1.2735770734157272
RGI60-11.02197,2024,-0.6592112877808439
RGI60-11.02198,2000,-0.8075852941886558
RGI60-11.02198,2001,0.43091968157102367
RGI60-11.02198,2002,-0.4289521502038742
RGI60-11.02198,2003,-1.3108905820784233
RGI60-11.02198,2004,-0.8887353769146509
RGI60-11.02198,2005,-1.186563187058475
RGI60-11.02198,2006,-0.18086207342609495
RGI60-11.02198,2007,-0.596514838478728
RGI60-11.02198,2008,-1.0362741847728356
RGI60-11.02198,2009,-1.4858752153880737
RGI60-11.02198,2010,-0.08836274463537563
RGI60-11.02198,2011,-1.488734603980281
RGI60-11.02198,2012,-0.837546702775969
RGI60-11.02198,2013,-0.5504066635644445
RGI60-11.02198,2014,-0.9412547079824154
RGI60-11.02198,2015,-1.411264952211416
RGI60-11.02198,2016,-0.768379959760901
RGI60-11.02198,2017,-0.7773678052053511
RGI60-11.02198,2018,-1.6596965001145194
RGI60-11.02198,2019,-1.2604521388305385
RGI60-11.02198,2020,-1.2015213543312289
RGI60-11.02198,2021,-0.8827976447868109
RGI60-11.02198,2022,-2.227275072085855
RGI60-11.02198,2023,-1.4324668578413893
RGI60-11.02198,2024,-1.0120794186468631
RGI60-11.02207,2000,-0.89628353195264
RGI60-11.02207,2001,0.2638413545607742
RGI60-11.02207,2002,-0.07985425366488064
RGI60-11.02207,2003,-1.1733006608802237
RGI60-11.02207,2004,-0.7568807899994154
RGI60-11.02207,2005,-1.0377241586204582
RGI60-11.02207,2006,-0.708652413983846
RGI60-11.02207,2007,-0.6320294823387822
RGI60-11.02207,2008,-1.1001868995376973
RGI60-11.02207,2009,-1.2198271947334853
RGI60-11.02207,2010,-0.7608174114188636
RGI60-11.02207,2011,-1.1123086236364093
RGI60-11.02207,2012,-0.6624632574621335
RGI60-11.02207,2013,-0.623504500369452
RGI60-11.02207,2014,-0.92050938710592
RGI60-11.02207,2015,-1.4120134782618647
RGI60-11.02207,2016,-0.85728001038272
RGI60-11.02207,2017,-0.6996989289580104
RGI60-11.02207,2018,-1.2969057277967129
RGI60-11.02207,2019,-0.894600643457256
RGI60-11.02207,2020,-1.4702344348338832
RGI60-11.02207,2021,-1.0708895033542656
RGI60-11.02207,2022,-1.4289940456908616
RGI60-11.02207,2023,-0.8247450485491709
RGI60-11.02207,2024,-0.8987883015997457
RGI60-11.02208,2000,-0.11818861156793731
RGI60-11.02208,2001,0.483108641906043
RGI60-11.02208,2002,0.030184738015389956
RGI60-11.02208,2003,-1.1663403446976437
RGI60-11.02208,2004,-0.2644136963581255
RGI60-11.02208,2005,-0.6948182754460929
RGI60-11.02208,2006,-1.1124147266529971
RGI60-11.02208,2007,-0.8302303987531499
RGI60-11.02208,2008,-0.30936133395061993
RGI60-11.02208,2009,-0.10087199597029112
RGI60-11.02208,2010,0.10924562774747199
RGI60-11.02208,2011,-0.8175337043916224
RGI60-11.02208,2012,-0.5431448433639359
RGI60-11.02208,2013,0.02373232309612766
RGI60-11.02208,2014,-0.6295185605378336
RGI60-11.02208,2015,0.04508869202511018
RGI60-11.02208,2016,-0.3994337919520352
RGI60-11.02208,2017,-0.30865951278639214
RGI60-11.02208,2018,-1.0027528846828542
RGI60-11.02208,2019,-0.2460773416786095
RGI60-11.02208,2020,-0.06777662200800277
RGI60-11.02208,2021,-0.05354753490552616
RGI60-11.02208,2022,-1.4465838225207193
RGI60-11.02208,2023,-0.19303549201922135
RGI60-11.02208,2024,-0.8551457444080628
RGI60-11.02209,2000,-0.5273459075985518
RGI60-11.02209,2001,0.1832622817397922
RGI60-11.02209,2002,-0.21117660689206086
RGI60-11.02209,2003,-1.837996049605793
RGI60-11.02209,2004,-1.0572349682107798
RGI60-11.02209,2005,-1.6919939765525478
RGI60-11.02209,2006,-1.6892659471947176
RGI60-11.02209,2007,-1.3904137340428044
RGI60-11.02209,2008,-0.743961580563486
RGI60-11.02209,2009,-0.9660164079776231
RGI60-11.02209,2010,-0.36572772960456235
RGI60-11.02209,2011,-0.899336840143811
RGI60-11.02209,2012,-1.1396970911713589
RGI60-11.02209,2013,-0.4225881561540924
RGI60-11.02209,2014,-0.6291901080265958
RGI60-11.02209,2015,-1.3837108149354433
RGI60-11.02209,2016,-0.7200990944075394
RGI60-11.02209,2017,-0.9560095548934344
RGI60-11.02209,2018,-1.920006433941308
RGI60-11.02209,2019,-1.465891279823288
RGI60-11.02209,2020,-0.9999270011517171
RGI60-11.02209,2021,-1.0325853470626145
RGI60-11.02209,2022,-2.565738975615086
RGI60-11.02209,2023,-1.6116074618865919
RGI60-11.02209,2024,-1.5296688219118069
RGI60-11.02222,2000,-0.4483754166096374
RGI60-11.02222,2001,0.30982477161892363
RGI60-11.02222,2002,-0.5698772551216631
RGI60-11.02222,2003,-1.547982789566926
RGI60-11.02222,2004,-0.8839021749819024
RGI60-11.02222,2005,-1.186105653331468
RGI60-11.02222,2006,-1.4327434706651765
RGI60-11.02222,2007,-1.2218501496741772
RGI60-11.02222,2008,-0.44725011053271324
RGI60-11.02222,2009,-0.8324504917798339
RGI60-11.02222,2010,-0.17179868146446142
RGI60-11.02222,2011,-0.598735854959464
RGI60-11.02222,2012,-0.8691060852309779
RGI60-11.02222,2013,-0.6551234796535124
RGI60-11.02222,2014,-1.0995247223312838
RGI60-11.02222,2015,-0.7609880865668582
RGI60-11.02222,2016,-0.4631529217905083
RGI60-11.02222,2017,-1.002667150657854
RGI60-11.02222,2018,-1.0001380028503697
RGI60-11.02222,2019,-1.221352273850135
RGI60-11.02222,2020,-0.6742995980265719
RGI60-11.02222,2021,-1.0020358339948419
RGI60-11.02222,2022,-2.150621394490877
RGI60-11.02222,2023,-1.1624712820783643
RGI60-11.02222,2024,-1.1550614882202408
RGI60-11.02245,2000,-0.9893506912499881
RGI60-11.02245,2001,-0.1376437163792894
RGI60-11.02245,2002,-1.2833103228199592
RGI60-11.02245,2003,-2.111927807159449
RGI60-11.02245,2004,-1.5953153107617648
RGI60-11.02245,2005,-2.081713523356531
RGI60-11.02245,2006,-1.8754071217641997
RGI60-11.02245,2007,-1.5919398946895371
RGI60-11.02245,2008,-1.1434686936025007
RGI60-11.02245,2009,-1.402597209031457
RGI60-11.02245,2010,-0.8050555857745557
RGI60-11.02245,2011,-1.3219072905729818
RGI60-11.02245,2012,-1.5310666310185173
RGI60-11.02245,2013,-1.0401103761333845
RGI60-11.02245,2014,-1.5877108337781383
RGI60-11.02245,2015,-1.410459471780477
RGI60-11.02245,2016,-1.3554637372381726
RGI60-11.02245,2017,-1.1831299666220387
RGI60-11.02245,2018,-2.2273145527986995
RGI60-11.02245,2019,-1.5879072634683569
RGI60-11.02245,2020,-1.4900116161096733
RGI60-11.02245,2021,-1.335753722712813
RGI60-11.02245,2022,-2.6371722526225394
RGI60-11.02245,2023,-1.9280240265361859
RGI60-11.02245,2024,-1.4693338076276443
RGI60-11.02249,2000,-0.5216742019708008
RGI60-11.02249,2001,0.15088365897597678
RGI60-11.02249,2002,-1.1343312471378835
RGI60-11.02249,2003,-1.8721442920435032
RGI60-11.02249,2004,-1.1801788306854315
RGI60-11.02249,2005,-1.6772618319879449
RGI60-11.02249,2006,-0.8518659710835608
RGI60-11.02249,2007,-0.8299239441173937
RGI60-11.02249,2008,-1.5247286213620972
RGI60-11.02249,2009,-1.9679464941033833
RGI60-11.02249,2010,-1.1328401332147402
RGI60-11.02249,2011,-2.0774084221387055
RGI60-11.02249,2012,-0.9638789381414703
RGI60-11.02249,2013,-0.5152346349876806
RGI60-11.02249,2014,-1.6686599797398645
RGI60-11.02249,2015,-1.8271987375112806
RGI60-11.02249,2016,-0.9802646403801683
RGI60-11.02249,2017,-1.5534693761791873
RGI60-11.02249,2018,-1.910955156256783
RGI60-11.02249,2019,-1.6070182059341018
RGI60-11.02249,2020,-1.7695294333598741
RGI60-11.02249,2021,-1.0350851585279932
RGI60-11.02249,2022,-2.580761104570853
RGI60-11.02249,2023,-1.850124739797267
RGI60-11.02249,2024,-1.0265252559504354
RGI60-11.02261,2000,-0.4012849703776795
RGI60-11.02261,2001,0.41930332378027213
RGI60-11.02261,2002,-0.42739213268734466
RGI60-11.02261,2003,-1.1264402193821819
RGI60-11.02261,2004,-0.47636150162702834
RGI60-11.02261,2005,-0.9660083276608504
RGI60-11.02261,2006,-0.21017205522847926
RGI60-11.02261,2007,0.41957635953074446
RGI60-11.02261,2008,-0.8557761941338544
RGI60-11.02261,2009,-1.2702654345538196
RGI60-11.02261,2010,-0.2641458972908024
RGI60-11.02261,2011,-0.9821595204255837
RGI60-11.02261,2012,0.32438982268828553
RGI60-11.02261,2013,-0.8426951515252459
RGI60-11.02261,2014,-0.8183818459014429
RGI60-11.02261,2015,-0.586035493218653
RGI60-11.02261,2016,-0.8922051749179767
RGI60-11.02261,2017,-0.622274499425729
RGI60-11.02261,2018,-0.8019852973981503
RGI60-11.02261,2019,-1.1082857902444827
RGI60-11.02261,2020,-0.6930687717381397
RGI60-11.02261,2021,-0.6073110240820941
RGI60-11.02261,2022,-1.0432707236966139
RGI60-11.02261,2023,-1.1494129755249884
RGI60-11.02261,2024,-0.8732799771149429
RGI60-11.02268,2000,-0.41969587791844365
RGI60-11.02268,2001,0.3507228742627042
RGI60-11.02268,2002,-0.6898641564754119
RGI60-11.02268,2003,-1.2597828551563326
RGI60-11.02268,2004,-0.8647474025544419
RGI60-11.02268,2005,-0.8301232473985893
RGI60-11.02268,2006,-1.6910609372333445
RGI60-11.02268,2007,-0.6377245711013563
RGI60-11.02268,2008,-0.011891189374457434
RGI60-11.02268,2009,-0.8509454751080028
RGI60-11.02268,2010,-0.43719984485321234
RGI60-11.02268,2011,-0.8755641086998018
RGI60-11.02268,2012,-1.0195110388382234
RGI60-11.02268,2013,-0.48995411486372686
RGI60-11.02268,2014,-0.8976601665441986
RGI60-11.02268,2015,-0.7568665377609273
RGI60-11.02268,2016,-0.8171204046428635
RGI60-11.02268,2017,0.1632718444276553
RGI60-11.02268,2018,-1.1000529930446428
RGI60-11.02268,2019,-0.9322297971223792
RGI60-11.02268,2020,-0.695809310142464
RGI60-11.02268,2021,-0.5323595368442662
RGI60-11.02268,2022,-1.8938218598029741
RGI60-11.02268,2023,-1.4219554123597062
RGI60-11.02268,2024,-0.8113773605028666
RGI60-11.02282,2000,-0.3126407998917063
RGI60-11.02282,2001,0.21680786972687072
RGI60-11.02282,2002,-0.23712751567710216
RGI60-11.02282,2003,-1.1539762418955668
RGI60-11.02282,2004,-0.33005791044110444
RGI60-11.02282,2005,-1.211938959815126
RGI60-11.02282,2006,-1.433247225811268
RGI60-11.02282,2007,-0.6458983351806797
RGI60-11.02282,2008,-0.2922254998254378
RGI60-11.02282,2009,-0.7515125472274127
RGI60-11.02282,2010,-0.11153051886442178
RGI60-11.02282,2011,-0.8444348814443947
RGI60-11.02282,2012,-0.8844984390633996
RGI60-11.02282,2013,-0.22106258552726077
RGI60-11.02282,2014,-0.9732251011662177
RGI60-11.02282,2015,-0.5539817299953366
RGI60-11.02282,2016,-0.6022854187350232
RGI60-11.02282,2017,-0.5815765906979771
RGI60-11.02282,2018,-1.094023052322106
RGI60-11.02282,2019,-0.5548645161453298
RGI60-11.02282,2020,-0.5503161757455162
RGI60-11.02282,2021,-0.5245648559818171
RGI60-11.02282,2022,-1.6756960161749523
RGI60-11.02282,2023,-0.9310054422094525
RGI60-11.02282,2024,-0.3404093519511691
RGI60-11.02285,2000,-0.6269965159601633
RGI60-11.02285,2001,-0.25921393278355587
RGI60-11.02285,2002,-1.1489303231548047
RGI60-11.02285,2003,-1.6093013405019856
RGI60-11.02285,2004,-1.1066507477844205
RGI60-11.02285,2005,-1.2711894897662543
RGI60-11.02285,2006,-1.9549286144398144
RGI60-11.02285,2007,-1.609253937916192
RGI60-11.02285,2008,-0.9091360613221261
RGI60-11.02285,2009,-1.4645704300373654
RGI60-11.02285,2010,-0.5299339587675513
RGI60-11.02285,2011,-1.463316463986
RGI60-11.02285,2012,-1.400239992373205
RGI60-11.02285,2013,-0.6887696092637856
RGI60-11.02285,2014,-1.3339054070665743
RGI60-11.02285,2015,-0.7688754526835438
RGI60-11.02285,2016,-1.3268742976050665
RGI60-11.02285,2017,-0.3916263399715778
RGI60-11.02285,2018,-1.7644891890110341
RGI60-11.02285,2019,-1.1901978956049717
RGI60-11.02285,2020,-1.3109261744000293
RGI60-11.02285,2021,-0.6737337181473562
RGI60-11.02285,2022,-2.182115249042047
RGI60-11.02285,2023,-1.7651303389543918
RGI60-11.02285,2024,-1.4306338229726867
RGI60-11.02291,2000,-0.5342718578653696
RGI60-11.02291,2001,0.11375909370893167
RGI60-11.02291,2002,-0.5298908219010783
RGI60-11.02291,2003,-1.6506373797911507
RGI60-11.02291,2004,-0.8569083506900862
RGI60-11.02291,2005,-1.4106735390782117
RGI60-11.02291,2006,-1.0694478387041946
RGI60-11.02291,2007,-1.0383214103004506
RGI60-11.02291,2008,-1.1433615702682227
RGI60-11.02291,2009,-0.8583059900030552
RGI60-11.02291,2010,-0.709459675435137
RGI60-11.02291,2011,-0.9518125413966322
RGI60-11.02291,2012,-1.0239175856362552
RGI60-11.02291,2013,-0.45813255499491523
RGI60-11.02291,2014,-1.1168791726158835
RGI60-11.02291,2015,-1.0068734174843046
RGI60-11.02291,2016,-0.4138726273427267
RGI60-11.02291,2017,-1.4545305504143506
RGI60-11.02291,2018,-1.4584815002879798
RGI60-11.02291,2019,-0.8627807094989272
RGI60-11.02291,2020,-1.0783732841429028
RGI60-11.02291,2021,-0.8198149362517285
RGI60-11.02291,2022,-1.77931148065676
RGI60-11.02291,2023,-0.9181064082714848
RGI60-11.02291,2024,-0.37692035722058836
RGI60-11.02293,2000,0.06400979359885381
RGI60-11.02293,2001,0.6150738937726328
RGI60-11.02293,2002,0.13605842075876487
RGI60-11.02293,2003,-0.6176497813605449
RGI60-11.02293,2004,-0.1950902114512634
RGI60-11.02293,2005,-0.5418643833302556
RGI60-11.02293,2006,-0.7218395347736939
RGI60-11.02293,2007,-0.3400900480950772
RGI60-11.02293,2008,0.18296150582964962
RGI60-11.02293,2009,-0.2909895421523254
RGI60-11.02293,2010,0.1972814291983144
RGI60-11.02293,2011,-0.27407853055074555
RGI60-11.02293,2012,-0.5155205029823402
RGI60-11.02293,2013,0.12684327968733336
RGI60-11.02293,2014,-0.45282490775495854
RGI60-11.02293,2015,-0.054221849218455714
RGI60-11.02293,2016,-0.18842955628642472
RGI60-11.02293,2017,0.05667371209411565
RGI60-11.02293,2018,-0.6772302378237159
RGI60-11.02293,2019,-0.23947294915985978
RGI60-11.02293,2020,-0.017792612341720332
RGI60-11.02293,2021,0.14836380876863794
RGI60-11.02293,2022,-1.0026410294661505
RGI60-11.02293,2023,-0.6412878436490173
RGI60-11.02293,2024,-0.3007769866389333
RGI60-11.02308,2000,0.017088804155551585
RGI60-11.02308,2001,0.7872429153380535
RGI60-11.02308,2002,-0.15804690486710604
RGI60-11.02308,2003,-1.1179351033917695
RGI60-11.02308,2004,-0.6255576531047007
RGI60-11.02308,2005,-0.6601345649340208
RGI60-11.02308,2006,-0.8895180939555531
RGI60-11.02308,2007,-0.9894784697750737
RGI60-11.02308,2008,-0.08718059036327863
RGI60-11.02308,2009,-0.33911582420945713
RGI60-11.02308,2010,0.3172667527946066
RGI60-11.02308,2011,-0.3389639868101368
RGI60-11.02308,2012,-0.5187098627514538
RGI60-11.02308,2013,0.2571614344720635
RGI60-11.02308,2014,0.1591619362681923
RGI60-11.02308,2015,-0.44640824689224745
RGI60-11.02308,2016,-0.3008041448858736
RGI60-11.02308,2017,0.008741089752699549
RGI60-11.02308,2018,-1.2926202169336152
RGI60-11.02308,2019,-0.6384892699068812
RGI60-11.02308,2020,-0.28059950104891157
RGI60-11.02308,2021,-0.37246576014402916
RGI60-11.02308,2022,-1.6960759125307834
RGI60-11.02308,2023,-1.2116438981971729
RGI60-11.02308,2024,-0.21553118395259663
RGI60-11.02319,2000,-0.9057678602663545
RGI60-11.02319,2001,0.24077634460161534
RGI60-11.02319,2002,-0.5895588112347718
RGI60-11.02319,2003,-1.7229014819436652
RGI60-11.02319,2004,-1.0560409925717424
RGI60-11.02319,2005,-1.392432304409365
RGI60-11.02319,2006,-1.8687972262160377
RGI60-11.02319,2007,-1.6996875142326537
RGI60-11.02319,2008,-0.5083934556370002
RGI60-11.02319,2009,-0.9554630166375102
RGI60-11.02319,2010,-0.5871620867615168
RGI60-11.02319,2011,-0.9531165909308124
RGI60-11.02319,2012,-1.1282996001001617
RGI60-11.02319,2013,-0.3584705368089034
RGI60-11.02319,2014,-1.3991477236033516
RGI60-11.02319,2015,-0.9958243750017273
RGI60-11.02319,2016,-0.84056500105319
RGI60-11.02319,2017,-1.0690432984363683
RGI60-11.02319,2018,-1.5021701204055307
RGI60-11.02319,2019,-0.7078343483509578
RGI60-11.02319,2020,-0.9086993127079662
RGI60-11.02319,2021,-1.2262833164315878
RGI60-11.02319,2022,-2.508303011848139
RGI60-11.02319,2023,-1.0001356011673403
RGI60-11.02319,2024,-0.7836138664098699
RGI60-11.02337,2000,-0.5816849508633448
RGI60-11.02337,2001,0.5621602149407987
RGI60-11.02337,2002,-0.4310575133376213
RGI60-11.02337,2003,-0.9753586681572237
RGI60-11.02337,2004,-0.46711621886259297
RGI60-11.02337,2005,-1.021676644277355
RGI60-11.02337,2006,-0.7105711135428974
RGI60-11.02337,2007,-0.6693507947850181
RGI60-11.02337,2008,-0.07543834369936764
RGI60-11.02337,2009,-0.22221457205440465
RGI60-11.02337,2010,-0.10378608801515621
RGI60-11.02337,2011,-0.34509148932507483
RGI60-11.02337,2012,-0.508136536163873
RGI60-11.02337,2013,0.16568226265870162
RGI60-11.02337,2014,-0.27207325869945365
RGI60-11.02337,2015,-0.045754635129329146
RGI60-11.02337,2016,-0.1900157098196178
RGI60-11.02337,2017,-0.100679887020724
RGI60-11.02337,2018,-1.0769826867976933
RGI60-11.02337,2019,-0.5133533670487522
RGI60-11.02337,2020,-0.028601725227050234
RGI60-11.02337,2021,-0.2922674828595174
RGI60-11.02337,2022,-1.5015913340528153
RGI60-11.02337,2023,-1.0175095265804373
RGI60-11.02337,2024,-0.4731869774811055
RGI60-11.02351,2000,-0.7996987477962778
RGI60-11.02351,2001,0.2325114105366236
RGI60-11.02351,2002,-1.0361865872356246
RGI60-11.02351,2003,-1.4672181450904669
RGI60-11.02351,2004,-0.935795309049732
RGI60-11.02351,2005,-1.4425635154202363
RGI60-11.02351,2006,-1.450746353410182
RGI60-11.02351,2007,-1.1018286915053621
RGI60-11.02351,2008,-0.6422022096595648
RGI60-11.02351,2009,-0.9588011734980206
RGI60-11.02351,2010,-0.531579187074986
RGI60-11.02351,2011,-1.1103398714711534
RGI60-11.02351,2012,-1.0803459327233949
RGI60-11.02351,2013,-0.26424813190535
RGI60-11.02351,2014,-0.9525926931758354
RGI60-11.02351,2015,-0.7935600969936056
RGI60-11.02351,2016,-0.7661660598584153
RGI60-11.02351,2017,-0.7196233822710718
RGI60-11.02351,2018,-1.6081328668740136
RGI60-11.02351,2019,-1.120282455523324
RGI60-11.02351,2020,-0.8638828319730123
RGI60-11.02351,2021,-0.7291644122678151
RGI60-11.02351,2022,-1.7402972215009753
RGI60-11.02351,2023,-1.2539313647373818
RGI60-11.02351,2024,-1.0219691866416531
RGI60-11.02353,2000,-0.7449705255592336
RGI60-11.02353,2001,0.05317116638015795
RGI60-11.02353,2002,-0.7162251806496153
RGI60-11.02353,2003,-1.3440208004808176
RGI60-11.02353,2004,-1.004931715137812
RGI60-11.02353,2005,-1.3205381367526916
RGI60-11.02353,2006,-1.450395676834837
RGI60-11.02353,2007,-1.0117656817940834
RGI60-11.02353,2008,-0.6792121179724473
RGI60-11.02353,2009,-0.7537879384086711
RGI60-11.02353,2010,-0.584848748226745
RGI60-11.02353,2011,-0.9471795871024262
RGI60-11.02353,2012,-1.0513125621454553
RGI60-11.02353,2013,-0.23843407721133547
RGI60-11.02353,2014,-0.6857430717215057
RGI60-11.02353,2015,-0.604504616302438
RGI60-11.02353,2016,-0.7170598941434223
RGI60-11.02353,2017,-0.763669191150151
RGI60-11.02353,2018,-1.343532795603097
RGI60-11.02353,2019,-1.191538849183376
RGI60-11.02353,2020,-0.7152398886206971
RGI60-11.02353,2021,-0.6313716428760038
RGI60-11.02353,2022,-1.5895520813281572
RGI60-11.02353,2023,-1.3818100842154544
RGI60-11.02353,2024,-0.485734845552337
RGI60-11.02357,2000,-0.38927342453380653
RGI60-11.02357,2001,0.7423068345812591
RGI60-11.02357,2002,-0.3307755277163575
RGI60-11.02357,2003,-1.1755586936656635
RGI60-11.02357,2004,-0.7672216464171276
RGI60-11.02357,2005,-1.4353971718413212
RGI60-11.02357,2006,-1.4355580525358722
RGI60-11.02357,2007,-1.4622726009940825
RGI60-11.02357,2008,-0.2642374846294087
RGI60-11.02357,2009,-0.4760869151903842
RGI60-11.02357,2010,-0.2429536146024629
RGI60-11.02357,2011,-1.2392809783765797
RGI60-11.02357,2012,-0.9929172323989286
RGI60-11.02357,2013,0.167295170411759
RGI60-11.02357,2014,-0.2834700651589426
RGI60-11.02357,2015,-0.056638383315045115
RGI60-11.02357,2016,-0.3553631254677083
RGI60-11.02357,2017,0.15329926543739003
RGI60-11.02357,2018,-1.6535319101396388
RGI60-11.02357,2019,-0.15836444344707512
RGI60-11.02357,2020,-0.33692164864594043
RGI60-11.02357,2021,-0.1891218109572459
RGI60-11.02357,2022,-1.2333893413596475
RGI60-11.02357,2023,-1.0119160874602036
RGI60-11.02357,2024,-0.6570003506423804
RGI60-11.02366,2000,-0.6146916016755445
RGI60-11.02366,2001,-0.07168494808081527
RGI60-11.02366,2002,-0.25437440863251604
RGI60-11.02366,2003,-1.1567473955750511
RGI60-11.02366,2004,-0.05846842404264607
RGI60-11.02366,2005,-0.6539594701253696
RGI60-11.02366,2006,-0.6603448830182499
RGI60-11.02366,2007,-0.6164329239592015
RGI60-11.02366,2008,-0.8956951437764952
RGI60-11.02366,2009,-0.5547344867395197
RGI60-11.02366,2010,-0.46245796777404025
RGI60-11.02366,2011,-0.8348402412193691
RGI60-11.02366,2012,-0.8943669804110439
RGI60-11.02366,2013,-0.34088178575332206
RGI60-11.02366,2014,-0.7066399041219519
RGI60-11.02366,2015,-0.5739475397539472
RGI60-11.02366,2016,-0.6811515604890441
RGI60-11.02366,2017,-0.8209825374499897
RGI60-11.02366,2018,-1.1878696332062901
RGI60-11.02366,2019,-0.7515281641955986
RGI60-11.02366,2020,-0.788009691206188
RGI60-11.02366,2021,-0.48492963914269116
RGI60-11.02366,2022,-1.5812317974165122
RGI60-11.02366,2023,-0.9153677370437994
RGI60-11.02366,2024,-0.6354779919515737
RGI60-11.02370,2000,-0.7052049062690385
RGI60-11.02370,2001,0.4102164258106077
RGI60-11.02370,2002,0.2492671596888293
RGI60-11.02370,2003,-1.1684016965621395
RGI60-11.02370,2004,-0.5286874295570055
RGI60-11.02370,2005,-0.4200153935450498
RGI60-11.02370,2006,-0.6369599405057991
RGI60-11.02370,2007,-0.7417868315230041
RGI60-11.02370,2008,-0.6441519024854349
RGI60-11.02370,2009,-0.3232007429605288
RGI60-11.02370,2010,-0.5573255386325167
RGI60-11.02370,2011,-0.9727903045800722
RGI60-11.02370,2012,-0.8696270052547922
RGI60-11.02370,2013,-0.09335767968689684
RGI60-11.02370,2014,-0.32187263526133497
RGI60-11.02370,2015,-0.41952602048174586
RGI60-11.02370,2016,-0.7880996283875299
RGI60-11.02370,2017,-0.4526343147175884
RGI60-11.02370,2018,-1.3588965115486438
RGI60-11.02370,2019,-0.6673451035403201
RGI60-11.02370,2020,-0.7248332772085095
RGI60-11.02370,2021,-0.4471811619437292
RGI60-11.02370,2022,-2.009719019052229
RGI60-11.02370,2023,-1.108504861544058
RGI60-11.02370,2024,-0.9067518291055141
RGI60-11.02385,2000,-0.7195644991383516
RGI60-11.02385,2001,0.2911393157696561
RGI60-11.02385,2002,0.2411215672942052
RGI60-11.02385,2003,-1.6290807311387758
RGI60-11.02385,2004,-1.188805886169802
RGI60-11.02385,2005,-0.905058268984944
RGI60-11.02385,2006,-1.1790717327049398
RGI60-11.02385,2007,-0.892999673613762
RGI60-11.02385,2008,-0.8853576584742394
RGI60-11.02385,2009,-0.9365259951750132
RGI60-11.02385,2010,-0.7896917797625779
RGI60-11.02385,2011,-1.2726291169458301
RGI60-11.02385,2012,-1.5592918265258533
RGI60-11.02385,2013,-0.4997105696559947
RGI60-11.02385,2014,-0.5782600869265255
RGI60-11.02385,2015,-0.5512508960597235
RGI60-11.02385,2016,-0.9800337717745455
RGI60-11.02385,2017,-1.4856792939519938
RGI60-11.02385,2018,-1.7327926490703165
RGI60-11.02385,2019,-1.222156446990673
RGI60-11.02385,2020,-1.2539335323660994
RGI60-11.02385,2021,-0.9042492827430759
RGI60-11.02385,2022,-2.8898990594287044
RGI60-11.02385,2023,-1.9715991798458057
RGI60-11.02385,2024,-1.2615769587826204
RGI60-11.02388,2000,-1.0740123869907758
RGI60-11.02388,2001,0.9268699444996664
RGI60-11.02388,2002,-0.8056393323275798
RGI60-11.02388,2003,-1.6539371953764408
RGI60-11.02388,2004,-0.5449256837537321
RGI60-11.02388,2005,-1.4011597084965284
RGI60-11.02388,2006,-1.2063775186489147
RGI60-11.02388,2007,-1.5131777641000783
RGI60-11.02388,2008,-0.5654648187420309
RGI60-11.02388,2009,-0.6102774618859035
RGI60-11.02388,2010,0.10908629666853253
RGI60-11.02388,2011,-0.7411324625092468
RGI60-11.02388,2012,-1.052057249675859
RGI60-11.02388,2013,-0.2273828806434538
RGI60-11.02388,2014,-0.26693537739215256
RGI60-11.02388,2015,-0.8363467864059696
RGI60-11.02388,2016,-0.7942656555060481
RGI60-11.02388,2017,-1.21030325199599
RGI60-11.02388,2018,-1.435701474932913
RGI60-11.02388,2019,-0.9640592317845849
RGI60-11.02388,2020,-0.6154045793490831
RGI60-11.02388,2021,-0.697003290773591
RGI60-11.02388,2022,-2.114603815300664
RGI60-11.02388,2023,-1.614504278372191
RGI60-11.02388,2024,-0.6601205634408451
RGI60-11.02400,2000,-1.2794901085416366
RGI60-11.02400,2001,0.06340006720800928
RGI60-11.02400,2002,-0.9295990589034373
RGI60-11.02400,2003,-1.9399026106317687
RGI60-11.02400,2004,-0.7007849440853352
RGI60-11.02400,2005,-1.428538358673783
RGI60-11.02400,2006,-1.094671859520772
RGI60-11.02400,2007,-1.2814296822053695
RGI60-11.02400,2008,-0.7633011473271901
RGI60-11.02400,2009,-0.27849073468457275
RGI60-11.02400,2010,-0.2782004853952095
RGI60-11.02400,2011,-1.097575023317201
RGI60-11.02400,2012,-1.23749835969371
RGI60-11.02400,2013,-0.18293228907680226
RGI60-11.02400,2014,-0.6546246682752707
RGI60-11.02400,2015,-1.145847738318879
RGI60-11.02400,2016,-0.7873524265026034
RGI60-11.02400,2017,-1.3441161579235037
RGI60-11.02400,2018,-1.5906251168817318
RGI60-11.02400,2019,-1.036319297249239
RGI60-11.02400,2020,-0.9130650377408054
RGI60-11.02400,2021,-1.013949902046032
RGI60-11.02400,2022,-2.29554139043844
RGI60-11.02400,2023,-1.8173969376897268
RGI60-11.02400,2024,-0.7269119865410577
RGI60-11.02419,2000,-1.6744059605217951
RGI60-11.02419,2001,0.1576839417150202
RGI60-11.02419,2002,-1.627644123559925
RGI60-11.02419,2003,-2.5945187584442237
RGI60-11.02419,2004,-1.2136368412909566
RGI60-11.02419,2005,-1.7189246328868601
RGI60-11.02419,2006,-2.0659741654174457
RGI60-11.02419,2007,-2.280223564965487
RGI60-11.02419,2008,-1.5548922146661444
RGI60-11.02419,2009,-1.225395854216717
RGI60-11.02419,2010,-0.4239956363880252
RGI60-11.02419,2011,-1.212168982653297
RGI60-11.02419,2012,-1.9470259967571584
RGI60-11.02419,2013,-0.8249026090621104
RGI60-11.02419,2014,-1.0359947873455866
RGI60-11.02419,2015,-1.2892513933007463
RGI60-11.02419,2016,-0.45862800080956223
RGI60-11.02419,2017,-0.7873815290444481
RGI60-11.02419,2018,-2.380796851589878
RGI60-11.02419,2019,-0.11682203879464459
RGI60-11.02419,2020,-1.266879289994912
RGI60-11.02419,2021,-1.408764593167325
RGI60-11.02419,2022,-2.689333567067293
RGI60-11.02419,2023,-2.829575850551908
RGI60-11.02419,2024,-0.8898793100413399
RGI60-11.02421,2000,-0.8937120019168335
RGI60-11.02421,2001,0.39610406001450027
RGI60-11.02421,2002,-0.29745373963085775
RGI60-11.02421,2003,-2.2785100717114615
RGI60-11.02421,2004,-0.9208771791472767
RGI60-11.02421,2005,-1.5883871444851752
RGI60-11.02421,2006,-0.9414763613347471
RGI60-11.02421,2007,-1.5788354425836042
RGI60-11.02421,2008,-0.6814891005557455
RGI60-11.02421,2009,-0.5259824205756292
RGI60-11.02421,2010,-0.2460198651004024
RGI60-11.02421,2011,-0.7125547771518744
RGI60-11.02421,2012,-1.2196489817388558
RGI60-11.02421,2013,-0.33795171569779214
RGI60-11.02421,2014,-0.20524679753729758
RGI60-11.02421,2015,-1.7298870010501348
RGI60-11.02421,2016,-0.822522826071044
RGI60-11.02421,2017,-1.5537179651477673
RGI60-11.02421,2018,-1.7969719741183396
RGI60-11.02421,2019,-1.0574586944596633
RGI60-11.02421,2020,-1.1411634882324213
RGI60-11.02421,2021,-0.9160275763536095
RGI60-11.02421,2022,-2.770059270261787
RGI60-11.02421,2023,-1.6432243846015455
RGI60-11.02421,2024,-0.7631621606898548
RGI60-11.02427,2000,-1.569366050079375
RGI60-11.02427,2001,0.1259832870652089
RGI60-11.02427,2002,-1.13047451027692
RGI60-11.02427,2003,-2.0006544113342835
RGI60-11.02427,2004,-0.948500253069313
RGI60-11.02427,2005,-1.716858218870501
RGI60-11.02427,2006,-1.2354776099733469
RGI60-11.02427,2007,-1.3674283618857639
RGI60-11.02427,2008,-0.7346580216657662
RGI60-11.02427,2009,-0.9972011320446984
RGI60-11.02427,2010,-0.18548004665118278
RGI60-11.02427,2011,-0.8721502550179597
RGI60-11.02427,2012,-1.3654276888818067
RGI60-11.02427,2013,-0.4306167922618984
RGI60-11.02427,2014,-0.35694213041286993
RGI60-11.02427,2015,-1.1317471841758895
RGI60-11.02427,2016,-1.2382451131670307
RGI60-11.02427,2017,-1.1812444274122649
RGI60-11.02427,2018,-1.6873045639527517
RGI60-11.02427,2019,-1.1036065159315902
RGI60-11.02427,2020,-1.008958626635791
RGI60-11.02427,2021,-1.1101976151164803
RGI60-11.02427,2022,-2.1161016104368953
RGI60-11.02427,2023,-1.209241092633787
RGI60-11.02427,2024,-0.8172732371846165
RGI60-11.02432,2000,-0.9518855938930918
RGI60-11.02432,2001,-0.13389605863183018
RGI60-11.02432,2002,-0.19483417513839185
RGI60-11.02432,2003,-1.5024333196045614
RGI60-11.02432,2004,-0.9492208262226929
RGI60-11.02432,2005,-0.9029857278249345
RGI60-11.02432,2006,-0.27173312383561143
RGI60-11.02432,2007,-0.8603314165400915
RGI60-11.02432,2008,0.13498331728473267
RGI60-11.02432,2009,-0.6209487880106883
RGI60-11.02432,2010,-0.9594811232730047
RGI60-11.02432,2011,-0.7959950997385078
RGI60-11.02432,2012,-1.167542370202679
RGI60-11.02432,2013,-0.5666750786312319
RGI60-11.02432,2014,-0.4278801456926457
RGI60-11.02432,2015,-0.45415981142776723
RGI60-11.02432,2016,-0.6563593233614617
RGI60-11.02432,2017,-0.647909971192107
RGI60-11.02432,2018,-1.1992282342213147
RGI60-11.02432,2019,-1.0009831298421177
RGI60-11.02432,2020,-0.926119731099535
RGI60-11.02432,2021,-0.013814606856050626
RGI60-11.02432,2022,-0.6929498793455543
RGI60-11.02432,2023,0.059242604569558766
RGI60-11.02432,2024,-0.8172183134035296
RGI60-11.02437,2000,-1.46199527195214
RGI60-11.02437,2001,-0.1952282665876497
RGI60-11.02437,2002,-1.299525898734752
RGI60-11.02437,2003,-2.598675924606199
RGI60-11.02437,2004,-1.4085730631418494
RGI60-11.02437,2005,-1.9515300826516873
RGI60-11.02437,2006,-1.51645656153738
RGI60-11.02437,2007,-1.83495590731732
RGI60-11.02437,2008,-1.105196102347052
RGI60-11.02437,2009,-1.2252437083263592
RGI60-11.02437,2010,-0.5716792371294415
RGI60-11.02437,2011,-1.4969896838345316
RGI60-11.02437,2012,-1.7039980809205917
RGI60-11.02437,2013,-0.7670290321314793
RGI60-11.02437,2014,-0.6457723353217633
RGI60-11.02437,2015,-1.7417784557519669
RGI60-11.02437,2016,-1.6512473927812825
RGI60-11.02437,2017,-1.7235779250062278
RGI60-11.02437,2018,-2.4293842962278385
RGI60-11.02437,2019,-1.5913627736924914
RGI60-11.02437,2020,-1.4096981668206607
RGI60-11.02437,2021,-1.6383349748516423
RGI60-11.02437,2022,-2.880017501314672
RGI60-11.02437,2023,-1.886016653117125
RGI60-11.02437,2024,-1.0299149307634976
RGI60-11.02440,2000,-0.5391147572949848
RGI60-11.02440,2001,0.12530440393478637
RGI60-11.02440,2002,0.20228047986974484
RGI60-11.02440,2003,-1.5413286194167475
RGI60-11.02440,2004,-0.9644198851701522
RGI60-11.02440,2005,-0.7056992069262545
RGI60-11.02440,2006,-0.6528048615542231
RGI60-11.02440,2007,-0.43895297280041823
RGI60-11.02440,2008,-0.46196485614359023
RGI60-11.02440,2009,-0.7107881665190984
RGI60-11.02440,2010,-0.5954098201281633
RGI60-11.02440,2011,-0.9311252934145593
RGI60-11.02440,2012,-0.8880594072889447
RGI60-11.02440,2013,-0.2587830754053912
RGI60-11.02440,2014,-0.24891962086489705
RGI60-11.02440,2015,-0.7190304177249007
RGI60-11.02440,2016,-0.5933726296454751
RGI60-11.02440,2017,-1.0621592919490215
RGI60-11.02440,2018,-0.715569507573147
RGI60-11.02440,2019,-1.0218824939845685
RGI60-11.02440,2020,-0.9856468953830055
RGI60-11.02440,2021,-0.5042334823283032
RGI60-11.02440,2022,-2.1511196182770185
RGI60-11.02440,2023,-0.9071376350633387
RGI60-11.02440,2024,-0.918535002678138
RGI60-11.02442,2000,-0.2309541382017947
RGI60-11.02442,2001,0.08309864768527775
RGI60-11.02442,2002,0.33103094180560955
RGI60-11.02442,2003,-1.0042824719453662
RGI60-11.02442,2004,-0.7126183534189118
RGI60-11.02442,2005,-0.37095192863760357
RGI60-11.02442,2006,-0.6165957855227383
RGI60-11.02442,2007,-0.4501041532104824
RGI60-11.02442,2008,-0.3816321063621206
RGI60-11.02442,2009,-0.31602274450736306
RGI60-11.02442,2010,-0.28188332490571577
RGI60-11.02442,2011,-0.7263377995456999
RGI60-11.02442,2012,-0.7149517370908951
RGI60-11.02442,2013,0.26223224388564936
RGI60-11.02442,2014,-0.0525926410557947
RGI60-11.02442,2015,-0.3019329447806095
RGI60-11.02442,2016,-0.49491001395928275
RGI60-11.02442,2017,-0.8144142393216339
RGI60-11.02442,2018,-0.553470867488232
RGI60-11.02442,2019,-0.47580658342229426
RGI60-11.02442,2020,-0.7163793125085256
RGI60-11.02442,2021,-0.13458757984226744
RGI60-11.02442,2022,-1.8678739677641953
RGI60-11.02442,2023,-0.9505294005342312
RGI60-11.02442,2024,-0.2819529738050576
RGI60-11.02443,2000,-1.8920206088401745
RGI60-11.02443,2001,0.1076137371841357
RGI60-11.02443,2002,-1.620758472918419
RGI60-11.02443,2003,-2.9103416212744193
RGI60-11.02443,2004,-1.518130587001145
RGI60-11.02443,2005,-2.2575587454340966
RGI60-11.02443,2006,-2.060989662224994
RGI60-11.02443,2007,-2.474578572001415
RGI60-11.02443,2008,-1.3346175769742188
RGI60-11.02443,2009,-1.458893670218249
RGI60-11.02443,2010,-0.8939413031422513
RGI60-11.02443,2011,-1.908345961191333
RGI60-11.02443,2012,-2.1742558929180253
RGI60-11.02443,2013,-0.9009316825741447
RGI60-11.02443,2014,-0.7709497915848101
RGI60-11.02443,2015,-1.9552027830781533
RGI60-11.02443,2016,-1.8912014100281458
RGI60-11.02443,2017,-1.8954627472563745
RGI60-11.02443,2018,-2.6113804436508943
RGI60-11.02443,2019,-1.6993522048728757
RGI60-11.02443,2020,-1.956782791872444
RGI60-11.02443,2021,-1.894092187164764
RGI60-11.02443,2022,-2.9126121518417047
RGI60-11.02443,2023,-1.5392672632984818
RGI60-11.02443,2024,-1.5486023084588318
RGI60-11.02448,2000,-1.0213648081838331
RGI60-11.02448,2001,0.46526436445407526
RGI60-11.02448,2002,-0.49577017197023554
RGI60-11.02448,2003,-1.2452717201492554
RGI60-11.02448,2004,-0.9392870993237554
RGI60-11.02448,2005,-1.536978937759041
RGI60-11.02448,2006,-0.09234437567251008
RGI60-11.02448,2007,-0.711728946713131
RGI60-11.02448,2008,-1.1780632650667098
RGI60-11.02448,2009,-1.880387398062553
RGI60-11.02448,2010,-0.8827198701273141
RGI60-11.02448,2011,-1.458399375971171
RGI60-11.02448,2012,-0.710296065527521
RGI60-11.02448,2013,-0.7931642341481585
RGI60-11.02448,2014,-0.8938848422860379
RGI60-11.02448,2015,-1.5163001540763967
RGI60-11.02448,2016,-0.9692535524714199
RGI60-11.02448,2017,-0.9892240772100418
RGI60-11.02448,2018,-1.3982719195035174
RGI60-11.02448,2019,-1.5587535502314738
RGI60-11.02448,2020,-1.3802391924742095
RGI60-11.02448,2021,-0.8867823337622724
RGI60-11.02448,2022,-1.5665038680008947
RGI60-11.02448,2023,-1.2748080184524035
RGI60-11.02448,2024,-1.037601676888264
RGI60-11.02450,2000,-0.8949614720428705
RGI60-11.02450,2001,-0.014884403046127925
RGI60-11.02450,2002,-0.3500934705384427
RGI60-11.02450,2003,-1.2773860244416109
RGI60-11.02450,2004,-0.7193993024844038
RGI60-11.02450,2005,-1.208383655014358
RGI60-11.02450,2006,-0.5963184195359472
RGI60-11.02450,2007,-0.6500726590330322
RGI60-11.02450,2008,-0.900425035817273
RGI60-11.02450,2009,-1.19347016370881
RGI60-11.02450,2010,-0.8860776019255041
RGI60-11.02450,2011,-1.3940877199452288
RGI60-11.02450,2012,-1.0472688141526063
RGI60-11.02450,2013,-0.4658911225676639
RGI60-11.02450,2014,-0.594454548351628
RGI60-11.02450,2015,-0.9063477687664351
RGI60-11.02450,2016,-0.717105543815242
RGI60-11.02450,2017,-0.8729851798105727
RGI60-11.02450,2018,-1.213722612348977
RGI60-11.02450,2019,-1.066664482653264
RGI60-11.02450,2020,-0.7672591923407084
RGI60-11.02450,2021,-0.483902422346331
RGI60-11.02450,2022,-1.8696355401751634
RGI60-11.02450,2023,-0.868635563608177
RGI60-11.02450,2024,-0.873041646270291
RGI60-11.02460,2000,-1.4742196427039813
RGI60-11.02460,2001,-0.0760919634113697
RGI60-11.02460,2002,-0.7627707966725771
RGI60-11.02460,2003,-2.2766861742984874
RGI60-11.02460,2004,-1.1104330474316948
RGI60-11.02460,2005,-1.6867948983074283
RGI60-11.02460,2006,-1.2906349297995128
RGI60-11.02460,2007,-1.5426294451998757
RGI60-11.02460,2008,-1.0445094584373391
RGI60-11.02460,2009,-1.02468571254105
RGI60-11.02460,2010,-0.2527798438390547
RGI60-11.02460,2011,-1.400896155404863
RGI60-11.02460,2012,-1.4545213051265213
RGI60-11.02460,2013,-0.5936892832890193
RGI60-11.02460,2014,-0.3589271010925458
RGI60-11.02460,2015,-1.4251568939789425
RGI60-11.02460,2016,-1.454816346611906
RGI60-11.02460,2017,-1.5471394463586625
RGI60-11.02460,2018,-2.247978477642866
RGI60-11.02460,2019,-1.1343390778523037
RGI60-11.02460,2020,-1.1038884330354548
RGI60-11.02460,2021,-1.4060764015957472
RGI60-11.02460,2022,-2.676533953477769
RGI60-11.02460,2023,-1.7954138161787547
RGI60-11.02460,2024,-1.04851234411446
RGI60-11.02464,2000,-0.5145726580363318
RGI60-11.02464,2001,0.06047327251660084
RGI60-11.02464,2002,0.6259686484661443
RGI60-11.02464,2003,-1.0587646075255361
RGI60-11.02464,2004,-0.5357999407613382
RGI60-11.02464,2005,-0.48420487705484594
RGI60-11.02464,2006,-0.45704885737798023
RGI60-11.02464,2007,-0.11450764135085428
RGI60-11.02464,2008,-0.39827087563775804
RGI60-11.02464,2009,-0.4498788726649664
RGI60-11.02464,2010,-0.1531601522248123
RGI60-11.02464,2011,-0.5504506063755756
RGI60-11.02464,2012,-0.5883178205537414
RGI60-11.02464,2013,-0.08346731824041059
RGI60-11.02464,2014,0.11277088280958925
RGI60-11.02464,2015,-0.37934244280444224
RGI60-11.02464,2016,-0.33526177230466225
RGI60-11.02464,2017,-0.9100638266913612
RGI60-11.02464,2018,-0.7141619309233906
RGI60-11.02464,2019,-0.7952386032643196
RGI60-11.02464,2020,-0.8483347698373456
RGI60-11.02464,2021,-0.37266132059276036
RGI60-11.02464,2022,-1.9173117246114124
RGI60-11.02464,2023,-0.7654379163260184
RGI60-11.02464,2024,-0.34154243923143235
RGI60-11.02474,2000,-0.2948614633780391
RGI60-11.02474,2001,-0.01777760808089568
RGI60-11.02474,2002,0.4012163187201546
RGI60-11.02474,2003,-1.3382458087069216
RGI60-11.02474,2004,-1.107916440557561
RGI60-11.02474,2005,-0.5177755281336642
RGI60-11.02474,2006,-0.6743119222422383
RGI60-11.02474,2007,-0.3257276116393949
RGI60-11.02474,2008,-0.29514723026060186
RGI60-11.02474,2009,-0.4896456477631116
RGI60-11.02474,2010,-0.6632496199777361
RGI60-11.02474,2011,-0.5144958096081177
RGI60-11.02474,2012,-0.6737229092851907
RGI60-11.02474,2013,-0.07367338145891716
RGI60-11.02474,2014,0.06630855755637333
RGI60-11.02474,2015,-0.439964058693436
RGI60-11.02474,2016,-0.35986651652394064
RGI60-11.02474,2017,-1.135585725798363
RGI60-11.02474,2018,-0.967606044186243
RGI60-11.02474,2019,-1.0207515499821542
RGI60-11.02474,2020,-1.0402186412895595
RGI60-11.02474,2021,-0.855324325258582
RGI60-11.02474,2022,-2.0741511745800096
RGI60-11.02474,2023,-1.0360232860858296
RGI60-11.02474,2024,-0.7341665982304518
RGI60-11.02477,2000,-0.719725489429864
RGI60-11.02477,2001,-0.05828368826538188
RGI60-11.02477,2002,-0.4828523422021229
RGI60-11.02477,2003,-2.1290387457066626
RGI60-11.02477,2004,-1.078487189983835
RGI60-11.02477,2005,-1.4483499229823193
RGI60-11.02477,2006,-1.1442354982917484
RGI60-11.02477,2007,-1.2407738266299504
RGI60-11.02477,2008,-0.6680402288804687
RGI60-11.02477,2009,-0.7804777607450122
RGI60-11.02477,2010,0.015291994094954742
RGI60-11.02477,2011,-0.8770597039306621
RGI60-11.02477,2012,-0.9917903901675449
RGI60-11.02477,2013,-0.17296548895835862
RGI60-11.02477,2014,-0.11841664351978642
RGI60-11.02477,2015,-1.0578871669881011
RGI60-11.02477,2016,-0.7185575556075948
RGI60-11.02477,2017,-0.97801396809122
RGI60-11.02477,2018,-1.949896423389033
RGI60-11.02477,2019,-1.303339960325288
RGI60-11.02477,2020,-0.7153877502931666
RGI60-11.02477,2021,-0.8184441991972735
RGI60-11.02477,2022,-2.675767613407508
RGI60-11.02477,2023,-1.4115233526976207
RGI60-11.02477,2024,-0.42911825999547915
RGI60-11.02483,2000,-0.6106620081312099
RGI60-11.02483,2001,0.07930056038024935
RGI60-11.02483,2002,-0.48587066196693773
RGI60-11.02483,2003,-1.2375952897868596
RGI60-11.02483,2004,-0.6516775885772572
RGI60-11.02483,2005,-0.7672764890911823
RGI60-11.02483,2006,-0.6460200517343305
RGI60-11.02483,2007,-0.5424129346806722
RGI60-11.02483,2008,-0.6723187180598305
RGI60-11.02483,2009,-1.1329505114631744
RGI60-11.02483,2010,-0.6466437109541997
RGI60-11.02483,2011,-1.4977020134268655
RGI60-11.02483,2012,-0.8615144982012329
RGI60-11.02483,2013,-0.3602751313361392
RGI60-11.02483,2014,-0.44615992289701095
RGI60-11.02483,2015,-0.7637589067225071
RGI60-11.02483,2016,-0.39091885507981805
RGI60-11.02483,2017,-0.7027760372907571
RGI60-11.02483,2018,-1.3413004977423826
RGI60-11.02483,2019,-1.0489667332378891
RGI60-11.02483,2020,-0.7128746542592299
RGI60-11.02483,2021,-0.7592650494067142
RGI60-11.02483,2022,-1.5294448290526481
RGI60-11.02483,2023,-0.9888210908016059
RGI60-11.02483,2024,-0.8811695563507252
RGI60-11.02486,2000,-0.929269292573212
RGI60-11.02486,2001,0.3831591036489592
RGI60-11.02486,2002,-0.6455005367139528
RGI60-11.02486,2003,-1.6640946845527447
RGI60-11.02486,2004,-0.640173994791445
RGI60-11.02486,2005,-1.1259155774249363
RGI60-11.02486,2006,-1.059191337900548
RGI60-11.02486,2007,-1.2970706771903822
RGI60-11.02486,2008,-0.4041213799342448
RGI60-11.02486,2009,-0.6404814526239386
RGI60-11.02486,2010,-0.3434431569004414
RGI60-11.02486,2011,-0.5584158900834642
RGI60-11.02486,2012,-1.0714867469837535
RGI60-11.02486,2013,-0.228207432994753
RGI60-11.02486,2014,-0.04781914966789991
RGI60-11.02486,2015,-0.8174886874945841
RGI60-11.02486,2016,-1.0248477516920687
RGI60-11.02486,2017,-1.0493500645338625
RGI60-11.02486,2018,-1.5810265436540316
RGI60-11.02486,2019,-0.7432547459386932
RGI60-11.02486,2020,-0.9419745797322693
RGI60-11.02486,2021,-0.8867776592530502
RGI60-11.02486,2022,-1.926786404037496
RGI60-11.02486,2023,-1.5801379297603741
RGI60-11.02486,2024,-0.117998895325098
RGI60-11.02488,2000,-0.7795592433562064
RGI60-11.02488,2001,0.00612447031649721
RGI60-11.02488,2002,0.2898333790937748
RGI60-11.02488,2003,-1.212171311566852
RGI60-11.02488,2004,-0.7189026293312017
RGI60-11.02488,2005,-0.5670639964314345
RGI60-11.02488,2006,-0.7583603664179013
RGI60-11.02488,2007,-0.22506629220873015
RGI60-11.02488,2008,-0.3765562739047812
RGI60-11.02488,2009,-0.5881947846337895
RGI60-11.02488,2010,-0.6370596849892451
RGI60-11.02488,2011,-1.0601918185389971
RGI60-11.02488,2012,-0.8019560601525884
RGI60-11.02488,2013,0.2136713938203072
RGI60-11.02488,2014,-0.40527091612659083
RGI60-11.02488,2015,-0.19703901052779
RGI60-11.02488,2016,-0.5533200198690904
RGI60-11.02488,2017,-1.0323783005482765
RGI60-11.02488,2018,-0.2482127824789535
RGI60-11.02488,2019,-0.5910257521481461
RGI60-11.02488,2020,-0.6310461961740961
RGI60-11.02488,2021,-0.3558995538533577
RGI60-11.02488,2022,-1.0681059556499815
RGI60-11.02488,2023,-0.5894856336970035
RGI60-11.02488,2024,0.23606823809582766
RGI60-11.02490,2000,-0.443752066660025
RGI60-11.02490,2001,-0.05680303764086986
RGI60-11.02490,2002,-0.057068985688607354
RGI60-11.02490,2003,-1.0230759234062647
RGI60-11.02490,2004,-0.7006086650055111
RGI60-11.02490,2005,-0.40165129241441
RGI60-11.02490,2006,-0.4232623013872294
RGI60-11.02490,2007,-0.13865786533783636
RGI60-11.02490,2008,-0.3633780760913083
RGI60-11.02490,2009,-1.0004048702454336
RGI60-11.02490,2010,-0.3092578829961521
RGI60-11.02490,2011,-0.42992249422754125
RGI60-11.02490,2012,-0.3886079955080666
RGI60-11.02490,2013,-0.10593954995877036
RGI60-11.02490,2014,0.007706672285599403
RGI60-11.02490,2015,-0.3930488519985357
RGI60-11.02490,2016,-0.14414884993502342
RGI60-11.02490,2017,-0.6886306861368003
RGI60-11.02490,2018,-0.8424083370279101
RGI60-11.02490,2019,-1.0546789406192967
RGI60-11.02490,2020,-0.5296303754469107
RGI60-11.02490,2021,-0.22966611004091048
RGI60-11.02490,2022,-1.2703617181624658
RGI60-11.02490,2023,-0.7519079769175178
RGI60-11.02490,2024,-0.8087686194314253
RGI60-11.02495,2000,-0.3890003698354426
RGI60-11.02495,2001,-0.03947135175315536
RGI60-11.02495,2002,0.1717300296269766
RGI60-11.02495,2003,-1.103486865270493
RGI60-11.02495,2004,-0.7072502374110003
RGI60-11.02495,2005,-0.4624526756779381
RGI60-11.02495,2006,-0.37312769064937445
RGI60-11.02495,2007,-0.22773202307468499
RGI60-11.02495,2008,-0.3236234498108702
RGI60-11.02495,2009,-0.7088649571184193
RGI60-11.02495,2010,-0.06554057524006629
RGI60-11.02495,2011,-0.5510621537666481
RGI60-11.02495,2012,-0.5111579216662748
RGI60-11.02495,2013,-0.2328622711929809
RGI60-11.02495,2014,0.1127886085180081
RGI60-11.02495,2015,-0.24509393019372788
RGI60-11.02495,2016,-0.3987083196679679
RGI60-11.02495,2017,-0.8235958818304996
RGI60-11.02495,2018,-1.0671168722529667
RGI60-11.02495,2019,-0.9566710917324694
RGI60-11.02495,2020,-0.745791640512583
RGI60-11.02495,2021,-0.25365406066909957
RGI60-11.02495,2022,-1.8197756327242782
RGI60-11.02495,2023,-1.381184047733759
RGI60-11.02495,2024,-0.8322736393294001
RGI60-11.02496,2000,-0.5529308639537461
RGI60-11.02496,2001,0.0670759300338577
RGI60-11.02496,2002,0.08423059041988884
RGI60-11.02496,2003,-1.1623001885890107
RGI60-11.02496,2004,-0.4586785892752054
RGI60-11.02496,2005,-0.5793260318450801
RGI60-11.02496,2006,0.03948783093920427
RGI60-11.02496,2007,-0.38092093581944103
RGI60-11.02496,2008,-0.5500428095323748
RGI60-11.02496,2009,-0.40232913024617817
RGI60-11.02496,2010,-0.011094101874329243
RGI60-11.02496,2011,-0.5464705743388789
RGI60-11.02496,2012,-0.6067620059498129
RGI60-11.02496,2013,0.058955274581959594
RGI60-11.02496,2014,-0.05307231563452386
RGI60-11.02496,2015,-0.03895683042310133
RGI60-11.02496,2016,-0.5318882230095208
RGI60-11.02496,2017,-0.46122713935700327
RGI60-11.02496,2018,-0.617515757865016
RGI60-11.02496,2019,-0.7352341282616913
RGI60-11.02496,2020,-0.4858447384560539
RGI60-11.02496,2021,-0.43471638565815013
RGI60-11.02496,2022,-1.0791858682506863
RGI60-11.02496,2023,-0.22508408135034372
RGI60-11.02496,2024,-0.7454726047192028
RGI60-11.02507,2000,-0.5319511746232655
RGI60-11.02507,2001,0.16967642444040698
RGI60-11.02507,2002,-0.18771644087766276
RGI60-11.02507,2003,-1.2960264490958515
RGI60-11.02507,2004,-0.7614136228384207
RGI60-11.02507,2005,-0.5233488992517302
RGI60-11.02507,2006,-0.49899007163370607
RGI60-11.02507,2007,0.010619443419149999
RGI60-11.02507,2008,-0.5599611599305752
RGI60-11.02507,2009,-1.152041416743061
RGI60-11.02507,2010,-0.448313621091681
RGI60-11.02507,2011,-1.06344187902295
RGI60-11.02507,2012,-0.6852701134532028
RGI60-11.02507,2013,-0.19099653439265574
RGI60-11.02507,2014,0.023194960117498775
RGI60-11.02507,2015,-0.6441021962134015
RGI60-11.02507,2016,-0.30967345333398344
RGI60-11.02507,2017,-0.8544885599275285
RGI60-11.02507,2018,-1.2886588919633266
RGI60-11.02507,2019,-1.2539963435840549
RGI60-11.02507,2020,-0.6847974629813884
RGI60-11.02507,2021,-0.42730941451089344
RGI60-11.02507,2022,-1.8656680286623293
RGI60-11.02507,2023,-0.9225850928453786
RGI60-11.02507,2024,-0.8491191387272049
RGI60-11.02512,2000,-0.9405439848813519
RGI60-11.02512,2001,-0.140126969337117
RGI60-11.02512,2002,-0.006716149543002703
RGI60-11.02512,2003,-0.6478315513835
RGI60-11.02512,2004,-0.9647732972462437
RGI60-11.02512,2005,-0.8623733742961317
RGI60-11.02512,2006,-0.003378633377204676
RGI60-11.02512,2007,-0.7514444066914662
RGI60-11.02512,2008,-0.8318136461677212
RGI60-11.02512,2009,-0.23273035724262942
RGI60-11.02512,2010,-0.5580907735146472
RGI60-11.02512,2011,-1.0379113767177264
RGI60-11.02512,2012,-0.4836359680716937
RGI60-11.02512,2013,0.24066642503168545
RGI60-11.02512,2014,-0.47063591517867875
RGI60-11.02512,2015,-0.9044557940101874
RGI60-11.02512,2016,0.028480847995253633
RGI60-11.02512,2017,-0.2612924361914017
RGI60-11.02512,2018,-0.2801340339316652
RGI60-11.02512,2019,-0.5851586052445694
RGI60-11.02512,2020,-0.5559944287515718
RGI60-11.02512,2021,-0.23344578848752118
RGI60-11.02512,2022,-0.11764096908136551
RGI60-11.02512,2023,0.9470077384583925
RGI60-11.02512,2024,-0.24064273347237333
RGI60-11.02515,2000,-0.8056556340287352
RGI60-11.02515,2001,0.12568468745385264
RGI60-11.02515,2002,-0.9212286876179155
RGI60-11.02515,2003,-1.9679349227749299
RGI60-11.02515,2004,-1.1180087053643264
RGI60-11.02515,2005,-1.8332322958598013
RGI60-11.02515,2006,-1.581742265097854
RGI60-11.02515,2007,-1.6856402635947558
RGI60-11.02515,2008,-1.2949375311537177
RGI60-11.02515,2009,-0.9419969805769721
RGI60-11.02515,2010,-0.1588906038719904
RGI60-11.02515,2011,-0.8713250826553035
RGI60-11.02515,2012,-1.2947276908087004
RGI60-11.02515,2013,-0.7781020048212259
RGI60-11.02515,2014,-0.24680064640479038
RGI60-11.02515,2015,-1.2467640049840045
RGI60-11.02515,2016,-1.3793469970894945
RGI60-11.02515,2017,-2.0866948436279573
RGI60-11.02515,2018,-1.8439927173259216
RGI60-11.02515,2019,-1.3139628097954539
RGI60-11.02515,2020,-0.9244480815776375
RGI60-11.02515,2021,-0.7656586370701961
RGI60-11.02515,2022,-2.5294118206167084
RGI60-11.02515,2023,-1.2934419815067935
RGI60-11.02515,2024,-0.8361822545861118
RGI60-11.02525,2000,-0.7318218810484656
RGI60-11.02525,2001,0.43599297096214495
RGI60-11.02525,2002,-0.8879071678336924
RGI60-11.02525,2003,-1.3440345017439888
RGI60-11.02525,2004,-0.5868245561251457
RGI60-11.02525,2005,-1.3545304224238692
RGI60-11.02525,2006,-0.1729608283066919
RGI60-11.02525,2007,-0.34114785822652094
RGI60-11.02525,2008,-0.773987544551586
RGI60-11.02525,2009,-1.743585335135437
RGI60-11.02525,2010,-0.6166182448088768
RGI60-11.02525,2011,-1.0302029249885312
RGI60-11.02525,2012,-0.7322247788200373
RGI60-11.02525,2013,-0.5567376620710078
RGI60-11.02525,2014,-0.6085187170336972
RGI60-11.02525,2015,-1.5191443735283454
RGI60-11.02525,2016,-0.8267362368298775
RGI60-11.02525,2017,-1.1864793972791234
RGI60-11.02525,2018,-1.1671432159311033
RGI60-11.02525,2019,-1.1156873242761405
RGI60-11.02525,2020,-0.8864469349040615
RGI60-11.02525,2021,-0.8811415165414275
RGI60-11.02525,2022,-1.524328084822979
RGI60-11.02525,2023,-1.4010959334992685
RGI60-11.02525,2024,-0.7987085767964279
RGI60-11.02529,2000,-0.7363050488157726
RGI60-11.02529,2001,0.012434256781127084
RGI60-11.02529,2002,0.24153995239874104
RGI60-11.02529,2003,-1.2914974711254117
RGI60-11.02529,2004,-0.529128543468018
RGI60-11.02529,2005,-0.7371165884432935
RGI60-11.02529,2006,-0.7101756663507431
RGI60-11.02529,2007,-0.6721319816096486
RGI60-11.02529,2008,-0.7546437421839531
RGI60-11.02529,2009,-0.37366752461069375
RGI60-11.02529,2010,-0.5152534550704196
RGI60-11.02529,2011,-0.8224859487253089
RGI60-11.02529,2012,-0.9509316624637868
RGI60-11.02529,2013,0.02447492854000821
RGI60-11.02529,2014,-0.32484184782017195
RGI60-11.02529,2015,-0.6625367898481987
RGI60-11.02529,2016,-0.2882432724681951
RGI60-11.02529,2017,-0.8852482207501253
RGI60-11.02529,2018,-0.7422286981915165
RGI60-11.02529,2019,-0.7233126757746242
RGI60-11.02529,2020,-0.4759771971055056
RGI60-11.02529,2021,-0.40448864100695797
RGI60-11.02529,2022,-1.8050003812045348
RGI60-11.02529,2023,-1.3680037360370614
RGI60-11.02529,2024,-0.44273149885440977
RGI60-11.02534,2000,-0.4425497176035935
RGI60-11.02534,2001,0.27805867907266
RGI60-11.02534,2002,0.06463522510050967
RGI60-11.02534,2003,-1.2183266440984277
RGI60-11.02534,2004,-0.8214873038860606
RGI60-11.02534,2005,-0.5297835647175176
RGI60-11.02534,2006,-0.4311841755182262
RGI60-11.02534,2007,-0.049647548864730495
RGI60-11.02534,2008,-0.37529415683138667
RGI60-11.02534,2009,-1.0316415684757236
RGI60-11.02534,2010,-0.39546582140436626
RGI60-11.02534,2011,-1.3325380504824298
RGI60-11.02534,2012,-0.5816021247995113
RGI60-11.02534,2013,0.08920767738836155
RGI60-11.02534,2014,-0.21852072883285956
RGI60-11.02534,2015,-0.7169709270907179
RGI60-11.02534,2016,-0.1658961084200381
RGI60-11.02534,2017,-0.6307830398901408
RGI60-11.02534,2018,-1.2311876494088145
RGI60-11.02534,2019,-1.140822451236993
RGI60-11.02534,2020,-0.6211898120323052
RGI60-11.02534,2021,-0.22980267680588573
RGI60-11.02534,2022,-1.8079047997715534
RGI60-11.02534,2023,-0.5953235291611451
RGI60-11.02534,2024,-0.6579617129469025
RGI60-11.02536,2000,-0.5359168743390366
RGI60-11.02536,2001,0.8281077666584256
RGI60-11.02536,2002,-1.3143742395890765
RGI60-11.02536,2003,-1.5775107664166412
RGI60-11.02536,2004,-0.7218822622571257
RGI60-11.02536,2005,-1.9285906932939219
RGI60-11.02536,2006,-0.38733853999538437
RGI60-11.02536,2007,-0.4433143301097551
RGI60-11.02536,2008,-1.1770135927755687
RGI60-11.02536,2009,-2.2194274450485896
RGI60-11.02536,2010,-0.9952675975438628
RGI60-11.02536,2011,-2.146822549106738
RGI60-11.02536,2012,-0.8672439520389494
RGI60-11.02536,2013,-0.3507596441971119
RGI60-11.02536,2014,-1.1571630227376792
RGI60-11.02536,2015,-1.789410022986201
RGI60-11.02536,2016,-0.7100101496002726
RGI60-11.02536,2017,-1.7167290288759751
RGI60-11.02536,2018,-1.1260178677973378
RGI60-11.02536,2019,-1.3801151879491933
RGI60-11.02536,2020,-1.051406138123957
RGI60-11.02536,2021,-0.8737074851320009
RGI60-11.02536,2022,-1.8714715450755854
RGI60-11.02536,2023,-1.880062137993339
RGI60-11.02536,2024,-0.8745749849620374
RGI60-11.02540,2000,-0.5936898771027173
RGI60-11.02540,2001,-0.009840323850617894
RGI60-11.02540,2002,0.4111825379242947
RGI60-11.02540,2003,-1.3058109901917285
RGI60-11.02540,2004,-0.36765825801830976
RGI60-11.02540,2005,-0.26281087620039656
RGI60-11.02540,2006,-0.5244077861904035
RGI60-11.02540,2007,-0.147069062492014
RGI60-11.02540,2008,-0.28415450437815226
RGI60-11.02540,2009,-0.09801769892868695
RGI60-11.02540,2010,-0.136765486186713
RGI60-11.02540,2011,-0.523712715194934
RGI60-11.02540,2012,-0.5570352551343155
RGI60-11.02540,2013,0.007623073352597209
RGI60-11.02540,2014,0.16883468746128083
RGI60-11.02540,2015,-0.3924552734953775
RGI60-11.02540,2016,-0.3843310621937317
RGI60-11.02540,2017,-0.7807925692027735
RGI60-11.02540,2018,-0.716561121591033
RGI60-11.02540,2019,-0.725727438386266
RGI60-11.02540,2020,-0.8296932278994716
RGI60-11.02540,2021,-0.5550317386939769
RGI60-11.02540,2022,-1.8798586575854075
RGI60-11.02540,2023,-0.9752220417025491
RGI60-11.02540,2024,-0.45727433189599526
RGI60-11.02544,2000,-0.2423798729291906
RGI60-11.02544,2001,0.05219776586855318
RGI60-11.02544,2002,0.2507145176637301
RGI60-11.02544,2003,-1.026455452637977
RGI60-11.02544,2004,-0.6365374098579484
RGI60-11.02544,2005,-0.27927377992011543
RGI60-11.02544,2006,-0.1826578725256962
RGI60-11.02544,2007,-0.06792035914475492
RGI60-11.02544,2008,0.07180515376529828
RGI60-11.02544,2009,-0.8530190115066457
RGI60-11.02544,2010,0.07554918999869936
RGI60-11.02544,2011,-0.6792607939523236
RGI60-11.02544,2012,-0.7163518435109348
RGI60-11.02544,2013,-0.16109475012313748
RGI60-11.02544,2014,-0.10197134617312004
RGI60-11.02544,2015,-0.4023775553973737
RGI60-11.02544,2016,-0.5759620508709025
RGI60-11.02544,2017,-0.8455306804005346
RGI60-11.02544,2018,-0.8305060901047046
RGI60-11.02544,2019,-1.0349677582409216
RGI60-11.02544,2020,-0.8348969079074868
RGI60-11.02544,2021,-0.27630809853816085
RGI60-11.02544,2022,-1.7661717197342606
RGI60-11.02544,2023,-1.0330016499545973
RGI60-11.02544,2024,-0.459047976849292
RGI60-11.02558,2000,-0.4547706236190942
RGI60-11.02558,2001,0.11329284465772
RGI60-11.02558,2002,0.05135084783580618
RGI60-11.02558,2003,-1.2176688901559056
RGI60-11.02558,2004,-0.40588874649505036
RGI60-11.02558,2005,-0.5163682817531264
RGI60-11.02558,2006,-0.2206681894967384
RGI60-11.02558,2007,0.16412361507154472
RGI60-11.02558,2008,-0.15029587737213476
RGI60-11.02558,2009,-0.8614585925415461
RGI60-11.02558,2010,0.014853356660913863
RGI60-11.02558,2011,-0.31264171672786245
RGI60-11.02558,2012,-0.4133748605022565
RGI60-11.02558,2013,-0.36006627077829656
RGI60-11.02558,2014,0.13301338922972228
RGI60-11.02558,2015,-0.3602302839931291
RGI60-11.02558,2016,-0.274654521028192
RGI60-11.02558,2017,-0.6222945284935356
RGI60-11.02558,2018,-0.9393855342506584
RGI60-11.02558,2019,-0.9047671362481777
RGI60-11.02558,2020,-0.4239322119032521
RGI60-11.02558,2021,-0.1934525476157319
RGI60-11.02558,2022,-1.3000572292072166
RGI60-11.02558,2023,-0.7325370690593211
RGI60-11.02558,2024,-0.5284138224938726
RGI60-11.02566,2000,-0.21180704307813697
RGI60-11.02566,2001,0.10065817380458641
RGI60-11.02566,2002,0.1285648631854846
RGI60-11.02566,2003,-1.13119929645873
RGI60-11.02566,2004,-0.3660123712394772
RGI60-11.02566,2005,-0.48559046415410767
RGI60-11.02566,2006,-0.2653997781970401
RGI60-11.02566,2007,-0.038078932634692586
RGI60-11.02566,2008,-0.061808413108121685
RGI60-11.02566,2009,-0.8536389337753528
RGI60-11.02566,2010,-0.156327371575234
RGI60-11.02566,2011,-0.5826460564856695
RGI60-11.02566,2012,-0.48098514234446443
RGI60-11.02566,2013,-0.14836343013145598
RGI60-11.02566,2014,0.10143192435021059
RGI60-11.02566,2015,-0.2850114728296784
RGI60-11.02566,2016,-0.36863770739389384
RGI60-11.02566,2017,-0.8712722010386138
RGI60-11.02566,2018,-1.0144853529016855
RGI60-11.02566,2019,-0.9534909939939349
RGI60-11.02566,2020,-0.772935978573025
RGI60-11.02566,2021,-0.4810259742003339
RGI60-11.02566,2022,-1.3984778966763927
RGI60-11.02566,2023,-1.2993728018843445
RGI60-11.02566,2024,-0.39727183185129067
RGI60-11.02569,2000,-0.30907059379524726
RGI60-11.02569,2001,0.31948250637411035
RGI60-11.02569,2002,0.4243241411753176
RGI60-11.02569,2003,-0.9020884648015435
RGI60-11.02569,2004,-0.3820331980105222
RGI60-11.02569,2005,-0.2215112096140048
RGI60-11.02569,2006,-0.09789923834602347
RGI60-11.02569,2007,0.23555306801244355
RGI60-11.02569,2008,0.09428095492935487
RGI60-11.02569,2009,-0.28463688852904734
RGI60-11.02569,2010,0.014635276102096417
RGI60-11.02569,2011,-0.3417238648095492
RGI60-11.02569,2012,-0.077945195373218
RGI60-11.02569,2013,0.02232724877876205
RGI60-11.02569,2014,0.4008393363117746
RGI60-11.02569,2015,-0.30093438493439073
RGI60-11.02569,2016,-0.15160776855251856
RGI60-11.02569,2017,-0.49910213206254617
RGI60-11.02569,2018,-0.4406263260497375
RGI60-11.02569,2019,-0.7278632668055028
RGI60-11.02569,2020,-0.2805891541503578
RGI60-11.02569,2021,-0.05621066228349414
RGI60-11.02569,2022,-1.1205840574451464
RGI60-11.02569,2023,-0.5234378585103168
RGI60-11.02569,2024,-0.27278483854350666
RGI60-11.02570,2000,-0.009349325741195014
RGI60-11.02570,2001,0.2542795068955884
RGI60-11.02570,2002,0.1286592869014922
RGI60-11.02570,2003,-0.9921208146544014
RGI60-11.02570,2004,-0.5385458675992022
RGI60-11.02570,2005,-0.20966269316715488
RGI60-11.02570,2006,-0.4179540757239852
RGI60-11.02570,2007,-0.09890195331239535
RGI60-11.02570,2008,-0.3920023625832056
RGI60-11.02570,2009,-0.7186643364345497
RGI60-11.02570,2010,-0.25218116986248384
RGI60-11.02570,2011,-0.6997347491836123
RGI60-11.02570,2012,-0.2362145694754387
RGI60-11.02570,2013,0.03855915424127643
RGI60-11.02570,2014,0.15614624393444854
RGI60-11.02570,2015,-0.24669551401523476
RGI60-11.02570,2016,-0.2001582964683614
RGI60-11.02570,2017,-0.739782882112488
RGI60-11.02570,2018,-0.7338799785659049
RGI60-11.02570,2019,-1.0392956030732052
RGI60-11.02570,2020,-0.10734296004767913
RGI60-11.02570,2021,-0.22473294324178705
RGI60-11.02570,2022,-1.795148087496028
RGI60-11.02570,2023,-1.0564233417254028
RGI60-11.02570,2024,-0.9907178515027103
RGI60-11.02578,2000,0.3087106825010031
RGI60-11.02578,2001,0.8337709682819103
RGI60-11.02578,2002,1.00253850875204
RGI60-11.02578,2003,-0.2952155162523929
RGI60-11.02578,2004,0.3149617572005705
RGI60-11.02578,2005,0.7568519908285615
RGI60-11.02578,2006,0.028545513353958607
RGI60-11.02578,2007,0.6223084000556105
RGI60-11.02578,2008,0.11024475035693146
RGI60-11.02578,2009,0.6833990769729222
RGI60-11.02578,2010,0.16983527159431724
RGI60-11.02578,2011,-0.07942948722866539
RGI60-11.02578,2012,0.03475646950386041
RGI60-11.02578,2013,0.7644117558582852
RGI60-11.02578,2014,0.0935751002758608
RGI60-11.02578,2015,0.6559882907406003
RGI60-11.02578,2016,0.7050517186178864
RGI60-11.02578,2017,0.39502916620218304
RGI60-11.02578,2018,0.02745784790091854
RGI60-11.02578,2019,0.010007734483642616
RGI60-11.02578,2020,0.4897589415307628
RGI60-11.02578,2021,0.40562994912596406
RGI60-11.02578,2022,-0.343805006698959
RGI60-11.02578,2023,0.5036012400340378
RGI60-11.02578,2024,0.17706567159723205
RGI60-11.02584,2000,-0.8061778190976692
RGI60-11.02584,2001,-0.21226112091524096
RGI60-11.02584,2002,-0.2643755330803729
RGI60-11.02584,2003,-1.4146317811830236
RGI60-11.02584,2004,-0.8610052251682573
RGI60-11.02584,2005,-0.5118120686572601
RGI60-11.02584,2006,-0.5734123064227216
RGI60-11.02584,2007,-0.36933576672583895
RGI60-11.02584,2008,-0.6620025888437508
RGI60-11.02584,2009,-0.9264967238355313
RGI60-11.02584,2010,-0.4456519660036229
RGI60-11.02584,2011,-0.8649566222436382
RGI60-11.02584,2012,-0.7137691719294934
RGI60-11.02584,2013,-0.33947003329766556
RGI60-11.02584,2014,-0.3886746552452667
RGI60-11.02584,2015,-0.6032804490795451
RGI60-11.02584,2016,-0.570807669375427
RGI60-11.02584,2017,-0.9097957281463395
RGI60-11.02584,2018,-0.833138595537216
RGI60-11.02584,2019,-0.941344175212115
RGI60-11.02584,2020,-0.6984933442179131
RGI60-11.02584,2021,-0.5165979796045099
RGI60-11.02584,2022,-1.5495696264281151
RGI60-11.02584,2023,-0.9643203842474564
RGI60-11.02584,2024,-1.1152772254185066
RGI60-11.02586,2000,-0.45760387433740457
RGI60-11.02586,2001,0.026436356994747945
RGI60-11.02586,2002,0.03434815034698929
RGI60-11.02586,2003,-1.0539127299956057
RGI60-11.02586,2004,-0.7260402042869196
RGI60-11.02586,2005,-0.3202393053415518
RGI60-11.02586,2006,-0.4068340936640675
RGI60-11.02586,2007,0.07898648768614963
RGI60-11.02586,2008,0.04632925805292437
RGI60-11.02586,2009,-0.541326598493693
RGI60-11.02586,2010,-0.07601169112551326
RGI60-11.02586,2011,-0.6281608464742268
RGI60-11.02586,2012,-0.3819437387258109
RGI60-11.02586,2013,0.061404478241099514
RGI60-11.02586,2014,0.12199522552950365
RGI60-11.02586,2015,-0.5429268677065556
RGI60-11.02586,2016,-0.3507706663571707
RGI60-11.02586,2017,-0.7574185289747468
RGI60-11.02586,2018,-0.6419721332620574
RGI60-11.02586,2019,-0.905538678106089
RGI60-11.02586,2020,-0.4901612352781588
RGI60-11.02586,2021,-0.22108291741635389
RGI60-11.02586,2022,-1.4415588947420632
RGI60-11.02586,2023,-0.8242865122983732
RGI60-11.02586,2024,-0.4761966982062319
RGI60-11.02590,2000,-0.5910924701433257
RGI60-11.02590,2001,0.27676075707006464
RGI60-11.02590,2002,-0.11177186453834886
RGI60-11.02590,2003,-1.5127000207483596
RGI60-11.02590,2004,-0.6971349161498867
RGI60-11.02590,2005,-0.5381420845980066
RGI60-11.02590,2006,-0.38751587021726036
RGI60-11.02590,2007,-0.24447989068444165
RGI60-11.02590,2008,-0.9669955454585587
RGI60-11.02590,2009,-1.113179553173653
RGI60-11.02590,2010,-0.42036124665216024
RGI60-11.02590,2011,-0.5874280555053014
RGI60-11.02590,2012,-0.5172317950365786
RGI60-11.02590,2013,-0.2670537944619736
RGI60-11.02590,2014,-0.4010921157103827
RGI60-11.02590,2015,-0.6383147695217983
RGI60-11.02590,2016,-0.647035112647664
RGI60-11.02590,2017,-0.669012291386665
RGI60-11.02590,2018,-1.2615538342686656
RGI60-11.02590,2019,-1.1290655261670295
RGI60-11.02590,2020,-0.5055189786477613
RGI60-11.02590,2021,-0.7333029465447911
RGI60-11.02590,2022,-1.9430190749423266
RGI60-11.02590,2023,-1.6754104785993889
RGI60-11.02590,2024,-1.496685672865464
RGI60-11.02593,2000,-0.5922258599160757
RGI60-11.02593,2001,0.01541631188941317
RGI60-11.02593,2002,-0.25600727488181607
RGI60-11.02593,2003,-1.167005096941303
RGI60-11.02593,2004,-0.5390834744912647
RGI60-11.02593,2005,-0.31842069025013453
RGI60-11.02593,2006,-0.5990745818605835
RGI60-11.02593,2007,-0.15372331938970668
RGI60-11.02593,2008,-0.6846130781712704
RGI60-11.02593,2009,-0.8950115611725784
RGI60-11.02593,2010,-0.3370667771574858
RGI60-11.02593,2011,-0.833533008848652
RGI60-11.02593,2012,-0.6970227964399529
RGI60-11.02593,2013,-0.28502380340141753
RGI60-11.02593,2014,-0.3085385533606265
RGI60-11.02593,2015,-0.7997540352123577
RGI60-11.02593,2016,-0.3486710349333675
RGI60-11.02593,2017,-0.8948322489639562
RGI60-11.02593,2018,-0.953052935824763
RGI60-11.02593,2019,-1.0414561806721063
RGI60-11.02593,2020,-0.6290250934064298
RGI60-11.02593,2021,-0.5110283254337902
RGI60-11.02593,2022,-1.7650021496160624
RGI60-11.02593,2023,-1.1284569577157388
RGI60-11.02593,2024,-1.090038303999871
RGI60-11.02594,2000,-0.14304964473388648
RGI60-11.02594,2001,-0.03882272858854657
RGI60-11.02594,2002,-0.054925489584637444
RGI60-11.02594,2003,-1.4645035492215412
RGI60-11.02594,2004,-0.5744254900173368
RGI60-11.02594,2005,-0.45119109380331385
RGI60-11.02594,2006,-0.1327145715712844
RGI60-11.02594,2007,0.014377715397947965
RGI60-11.02594,2008,-0.5298475668783078
RGI60-11.02594,2009,-1.248660010517677
RGI60-11.02594,2010,-0.35880960712545273
RGI60-11.02594,2011,-0.8529625349459251
RGI60-11.02594,2012,-0.5486388689301889
RGI60-11.02594,2013,-0.12873966014683097
RGI60-11.02594,2014,0.07254564632691785
RGI60-11.02594,2015,-0.43725097958001446
RGI60-11.02594,2016,-0.1981027642691241
RGI60-11.02594,2017,-0.984374345550536
RGI60-11.02594,2018,-0.9060561091109757
RGI60-11.02594,2019,-0.883748347149292
RGI60-11.02594,2020,-0.9542417779877452
RGI60-11.02594,2021,-0.2437947295654288
RGI60-11.02594,2022,-1.5677360278300214
RGI60-11.02594,2023,-1.1502332862926705
RGI60-11.02594,2024,-0.5375717775557184
RGI60-11.02596,2000,-0.27934299497342063
RGI60-11.02596,2001,0.15910238146516248
RGI60-11.02596,2002,0.05490866101278524
RGI60-11.02596,2003,-1.2435871552520343
RGI60-11.02596,2004,-0.5698773375353812
RGI60-11.02596,2005,-0.7734742203072784
RGI60-11.02596,2006,-0.12198362374091004
RGI60-11.02596,2007,0.22529249846862193
RGI60-11.02596,2008,-0.3273412923564867
RGI60-11.02596,2009,-0.5654831646251881
RGI60-11.02596,2010,-0.08809904942279667
RGI60-11.02596,2011,-0.8353440524823329
RGI60-11.02596,2012,-0.3772018826314944
RGI60-11.02596,2013,-0.17203478762545524
RGI60-11.02596,2014,0.12572636488196626
RGI60-11.02596,2015,-0.3741382003121977
RGI60-11.02596,2016,-0.1710162179990429
RGI60-11.02596,2017,-0.8156571867291319
RGI60-11.02596,2018,-0.8789905480880886
RGI60-11.02596,2019,-0.7664581917472983
RGI60-11.02596,2020,-0.8104306130864618
RGI60-11.02596,2021,-0.07549893025130255
RGI60-11.02596,2022,-1.6480492375109543
RGI60-11.02596,2023,-0.9765795228697915
RGI60-11.02596,2024,-0.539986097682445
RGI60-11.02600,2000,-0.8663109833859646
RGI60-11.02600,2001,-0.10622712861605366
RGI60-11.02600,2002,-0.7124494625667068
RGI60-11.02600,2003,-1.438448557571174
RGI60-11.02600,2004,-1.00204516514838
RGI60-11.02600,2005,-1.0241516730035436
RGI60-11.02600,2006,-0.5322521009111698
RGI60-11.02600,2007,-0.47780849647607726
RGI60-11.02600,2008,-0.9616837283931617
RGI60-11.02600,2009,-1.5101521862636285
RGI60-11.02600,2010,-1.0330387720848646
RGI60-11.02600,2011,-1.6114316056667093
RGI60-11.02600,2012,-0.6897814644309876
RGI60-11.02600,2013,-0.4568472334871235
RGI60-11.02600,2014,-1.0993333189162922
RGI60-11.02600,2015,-1.2405088787349277
RGI60-11.02600,2016,-0.7849950421380409
RGI60-11.02600,2017,-1.6800616838751519
RGI60-11.02600,2018,-1.5260155440509449
RGI60-11.02600,2019,-1.1038569742790987
RGI60-11.02600,2020,-0.8985221060586721
RGI60-11.02600,2021,-0.6729243699357443
RGI60-11.02600,2022,-2.2382806386764313
RGI60-11.02600,2023,-1.5754495620344373
RGI60-11.02600,2024,-1.1629627767359907
RGI60-11.02607,2000,-0.5316475681523417
RGI60-11.02607,2001,0.16894045365119548
RGI60-11.02607,2002,0.32363081413777367
RGI60-11.02607,2003,-1.042845871188373
RGI60-11.02607,2004,-0.5813095013006528
RGI60-11.02607,2005,-0.3068701379607559
RGI60-11.02607,2006,-0.10603730050946042
RGI60-11.02607,2007,0.38402386973992914
RGI60-11.02607,2008,-0.06658763896223349
RGI60-11.02607,2009,-0.32901063686654747
RGI60-11.02607,2010,-0.23954388135474744
RGI60-11.02607,2011,-0.48943649284402146
RGI60-11.02607,2012,-0.26326074267036564
RGI60-11.02607,2013,-0.04218465002488486
RGI60-11.02607,2014,0.38821381224251034
RGI60-11.02607,2015,-0.5397163028499139
RGI60-11.02607,2016,-0.15627462733522773
RGI60-11.02607,2017,-0.598878678857309
RGI60-11.02607,2018,-0.8549475267476219
RGI60-11.02607,2019,-0.9705573921469519
RGI60-11.02607,2020,-0.32215373460411306
RGI60-11.02607,2021,-0.12279825084925564
RGI60-11.02607,2022,-1.3475952996363085
RGI60-11.02607,2023,-0.9819022121628174
RGI60-11.02607,2024,-0.24182935828093244
RGI60-11.02623,2000,-0.5174398093196994
RGI60-11.02623,2001,0.5252520721410887
RGI60-11.02623,2002,0.12616533031294286
RGI60-11.02623,2003,-1.4633748125002854
RGI60-11.02623,2004,-0.7545165670515461
RGI60-11.02623,2005,-0.7533076496906366
RGI60-11.02623,2006,0.16216099565208208
RGI60-11.02623,2007,-0.042723470540297015
RGI60-11.02623,2008,-0.5426523792542547
RGI60-11.02623,2009,-1.5934439921981816
RGI60-11.02623,2010,-0.7034228934340677
RGI60-11.02623,2011,-1.411251125353585
RGI60-11.02623,2012,-1.139938415816933
RGI60-11.02623,2013,-0.12057483269964997
RGI60-11.02623,2014,-0.08722913839508417
RGI60-11.02623,2015,-0.45254474842075
RGI60-11.02623,2016,-0.4111395008553408
RGI60-11.02623,2017,-1.1488279089975004
RGI60-11.02623,2018,-1.4471394215393811
RGI60-11.02623,2019,-1.2528517320389119
RGI60-11.02623,2020,-0.583809492065779
RGI60-11.02623,2021,-0.3827436696216063
RGI60-11.02623,2022,-2.3164572665486505
RGI60-11.02623,2023,-1.2821351983347389
RGI60-11.02623,2024,-1.0212929967194535
RGI60-11.02624,2000,-0.4297999147143794
RGI60-11.02624,2001,0.22298395477161848
RGI60-11.02624,2002,0.052233075137096296
RGI60-11.02624,2003,-1.2508265961650769
RGI60-11.02624,2004,-0.644933237861443
RGI60-11.02624,2005,-0.5917028363643346
RGI60-11.02624,2006,-0.3289973139503654
RGI60-11.02624,2007,-0.0718950053162083
RGI60-11.02624,2008,-0.34599708481448604
RGI60-11.02624,2009,-0.6538744924844891
RGI60-11.02624,2010,-0.10177262256565156
RGI60-11.02624,2011,-0.8731892406960207
RGI60-11.02624,2012,-0.6157767040010038
RGI60-11.02624,2013,-0.11993771481559018
RGI60-11.02624,2014,-0.03059340901219404
RGI60-11.02624,2015,-0.3284677144121652
RGI60-11.02624,2016,-0.3718360825052801
RGI60-11.02624,2017,-0.8410235020056075
RGI60-11.02624,2018,-0.9135350329428737
RGI60-11.02624,2019,-0.7182585252815499
RGI60-11.02624,2020,-0.5591945571973636
RGI60-11.02624,2021,-0.3472599434963958
RGI60-11.02624,2022,-1.770730560642121
RGI60-11.02624,2023,-0.8774583091834136
RGI60-11.02624,2024,-0.6158094111135611
RGI60-11.02627,2000,-0.4085273940167223
RGI60-11.02627,2001,0.3593955398581723
RGI60-11.02627,2002,0.20844412945659985
RGI60-11.02627,2003,-1.1921526164439837
RGI60-11.02627,2004,-0.6170806100077657
RGI60-11.02627,2005,-0.3850849680130928
RGI60-11.02627,2006,-0.39414503918437327
RGI60-11.02627,2007,0.3056166582328086
RGI60-11.02627,2008,-0.025020664065578735
RGI60-11.02627,2009,-0.47726805634591346
RGI60-11.02627,2010,-0.5217701149647802
RGI60-11.02627,2011,-0.6599211730982895
RGI60-11.02627,2012,-0.5548278690883789
RGI60-11.02627,2013,0.02504618907948597
RGI60-11.02627,2014,0.37607136693540544
RGI60-11.02627,2015,-0.42517146888110957
RGI60-11.02627,2016,-0.6350031987597731
RGI60-11.02627,2017,-1.0576108857653521
RGI60-11.02627,2018,-0.9508156096352841
RGI60-11.02627,2019,-1.229874215292071
RGI60-11.02627,2020,-0.6351484964518177
RGI60-11.02627,2021,-0.31602629577380154
RGI60-11.02627,2022,-1.9227676096232567
RGI60-11.02627,2023,-1.0319099947473964
RGI60-11.02627,2024,-0.6095805384338692
RGI60-11.02628,2000,-0.3118772273230941
RGI60-11.02628,2001,-0.15249928380820954
RGI60-11.02628,2002,-0.2629893151017313
RGI60-11.02628,2003,-1.0309697408919278
RGI60-11.02628,2004,-0.962959456416371
RGI60-11.02628,2005,-0.9433451180504051
RGI60-11.02628,2006,-1.5766399667530764
RGI60-11.02628,2007,-0.20508108518929458
RGI60-11.02628,2008,-0.7530097966345828
RGI60-11.02628,2009,-0.38441064232547856
RGI60-11.02628,2010,-0.6334370256560374
RGI60-11.02628,2011,-1.1940363678703882
RGI60-11.02628,2012,-1.328926958232413
RGI60-11.02628,2013,-0.29421711324472793
RGI60-11.02628,2014,-0.15636996353663124
RGI60-11.02628,2015,-0.715653160214396
RGI60-11.02628,2016,-0.36819791337425467
RGI60-11.02628,2017,-1.2094966828247198
RGI60-11.02628,2018,-1.4047132094733386
RGI60-11.02628,2019,-0.6636699730789296
RGI60-11.02628,2020,-1.0420161556483882
RGI60-11.02628,2021,-0.5705304785761846
RGI60-11.02628,2022,-2.701924356506625
RGI60-11.02628,2023,-0.9762502112507446
RGI60-11.02628,2024,-1.1472520719313075
RGI60-11.02629,2000,-0.8227281372977624
RGI60-11.02629,2001,-0.3782600293832816
RGI60-11.02629,2002,-1.1008992221049791
RGI60-11.02629,2003,-1.7086211106673264
RGI60-11.02629,2004,-0.8558196539658484
RGI60-11.02629,2005,-0.7836272531444466
RGI60-11.02629,2006,-0.5382445879258776
RGI60-11.02629,2007,-0.14534460964317086
RGI60-11.02629,2008,-1.2552986520522385
RGI60-11.02629,2009,-1.5533918690396238
RGI60-11.02629,2010,-0.7788480189258865
RGI60-11.02629,2011,-1.3221523878974608
RGI60-11.02629,2012,-0.8487191261189496
RGI60-11.02629,2013,-0.5543303648036133
RGI60-11.02629,2014,-0.9981549884669115
RGI60-11.02629,2015,-1.0493212604725513
RGI60-11.02629,2016,-0.5146045367168912
RGI60-11.02629,2017,0.4406035593912132
RGI60-11.02629,2018,-0.15505282800072784
RGI60-11.02629,2019,-0.5134849227636674
RGI60-11.02629,2020,-1.0619655835811133
RGI60-11.02629,2021,-0.5007904436368732
RGI60-11.02629,2022,-2.1237680397961953
RGI60-11.02629,2023,-0.3656324782651251
RGI60-11.02629,2024,-1.4184315442795108
RGI60-11.02630,2000,-0.9038232944308708
RGI60-11.02630,2001,-0.2068899787488211
RGI60-11.02630,2002,-0.5208310902614419
RGI60-11.02630,2003,-1.6528748217945464
RGI60-11.02630,2004,-1.030505009746926
RGI60-11.02630,2005,-0.9250689825478607
RGI60-11.02630,2006,-0.8386971258854203
RGI60-11.02630,2007,-0.49521918417537614
RGI60-11.02630,2008,-1.109642157556337
RGI60-11.02630,2009,-1.2128048670207003
RGI60-11.02630,2010,-0.7817304768996817
RGI60-11.02630,2011,-1.5612512651166963
RGI60-11.02630,2012,-0.8831034825702565
RGI60-11.02630,2013,-0.5398214832227883
RGI60-11.02630,2014,-0.34739986707354353
RGI60-11.02630,2015,-0.8531896578289975
RGI60-11.02630,2016,-0.5187080610492278
RGI60-11.02630,2017,-1.0075948499188432
RGI60-11.02630,2018,-1.360162223100961
RGI60-11.02630,2019,-1.2933821210507017
RGI60-11.02630,2020,-0.9822236755314797
RGI60-11.02630,2021,-0.9419281385608467
RGI60-11.02630,2022,-2.2241556907095523
RGI60-11.02630,2023,-1.3889615238885797
RGI60-11.02630,2024,-1.426771697148371
RGI60-11.02634,2000,-0.7517033152132178
RGI60-11.02634,2001,0.21808954153772708
RGI60-11.02634,2002,-0.5554134958649607
RGI60-11.02634,2003,-1.5760763400613722
RGI60-11.02634,2004,-0.956598456609963
RGI60-11.02634,2005,-0.8449430609067659
RGI60-11.02634,2006,-0.4533534753270258
RGI60-11.02634,2007,-0.2543324480160699
RGI60-11.02634,2008,-0.6921211966730407
RGI60-11.02634,2009,-1.5273056370044422
RGI60-11.02634,2010,-0.6852256009386595
RGI60-11.02634,2011,-1.4794121451911462
RGI60-11.02634,2012,-1.0323952324047605
RGI60-11.02634,2013,-0.3003784191483534
RGI60-11.02634,2014,-0.6888817890256949
RGI60-11.02634,2015,-1.167753817673775
RGI60-11.02634,2016,-0.5265964527027673
RGI60-11.02634,2017,-1.522101692222734
RGI60-11.02634,2018,-1.3676802841797047
RGI60-11.02634,2019,-1.4498166823732763
RGI60-11.02634,2020,-0.7268623274819259
RGI60-11.02634,2021,-0.7380119812514371
RGI60-11.02634,2022,-2.0766904983701764
RGI60-11.02634,2023,-0.9494959268141988
RGI60-11.02634,2024,-1.1346539983359192
RGI60-11.02640,2000,-0.7410522509084139
RGI60-11.02640,2001,0.27109763478755344
RGI60-11.02640,2002,-0.605712470172689
RGI60-11.02640,2003,-1.599366684454359
RGI60-11.02640,2004,-0.7615712037285552
RGI60-11.02640,2005,-0.755827675851324
RGI60-11.02640,2006,-0.6274096965224587
RGI60-11.02640,2007,-0.3149638255057622
RGI60-11.02640,2008,-0.9889248298563645
RGI60-11.02640,2009,-1.6795164556856013
RGI60-11.02640,2010,-0.5356611636200304
RGI60-11.02640,2011,-1.648671387566241
RGI60-11.02640,2012,-1.0025415775948214
RGI60-11.02640,2013,-0.25163594031373426
RGI60-11.02640,2014,-0.6071757836698447
RGI60-11.02640,2015,-1.3180600610253612
RGI60-11.02640,2016,-0.3874038905138809
RGI60-11.02640,2017,-1.631808257839198
RGI60-11.02640,2018,-1.349968059270985
RGI60-11.02640,2019,-1.318826420687929
RGI60-11.02640,2020,-0.6638864432542717
RGI60-11.02640,2021,-0.683298864037006
RGI60-11.02640,2022,-2.358868642631222
RGI60-11.02640,2023,-1.8026725668464496
RGI60-11.02640,2024,-1.132344786634235
RGI60-11.02645,2000,-0.46584622474881093
RGI60-11.02645,2001,-0.28326196913587487
RGI60-11.02645,2002,-0.32980824241379575
RGI60-11.02645,2003,-1.4587553471047285
RGI60-11.02645,2004,-1.0947119442520896
RGI60-11.02645,2005,-0.8191039986146652
RGI60-11.02645,2006,-0.5054360660763986
RGI60-11.02645,2007,-0.41052531341326487
RGI60-11.02645,2008,-0.9041429536539113
RGI60-11.02645,2009,-1.3506462834075579
RGI60-11.02645,2010,-0.42818381523312427
RGI60-11.02645,2011,-1.2533279355776445
RGI60-11.02645,2012,-0.9010966658689736
RGI60-11.02645,2013,-0.49775700104932685
RGI60-11.02645,2014,-0.32883612946434826
RGI60-11.02645,2015,-0.7718558036262569
RGI60-11.02645,2016,-0.5100426141006538
RGI60-11.02645,2017,-1.0699894580948504
RGI60-11.02645,2018,-1.1441951174668286
RGI60-11.02645,2019,-1.126277116696896
RGI60-11.02645,2020,-0.9587564675136548
RGI60-11.02645,2021,-0.7627114782699023
RGI60-11.02645,2022,-1.8442175383387776
RGI60-11.02645,2023,-1.264688538233627
RGI60-11.02645,2024,-1.0137661458340146
RGI60-11.02652,2000,-0.7329175491200837
RGI60-11.02652,2001,0.14622918561241383
RGI60-11.02652,2002,0.3191750306820234
RGI60-11.02652,2003,-1.2314685291482648
RGI60-11.02652,2004,-0.8943451588554376
RGI60-11.02652,2005,-0.4738850027002752
RGI60-11.02652,2006,-0.0969789250758549
RGI60-11.02652,2007,0.4887642897798881
RGI60-11.02652,2008,0.003042072072347357
RGI60-11.02652,2009,-0.37780872044245173
RGI60-11.02652,2010,-0.377253474027367
RGI60-11.02652,2011,-0.33516972892688784
RGI60-11.02652,2012,-0.4319857344327331
RGI60-11.02652,2013,0.0765109592104416
RGI60-11.02652,2014,0.14809999720366862
RGI60-11.02652,2015,-0.29608787614690696
RGI60-11.02652,2016,0.041942577976711415
RGI60-11.02652,2017,-0.7229483258183582
RGI60-11.02652,2018,-0.42808292815153715
RGI60-11.02652,2019,-1.1031321596913297
RGI60-11.02652,2020,-0.6011904227406781
RGI60-11.02652,2021,-0.25473651898508826
RGI60-11.02652,2022,-1.64309607262592
RGI60-11.02652,2023,-1.0025973911854469
RGI60-11.02652,2024,-0.6060638015585798
RGI60-11.02669,2000,-0.893694094387357
RGI60-11.02669,2001,-0.064188553327854
RGI60-11.02669,2002,-0.2220674765377767
RGI60-11.02669,2003,-1.6488395144981003
RGI60-11.02669,2004,-0.9029072534164282
RGI60-11.02669,2005,-0.7842058434777166
RGI60-11.02669,2006,-0.7036678911779208
RGI60-11.02669,2007,-0.39675479798753643
RGI60-11.02669,2008,-0.6883449825562948
RGI60-11.02669,2009,-1.2603813395199508
RGI60-11.02669,2010,-0.6589150562810264
RGI60-11.02669,2011,-1.4509998113990552
RGI60-11.02669,2012,-1.0489176925920438
RGI60-11.02669,2013,-0.21473521522943795
RGI60-11.02669,2014,-0.5097748325000979
RGI60-11.02669,2015,-0.9834284932253575
RGI60-11.02669,2016,-0.6965688291294446
RGI60-11.02669,2017,-1.4107355133539585
RGI60-11.02669,2018,-1.1610499760043984
RGI60-11.02669,2019,-1.113522833398252
RGI60-11.02669,2020,-1.0390745755506012
RGI60-11.02669,2021,-0.3869297245448519
RGI60-11.02669,2022,-2.1246144130815696
RGI60-11.02669,2023,-1.4191800616203902
RGI60-11.02669,2024,-1.0728625849660163
RGI60-11.02670,2000,-0.37744462164074094
RGI60-11.02670,2001,-0.054156083804524746
RGI60-11.02670,2002,-0.0029561514413102286
RGI60-11.02670,2003,-1.4622116755676595
RGI60-11.02670,2004,-0.5919538178602454
RGI60-11.02670,2005,-0.4986712603506061
RGI60-11.02670,2006,-0.25656535847878015
RGI60-11.02670,2007,0.6232256569191662
RGI60-11.02670,2008,-0.25646739835532983
RGI60-11.02670,2009,-0.5787145535039405
RGI60-11.02670,2010,-0.7820666030821346
RGI60-11.02670,2011,-0.46611221558839694
RGI60-11.02670,2012,-0.46962976588228633
RGI60-11.02670,2013,-0.19366697709197733
RGI60-11.02670,2014,0.29831572754227087
RGI60-11.02670,2015,-0.37166248759983256
RGI60-11.02670,2016,0.026111195995159375
RGI60-11.02670,2017,-0.9716749509411101
RGI60-11.02670,2018,-0.6607475320364784
RGI60-11.02670,2019,-1.2376511272312385
RGI60-11.02670,2020,-0.2665937615160049
RGI60-11.02670,2021,-0.5140991051819555
RGI60-11.02670,2022,-1.3767820263693706
RGI60-11.02670,2023,-0.6064135683994112
RGI60-11.02670,2024,-1.1604615609461881
RGI60-11.02676,2000,-0.4104555829394939
RGI60-11.02676,2001,0.2408950730383247
RGI60-11.02676,2002,0.08769623870947907
RGI60-11.02676,2003,-1.6504460785385453
RGI60-11.02676,2004,-0.8718130113128251
RGI60-11.02676,2005,-0.7532422950396335
RGI60-11.02676,2006,-0.33617498667664414
RGI60-11.02676,2007,-0.30020489990529503
RGI60-11.02676,2008,-0.23612675288612167
RGI60-11.02676,2009,-1.0163644261411626
RGI60-11.02676,2010,-0.4793035107304577
RGI60-11.02676,2011,-1.133360805312316
RGI60-11.02676,2012,-0.49109906000243314
RGI60-11.02676,2013,-0.001217813776258958
RGI60-11.02676,2014,0.06056848753645416
RGI60-11.02676,2015,-0.605629368478867
RGI60-11.02676,2016,-0.27662979959036393
RGI60-11.02676,2017,-0.9749668337866519
RGI60-11.02676,2018,-1.0546301426159976
RGI60-11.02676,2019,-0.9872944315511802
RGI60-11.02676,2020,-0.7629360457416301
RGI60-11.02676,2021,-0.4002835079109299
RGI60-11.02676,2022,-1.5548412614800995
RGI60-11.02676,2023,-1.3011197805920536
RGI60-11.02676,2024,-1.0355796274694253
RGI60-11.02678,2000,-0.36682801053700625
RGI60-11.02678,2001,0.11894497296050544
RGI60-11.02678,2002,0.13726940556602962
RGI60-11.02678,2003,-1.5410187272390712
RGI60-11.02678,2004,-0.7874695194530137
RGI60-11.02678,2005,-0.4240954856535464
RGI60-11.02678,2006,-0.2708842322871319
RGI60-11.02678,2007,0.028922243200729225
RGI60-11.02678,2008,-0.22150261963111778
RGI60-11.02678,2009,-1.024462763042098
RGI60-11.02678,2010,-0.38693629520538286
RGI60-11.02678,2011,-1.374681769815614
RGI60-11.02678,2012,-0.7594904220271449
RGI60-11.02678,2013,0.017965711210304658
RGI60-11.02678,2014,-0.21944007397849374
RGI60-11.02678,2015,-0.8394144197832383
RGI60-11.02678,2016,-0.24290785885948046
RGI60-11.02678,2017,-1.114234895644073
RGI60-11.02678,2018,-1.2256935867743128
RGI60-11.02678,2019,-1.2139416530068368
RGI60-11.02678,2020,-0.7025489690957772
RGI60-11.02678,2021,-0.2431571113885776
RGI60-11.02678,2022,-1.893317313383684
RGI60-11.02678,2023,-1.4192153474564946
RGI60-11.02678,2024,-0.6804020048135129
RGI60-11.02679,2000,-0.6257644950846003
RGI60-11.02679,2001,-0.01307775999233285
RGI60-11.02679,2002,-0.12509329708870265
RGI60-11.02679,2003,-1.4487474894206174
RGI60-11.02679,2004,-0.8208511183294459
RGI60-11.02679,2005,-0.7957206667408104
RGI60-11.02679,2006,-0.3872112802309031
RGI60-11.02679,2007,-0.31169499231360315
RGI60-11.02679,2008,-0.6147665030953268
RGI60-11.02679,2009,-0.7894357635901808
RGI60-11.02679,2010,-0.2819460711273728
RGI60-11.02679,2011,-1.0317411932772846
RGI60-11.02679,2012,-1.0276459391932249
RGI60-11.02679,2013,-0.19689623105223103
RGI60-11.02679,2014,-0.3011132989114358
RGI60-11.02679,2015,-0.5210646283987949
RGI60-11.02679,2016,-0.6463585752328443
RGI60-11.02679,2017,-1.0566145122820227
RGI60-11.02679,2018,-1.091914085303519
RGI60-11.02679,2019,-0.9482420993347536
RGI60-11.02679,2020,-0.8848297340202802
RGI60-11.02679,2021,-0.5669519687656784
RGI60-11.02679,2022,-2.000955571959845
RGI60-11.02679,2023,-1.2928336966205252
RGI60-11.02679,2024,-0.7935541648904654
RGI60-11.02680,2000,-0.9156692081578602
RGI60-11.02680,2001,0.08361465396930856
RGI60-11.02680,2002,-0.26766116909424503
RGI60-11.02680,2003,-1.3602625548596512
RGI60-11.02680,2004,-0.7438269240060759
RGI60-11.02680,2005,-0.5588441038556378
RGI60-11.02680,2006,-0.6026944907070277
RGI60-11.02680,2007,-0.21025864007317396
RGI60-11.02680,2008,-0.6703407584094853
RGI60-11.02680,2009,-0.7047131958711739
RGI60-11.02680,2010,-0.3886417880887488
RGI60-11.02680,2011,-1.0093507546808718
RGI60-11.02680,2012,-0.5274200968261588
RGI60-11.02680,2013,-0.4744593039275843
RGI60-11.02680,2014,-0.12610944011395875
RGI60-11.02680,2015,-0.5011471403865304
RGI60-11.02680,2016,-0.23274145097281368
RGI60-11.02680,2017,-0.9478004207554459
RGI60-11.02680,2018,-0.9613903577179109
RGI60-11.02680,2019,-0.9993828554649682
RGI60-11.02680,2020,-0.5473649803697352
RGI60-11.02680,2021,-0.488293253495673
RGI60-11.02680,2022,-1.2617328129106955
RGI60-11.02680,2023,-0.7410023280144957
RGI60-11.02680,2024,-1.1296062041876294
RGI60-11.02691,2000,-0.5726451002018746
RGI60-11.02691,2001,0.29730817861462255
RGI60-11.02691,2002,-0.4163300448117773
RGI60-11.02691,2003,-1.1010166050859702
RGI60-11.02691,2004,-0.7586661049773566
RGI60-11.02691,2005,-0.857873091998603
RGI60-11.02691,2006,-0.4715544905899726
RGI60-11.02691,2007,-0.3101797778235154
RGI60-11.02691,2008,-0.8190791109071714
RGI60-11.02691,2009,-1.5065846848913114
RGI60-11.02691,2010,-0.44850274074715535
RGI60-11.02691,2011,-1.4619703250235752
RGI60-11.02691,2012,-0.6204949556441961
RGI60-11.02691,2013,-0.14359636605886472
RGI60-11.02691,2014,-0.6379567845380218
RGI60-11.02691,2015,-1.0351871327511672
RGI60-11.02691,2016,-0.37762082555754345
RGI60-11.02691,2017,-1.165933345753119
RGI60-11.02691,2018,-1.1720108143048504
RGI60-11.02691,2019,-1.1077058769485726
RGI60-11.02691,2020,-0.49476134210094236
RGI60-11.02691,2021,-0.477781211183238
RGI60-11.02691,2022,-1.7726763935192302
RGI60-11.02691,2023,-1.3268760328679656
RGI60-11.02691,2024,-0.8662398471834165
RGI60-11.02695,2000,-0.4641811390085316
RGI60-11.02695,2001,0.22002635313743624
RGI60-11.02695,2002,0.15640443079988475
RGI60-11.02695,2003,-1.63469564797999
RGI60-11.02695,2004,-0.9851314091000143
RGI60-11.02695,2005,-0.43508043622124326
RGI60-11.02695,2006,-0.49458657796713157
RGI60-11.02695,2007,0.0625668625299921
RGI60-11.02695,2008,-0.2300290795685051
RGI60-11.02695,2009,-0.9292260555669192
RGI60-11.02695,2010,-0.4102311544592846
RGI60-11.02695,2011,-0.7875504955376345
RGI60-11.02695,2012,-0.7160440769828983
RGI60-11.02695,2013,-0.04556728317087522
RGI60-11.02695,2014,0.009130756918646954
RGI60-11.02695,2015,-0.4674836735882522
RGI60-11.02695,2016,-0.38949375549120974
RGI60-11.02695,2017,-0.9773787221962849
RGI60-11.02695,2018,-0.946389144350932
RGI60-11.02695,2019,-1.3156597521962592
RGI60-11.02695,2020,-0.8331350237041499
RGI60-11.02695,2021,-0.6297887006368592
RGI60-11.02695,2022,-2.3775739805894784
RGI60-11.02695,2023,-1.0987935948562324
RGI60-11.02695,2024,-1.0691952107041804
RGI60-11.02704,2000,-0.5745558280188581
RGI60-11.02704,2001,0.04377736430161561
RGI60-11.02704,2002,0.3114152725279662
RGI60-11.02704,2003,-1.5047450882646771
RGI60-11.02704,2004,-0.882422523768265
RGI60-11.02704,2005,-0.5698097057591542
RGI60-11.02704,2006,-0.38283684957855624
RGI60-11.02704,2007,-0.12255865167439361
RGI60-11.02704,2008,-0.49913922173277314
RGI60-11.02704,2009,-0.604934331773188
RGI60-11.02704,2010,-0.22793072755529875
RGI60-11.02704,2011,-0.7037265388478603
RGI60-11.02704,2012,-0.882667184849395
RGI60-11.02704,2013,-0.0918775850886045
RGI60-11.02704,2014,-0.06715500285903292
RGI60-11.02704,2015,-0.47257655742098886
RGI60-11.02704,2016,-0.5597179231090762
RGI60-11.02704,2017,-0.9198181926633696
RGI60-11.02704,2018,-1.0504645741851597
RGI60-11.02704,2019,-0.8696561496809236
RGI60-11.02704,2020,-0.8961302519484016
RGI60-11.02704,2021,-0.5756582070446974
RGI60-11.02704,2022,-2.069336507442221
RGI60-11.02704,2023,-1.2581470941199275
RGI60-11.02704,2024,-0.7274722731443175
RGI60-11.02706,2000,-0.5172362929541366
RGI60-11.02706,2001,0.23241344713601841
RGI60-11.02706,2002,0.142874694162204
RGI60-11.02706,2003,-1.1356798907775536
RGI60-11.02706,2004,-0.4356961928951748
RGI60-11.02706,2005,-0.32452980449202384
RGI60-11.02706,2006,-0.5530793772630836
RGI60-11.02706,2007,0.02475114299736042
RGI60-11.02706,2008,-0.27538017657672675
RGI60-11.02706,2009,-0.6937068414668013
RGI60-11.02706,2010,-0.2512177245737375
RGI60-11.02706,2011,-0.6657400475825935
RGI60-11.02706,2012,-0.41607479171384487
RGI60-11.02706,2013,-0.10276181302069543
RGI60-11.02706,2014,0.2523315880476277
RGI60-11.02706,2015,-0.3756122361946331
RGI60-11.02706,2016,0.009387645335027006
RGI60-11.02706,2017,-0.7777940393761646
RGI60-11.02706,2018,-0.8163263337538487
RGI60-11.02706,2019,-0.8680229550372198
RGI60-11.02706,2020,-0.322105326038133
RGI60-11.02706,2021,-0.19971111105199388
RGI60-11.02706,2022,-2.0253707592587373
RGI60-11.02706,2023,-1.0103340874999263
RGI60-11.02706,2024,-0.9060024837208744
RGI60-11.02709,2000,-0.6048205529064314
RGI60-11.02709,2001,-0.041525823505156434
RGI60-11.02709,2002,-0.09160144242630208
RGI60-11.02709,2003,-1.1248144397911992
RGI60-11.02709,2004,-0.5828923428241032
RGI60-11.02709,2005,-0.3781694918661871
RGI60-11.02709,2006,-0.3545664636491899
RGI60-11.02709,2007,-0.27226626166037304
RGI60-11.02709,2008,-0.5438105552775298
RGI60-11.02709,2009,-1.060971952180219
RGI60-11.02709,2010,-0.4584548102715402
RGI60-11.02709,2011,-0.8747796981197153
RGI60-11.02709,2012,-0.7550169196952699
RGI60-11.02709,2013,-0.4517679655411234
RGI60-11.02709,2014,-0.2447328556737849
RGI60-11.02709,2015,-0.538616370403022
RGI60-11.02709,2016,-0.41327817165212377
RGI60-11.02709,2017,-0.9560686482320029
RGI60-11.02709,2018,-1.1362139965631048
RGI60-11.02709,2019,-1.3653312377616231
RGI60-11.02709,2020,-0.7327161767077167
RGI60-11.02709,2021,-0.597409707348329
RGI60-11.02709,2022,-2.168449954313374
RGI60-11.02709,2023,-1.2683357462896776
RGI60-11.02709,2024,-0.955639328043861
RGI60-11.02711,2000,-0.3348316727592715
RGI60-11.02711,2001,0.3249204550631006
RGI60-11.02711,2002,0.1847971462601628
RGI60-11.02711,2003,-1.3729353831694198
RGI60-11.02711,2004,-0.7655661579857558
RGI60-11.02711,2005,-0.2752207557274422
RGI60-11.02711,2006,-0.36633810462393834
RGI60-11.02711,2007,0.10010594428535241
RGI60-11.02711,2008,0.009308948258350047
RGI60-11.02711,2009,-0.5716134313078394
RGI60-11.02711,2010,-0.1502918180626554
RGI60-11.02711,2011,-0.5713088526096682
RGI60-11.02711,2012,-0.5507200931500416
RGI60-11.02711,2013,0.08403101222579057
RGI60-11.02711,2014,-0.0375995081277638
RGI60-11.02711,2015,-0.4362344500566527
RGI60-11.02711,2016,-0.31239487717540343
RGI60-11.02711,2017,-0.796577936882749
RGI60-11.02711,2018,-0.7393073821412242
RGI60-11.02711,2019,-0.9738230823129266
RGI60-11.02711,2020,-0.8000105815133276
RGI60-11.02711,2021,-0.4096953939672436
RGI60-11.02711,2022,-2.0347983247346053
RGI60-11.02711,2023,-0.9713398078031381
RGI60-11.02711,2024,-0.8216694688021341
RGI60-11.02715,2000,-0.6414237316706785
RGI60-11.02715,2001,-0.1782360821455145
RGI60-11.02715,2002,-0.2749475477513697
RGI60-11.02715,2003,-1.0756540701967743
RGI60-11.02715,2004,-0.8055190468692164
RGI60-11.02715,2005,-0.5758439709701609
RGI60-11.02715,2006,-0.632709094197827
RGI60-11.02715,2007,-0.25330278055551336
RGI60-11.02715,2008,-0.44488000397375194
RGI60-11.02715,2009,-0.9314585384659577
RGI60-11.02715,2010,-0.41075325655613537
RGI60-11.02715,2011,-0.7715361187536286
RGI60-11.02715,2012,-0.5511081544184414
RGI60-11.02715,2013,-0.41347917381415755
RGI60-11.02715,2014,-0.3431719871185112
RGI60-11.02715,2015,-0.47409943586230274
RGI60-11.02715,2016,-0.5333553246527135
RGI60-11.02715,2017,-0.8306799486336054
RGI60-11.02715,2018,-1.1774409042359393
RGI60-11.02715,2019,-1.1164008291578067
RGI60-11.02715,2020,-0.6878677882856721
RGI60-11.02715,2021,-0.5553088147777419
RGI60-11.02715,2022,-1.7248263278127975
RGI60-11.02715,2023,-0.965225105543861
RGI60-11.02715,2024,-0.9391673454538985
RGI60-11.02718,2000,-0.7516853282449916
RGI60-11.02718,2001,0.1578785723438597
RGI60-11.02718,2002,-0.3365587060093429
RGI60-11.02718,2003,-1.4975363229187084
RGI60-11.02718,2004,-0.9901435375920171
RGI60-11.02718,2005,-0.8841313732296437
RGI60-11.02718,2006,-0.3743585446840837
RGI60-11.02718,2007,-0.6620138884410103
RGI60-11.02718,2008,-0.5639224099525885
RGI60-11.02718,2009,-1.1455905814326244
RGI60-11.02718,2010,-0.6998546501056331
RGI60-11.02718,2011,-1.5066745276810667
RGI60-11.02718,2012,-0.7695255659408543
RGI60-11.02718,2013,-0.14437614400109977
RGI60-11.02718,2014,-0.1917554728076417
RGI60-11.02718,2015,-0.6544728932195983
RGI60-11.02718,2016,-0.5486164494561911
RGI60-11.02718,2017,-1.4535219815298681
RGI60-11.02718,2018,-1.1513597869234669
RGI60-11.02718,2019,-0.8848804081734287
RGI60-11.02718,2020,-0.7892252313538194
RGI60-11.02718,2021,-0.3622605821736839
RGI60-11.02718,2022,-1.4049309608994927
RGI60-11.02718,2023,-1.6566140830710343
RGI60-11.02718,2024,-0.8933731512176551
RGI60-11.02726,2000,-0.3129013368317079
RGI60-11.02726,2001,0.09433721467783018
RGI60-11.02726,2002,0.22874224817613287
RGI60-11.02726,2003,-1.208159426690404
RGI60-11.02726,2004,-0.7141968812406455
RGI60-11.02726,2005,-0.45811848403383415
RGI60-11.02726,2006,-0.17708977409232668
RGI60-11.02726,2007,0.018900246457537795
RGI60-11.02726,2008,-0.1603661222388093
RGI60-11.02726,2009,-0.7532194443761808
RGI60-11.02726,2010,-0.3725241641263559
RGI60-11.02726,2011,-1.1380302697194402
RGI60-11.02726,2012,-0.3641833632696019
RGI60-11.02726,2013,-0.35495432462359794
RGI60-11.02726,2014,0.15012389013641203
RGI60-11.02726,2015,-0.414982055114359
RGI60-11.02726,2016,-0.208789522209462
RGI60-11.02726,2017,-0.9577698149497512
RGI60-11.02726,2018,-0.8482154912352422
RGI60-11.02726,2019,-0.9691031246961906
RGI60-11.02726,2020,-0.7023243031842523
RGI60-11.02726,2021,-0.4327721137864173
RGI60-11.02726,2022,-1.6066927936259692
RGI60-11.02726,2023,-1.3070619299981647
RGI60-11.02726,2024,-0.7969133166212554
RGI60-11.02730,2000,-0.08294291454267474
RGI60-11.02730,2001,0.2577814124327499
RGI60-11.02730,2002,0.41491958021914854
RGI60-11.02730,2003,-1.2389052338311226
RGI60-11.02730,2004,-0.1270023260361921
RGI60-11.02730,2005,-0.24975033631119958
RGI60-11.02730,2006,-0.3655170354185625
RGI60-11.02730,2007,0.4535279254367658
RGI60-11.02730,2008,-0.35279444160060724
RGI60-11.02730,2009,-0.7169720818822904
RGI60-11.02730,2010,-0.1548508525359998
RGI60-11.02730,2011,-0.2786488934406368
RGI60-11.02730,2012,0.0030678464210012746
RGI60-11.02730,2013,0.04471572421719602
RGI60-11.02730,2014,0.5782645786157576
RGI60-11.02730,2015,-0.23148470922632
RGI60-11.02730,2016,-0.020147068423457315
RGI60-11.02730,2017,-0.5778725701592161
RGI60-11.02730,2018,-0.8073657732760244
RGI60-11.02730,2019,-0.8297228306583136
RGI60-11.02730,2020,-0.46848907928235295
RGI60-11.02730,2021,-0.14497454128422482
RGI60-11.02730,2022,-1.5451016821177204
RGI60-11.02730,2023,-0.40397965648366574
RGI60-11.02730,2024,-0.5839797681746509
RGI60-11.02734,2000,-0.4685113486404403
RGI60-11.02734,2001,0.2160254024180686
RGI60-11.02734,2002,0.23420721744610778
RGI60-11.02734,2003,-1.2654606154270058
RGI60-11.02734,2004,-0.6168345140004743
RGI60-11.02734,2005,-0.3998542606492482
RGI60-11.02734,2006,-0.6289273497387188
RGI60-11.02734,2007,0.07739917782855926
RGI60-11.02734,2008,-0.5637498249573044
RGI60-11.02734,2009,-0.8717078207167703
RGI60-11.02734,2010,-0.32952818194298245
RGI60-11.02734,2011,-0.6229045871232914
RGI60-11.02734,2012,-0.46488927277614617
RGI60-11.02734,2013,-0.34675792168252045
RGI60-11.02734,2014,0.004168374324490132
RGI60-11.02734,2015,-0.30138609191210786
RGI60-11.02734,2016,-0.07661402479788504
RGI60-11.02734,2017,-0.8152955037187464
RGI60-11.02734,2018,-1.0251546215033216
RGI60-11.02734,2019,-1.0291242324302656
RGI60-11.02734,2020,-0.6364001363643141
RGI60-11.02734,2021,-0.2984928691032211
RGI60-11.02734,2022,-2.035120559339214
RGI60-11.02734,2023,-0.7296936275277264
RGI60-11.02734,2024,-0.8419687735054047
RGI60-11.02737,2000,-0.5642985675881209
RGI60-11.02737,2001,0.1006056275614482
RGI60-11.02737,2002,0.0446358298671764
RGI60-11.02737,2003,-1.2460345896674632
RGI60-11.02737,2004,-0.886511502554647
RGI60-11.02737,2005,-0.5954894423528841
RGI60-11.02737,2006,-0.4966879581953037
RGI60-11.02737,2007,-0.17194232673386328
RGI60-11.02737,2008,-0.3592921766120414
RGI60-11.02737,2009,-0.8636959480620274
RGI60-11.02737,2010,-0.44234963614356637
RGI60-11.02737,2011,-1.061260135689357
RGI60-11.02737,2012,-0.6168096954363258
RGI60-11.02737,2013,-0.3575126973957654
RGI60-11.02737,2014,-0.06651691842909713
RGI60-11.02737,2015,-0.41923892195913715
RGI60-11.02737,2016,-0.19643766005690944
RGI60-11.02737,2017,-1.0511828917678225
RGI60-11.02737,2018,-1.0861982615009227
RGI60-11.02737,2019,-1.1821821272833652
RGI60-11.02737,2020,-1.0284603512362174
RGI60-11.02737,2021,-0.5971542801393495
RGI60-11.02737,2022,-1.864181471501698
RGI60-11.02737,2023,-1.184759832310354
RGI60-11.02737,2024,-1.2003104942265028
RGI60-11.02739,2000,-1.024935317031743
RGI60-11.02739,2001,-0.22868164580412487
RGI60-11.02739,2002,-0.4074054251640311
RGI60-11.02739,2003,-1.6215359683609734
RGI60-11.02739,2004,-1.1556537365118826
RGI60-11.02739,2005,-0.942396577551554
RGI60-11.02739,2006,-0.8780248931847745
RGI60-11.02739,2007,-0.48730014135322175
RGI60-11.02739,2008,-0.7888581823958912
RGI60-11.02739,2009,-1.1886920099333986
RGI60-11.02739,2010,-0.7145636336538571
RGI60-11.02739,2011,-1.233978055677972
RGI60-11.02739,2012,-1.1167539822328334
RGI60-11.02739,2013,-0.6438794299650139
RGI60-11.02739,2014,-0.6242087915085583
RGI60-11.02739,2015,-0.8713248217871437
RGI60-11.02739,2016,-0.5353169736927524
RGI60-11.02739,2017,-0.8466023642219055
RGI60-11.02739,2018,-1.4256669035532314
RGI60-11.02739,2019,-1.533521146415138
RGI60-11.02739,2020,-0.9398228184048126
RGI60-11.02739,2021,-0.7907458833832941
RGI60-11.02739,2022,-2.0029690245003295
RGI60-11.02739,2023,-1.666927984123679
RGI60-11.02739,2024,-1.1504348281524766
RGI60-11.02740,2000,-0.4655529822136738
RGI60-11.02740,2001,0.17644299249462092
RGI60-11.02740,2002,-0.27704568152532544
RGI60-11.02740,2003,-0.9916251249088888
RGI60-11.02740,2004,-0.4768337013638515
RGI60-11.02740,2005,-0.6296825579391933
RGI60-11.02740,2006,-0.33919982741852317
RGI60-11.02740,2007,-0.22761385060429284
RGI60-11.02740,2008,-0.5150656828301914
RGI60-11.02740,2009,-1.4935476878588054
RGI60-11.02740,2010,-0.2561348850724536
RGI60-11.02740,2011,-0.795134410600945
RGI60-11.02740,2012,-0.5560788420238691
RGI60-11.02740,2013,-0.3134335038810183
RGI60-11.02740,2014,-0.4339960934514028
RGI60-11.02740,2015,-0.6690708351235501
RGI60-11.02740,2016,-0.4309309830818667
RGI60-11.02740,2017,-0.9262227182469814
RGI60-11.02740,2018,-1.2315018990229076
RGI60-11.02740,2019,-1.1469717253268799
RGI60-11.02740,2020,-0.6194975087420259
RGI60-11.02740,2021,-0.5943329148930578
RGI60-11.02740,2022,-1.7388423115347824
RGI60-11.02740,2023,-0.9897189315762882
RGI60-11.02740,2024,-0.6464624587183823
RGI60-11.02742,2000,-0.38198158514876435
RGI60-11.02742,2001,0.15063256757158772
RGI60-11.02742,2002,0.15938606706635816
RGI60-11.02742,2003,-1.4182063444881519
RGI60-11.02742,2004,-0.6718307973326496
RGI60-11.02742,2005,-0.3375786829241237
RGI60-11.02742,2006,-0.4150457191350447
RGI60-11.02742,2007,0.06318921710653269
RGI60-11.02742,2008,-0.31022642304530357
RGI60-11.02742,2009,-0.43649654836066
RGI60-11.02742,2010,-0.1490456427686847
RGI60-11.02742,2011,-0.6434638337300183
RGI60-11.02742,2012,-0.8470246630196655
RGI60-11.02742,2013,0.0956850640446878
RGI60-11.02742,2014,-0.1460004260936849
RGI60-11.02742,2015,-0.5136471256802604
RGI60-11.02742,2016,-0.5580902416449787
RGI60-11.02742,2017,-1.107923154367422
RGI60-11.02742,2018,-0.8332086636970861
RGI60-11.02742,2019,-1.1236230643526688
RGI60-11.02742,2020,-0.7914716798299639
RGI60-11.02742,2021,-0.5202565561614274
RGI60-11.02742,2022,-1.8678943868086
RGI60-11.02742,2023,-1.1318581051437913
RGI60-11.02742,2024,-0.9185601866244744
RGI60-11.02743,2000,-0.895778534152051
RGI60-11.02743,2001,0.2878109534073936
RGI60-11.02743,2002,-0.44851560644903543
RGI60-11.02743,2003,-1.6006601144099175
RGI60-11.02743,2004,-0.9384645743273942
RGI60-11.02743,2005,-1.0352389727073552
RGI60-11.02743,2006,-0.2721048303297894
RGI60-11.02743,2007,-0.37023207335685315
RGI60-11.02743,2008,-1.0307953467804345
RGI60-11.02743,2009,-1.4624308393830447
RGI60-11.02743,2010,-0.6972121743092821
RGI60-11.02743,2011,-1.423197070290525
RGI60-11.02743,2012,-0.8135752166328781
RGI60-11.02743,2013,-0.35482148256007195
RGI60-11.02743,2014,-0.7632819722262009
RGI60-11.02743,2015,-1.1853054687545055
RGI60-11.02743,2016,-0.5430777429218328
RGI60-11.02743,2017,-1.5530387621680655
RGI60-11.02743,2018,-1.4005788733258768
RGI60-11.02743,2019,-1.3368012983222868
RGI60-11.02743,2020,-0.9776615904381839
RGI60-11.02743,2021,-0.897617909668618
RGI60-11.02743,2022,-1.8950522301722585
RGI60-11.02743,2023,-1.3581298402053485
RGI60-11.02743,2024,-0.9671746887060493
RGI60-11.02746,2000,-1.0976062992560287
RGI60-11.02746,2001,-0.11066730571262218
RGI60-11.02746,2002,0.05095703028538556
RGI60-11.02746,2003,-1.8401020416305254
RGI60-11.02746,2004,-1.1321429397046865
RGI60-11.02746,2005,-0.6566152769922108
RGI60-11.02746,2006,-0.7088583607440951
RGI60-11.02746,2007,-0.3736409057788933
RGI60-11.02746,2008,-0.8860284980037889
RGI60-11.02746,2009,-0.7643128860097392
RGI60-11.02746,2010,-0.6116332345054993
RGI60-11.02746,2011,-1.283238207358186
RGI60-11.02746,2012,-1.2772511010148775
RGI60-11.02746,2013,-0.35970297194360723
RGI60-11.02746,2014,-0.5129957162704484
RGI60-11.02746,2015,-0.7559891573807334
RGI60-11.02746,2016,-0.7524225150414569
RGI60-11.02746,2017,-1.2061889595993978
RGI60-11.02746,2018,-1.676483715748682
RGI60-11.02746,2019,-1.0470769375899174
RGI60-11.02746,2020,-0.8443084620563661
RGI60-11.02746,2021,-0.8888663932151318
RGI60-11.02746,2022,-2.577906980038983
RGI60-11.02746,2023,-1.6665373051866839
RGI60-11.02746,2024,-0.7943873315011991
RGI60-11.02749,2000,-1.123104606917901
RGI60-11.02749,2001,-0.05206498050788344
RGI60-11.02749,2002,-0.6293055136948551
RGI60-11.02749,2003,-1.7322130529977064
RGI60-11.02749,2004,-1.0290877170410353
RGI60-11.02749,2005,-0.9793398454797728
RGI60-11.02749,2006,-0.5265587232619842
RGI60-11.02749,2007,-0.7548516750829516
RGI60-11.02749,2008,-1.0372103954708007
RGI60-11.02749,2009,-1.2174054938672865
RGI60-11.02749,2010,-0.8637993096938886
RGI60-11.02749,2011,-1.562435521155019
RGI60-11.02749,2012,-0.8103781089766138
RGI60-11.02749,2013,-0.6478326846932828
RGI60-11.02749,2014,-0.7939466086396272
RGI60-11.02749,2015,-1.1852516377577706
RGI60-11.02749,2016,-0.9238767212557358
RGI60-11.02749,2017,-0.9154274339925179
RGI60-11.02749,2018,-1.348104226603973
RGI60-11.02749,2019,-1.4153057429093923
RGI60-11.02749,2020,-0.7652103118010626
RGI60-11.02749,2021,-0.9830965159255838
RGI60-11.02749,2022,-2.264139792518816
RGI60-11.02749,2023,-1.533929978988441
RGI60-11.02749,2024,-1.1155127364434652
RGI60-11.02750,2000,-0.3827106071473623
RGI60-11.02750,2001,0.17443998857703535
RGI60-11.02750,2002,-0.27688479960304624
RGI60-11.02750,2003,-0.995531681677395
RGI60-11.02750,2004,-0.4707239829128327
RGI60-11.02750,2005,-0.47104090698313517
RGI60-11.02750,2006,-0.34714047670770415
RGI60-11.02750,2007,0.005333672565959069
RGI60-11.02750,2008,-0.5489564687724389
RGI60-11.02750,2009,-1.3085798693637547
RGI60-11.02750,2010,-0.10951383397124798
RGI60-11.02750,2011,-0.23225378831952298
RGI60-11.02750,2012,-0.37942366429367375
RGI60-11.02750,2013,-0.18956716461316064
RGI60-11.02750,2014,-0.305326844145391
RGI60-11.02750,2015,-0.7214263852132882
RGI60-11.02750,2016,-0.5340058826095706
RGI60-11.02750,2017,-0.8583932628499347
RGI60-11.02750,2018,-0.9336830531701217
RGI60-11.02750,2019,-0.9814109887894094
RGI60-11.02750,2020,-0.3321270717052348
RGI60-11.02750,2021,-0.3017232548525698
RGI60-11.02750,2022,-1.4016585486167945
RGI60-11.02750,2023,-1.0838550551971773
RGI60-11.02750,2024,-0.9248863639615446
RGI60-11.02754,2000,-0.6240817524877789
RGI60-11.02754,2001,0.3164161016275351
RGI60-11.02754,2002,-0.4334670091552545
RGI60-11.02754,2003,-1.08591637422265
RGI60-11.02754,2004,-0.603971122093817
RGI60-11.02754,2005,-0.8745518401394183
RGI60-11.02754,2006,-0.2627810073591007
RGI60-11.02754,2007,-0.3464862842614556
RGI60-11.02754,2008,-0.828512890695106
RGI60-11.02754,2009,-1.5754441391890315
RGI60-11.02754,2010,-0.4387542606021348
RGI60-11.02754,2011,-0.7412803638101574
RGI60-11.02754,2012,-0.5632613047146889
RGI60-11.02754,2013,-0.13163166705859908
RGI60-11.02754,2014,-0.44111574364991923
RGI60-11.02754,2015,-0.8200951933275444
RGI60-11.02754,2016,-0.5905388217798871
RGI60-11.02754,2017,-0.9318327315550279
RGI60-11.02754,2018,-1.0069474141383732
RGI60-11.02754,2019,-0.965546181387584
RGI60-11.02754,2020,-0.7718764740753642
RGI60-11.02754,2021,-0.3355244154972262
RGI60-11.02754,2022,-1.6200326572207375
RGI60-11.02754,2023,-1.0791846222879702
RGI60-11.02754,2024,-0.9112113256183862
RGI60-11.02755,2000,-0.3957392943612
RGI60-11.02755,2001,0.03147719691942069
RGI60-11.02755,2002,-0.22477060477664712
RGI60-11.02755,2003,-0.8222881665889579
RGI60-11.02755,2004,-0.5610982860923881
RGI60-11.02755,2005,-0.2875116313572209
RGI60-11.02755,2006,-0.20630376993450997
RGI60-11.02755,2007,0.13365934071165791
RGI60-11.02755,2008,-0.26308630868875565
RGI60-11.02755,2009,-0.9113929012010176
RGI60-11.02755,2010,-0.37699569880708816
RGI60-11.02755,2011,-0.24142192252032635
RGI60-11.02755,2012,-0.19634650486152574
RGI60-11.02755,2013,-0.32325075454483615
RGI60-11.02755,2014,-0.1274537452562288
RGI60-11.02755,2015,-0.2867675437594733
RGI60-11.02755,2016,-0.10891081341838005
RGI60-11.02755,2017,-0.6921247212608386
RGI60-11.02755,2018,-0.8757601905339454
RGI60-11.02755,2019,-0.7556136796677462
RGI60-11.02755,2020,-0.522994386294704
RGI60-11.02755,2021,-0.31022355456775313
RGI60-11.02755,2022,-1.3327316319266211
RGI60-11.02755,2023,-0.965165360188009
RGI60-11.02755,2024,-0.7552249311579879
RGI60-11.02760,2000,-0.5979489840305754
RGI60-11.02760,2001,0.4008558048228379
RGI60-11.02760,2002,-0.3788041335683295
RGI60-11.02760,2003,-1.6971509245669112
RGI60-11.02760,2004,-0.8353348773142591
RGI60-11.02760,2005,-0.6473734016082733
RGI60-11.02760,2006,-0.2570049420533821
RGI60-11.02760,2007,-0.19025169743777914
RGI60-11.02760,2008,-0.8801524695494259
RGI60-11.02760,2009,-1.5629722236145858
RGI60-11.02760,2010,-0.6743643883560765
RGI60-11.02760,2011,-2.1894982417942312
RGI60-11.02760,2012,-0.75130718231738
RGI60-11.02760,2013,-0.30862230743560937
RGI60-11.02760,2014,-0.7555467867568906
RGI60-11.02760,2015,-1.388634671754877
RGI60-11.02760,2016,-0.33614980838503095
RGI60-11.02760,2017,-1.6860772628959095
RGI60-11.02760,2018,-1.3089351240784537
RGI60-11.02760,2019,-1.3040263773048588
RGI60-11.02760,2020,-0.6746507034173327
RGI60-11.02760,2021,-0.7644761884350245
RGI60-11.02760,2022,-2.213662520859171
RGI60-11.02760,2023,-1.33536775088598
RGI60-11.02760,2024,-1.0635675967205114
RGI60-11.02764,2000,-0.4054948911103354
RGI60-11.02764,2001,0.5168734124175381
RGI60-11.02764,2002,0.5622350334195393
RGI60-11.02764,2003,-1.4743319404227266
RGI60-11.02764,2004,-0.6720121043092931
RGI60-11.02764,2005,-0.28367074036848827
RGI60-11.02764,2006,-0.25830644534840885
RGI60-11.02764,2007,0.10342261662498498
RGI60-11.02764,2008,-0.16882732550107032
RGI60-11.02764,2009,-0.5164664192225562
RGI60-11.02764,2010,-0.6289476540217354
RGI60-11.02764,2011,-0.7542754834716532
RGI60-11.02764,2012,-0.6688565429413966
RGI60-11.02764,2013,0.0388705496109637
RGI60-11.02764,2014,0.007283081702544103
RGI60-11.02764,2015,-0.3738134367954799
RGI60-11.02764,2016,-0.5012900232314624
RGI60-11.02764,2017,-1.1290607226177956
RGI60-11.02764,2018,-0.884455410483824
RGI60-11.02764,2019,-1.0211755539293517
RGI60-11.02764,2020,-0.942947045658508
RGI60-11.02764,2021,-0.4832394947898664
RGI60-11.02764,2022,-2.210048361048383
RGI60-11.02764,2023,-1.2308952421117492
RGI60-11.02764,2024,-0.6686285041005452
RGI60-11.02766,2000,-0.778373737028249
RGI60-11.02766,2001,0.026359343390116363
RGI60-11.02766,2002,-0.3465649169848093
RGI60-11.02766,2003,-1.3781384142586393
RGI60-11.02766,2004,-0.9890663401981926
RGI60-11.02766,2005,-0.6178001076264309
RGI60-11.02766,2006,-0.540434552207727
RGI60-11.02766,2007,-0.36560509044360867
RGI60-11.02766,2008,-0.7213859939901711
RGI60-11.02766,2009,-1.325694777778419
RGI60-11.02766,2010,-0.706747054529048
RGI60-11.02766,2011,-1.5054493374326932
RGI60-11.02766,2012,-0.86351518678994
RGI60-11.02766,2013,-0.252321280988026
RGI60-11.02766,2014,-0.513035709032835
RGI60-11.02766,2015,-1.030889829080847
RGI60-11.02766,2016,-0.5261927167305032
RGI60-11.02766,2017,-1.3129358899965222
RGI60-11.02766,2018,-1.3419023962037602
RGI60-11.02766,2019,-1.4272060120897043
RGI60-11.02766,2020,-0.9921720919486741
RGI60-11.02766,2021,-0.6741272413753393
RGI60-11.02766,2022,-2.1087413404298916
RGI60-11.02766,2023,-1.5059661188830296
RGI60-11.02766,2024,-1.2088661677443873
RGI60-11.02769,2000,-0.6017194560389362
RGI60-11.02769,2001,0.3527197407467476
RGI60-11.02769,2002,0.20186453736048116
RGI60-11.02769,2003,-1.6409069258781912
RGI60-11.02769,2004,-0.9318869647066021
RGI60-11.02769,2005,-0.6703589990182939
RGI60-11.02769,2006,-0.6802632638669728
RGI60-11.02769,2007,-0.5051521388829485
RGI60-11.02769,2008,-0.3795326464801898
RGI60-11.02769,2009,-0.663237043846626
RGI60-11.02769,2010,-0.3053358139237102
RGI60-11.02769,2011,-1.1542726924589966
RGI60-11.02769,2012,-1.2618555260964228
RGI60-11.02769,2013,0.10901105652678478
RGI60-11.02769,2014,-0.2938655542515342
RGI60-11.02769,2015,-0.6130672763589983
RGI60-11.02769,2016,-0.6105532095550534
RGI60-11.02769,2017,-1.2533055031557043
RGI60-11.02769,2018,-1.247557610289709
RGI60-11.02769,2019,-0.9347247098251152
RGI60-11.02769,2020,-1.156153282456882
RGI60-11.02769,2021,-0.6639828751881891
RGI60-11.02769,2022,-2.454073217431687
RGI60-11.02769,2023,-1.471807019188628
RGI60-11.02769,2024,-0.5339997346172334
RGI60-11.02771,2000,-0.8327632398470127
RGI60-11.02771,2001,-0.160662530904227
RGI60-11.02771,2002,-0.6525722800439748
RGI60-11.02771,2003,-1.419337960806773
RGI60-11.02771,2004,-0.8817544685911756
RGI60-11.02771,2005,-1.0804136355376748
RGI60-11.02771,2006,-0.34613243015113604
RGI60-11.02771,2007,-0.6031503206858404
RGI60-11.02771,2008,-0.8887137992418135
RGI60-11.02771,2009,-1.0893419436207357
RGI60-11.02771,2010,-0.6736232480875058
RGI60-11.02771,2011,-1.2146855514809838
RGI60-11.02771,2012,-0.8974091992790912
RGI60-11.02771,2013,-0.6355678125965565
RGI60-11.02771,2014,-0.7180151141024942
RGI60-11.02771,2015,-0.9850028398057327
RGI60-11.02771,2016,-0.681876689429284
RGI60-11.02771,2017,-1.0435839194286625
RGI60-11.02771,2018,-1.4604143526656617
RGI60-11.02771,2019,-0.959178663693669
RGI60-11.02771,2020,-0.9783849137357461
RGI60-11.02771,2021,-0.8593730632018565
RGI60-11.02771,2022,-1.972006718300419
RGI60-11.02771,2023,-1.3806681899246533
RGI60-11.02771,2024,-1.2018203684062059
RGI60-11.02773,2000,-0.7382360505934386
RGI60-11.02773,2001,0.13246284835621913
RGI60-11.02773,2002,0.09247595276320475
RGI60-11.02773,2003,-1.5503484109563834
RGI60-11.02773,2004,-0.8231073929290206
RGI60-11.02773,2005,-0.29231856054167027
RGI60-11.02773,2006,-0.6555904025498129
RGI60-11.02773,2007,-0.19930293876961397
RGI60-11.02773,2008,-0.5569668517130414
RGI60-11.02773,2009,-0.466800791493881
RGI60-11.02773,2010,-0.2754397567897559
RGI60-11.02773,2011,-0.7988970992826026
RGI60-11.02773,2012,-0.7988109916863888
RGI60-11.02773,2013,-0.2630125604640369
RGI60-11.02773,2014,-0.25888648693515637
RGI60-11.02773,2015,-0.48058498149168505
RGI60-11.02773,2016,-0.7961650726803984
RGI60-11.02773,2017,-1.0224319765136225
RGI60-11.02773,2018,-1.3366903418984755
RGI60-11.02773,2019,-1.1360481338304325
RGI60-11.02773,2020,-0.8060531216592087
RGI60-11.02773,2021,-0.7272268358824624
RGI60-11.02773,2022,-2.504852702850596
RGI60-11.02773,2023,-1.327487500138019
RGI60-11.02773,2024,-0.928293157338903
RGI60-11.02774,2000,-0.9573706976527813
RGI60-11.02774,2001,0.15476099634323448
RGI60-11.02774,2002,-0.21103238507065936
RGI60-11.02774,2003,-1.6816050659143467
RGI60-11.02774,2004,-0.9108153157182374
RGI60-11.02774,2005,-0.37936563346937135
RGI60-11.02774,2006,-0.3261342258655035
RGI60-11.02774,2007,-0.12620207794705585
RGI60-11.02774,2008,-0.7961976507294489
RGI60-11.02774,2009,-1.3994714216340616
RGI60-11.02774,2010,-0.45772693101950634
RGI60-11.02774,2011,-1.6979763712383726
RGI60-11.02774,2012,-0.6402879370572222
RGI60-11.02774,2013,-0.2877470320753963
RGI60-11.02774,2014,-0.3583853204936496
RGI60-11.02774,2015,-1.0279712808225527
RGI60-11.02774,2016,-0.30471274647797025
RGI60-11.02774,2017,-1.4702773086016583
RGI60-11.02774,2018,-1.2618567505567388
RGI60-11.02774,2019,-1.4900248439986972
RGI60-11.02774,2020,-0.6964921619627166
RGI60-11.02774,2021,-0.5280827921128146
RGI60-11.02774,2022,-2.2839013726595097
RGI60-11.02774,2023,-1.5850081334901729
RGI60-11.02774,2024,-1.4803557479723706
RGI60-11.02775,2000,-0.7248332814711071
RGI60-11.02775,2001,-0.06454354088034975
RGI60-11.02775,2002,-0.7226424601097631
RGI60-11.02775,2003,-1.4161133370863879
RGI60-11.02775,2004,-0.935709206052831
RGI60-11.02775,2005,-1.2985182421628
RGI60-11.02775,2006,-0.541132739592566
RGI60-11.02775,2007,-0.3931297566032359
RGI60-11.02775,2008,-1.0318007899089294
RGI60-11.02775,2009,-1.8234850082929968
RGI60-11.02775,2010,-0.6711409222336678
RGI60-11.02775,2011,-1.1273855975274492
RGI60-11.02775,2012,-1.1139291137331822
RGI60-11.02775,2013,-0.5502244933822784
RGI60-11.02775,2014,-0.7331402870663382
RGI60-11.02775,2015,-1.152209981816772
RGI60-11.02775,2016,-0.7018033615680586
RGI60-11.02775,2017,-1.383283773127992
RGI60-11.02775,2018,-1.4311222181460348
RGI60-11.02775,2019,-1.3147518892372625
RGI60-11.02775,2020,-1.0157308584215412
RGI60-11.02775,2021,-1.0071941124858517
RGI60-11.02775,2022,-2.001840157011447
RGI60-11.02775,2023,-1.3434649827800615
RGI60-11.02775,2024,-0.924934252425395
RGI60-11.02776,2000,-0.055572783536274865
RGI60-11.02776,2001,0.6427315023854974
RGI60-11.02776,2002,0.7732859164028394
RGI60-11.02776,2003,-1.1524545074675634
RGI60-11.02776,2004,-0.25541763476926066
RGI60-11.02776,2005,-0.0858383882983499
RGI60-11.02776,2006,-0.02268544901426371
RGI60-11.02776,2007,0.5213705960517673
RGI60-11.02776,2008,0.247175772829608
RGI60-11.02776,2009,-0.328512254243868
RGI60-11.02776,2010,-0.07802259729031419
RGI60-11.02776,2011,-0.2709732508781526
RGI60-11.02776,2012,-0.26448315012459467
RGI60-11.02776,2013,0.24573371473574435
RGI60-11.02776,2014,0.5258989138894138
RGI60-11.02776,2015,0.03485211412639948
RGI60-11.02776,2016,-0.0022156413635272543
RGI60-11.02776,2017,-0.8246557592558753
RGI60-11.02776,2018,-0.6076632655537377
RGI60-11.02776,2019,-0.6670538486254897
RGI60-11.02776,2020,-0.8260877082734822
RGI60-11.02776,2021,-0.23156467107255474
RGI60-11.02776,2022,-1.923461403999495
RGI60-11.02776,2023,-1.1915929167802068
RGI60-11.02776,2024,-0.4950976709085069
RGI60-11.02780,2000,-1.1913991952453438
RGI60-11.02780,2001,-0.07987059995264834
RGI60-11.02780,2002,-0.0993793008931102
RGI60-11.02780,2003,-1.792578231420706
RGI60-11.02780,2004,-0.9734327401150015
RGI60-11.02780,2005,-0.8789210665603647
RGI60-11.02780,2006,-0.8291178824564467
RGI60-11.02780,2007,-0.9245091804683895
RGI60-11.02780,2008,-0.8969878122650028
RGI60-11.02780,2009,-0.7910769552562195
RGI60-11.02780,2010,-0.351028206360933
RGI60-11.02780,2011,-0.9749650739378303
RGI60-11.02780,2012,-1.3189687248013253
RGI60-11.02780,2013,-0.3558389747963756
RGI60-11.02780,2014,-0.7704281647538669
RGI60-11.02780,2015,-0.530837030430164
RGI60-11.02780,2016,-0.7519079080192701
RGI60-11.02780,2017,-1.0605416587602492
RGI60-11.02780,2018,-1.633554877586596
RGI60-11.02780,2019,-1.1296564159201594
RGI60-11.02780,2020,-0.7451666484518432
RGI60-11.02780,2021,-1.122572457086052
RGI60-11.02780,2022,-2.429299054987538
RGI60-11.02780,2023,-1.8140972278555485
RGI60-11.02780,2024,-0.8569966506132067
RGI60-11.02781,2000,-0.6192796056652288
RGI60-11.02781,2001,0.2630470009083363
RGI60-11.02781,2002,-0.3758206433123336
RGI60-11.02781,2003,-1.1306288789592167
RGI60-11.02781,2004,-0.886748213819109
RGI60-11.02781,2005,-0.8179213846640131
RGI60-11.02781,2006,-0.24024805485812922
RGI60-11.02781,2007,-0.3775350014082884
RGI60-11.02781,2008,-0.9232936446511231
RGI60-11.02781,2009,-1.1363567195767168
RGI60-11.02781,2010,-0.46625606717320167
RGI60-11.02781,2011,-1.2781887569148196
RGI60-11.02781,2012,-0.7201797467360536
RGI60-11.02781,2013,-0.20274421046218027
RGI60-11.02781,2014,-0.37344079445407974
RGI60-11.02781,2015,-0.9599793835149504
RGI60-11.02781,2016,-0.42399579310723656
RGI60-11.02781,2017,-1.091415157490808
RGI60-11.02781,2018,-1.1349364084218454
RGI60-11.02781,2019,-1.175678535719006
RGI60-11.02781,2020,-0.6911753590321316
RGI60-11.02781,2021,-0.6166168376521874
RGI60-11.02781,2022,-1.96707850306132
RGI60-11.02781,2023,-1.4626909870094769
RGI60-11.02781,2024,-1.0694633351880034
RGI60-11.02785,2000,-0.566316970126242
RGI60-11.02785,2001,0.14483524699651462
RGI60-11.02785,2002,-0.45790752773718657
RGI60-11.02785,2003,-1.0793937804129008
RGI60-11.02785,2004,-0.6814735113482546
RGI60-11.02785,2005,-0.5659242370695264
RGI60-11.02785,2006,-0.21122089432014685
RGI60-11.02785,2007,-0.3060391826212706
RGI60-11.02785,2008,-0.6963093163930688
RGI60-11.02785,2009,-1.1895986468031334
RGI60-11.02785,2010,-0.7010652350996736
RGI60-11.02785,2011,-1.070064994197983
RGI60-11.02785,2012,-0.6721332225394947
RGI60-11.02785,2013,-0.17690369828600455
RGI60-11.02785,2014,-0.3277190523631488
RGI60-11.02785,2015,-0.6686140780090506
RGI60-11.02785,2016,-0.45797861350016855
RGI60-11.02785,2017,-0.865086990342991
RGI60-11.02785,2018,-1.0892298760524035
RGI60-11.02785,2019,-1.0176554197738568
RGI60-11.02785,2020,-0.6109595175636521
RGI60-11.02785,2021,-0.4852110096914839
RGI60-11.02785,2022,-1.705806475278922
RGI60-11.02785,2023,-1.2691344202695256
RGI60-11.02785,2024,-0.8890159535075723
RGI60-11.02787,2000,-0.7692124870889554
RGI60-11.02787,2001,0.1874150636294033
RGI60-11.02787,2002,-0.07734629816854888
RGI60-11.02787,2003,-1.2916154262161452
RGI60-11.02787,2004,-0.912539843921528
RGI60-11.02787,2005,-0.6663059851522404
RGI60-11.02787,2006,-0.5005838074649009
RGI60-11.02787,2007,-0.23504841169643487
RGI60-11.02787,2008,-0.676865880250621
RGI60-11.02787,2009,-1.122766109748882
RGI60-11.02787,2010,-0.5646795464536108
RGI60-11.02787,2011,-1.1815196989512335
RGI60-11.02787,2012,-0.662993981790589
RGI60-11.02787,2013,-0.2988165417029167
RGI60-11.02787,2014,-0.21133501448921843
RGI60-11.02787,2015,-0.7999532162824206
RGI60-11.02787,2016,-0.4474487951321673
RGI60-11.02787,2017,-1.2069891353596498
RGI60-11.02787,2018,-1.4452823431215058
RGI60-11.02787,2019,-1.2291125406378316
RGI60-11.02787,2020,-0.7611842355358985
RGI60-11.02787,2021,-0.6738503559614871
RGI60-11.02787,2022,-2.2965039225772625
RGI60-11.02787,2023,-1.4032829921085168
RGI60-11.02787,2024,-1.2635945072028008
RGI60-11.02793,2000,-0.77977214519775
RGI60-11.02793,2001,0.26798181984736213
RGI60-11.02793,2002,-0.5843396995411245
RGI60-11.02793,2003,-1.3776934416744249
RGI60-11.02793,2004,-0.9866423437123346
RGI60-11.02793,2005,-1.1707019384736992
RGI60-11.02793,2006,-0.489482062079032
RGI60-11.02793,2007,-0.4945153867720718
RGI60-11.02793,2008,-0.925742548174705
RGI60-11.02793,2009,-1.675452208837256
RGI60-11.02793,2010,-0.6179526811478238
RGI60-11.02793,2011,-1.1882721050674845
RGI60-11.02793,2012,-0.8345418071780069
RGI60-11.02793,2013,-0.3967761474767493
RGI60-11.02793,2014,-0.9151485063496947
RGI60-11.02793,2015,-1.2135237825100122
RGI60-11.02793,2016,-0.6493852407827743
RGI60-11.02793,2017,-1.316781442992225
RGI60-11.02793,2018,-1.4678245738568132
RGI60-11.02793,2019,-1.2274337580233765
RGI60-11.02793,2020,-0.8736889400299624
RGI60-11.02793,2021,-0.7962267100348891
RGI60-11.02793,2022,-1.9400585157547843
RGI60-11.02793,2023,-1.4137357752185746
RGI60-11.02793,2024,-0.803353166936702
RGI60-11.02796,2000,-0.8955374269465249
RGI60-11.02796,2001,-0.02737132950692278
RGI60-11.02796,2002,0.10300513244013965
RGI60-11.02796,2003,-1.3944606685180054
RGI60-11.02796,2004,-1.122850427343654
RGI60-11.02796,2005,-0.527667260862553
RGI60-11.02796,2006,-0.45789011204010693
RGI60-11.02796,2007,-0.34149866223840303
RGI60-11.02796,2008,-0.458520648759363
RGI60-11.02796,2009,-1.3453864452584798
RGI60-11.02796,2010,-0.6662235733574722
RGI60-11.02796,2011,-1.2043014554270246
RGI60-11.02796,2012,-0.6461986956316029
RGI60-11.02796,2013,-0.47645128805537657
RGI60-11.02796,2014,-0.30788089271621044
RGI60-11.02796,2015,-0.7224178742521825
RGI60-11.02796,2016,-0.3932848133472256
RGI60-11.02796,2017,-1.2182044546233746
RGI60-11.02796,2018,-1.2047512161882779
RGI60-11.02796,2019,-1.253207887367385
RGI60-11.02796,2020,-0.8495837879561368
RGI60-11.02796,2021,-0.6244339892332138
RGI60-11.02796,2022,-2.4340714548414004
RGI60-11.02796,2023,-1.6624316269621136
RGI60-11.02796,2024,-1.1460518358472385
RGI60-11.02801,2000,-1.425941881342707
RGI60-11.02801,2001,-0.3101417456084212
RGI60-11.02801,2002,-0.9125449472734337
RGI60-11.02801,2003,-2.1614236460368383
RGI60-11.02801,2004,-1.5681199547419158
RGI60-11.02801,2005,-1.5739744946226126
RGI60-11.02801,2006,-1.3622374856118766
RGI60-11.02801,2007,-1.1325632372482768
RGI60-11.02801,2008,-1.3810734579190178
RGI60-11.02801,2009,-1.7039450437873838
RGI60-11.02801,2010,-1.345999596436541
RGI60-11.02801,2011,-2.265409507427201
RGI60-11.02801,2012,-1.46288894052583
RGI60-11.02801,2013,-0.7964917117298662
RGI60-11.02801,2014,-1.273831932558085
RGI60-11.02801,2015,-1.718943782896173
RGI60-11.02801,2016,-1.1198434312744867
RGI60-11.02801,2017,-1.852933760634646
RGI60-11.02801,2018,-2.2697155359434804
RGI60-11.02801,2019,-1.8375759063812116
RGI60-11.02801,2020,-1.6379288964049867
RGI60-11.02801,2021,-1.5160985109250007
RGI60-11.02801,2022,-3.2292062900935177
RGI60-11.02801,2023,-2.3732450158398697
RGI60-11.02801,2024,-1.8580390732136502
RGI60-11.02803,2000,-0.7339299862475243
RGI60-11.02803,2001,-0.0743506769212382
RGI60-11.02803,2002,0.009478694170563573
RGI60-11.02803,2003,-1.5667060074145258
RGI60-11.02803,2004,-0.6840400581455669
RGI60-11.02803,2005,-0.6991918383214073
RGI60-11.02803,2006,-0.7675617386671729
RGI60-11.02803,2007,-0.27637242323267414
RGI60-11.02803,2008,-0.7753162637124843
RGI60-11.02803,2009,-0.5603037696486497
RGI60-11.02803,2010,-0.5940772898786585
RGI60-11.02803,2011,-0.8511997210411797
RGI60-11.02803,2012,-0.9104255743024214
RGI60-11.02803,2013,-0.24513031661491552
RGI60-11.02803,2014,-0.4749405713342121
RGI60-11.02803,2015,-0.7223471908117104
RGI60-11.02803,2016,-0.5372715874132322
RGI60-11.02803,2017,-1.231554384722466
RGI60-11.02803,2018,-1.3083098535851798
RGI60-11.02803,2019,-1.162249442155344
RGI60-11.02803,2020,-0.8135689638124997
RGI60-11.02803,2021,-0.792605242136056
RGI60-11.02803,2022,-2.095553396849325
RGI60-11.02803,2023,-0.5861970522520551
RGI60-11.02803,2024,-1.0452587705684104
RGI60-11.02805,2000,-0.430268809094814
RGI60-11.02805,2001,0.3276736240301896
RGI60-11.02805,2002,0.24057614264857163
RGI60-11.02805,2003,-0.7710412161883343
RGI60-11.02805,2004,-0.5030162292469361
RGI60-11.02805,2005,-0.3766048809447346
RGI60-11.02805,2006,-0.27322307434269133
RGI60-11.02805,2007,-0.15677768995302296
RGI60-11.02805,2008,-0.08801354281169207
RGI60-11.02805,2009,-0.31176642591547327
RGI60-11.02805,2010,-0.25995084467278473
RGI60-11.02805,2011,-0.48224896697098074
RGI60-11.02805,2012,-0.5428725208033922
RGI60-11.02805,2013,0.03133197516757935
RGI60-11.02805,2014,-0.04847666639934639
RGI60-11.02805,2015,-0.4827015873040237
RGI60-11.02805,2016,-0.003758365539673292
RGI60-11.02805,2017,-0.5301496979930478
RGI60-11.02805,2018,-0.7696473620248526
RGI60-11.02805,2019,-0.7144638616405375
RGI60-11.02805,2020,-0.30090281894737375
RGI60-11.02805,2021,-0.015631088372575153
RGI60-11.02805,2022,-1.1231413011781746
RGI60-11.02805,2023,-0.8345288949731945
RGI60-11.02805,2024,-0.02909460619665194
RGI60-11.02810,2000,-1.4445914233994728
RGI60-11.02810,2001,-0.21678686196614838
RGI60-11.02810,2002,-0.9372709775518329
RGI60-11.02810,2003,-2.0764119483464354
RGI60-11.02810,2004,-1.3663296992569247
RGI60-11.02810,2005,-1.5806525534441358
RGI60-11.02810,2006,-1.3667373485466225
RGI60-11.02810,2007,-1.0970623721014363
RGI60-11.02810,2008,-1.3554822475410278
RGI60-11.02810,2009,-1.7643796420872109
RGI60-11.02810,2010,-1.1755313730404775
RGI60-11.02810,2011,-2.1862607384265247
RGI60-11.02810,2012,-1.5972323382829963
RGI60-11.02810,2013,-0.8773784789617188
RGI60-11.02810,2014,-1.218187104687932
RGI60-11.02810,2015,-1.8047200734033195
RGI60-11.02810,2016,-1.2067447948271706
RGI60-11.02810,2017,-1.5535573788455004
RGI60-11.02810,2018,-2.312925212753398
RGI60-11.02810,2019,-1.8155574325297186
RGI60-11.02810,2020,-1.4113880142909625
RGI60-11.02810,2021,-1.5395895983774568
RGI60-11.02810,2022,-3.0849914508494063
RGI60-11.02810,2023,-2.2759325989680406
RGI60-11.02810,2024,-1.648366495390136
RGI60-11.02812,2000,-0.3146445785530543
RGI60-11.02812,2001,0.2768322435665818
RGI60-11.02812,2002,0.14300820060221525
RGI60-11.02812,2003,-1.2509640147856456
RGI60-11.02812,2004,-0.7785311972167877
RGI60-11.02812,2005,-0.5100485408129335
RGI60-11.02812,2006,-0.28042207946238107
RGI60-11.02812,2007,-0.11936983743019075
RGI60-11.02812,2008,-0.3849251259893216
RGI60-11.02812,2009,-0.7850748191590707
RGI60-11.02812,2010,-0.4543021695342878
RGI60-11.02812,2011,-0.698386582180136
RGI60-11.02812,2012,-0.6217732668507497
RGI60-11.02812,2013,-0.13484074140506097
RGI60-11.02812,2014,-0.025450351170932806
RGI60-11.02812,2015,-0.4721074607429313
RGI60-11.02812,2016,-0.2918132710594611
RGI60-11.02812,2017,-0.8806239274278895
RGI60-11.02812,2018,-1.0122061340770008
RGI60-11.02812,2019,-1.2937563463109707
RGI60-11.02812,2020,-0.5841557853249691
RGI60-11.02812,2021,-0.39648435450333314
RGI60-11.02812,2022,-2.0551434333925838
RGI60-11.02812,2023,-1.2293451912474893
RGI60-11.02812,2024,-1.0142507010455712
RGI60-11.02814,2000,-0.6524825938714848
RGI60-11.02814,2001,0.2146693196532593
RGI60-11.02814,2002,0.023487186996486886
RGI60-11.02814,2003,-1.040066467894372
RGI60-11.02814,2004,-0.7527128570383891
RGI60-11.02814,2005,-0.48165146821580235
RGI60-11.02814,2006,-0.10841591530116057
RGI60-11.02814,2007,-0.09620618121299207
RGI60-11.02814,2008,-0.8073514257509911
RGI60-11.02814,2009,-1.4553948840784408
RGI60-11.02814,2010,-0.7619925933708289
RGI60-11.02814,2011,-0.8981035038251628
RGI60-11.02814,2012,-0.5059611677099207
RGI60-11.02814,2013,-0.016594591754276578
RGI60-11.02814,2014,-0.19742388580688197
RGI60-11.02814,2015,-1.0848967202114874
RGI60-11.02814,2016,-0.388693107283133
RGI60-11.02814,2017,-0.9195188329308701
RGI60-11.02814,2018,-1.2136507381721295
RGI60-11.02814,2019,-1.2243395722214219
RGI60-11.02814,2020,-0.7519348063728655
RGI60-11.02814,2021,-0.19428334122305624
RGI60-11.02814,2022,-1.7676805496803012
RGI60-11.02814,2023,-1.1689954047563083
RGI60-11.02814,2024,-1.323848059469739
RGI60-11.02819,2000,-1.4413939126251751
RGI60-11.02819,2001,-0.07971589144758462
RGI60-11.02819,2002,-0.17143629079547373
RGI60-11.02819,2003,-1.8290605242843703
RGI60-11.02819,2004,-1.2269814868431195
RGI60-11.02819,2005,-0.9235511215821647
RGI60-11.02819,2006,-1.0883800493726878
RGI60-11.02819,2007,-0.9316193821847808
RGI60-11.02819,2008,-0.9355589415579778
RGI60-11.02819,2009,-1.0130624894173208
RGI60-11.02819,2010,-1.0808443568861652
RGI60-11.02819,2011,-1.463216712533492
RGI60-11.02819,2012,-1.4525807182231592
RGI60-11.02819,2013,-0.672557975805484
RGI60-11.02819,2014,-0.7502901942053848
RGI60-11.02819,2015,-1.2650451814790276
RGI60-11.02819,2016,-0.8780997104773942
RGI60-11.02819,2017,-1.5102963229890818
RGI60-11.02819,2018,-1.7531957340998159
RGI60-11.02819,2019,-1.7191130031903392
RGI60-11.02819,2020,-1.1364970061812252
RGI60-11.02819,2021,-0.8246284680040635
RGI60-11.02819,2022,-2.790021131913522
RGI60-11.02819,2023,-1.8228513159254176
RGI60-11.02819,2024,-1.1216639102280743
RGI60-11.02822,2000,-0.9548378685018302
RGI60-11.02822,2001,-0.4432950779084168
RGI60-11.02822,2002,-0.4709274656133618
RGI60-11.02822,2003,-1.4935306770435122
RGI60-11.02822,2004,-1.0977197673376824
RGI60-11.02822,2005,-0.7785505714615266
RGI60-11.02822,2006,-0.9754918329662701
RGI60-11.02822,2007,-0.4964267101137286
RGI60-11.02822,2008,-0.6474759141056214
RGI60-11.02822,2009,-0.8569955941332468
RGI60-11.02822,2010,-0.7586809013232323
RGI60-11.02822,2011,-0.8850901258798064
RGI60-11.02822,2012,-0.8642121281457602
RGI60-11.02822,2013,-0.6220457695822966
RGI60-11.02822,2014,-0.48190035529236813
RGI60-11.02822,2015,-0.7894312917800601
RGI60-11.02822,2016,-0.7835059022090632
RGI60-11.02822,2017,-1.1666496490221223
RGI60-11.02822,2018,-1.226316333886644
RGI60-11.02822,2019,-1.1733160636934357
RGI60-11.02822,2020,-0.9050420998681248
RGI60-11.02822,2021,-0.8533360858231616
RGI60-11.02822,2022,-1.8421660922460497
RGI60-11.02822,2023,-1.2757386307665461
RGI60-11.02822,2024,-1.1614794965845148
RGI60-11.02827,2000,-0.5375645431413665
RGI60-11.02827,2001,0.07575616629835635
RGI60-11.02827,2002,0.24057135063207802
RGI60-11.02827,2003,-1.3854507731361387
RGI60-11.02827,2004,-0.8113496359167948
RGI60-11.02827,2005,-0.555800332423526
RGI60-11.02827,2006,-0.1738141648136925
RGI60-11.02827,2007,-0.05479821881629526
RGI60-11.02827,2008,-0.4979396476573108
RGI60-11.02827,2009,-1.1935038279499228
RGI60-11.02827,2010,-0.16531400452776956
RGI60-11.02827,2011,-1.0459136869171226
RGI60-11.02827,2012,-0.2219935547167412
RGI60-11.02827,2013,-0.11940792276083395
RGI60-11.02827,2014,-0.10700510605513025
RGI60-11.02827,2015,-0.7630110338726578
RGI60-11.02827,2016,-0.03265797562113987
RGI60-11.02827,2017,-1.0254616004170511
RGI60-11.02827,2018,-1.0619232686318476
RGI60-11.02827,2019,-1.0883182195550865
RGI60-11.02827,2020,-0.8229659837873311
RGI60-11.02827,2021,-0.38222514999383317
RGI60-11.02827,2022,-2.0288017221335375
RGI60-11.02827,2023,-1.6037488139684941
RGI60-11.02827,2024,-1.0915563341751984
RGI60-11.02838,2000,-0.7724823335467141
RGI60-11.02838,2001,-0.13354541609380732
RGI60-11.02838,2002,-0.49776467808091324
RGI60-11.02838,2003,-1.5750218755244259
RGI60-11.02838,2004,-0.8166618479395519
RGI60-11.02838,2005,-1.387242192657669
RGI60-11.02838,2006,-0.6632171105024378
RGI60-11.02838,2007,-0.39423005945257306
RGI60-11.02838,2008,-1.1011775414759737
RGI60-11.02838,2009,-1.403696483149743
RGI60-11.02838,2010,-0.9035087509226458
RGI60-11.02838,2011,-1.4112525201886177
RGI60-11.02838,2012,-0.5911683049637777
RGI60-11.02838,2013,-0.4384005137365217
RGI60-11.02838,2014,-0.8727264867169283
RGI60-11.02838,2015,-1.2089722485141685
RGI60-11.02838,2016,-0.6592701850231928
RGI60-11.02838,2017,-1.1786393553550116
RGI60-11.02838,2018,-1.137510471270342
RGI60-11.02838,2019,-1.0846116248849893
RGI60-11.02838,2020,-0.9245263441838706
RGI60-11.02838,2021,-0.911573545158117
RGI60-11.02838,2022,-1.9007891172556706
RGI60-11.02838,2023,-1.6517155740671192
RGI60-11.02838,2024,-0.7454901319522149
RGI60-11.02843,2000,-0.23435589921121375
RGI60-11.02843,2001,0.2754970091476825
RGI60-11.02843,2002,0.3794360683865222
RGI60-11.02843,2003,-1.2162257698459724
RGI60-11.02843,2004,-0.7936120918297523
RGI60-11.02843,2005,-0.3563760870933368
RGI60-11.02843,2006,-0.4072313753821608
RGI60-11.02843,2007,-0.006822620233568
RGI60-11.02843,2008,-0.13371996661536753
RGI60-11.02843,2009,-0.49703308604273494
RGI60-11.02843,2010,-0.15522331373997206
RGI60-11.02843,2011,-0.45494899253660115
RGI60-11.02843,2012,-0.6114697545512879
RGI60-11.02843,2013,-0.0313770479040833
RGI60-11.02843,2014,0.21781022543507755
RGI60-11.02843,2015,-0.3046368610175969
RGI60-11.02843,2016,-0.22148174188768835
RGI60-11.02843,2017,-0.5011710526218192
RGI60-11.02843,2018,-1.011473399914916
RGI60-11.02843,2019,-0.9993842425412068
RGI60-11.02843,2020,-0.37838338215274375
RGI60-11.02843,2021,-0.4533216029465499
RGI60-11.02843,2022,-1.7155227610211923
RGI60-11.02843,2023,-1.1402728564581817
RGI60-11.02843,2024,-0.9429383510793679
RGI60-11.02851,2000,-1.1071226812184973
RGI60-11.02851,2001,-0.1196374172644169
RGI60-11.02851,2002,-0.4143216563781045
RGI60-11.02851,2003,-1.731280338637562
RGI60-11.02851,2004,-1.5585439447033314
RGI60-11.02851,2005,-1.162705213690079
RGI60-11.02851,2006,-0.9164443521824464
RGI60-11.02851,2007,-1.0864126849687241
RGI60-11.02851,2008,-0.8152657160753823
RGI60-11.02851,2009,-1.2101949179686424
RGI60-11.02851,2010,-0.8949208908126648
RGI60-11.02851,2011,-1.2287824947702235
RGI60-11.02851,2012,-1.342306548415567
RGI60-11.02851,2013,-0.23662401699504143
RGI60-11.02851,2014,-0.7656844473705662
RGI60-11.02851,2015,-1.1099388443033373
RGI60-11.02851,2016,-0.7630601319217087
RGI60-11.02851,2017,-1.3018674985148815
RGI60-11.02851,2018,-1.2914281901449636
RGI60-11.02851,2019,-1.564758013663871
RGI60-11.02851,2020,-0.8840949209566895
RGI60-11.02851,2021,-0.8588998661822962
RGI60-11.02851,2022,-1.7677062080835846
RGI60-11.02851,2023,-1.5130522553639654
RGI60-11.02851,2024,-0.9129972104572209
RGI60-11.02858,2000,-0.8560140757251924
RGI60-11.02858,2001,-0.9295918149244459
RGI60-11.02858,2002,-0.6488217373155261
RGI60-11.02858,2003,-1.4368803578523077
RGI60-11.02858,2004,-0.6924791786074186
RGI60-11.02858,2005,-0.4795498823502868
RGI60-11.02858,2006,-0.7066634292833939
RGI60-11.02858,2007,-0.12428475864109989
RGI60-11.02858,2008,-0.5872257125166263
RGI60-11.02858,2009,-0.8139915199535318
RGI60-11.02858,2010,-0.6868236727273419
RGI60-11.02858,2011,-1.044021933338885
RGI60-11.02858,2012,-0.8660432847679626
RGI60-11.02858,2013,-0.36375178304039907
RGI60-11.02858,2014,-0.8345933003535847
RGI60-11.02858,2015,-0.7035777128909454
RGI60-11.02858,2016,-0.45186581794424746
RGI60-11.02858,2017,-0.6775589672538207
RGI60-11.02858,2018,-0.8455195314813061
RGI60-11.02858,2019,-0.8854415290316784
RGI60-11.02858,2020,-0.5096162179518915
RGI60-11.02858,2021,-0.5306292268640815
RGI60-11.02858,2022,-0.756299234204933
RGI60-11.02858,2023,-0.9153779267514891
RGI60-11.02858,2024,-0.04545702014375497
RGI60-11.02861,2000,-0.23135674686376823
RGI60-11.02861,2001,0.45252220662189435
RGI60-11.02861,2002,-0.10989089516424932
RGI60-11.02861,2003,-1.0772885649666275
RGI60-11.02861,2004,-0.8990179186431378
RGI60-11.02861,2005,-0.6479047311737343
RGI60-11.02861,2006,-0.21666832890345647
RGI60-11.02861,2007,-0.3639908976143707
RGI60-11.02861,2008,-0.17367864493404264
RGI60-11.02861,2009,-0.5998205565896624
RGI60-11.02861,2010,-0.4622952433291056
RGI60-11.02861,2011,-0.344001692540109
RGI60-11.02861,2012,-0.9589855954580123
RGI60-11.02861,2013,0.20666754471602344
RGI60-11.02861,2014,-0.06292823735653003
RGI60-11.02861,2015,-0.14895684501203205
RGI60-11.02861,2016,-0.3073012772355323
RGI60-11.02861,2017,-0.38933688929995647
RGI60-11.02861,2018,-0.7414209420146508
RGI60-11.02861,2019,-1.1129457442389417
RGI60-11.02861,2020,-0.6297154385871637
RGI60-11.02861,2021,-0.5111881834362012
RGI60-11.02861,2022,-0.8575060639800193
RGI60-11.02861,2023,-0.555696426788373
RGI60-11.02861,2024,0.10313224469286819
RGI60-11.02864,2000,-0.49171018186835624
RGI60-11.02864,2001,0.538524324241879
RGI60-11.02864,2002,-0.568790999678097
RGI60-11.02864,2003,-1.2237448933648873
RGI60-11.02864,2004,-0.714308440503893
RGI60-11.02864,2005,-1.1733026695721964
RGI60-11.02864,2006,-0.3230630151280858
RGI60-11.02864,2007,-0.11335360828812469
RGI60-11.02864,2008,-0.8124771572931284
RGI60-11.02864,2009,-1.2736202199635036
RGI60-11.02864,2010,-0.39727805898465546
RGI60-11.02864,2011,-1.0412432646217529
RGI60-11.02864,2012,-0.7748032713089711
RGI60-11.02864,2013,0.07195505845424421
RGI60-11.02864,2014,-0.42586166346562465
RGI60-11.02864,2015,-1.0609309939260858
RGI60-11.02864,2016,-0.6819589413691213
RGI60-11.02864,2017,-1.0646182792753875
RGI60-11.02864,2018,-1.0638974996476924
RGI60-11.02864,2019,-0.9343162244365614
RGI60-11.02864,2020,-0.6916170005370307
RGI60-11.02864,2021,-0.48706749718653386
RGI60-11.02864,2022,-1.5667725630173257
RGI60-11.02864,2023,-1.2170074600589023
RGI60-11.02864,2024,-0.4422370553387937
RGI60-11.02866,2000,-0.8736961472565837
RGI60-11.02866,2001,0.3417049186379123
RGI60-11.02866,2002,-0.4705854863736993
RGI60-11.02866,2003,-1.7153889385328482
RGI60-11.02866,2004,-0.9212861402890248
RGI60-11.02866,2005,-1.5570682118788706
RGI60-11.02866,2006,-0.48333701539638035
RGI60-11.02866,2007,-0.6908313893473406
RGI60-11.02866,2008,-0.8819704156527052
RGI60-11.02866,2009,-1.1911538347310604
RGI60-11.02866,2010,-0.7682461937466636
RGI60-11.02866,2011,-1.9535215340214718
RGI60-11.02866,2012,-1.2459948333244586
RGI60-11.02866,2013,-0.04552592835656688
RGI60-11.02866,2014,-1.1478550114033117
RGI60-11.02866,2015,-1.297564785325323
RGI60-11.02866,2016,-0.579394410073887
RGI60-11.02866,2017,-0.8613540237213901
RGI60-11.02866,2018,-1.1800167181438712
RGI60-11.02866,2019,-1.1670139010624543
RGI60-11.02866,2020,-0.9480564664799749
RGI60-11.02866,2021,-0.14420016088792087
RGI60-11.02866,2022,-1.516017849070384
RGI60-11.02866,2023,-1.450310898748127
RGI60-11.02866,2024,-0.7410551822490299
RGI60-11.02869,2000,-0.4127126768329363
RGI60-11.02869,2001,0.06717488427912194
RGI60-11.02869,2002,0.20459006718642125
RGI60-11.02869,2003,-1.214031330335167
RGI60-11.02869,2004,-0.6319095579479949
RGI60-11.02869,2005,-0.22287374013971198
RGI60-11.02869,2006,-0.5605409772940383
RGI60-11.02869,2007,-0.014400858221971236
RGI60-11.02869,2008,-0.2023974569273348
RGI60-11.02869,2009,-0.3873704430989704
RGI60-11.02869,2010,-0.25825957823082835
RGI60-11.02869,2011,-0.5294324542537122
RGI60-11.02869,2012,-0.45484479204325323
RGI60-11.02869,2013,-0.1040225095734395
RGI60-11.02869,2014,-0.16218182264562464
RGI60-11.02869,2015,-0.4039079692310114
RGI60-11.02869,2016,-0.3737386802356012
RGI60-11.02869,2017,-0.9170746480069077
RGI60-11.02869,2018,-0.8671120800169342
RGI60-11.02869,2019,-0.8399533764301013
RGI60-11.02869,2020,-0.5548674258836291
RGI60-11.02869,2021,-0.5332865509080518
RGI60-11.02869,2022,-1.6389337163816837
RGI60-11.02869,2023,-0.9692189779216477
RGI60-11.02869,2024,-0.9143800394885712
RGI60-11.02872,2000,-0.9863230099391369
RGI60-11.02872,2001,0.07118791426959081
RGI60-11.02872,2002,-0.4034500310691942
RGI60-11.02872,2003,-1.8599604069008722
RGI60-11.02872,2004,-1.3664514971143042
RGI60-11.02872,2005,-1.3606284099255275
RGI60-11.02872,2006,-0.9818988851105914
RGI60-11.02872,2007,-0.7861457684312487
RGI60-11.02872,2008,-1.051687540646648
RGI60-11.02872,2009,-1.4597291529569631
RGI60-11.02872,2010,-0.6733463629992479
RGI60-11.02872,2011,-1.9653351742458762
RGI60-11.02872,2012,-1.1317894698281081
RGI60-11.02872,2013,-0.5225800172612545
RGI60-11.02872,2014,-0.7653025563825604
RGI60-11.02872,2015,-1.5086895776774882
RGI60-11.02872,2016,-0.8703232743659608
RGI60-11.02872,2017,-1.5673390834021435
RGI60-11.02872,2018,-1.8496048905299993
RGI60-11.02872,2019,-1.7417028054824568
RGI60-11.02872,2020,-1.205008529861417
RGI60-11.02872,2021,-1.3444024839889115
RGI60-11.02872,2022,-2.6606778687949233
RGI60-11.02872,2023,-1.7488102715814309
RGI60-11.02872,2024,-1.3747498687622401
RGI60-11.02883,2000,-1.29108804328558
RGI60-11.02883,2001,-0.9133229627306356
RGI60-11.02883,2002,-0.9083418015034433
RGI60-11.02883,2003,-1.742043788980558
RGI60-11.02883,2004,-1.283438297541212
RGI60-11.02883,2005,-0.8837017692127311
RGI60-11.02883,2006,-0.3407335774237943
RGI60-11.02883,2007,0.306200119206275
RGI60-11.02883,2008,-0.2935118941796318
RGI60-11.02883,2009,-0.9534114785550201
RGI60-11.02883,2010,-0.6140632441908902
RGI60-11.02883,2011,0.5036396999584726
RGI60-11.02883,2012,-1.3666793820762235
RGI60-11.02883,2013,-0.4997955417652731
RGI60-11.02883,2014,-0.9377505997244331
RGI60-11.02883,2015,-0.572073024398827
RGI60-11.02883,2016,-0.03156921088428366
RGI60-11.02883,2017,-1.7995608036572937
RGI60-11.02883,2018,-1.3954559709001666
RGI60-11.02883,2019,-0.3191984281547489
RGI60-11.02883,2020,-0.844346607908679
RGI60-11.02883,2021,-0.5013715889542925
RGI60-11.02883,2022,-0.5292474976102625
RGI60-11.02883,2023,-1.2645761585503386
RGI60-11.02883,2024,0.0632458676427039
RGI60-11.02884,2000,-0.30630546104549927
RGI60-11.02884,2001,0.03332555085791078
RGI60-11.02884,2002,-0.5878593459017637
RGI60-11.02884,2003,-1.1050378577146784
RGI60-11.02884,2004,-0.7491084657125242
RGI60-11.02884,2005,-1.111880188746376
RGI60-11.02884,2006,-0.26419277119386436
RGI60-11.02884,2007,-0.41181556328679575
RGI60-11.02884,2008,-0.966775652588248
RGI60-11.02884,2009,-0.9113369482525109
RGI60-11.02884,2010,-0.24616805372598533
RGI60-11.02884,2011,-0.9226016749823787
RGI60-11.02884,2012,-0.7903225191650606
RGI60-11.02884,2013,-0.13047617166645742
RGI60-11.02884,2014,-0.5743053577546874
RGI60-11.02884,2015,-0.9623321832954463
RGI60-11.02884,2016,-0.575033735478101
RGI60-11.02884,2017,-1.0737554451511286
RGI60-11.02884,2018,-1.108821630171513
RGI60-11.02884,2019,-0.8787965250248843
RGI60-11.02884,2020,-0.6714403657320537
RGI60-11.02884,2021,-0.4084366984690681
RGI60-11.02884,2022,-1.459342158584231
RGI60-11.02884,2023,-1.143117734729485
RGI60-11.02884,2024,-0.6460282239801748
RGI60-11.02890,2000,-0.9262369358981078
RGI60-11.02890,2001,0.22373366550453566
RGI60-11.02890,2002,-0.3615726696872317
RGI60-11.02890,2003,-1.9443374805117934
RGI60-11.02890,2004,-1.0410107161847366
RGI60-11.02890,2005,-1.2312954013096566
RGI60-11.02890,2006,-0.6968758753764235
RGI60-11.02890,2007,-0.6548680131979658
RGI60-11.02890,2008,-0.7500807017982267
RGI60-11.02890,2009,-1.8869874953813572
RGI60-11.02890,2010,-1.0078033318286228
RGI60-11.02890,2011,-2.026659064316591
RGI60-11.02890,2012,-1.5362081646525028
RGI60-11.02890,2013,-0.2640284855438322
RGI60-11.02890,2014,-0.8873136613457309
RGI60-11.02890,2015,-1.5169947714680991
RGI60-11.02890,2016,-0.4656997119569074
RGI60-11.02890,2017,-1.5774673219351296
RGI60-11.02890,2018,-1.6777077129211615
RGI60-11.02890,2019,-1.7357861501904521
RGI60-11.02890,2020,-1.2530288632854554
RGI60-11.02890,2021,-0.8837845215005149
RGI60-11.02890,2022,-2.3385343050746696
RGI60-11.02890,2023,-1.877900006274212
RGI60-11.02890,2024,-1.103656179860785
RGI60-11.02898,2000,-0.7008998116246745
RGI60-11.02898,2001,0.3851714176509421
RGI60-11.02898,2002,-0.03971339586241651
RGI60-11.02898,2003,-1.4634556157618595
RGI60-11.02898,2004,-0.7990333410384044
RGI60-11.02898,2005,-0.822112687058226
RGI60-11.02898,2006,-0.6339336903780132
RGI60-11.02898,2007,-0.7023751981749905
RGI60-11.02898,2008,-0.939177475179727
RGI60-11.02898,2009,-0.9953678920201259
RGI60-11.02898,2010,-0.3552163991306104
RGI60-11.02898,2011,-1.087908341705115
RGI60-11.02898,2012,-1.2226641139175374
RGI60-11.02898,2013,-0.3796783638445203
RGI60-11.02898,2014,-0.43798601954101857
RGI60-11.02898,2015,-0.9553140013337293
RGI60-11.02898,2016,-0.5644317740633391
RGI60-11.02898,2017,-0.7677034499018948
RGI60-11.02898,2018,-1.445490874291214
RGI60-11.02898,2019,-1.102308972823523
RGI60-11.02898,2020,-0.7446912346791769
RGI60-11.02898,2021,-0.6744416921122701
RGI60-11.02898,2022,-2.1145613436838837
RGI60-11.02898,2023,-1.2437573162585651
RGI60-11.02898,2024,-1.1103625004641888
RGI60-11.02901,2000,-0.42203919733730383
RGI60-11.02901,2001,0.956741528947387
RGI60-11.02901,2002,0.6833859024705766
RGI60-11.02901,2003,-1.1598237805533724
RGI60-11.02901,2004,-0.32481457578996253
RGI60-11.02901,2005,0.11228369083656231
RGI60-11.02901,2006,0.1451748195791106
RGI60-11.02901,2007,-0.016967454515364716
RGI60-11.02901,2008,0.2189922568678559
RGI60-11.02901,2009,-1.0971926878488314
RGI60-11.02901,2010,-0.07446991787692725
RGI60-11.02901,2011,-0.809819799319721
RGI60-11.02901,2012,-0.48756762824559324
RGI60-11.02901,2013,0.05261912115720285
RGI60-11.02901,2014,0.3956060947796265
RGI60-11.02901,2015,-0.15698771619759078
RGI60-11.02901,2016,-0.043804891494296616
RGI60-11.02901,2017,-0.7519463952696996
RGI60-11.02901,2018,-1.0201734075925117
RGI60-11.02901,2019,-1.2407959625971428
RGI60-11.02901,2020,-0.796901289972023
RGI60-11.02901,2021,-0.6189571869662842
RGI60-11.02901,2022,-1.5228770850057338
RGI60-11.02901,2023,-1.0531657672560244
RGI60-11.02901,2024,-0.6307686164675768
RGI60-11.02902,2000,-0.332344379937377
RGI60-11.02902,2001,0.07117167481094988
RGI60-11.02902,2002,0.3233266530347032
RGI60-11.02902,2003,-1.3661526365760688
RGI60-11.02902,2004,-0.6977752768695527
RGI60-11.02902,2005,-0.22078477609064057
RGI60-11.02902,2006,-0.5464993449452693
RGI60-11.02902,2007,-0.06418715727134638
RGI60-11.02902,2008,0.06036434483261682
RGI60-11.02902,2009,-0.5488508550283486
RGI60-11.02902,2010,-0.24272115292650293
RGI60-11.02902,2011,-0.3143528739908298
RGI60-11.02902,2012,-0.6303420540268582
RGI60-11.02902,2013,-0.023869488878246747
RGI60-11.02902,2014,0.43129351833574225
RGI60-11.02902,2015,-0.1957429706694011
RGI60-11.02902,2016,-0.3076063818498965
RGI60-11.02902,2017,-0.6818449677471854
RGI60-11.02902,2018,-0.7317667938396754
RGI60-11.02902,2019,-0.9108150803668124
RGI60-11.02902,2020,-0.5156628481560066
RGI60-11.02902,2021,-0.35155145098280155
RGI60-11.02902,2022,-1.4999540961948958
RGI60-11.02902,2023,-1.0595535574106363
RGI60-11.02902,2024,-0.3362097989862795
RGI60-11.02909,2000,-0.5553771778679355
RGI60-11.02909,2001,0.27192902448103917
RGI60-11.02909,2002,-0.602923633022793
RGI60-11.02909,2003,-1.1240779905746099
RGI60-11.02909,2004,-0.7927158104427939
RGI60-11.02909,2005,-1.062066708392286
RGI60-11.02909,2006,-0.27603936901997866
RGI60-11.02909,2007,-0.10257666973396051
RGI60-11.02909,2008,-0.6939539421313707
RGI60-11.02909,2009,-1.15922179469873
RGI60-11.02909,2010,-0.4594563887156123
RGI60-11.02909,2011,-1.0671095260876757
RGI60-11.02909,2012,-0.6813188324567685
RGI60-11.02909,2013,-0.30013396578319856
RGI60-11.02909,2014,-0.5293979476592531
RGI60-11.02909,2015,-0.856298002673414
RGI60-11.02909,2016,-0.4215987981525983
RGI60-11.02909,2017,-1.1797667541019792
RGI60-11.02909,2018,-1.1379782608607938
RGI60-11.02909,2019,-0.8242174521052833
RGI60-11.02909,2020,-0.6716704469116554
RGI60-11.02909,2021,-0.6604107576568217
RGI60-11.02909,2022,-1.2879939627840669
RGI60-11.02909,2023,-0.9646810145174145
RGI60-11.02909,2024,-0.5133337430551088
RGI60-11.02910,2000,-0.7346838443865952
RGI60-11.02910,2001,-0.14143969773814347
RGI60-11.02910,2002,-0.236645965594509
RGI60-11.02910,2003,-1.316868198349832
RGI60-11.02910,2004,-0.9061571673602051
RGI60-11.02910,2005,-0.6951844275101019
RGI60-11.02910,2006,-0.9513605399512817
RGI60-11.02910,2007,-0.26134497408816326
RGI60-11.02910,2008,-0.6989593212327798
RGI60-11.02910,2009,-0.4437511501846146
RGI60-11.02910,2010,-0.2857400310876535
RGI60-11.02910,2011,-0.8548058654440531
RGI60-11.02910,2012,-1.0202882856717688
RGI60-11.02910,2013,-0.16150015607399515
RGI60-11.02910,2014,-0.6437976865444219
RGI60-11.02910,2015,-0.45927433971366316
RGI60-11.02910,2016,-0.14734137135257386
RGI60-11.02910,2017,-0.6079550938649121
RGI60-11.02910,2018,-1.0795307059908261
RGI60-11.02910,2019,-0.8273711778599073
RGI60-11.02910,2020,-0.49905982435248736
RGI60-11.02910,2021,-0.6170345013779214
RGI60-11.02910,2022,-1.6794457278391257
RGI60-11.02910,2023,-1.5179536613378328
RGI60-11.02910,2024,0.3158793725435476
RGI60-11.02914,2000,-1.0775518545416438
RGI60-11.02914,2001,0.24755241898448999
RGI60-11.02914,2002,0.17422965967480208
RGI60-11.02914,2003,-1.5766493006118896
RGI60-11.02914,2004,-0.9723390699572383
RGI60-11.02914,2005,-0.5419440889464603
RGI60-11.02914,2006,-0.7980507874704691
RGI60-11.02914,2007,-0.29160127670570324
RGI60-11.02914,2008,-0.29214144497726763
RGI60-11.02914,2009,-0.6535393657722234
RGI60-11.02914,2010,-0.6002023331968989
RGI60-11.02914,2011,-0.6456531071410654
RGI60-11.02914,2012,-1.0573518759683658
RGI60-11.02914,2013,-0.13121439356775721
RGI60-11.02914,2014,-0.1427086237758569
RGI60-11.02914,2015,-0.6074563111670938
RGI60-11.02914,2016,-0.3316917354645445
RGI60-11.02914,2017,-1.0072857746428463
RGI60-11.02914,2018,-1.0789748058965052
RGI60-11.02914,2019,-1.4129259288554672
RGI60-11.02914,2020,-0.8301861712427714
RGI60-11.02914,2021,-0.7935953694543736
RGI60-11.02914,2022,-1.9637807569093708
RGI60-11.02914,2023,-1.4739197670119533
RGI60-11.02914,2024,-0.9628433567648997
RGI60-11.02916,2000,-0.6237708320942881
RGI60-11.02916,2001,0.12774489327038585
RGI60-11.02916,2002,-0.479543727728319
RGI60-11.02916,2003,-1.1981628388780234
RGI60-11.02916,2004,-0.8392082835104858
RGI60-11.02916,2005,-0.7979683610241943
RGI60-11.02916,2006,-0.2615316266210797
RGI60-11.02916,2007,-0.3805376672505907
RGI60-11.02916,2008,-0.780376163154718
RGI60-11.02916,2009,-1.2268264660059571
RGI60-11.02916,2010,-0.2986218433092591
RGI60-11.02916,2011,-0.8833539648493682
RGI60-11.02916,2012,-0.6910050715014612
RGI60-11.02916,2013,-0.3751919781262663
RGI60-11.02916,2014,-0.4097983009931476
RGI60-11.02916,2015,-0.7395106049984687
RGI60-11.02916,2016,-0.44096083605631897
RGI60-11.02916,2017,-0.9044587804044604
RGI60-11.02916,2018,-1.2394993696510217
RGI60-11.02916,2019,-1.107618177112965
RGI60-11.02916,2020,-0.629492425823682
RGI60-11.02916,2021,-0.7407536000238394
RGI60-11.02916,2022,-1.4790196789554897
RGI60-11.02916,2023,-1.1591556068746776
RGI60-11.02916,2024,-0.9107230225450831
RGI60-11.02918,2000,-0.4623032317166435
RGI60-11.02918,2001,0.14838026537260296
RGI60-11.02918,2002,0.3500287731506282
RGI60-11.02918,2003,-1.2375482959405493
RGI60-11.02918,2004,-0.8836236246024101
RGI60-11.02918,2005,-0.1663410976287285
RGI60-11.02918,2006,-0.4022073204865847
RGI60-11.02918,2007,-0.32192101806556594
RGI60-11.02918,2008,0.010189573985608658
RGI60-11.02918,2009,-0.5346992507495713
RGI60-11.02918,2010,-0.45301201294504484
RGI60-11.02918,2011,-0.48469782911292114
RGI60-11.02918,2012,-0.8697806982527178
RGI60-11.02918,2013,-0.11987046147912778
RGI60-11.02918,2014,0.3986887602174739
RGI60-11.02918,2015,-0.152451130792082
RGI60-11.02918,2016,-0.20159614441323376
RGI60-11.02918,2017,-0.7277328235940319
RGI60-11.02918,2018,-0.7587595461236492
RGI60-11.02918,2019,-1.2320428868234419
RGI60-11.02918,2020,-0.8154503044003814
RGI60-11.02918,2021,-0.32009724902678355
RGI60-11.02918,2022,-1.828334169386655
RGI60-11.02918,2023,-1.2048379972855239
RGI60-11.02918,2024,-0.8676629260899834
RGI60-11.02922,2000,-0.461922336802173
RGI60-11.02922,2001,-0.38985637691532965
RGI60-11.02922,2002,0.15007396061638256
RGI60-11.02922,2003,-1.3473924087420786
RGI60-11.02922,2004,-0.8545940613815338
RGI60-11.02922,2005,-0.5022004973125497
RGI60-11.02922,2006,-0.4998037787149189
RGI60-11.02922,2007,-0.22276307466827808
RGI60-11.02922,2008,0.1083813699650561
RGI60-11.02922,2009,-0.507178797674531
RGI60-11.02922,2010,-0.5020163280402419
RGI60-11.02922,2011,-0.3356158021035681
RGI60-11.02922,2012,-0.44728890414930833
RGI60-11.02922,2013,-0.1971783282459876
RGI60-11.02922,2014,0.1182967470015781
RGI60-11.02922,2015,-0.23298523866097492
RGI60-11.02922,2016,-0.21551137873666157
RGI60-11.02922,2017,-0.7141485283238871
RGI60-11.02922,2018,-0.7338104496302404
RGI60-11.02922,2019,-0.7496857874807582
RGI60-11.02922,2020,-0.6145746211458776
RGI60-11.02922,2021,-0.34827954308227965
RGI60-11.02922,2022,-1.2919753322126954
RGI60-11.02922,2023,-0.7326424516529995
RGI60-11.02922,2024,-0.5524263870276989
RGI60-11.02924,2000,-0.7158671795067885
RGI60-11.02924,2001,0.46024054762711675
RGI60-11.02924,2002,-0.5934027998221005
RGI60-11.02924,2003,-1.334297421866658
RGI60-11.02924,2004,-1.0540213946053623
RGI60-11.02924,2005,-0.9988846501360661
RGI60-11.02924,2006,-0.5403798806366046
RGI60-11.02924,2007,-0.6249593655543105
RGI60-11.02924,2008,-0.592839598683151
RGI60-11.02924,2009,-1.2955473372342072
RGI60-11.02924,2010,-0.38261864452470085
RGI60-11.02924,2011,-1.0503613342800757
RGI60-11.02924,2012,-0.9885298962215842
RGI60-11.02924,2013,-0.2350414518111591
RGI60-11.02924,2014,-0.6238017426320012
RGI60-11.02924,2015,-1.1033857160145388
RGI60-11.02924,2016,-0.5655672209603995
RGI60-11.02924,2017,-1.1118436997781693
RGI60-11.02924,2018,-1.1774210226783741
RGI60-11.02924,2019,-0.7875701906808625
RGI60-11.02924,2020,-0.6081550308757038
RGI60-11.02924,2021,-0.5483762009505582
RGI60-11.02924,2022,-1.789246163451041
RGI60-11.02924,2023,-1.393723303214476
RGI60-11.02924,2024,-0.6103518665964379
RGI60-11.02925,2000,-0.21194403268474205
RGI60-11.02925,2001,0.45013028393518073
RGI60-11.02925,2002,0.23140160490760697
RGI60-11.02925,2003,-1.5290365823393164
RGI60-11.02925,2004,-0.596466388813143
RGI60-11.02925,2005,-0.8923697482647622
RGI60-11.02925,2006,-0.4280408692778186
RGI60-11.02925,2007,-0.5883511632411008
RGI60-11.02925,2008,-0.5439189789516062
RGI60-11.02925,2009,-0.9490306102756163
RGI60-11.02925,2010,-0.1325351564053287
RGI60-11.02925,2011,-0.9861777884250826
RGI60-11.02925,2012,-0.7735322017158345
RGI60-11.02925,2013,-0.1636990059355024
RGI60-11.02925,2014,-0.39603747241179454
RGI60-11.02925,2015,-0.7231374317383321
RGI60-11.02925,2016,-0.22043711691846668
RGI60-11.02925,2017,-0.895928172955782
RGI60-11.02925,2018,-1.2084814043478862
RGI60-11.02925,2019,-0.8487077641406701
RGI60-11.02925,2020,-0.5988124228619861
RGI60-11.02925,2021,-0.5200230070715127
RGI60-11.02925,2022,-1.8777369559510597
RGI60-11.02925,2023,-1.294284057815323
RGI60-11.02925,2024,-1.0623378893717266
RGI60-11.02927,2000,-0.9467157909604017
RGI60-11.02927,2001,0.21406964089479708
RGI60-11.02927,2002,-0.4286094036187408
RGI60-11.02927,2003,-1.1591662908067233
RGI60-11.02927,2004,-0.7876861514750078
RGI60-11.02927,2005,-0.7581860354602173
RGI60-11.02927,2006,-0.5161154665017127
RGI60-11.02927,2007,-0.5469754564354561
RGI60-11.02927,2008,-0.6940410018907502
RGI60-11.02927,2009,-1.3654751793005628
RGI60-11.02927,2010,-0.5271307228371838
RGI60-11.02927,2011,-0.9190869245021511
RGI60-11.02927,2012,-0.9848831363716375
RGI60-11.02927,2013,-0.258678012975596
RGI60-11.02927,2014,-0.4727535101793333
RGI60-11.02927,2015,-0.8782209294211253
RGI60-11.02927,2016,-0.5236433640905686
RGI60-11.02927,2017,-1.0347557400250107
RGI60-11.02927,2018,-1.039464915090515
RGI60-11.02927,2019,-1.1430816089521023
RGI60-11.02927,2020,-0.5246190586386752
RGI60-11.02927,2021,-0.6892575938301465
RGI60-11.02927,2022,-1.4797027856937497
RGI60-11.02927,2023,-1.0886228467078898
RGI60-11.02927,2024,-0.7680585705027987
RGI60-11.02928,2000,-0.9803613139424188
RGI60-11.02928,2001,-0.45967346430821177
RGI60-11.02928,2002,0.2305811948699783
RGI60-11.02928,2003,-1.9929670620971351
RGI60-11.02928,2004,-0.7456579789581768
RGI60-11.02928,2005,-0.6843245883420747
RGI60-11.02928,2006,-0.2843206512259602
RGI60-11.02928,2007,-0.7640971860750747
RGI60-11.02928,2008,-0.20871575647856394
RGI60-11.02928,2009,-0.7437009256802385
RGI60-11.02928,2010,-0.6817694998224901
RGI60-11.02928,2011,-1.376555749749798
RGI60-11.02928,2012,-0.7636494898194088
RGI60-11.02928,2013,-0.06599609578605314
RGI60-11.02928,2014,0.28639389759674294
RGI60-11.02928,2015,-0.2589694976383709
RGI60-11.02928,2016,-0.5360112961794689
RGI60-11.02928,2017,-1.1195283329538246
RGI60-11.02928,2018,-1.2717052379631597
RGI60-11.02928,2019,-0.8046709654462905
RGI60-11.02928,2020,-0.6648513363800093
RGI60-11.02928,2021,0.0005080903816916393
RGI60-11.02928,2022,-0.8359843469685573
RGI60-11.02928,2023,-0.744468259705201
RGI60-11.02928,2024,-0.2583117746430161
RGI60-11.02929,2000,-0.551588066560045
RGI60-11.02929,2001,-0.2444027313663939
RGI60-11.02929,2002,0.01695979012463067
RGI60-11.02929,2003,-2.0514824208639535
RGI60-11.02929,2004,-1.2441577713345342
RGI60-11.02929,2005,-0.8377082364277164
RGI60-11.02929,2006,-0.9601836585151464
RGI60-11.02929,2007,-0.2689325851464256
RGI60-11.02929,2008,-0.17199466409544173
RGI60-11.02929,2009,-0.8472806627393737
RGI60-11.02929,2010,-0.72625546818375
RGI60-11.02929,2011,-0.7863257267554561
RGI60-11.02929,2012,-1.1248406101636736
RGI60-11.02929,2013,-0.4470641287818242
RGI60-11.02929,2014,-0.8248129783502484
RGI60-11.02929,2015,-0.6214086032296724
RGI60-11.02929,2016,-0.5783941619923263
RGI60-11.02929,2017,-1.253393224402533
RGI60-11.02929,2018,-1.358086491375363
RGI60-11.02929,2019,-1.175747599840743
RGI60-11.02929,2020,-0.7179260272624353
RGI60-11.02929,2021,-0.6673484635907287
RGI60-11.02929,2022,-2.200091398624127
RGI60-11.02929,2023,-1.813912138914095
RGI60-11.02929,2024,-0.1707490192822445
RGI60-11.02930,2000,-0.45983481805635784
RGI60-11.02930,2001,0.6111307231200437
RGI60-11.02930,2002,-0.5722556688357028
RGI60-11.02930,2003,-1.5312113486124068
RGI60-11.02930,2004,-0.53038294960685
RGI60-11.02930,2005,-0.6611304914024085
RGI60-11.02930,2006,-0.465342217292089
RGI60-11.02930,2007,-0.09682582887619606
RGI60-11.02930,2008,-0.4242686190826126
RGI60-11.02930,2009,-0.17739197851642224
RGI60-11.02930,2010,-0.41868649724090445
RGI60-11.02930,2011,-1.1645912922201218
RGI60-11.02930,2012,-0.7915782303792086
RGI60-11.02930,2013,-0.13154954954904824
RGI60-11.02930,2014,-0.8331676366958661
RGI60-11.02930,2015,-1.079850597452654
RGI60-11.02930,2016,-0.43851113098559324
RGI60-11.02930,2017,-1.162224002899121
RGI60-11.02930,2018,-0.9398563940697006
RGI60-11.02930,2019,-0.4340714713467766
RGI60-11.02930,2020,-0.45571247991022523
RGI60-11.02930,2021,-0.3112565007709372
RGI60-11.02930,2022,-1.3155424016356163
RGI60-11.02930,2023,-0.6145247274224561
RGI60-11.02930,2024,-1.0672877782710501
RGI60-11.02934,2000,-0.5478309621875302
RGI60-11.02934,2001,-0.2824206099520703
RGI60-11.02934,2002,0.3992161798016409
RGI60-11.02934,2003,-1.468012069772099
RGI60-11.02934,2004,-1.0916700385695295
RGI60-11.02934,2005,-0.37593566851636023
RGI60-11.02934,2006,-0.7135530531486163
RGI60-11.02934,2007,-0.10282432181822948
RGI60-11.02934,2008,0.19351210105636818
RGI60-11.02934,2009,-0.4454792622901794
RGI60-11.02934,2010,-0.27818954031227305
RGI60-11.02934,2011,-0.44161761876802064
RGI60-11.02934,2012,-0.2207942106214418
RGI60-11.02934,2013,-0.26367261933834774
RGI60-11.02934,2014,0.3521145864496712
RGI60-11.02934,2015,-0.28228859415476093
RGI60-11.02934,2016,-0.2235481883260637
RGI60-11.02934,2017,-0.7117898239648888
RGI60-11.02934,2018,-0.7541636525338165
RGI60-11.02934,2019,-0.8498526330334444
RGI60-11.02934,2020,-0.5601612462824164
RGI60-11.02934,2021,-0.39701106930099944
RGI60-11.02934,2022,-1.6965441574442366
RGI60-11.02934,2023,-1.1528511844143121
RGI60-11.02934,2024,-0.5773942326017762
RGI60-11.02939,2000,-1.1455401286346074
RGI60-11.02939,2001,0.09839926771225993
RGI60-11.02939,2002,-0.6257077872376704
RGI60-11.02939,2003,-1.5599636125711918
RGI60-11.02939,2004,-0.8561639102653236
RGI60-11.02939,2005,-0.6492491678139644
RGI60-11.02939,2006,-0.535295102073581
RGI60-11.02939,2007,-0.35880519696040786
RGI60-11.02939,2008,-0.6966761105755289
RGI60-11.02939,2009,-1.0122850220173962
RGI60-11.02939,2010,-0.7232884071319214
RGI60-11.02939,2011,-0.9680595728360895
RGI60-11.02939,2012,-0.801514503984861
RGI60-11.02939,2013,-0.5687836423457235
RGI60-11.02939,2014,-0.7191520142339717
RGI60-11.02939,2015,-0.7146927520301112
RGI60-11.02939,2016,-0.412789163502977
RGI60-11.02939,2017,-0.491470792964329
RGI60-11.02939,2018,-0.7439221051231253
RGI60-11.02939,2019,-1.2651402754094816
RGI60-11.02939,2020,-0.5850966810893772
RGI60-11.02939,2021,-0.4305525719406627
RGI60-11.02939,2022,-1.1050697961913554
RGI60-11.02939,2023,-0.9511704043444495
RGI60-11.02939,2024,-0.9259435711676797
RGI60-11.02947,2000,-0.43174566510479034
RGI60-11.02947,2001,-0.3468219523878362
RGI60-11.02947,2002,0.4555010994692409
RGI60-11.02947,2003,-1.4044085096605388
RGI60-11.02947,2004,-0.757272776203926
RGI60-11.02947,2005,-0.2712991387375654
RGI60-11.02947,2006,-0.520775075956611
RGI60-11.02947,2007,-0.08738204711543218
RGI60-11.02947,2008,-0.04260054210383285
RGI60-11.02947,2009,-0.42741944846786084
RGI60-11.02947,2010,-0.3671512223987321
RGI60-11.02947,2011,-0.1992079454433377
RGI60-11.02947,2012,-0.503407097210932
RGI60-11.02947,2013,-0.19933146520103626
RGI60-11.02947,2014,0.3673109645778372
RGI60-11.02947,2015,-0.20466550256287078
RGI60-11.02947,2016,-0.2738116734825344
RGI60-11.02947,2017,-0.720829064039656
RGI60-11.02947,2018,-0.6712407895994481
RGI60-11.02947,2019,-0.9317421483701415
RGI60-11.02947,2020,-0.6527497484727383
RGI60-11.02947,2021,-0.37222471599148577
RGI60-11.02947,2022,-1.3261577137784708
RGI60-11.02947,2023,-0.8940617273781347
RGI60-11.02947,2024,-0.4057017119135972
RGI60-11.02950,2000,-0.07606362363852337
RGI60-11.02950,2001,0.253797037205871
RGI60-11.02950,2002,0.15522743075032663
RGI60-11.02950,2003,-1.6989589043906934
RGI60-11.02950,2004,-0.1481501055217162
RGI60-11.02950,2005,0.023528968694635555
RGI60-11.02950,2006,-0.47447097099913693
RGI60-11.02950,2007,-0.405814016170073
RGI60-11.02950,2008,0.05038811221940581
RGI60-11.02950,2009,-0.6140406141348725
RGI60-11.02950,2010,-0.9376706684135688
RGI60-11.02950,2011,-1.2747512294946746
RGI60-11.02950,2012,-0.6397144349325192
RGI60-11.02950,2013,-0.004383054125433605
RGI60-11.02950,2014,0.7924747845419422
RGI60-11.02950,2015,-0.8159295742798165
RGI60-11.02950,2016,-0.2540631689824173
RGI60-11.02950,2017,-1.009297129557111
RGI60-11.02950,2018,-0.71494011902964
RGI60-11.02950,2019,-1.094868719741981
RGI60-11.02950,2020,-0.7048360228604744
RGI60-11.02950,2021,0.2518685947923551
RGI60-11.02950,2022,-0.9628283252635458
RGI60-11.02950,2023,-0.41086063555928964
RGI60-11.02950,2024,0.2563298191344878
RGI60-11.02964,2000,-0.7734204804238253
RGI60-11.02964,2001,0.14678829228787438
RGI60-11.02964,2002,-0.5059088424855441
RGI60-11.02964,2003,-1.1778742452698872
RGI60-11.02964,2004,-0.9646688469380429
RGI60-11.02964,2005,-0.9528348760661478
RGI60-11.02964,2006,-0.8912960177977264
RGI60-11.02964,2007,-0.7444608637019091
RGI60-11.02964,2008,-0.9118569666306728
RGI60-11.02964,2009,-1.0390232219083355
RGI60-11.02964,2010,-1.0446757363715131
RGI60-11.02964,2011,-1.4865489968732504
RGI60-11.02964,2012,-0.5468006969645021
RGI60-11.02964,2013,-0.26755778847692846
RGI60-11.02964,2014,-0.29057692269913604
RGI60-11.02964,2015,-1.464722738299885
RGI60-11.02964,2016,0.009450928201361397
RGI60-11.02964,2017,-1.105175462135476
RGI60-11.02964,2018,-1.5766964554686473
RGI60-11.02964,2019,-0.3049400619778082
RGI60-11.02964,2020,-0.47861795975319976
RGI60-11.02964,2021,-0.8903253045663192
RGI60-11.02964,2022,0.44525824673372805
RGI60-11.02964,2023,-0.9331536522644165
RGI60-11.02964,2024,-0.7981327362828338
RGI60-11.02968,2000,-1.1486767142759735
RGI60-11.02968,2001,-0.24777693136753443
RGI60-11.02968,2002,0.47281687026235375
RGI60-11.02968,2003,-1.8070106606168808
RGI60-11.02968,2004,-1.3854527542221056
RGI60-11.02968,2005,-0.6428201392788455
RGI60-11.02968,2006,-0.5207781951770416
RGI60-11.02968,2007,-0.7165050760816185
RGI60-11.02968,2008,-0.21752669509705125
RGI60-11.02968,2009,-0.7036018967645825
RGI60-11.02968,2010,-0.9749260252779464
RGI60-11.02968,2011,-1.0667672618486144
RGI60-11.02968,2012,-1.231124839333623
RGI60-11.02968,2013,-0.2466104181729366
RGI60-11.02968,2014,-0.03975352697989032
RGI60-11.02968,2015,-0.8424347683067154
RGI60-11.02968,2016,-0.5789334350489888
RGI60-11.02968,2017,-1.445230636985693
RGI60-11.02968,2018,-1.3021631167537326
RGI60-11.02968,2019,-1.4242237786725784
RGI60-11.02968,2020,-1.184776868468817
RGI60-11.02968,2021,-0.5785502799375848
RGI60-11.02968,2022,-2.315728702038538
RGI60-11.02968,2023,-1.634929655968542
RGI60-11.02968,2024,-0.9939564434312635
RGI60-11.02970,2000,-1.540087877043513
RGI60-11.02970,2001,-0.5745178967984118
RGI60-11.02970,2002,0.3910651362379052
RGI60-11.02970,2003,-2.269220063089979
RGI60-11.02970,2004,-1.728906597719067
RGI60-11.02970,2005,-1.0259479324954053
RGI60-11.02970,2006,-0.874772798636867
RGI60-11.02970,2007,-0.48467110770915833
RGI60-11.02970,2008,-0.325819677301458
RGI60-11.02970,2009,-0.8371838790303645
RGI60-11.02970,2010,-1.6636958014954333
RGI60-11.02970,2011,-0.9560347446386318
RGI60-11.02970,2012,-1.088132779689498
RGI60-11.02970,2013,-0.8380749964613293
RGI60-11.02970,2014,-0.7177221687489634
RGI60-11.02970,2015,-1.465655777345761
RGI60-11.02970,2016,-0.9042259750857389
RGI60-11.02970,2017,-2.200854105037506
RGI60-11.02970,2018,-2.0565090500754017
RGI60-11.02970,2019,-1.4407319078354193
RGI60-11.02970,2020,-1.386692029354676
RGI60-11.02970,2021,-1.006233300578504
RGI60-11.02970,2022,-1.5105157151097626
RGI60-11.02970,2023,-1.9507665783973995
RGI60-11.02970,2024,-0.6748680017904778
RGI60-11.02979,2000,-0.5042478756834907
RGI60-11.02979,2001,0.3180302319256658
RGI60-11.02979,2002,-0.27113262985386516
RGI60-11.02979,2003,-0.8365141423421731
RGI60-11.02979,2004,-0.9477777551529795
RGI60-11.02979,2005,-1.201242530398234
RGI60-11.02979,2006,-0.2856487159501589
RGI60-11.02979,2007,-0.602721866068577
RGI60-11.02979,2008,-0.6870933062403788
RGI60-11.02979,2009,-1.497046226014628
RGI60-11.02979,2010,-0.2987703444826528
RGI60-11.02979,2011,-0.8122962385537608
RGI60-11.02979,2012,-0.6298046053847571
RGI60-11.02979,2013,-0.3212798631910341
RGI60-11.02979,2014,-0.2800777516308403
RGI60-11.02979,2015,-1.0690446193069605
RGI60-11.02979,2016,-0.3962320570707295
RGI60-11.02979,2017,-0.896829215932889
RGI60-11.02979,2018,-1.2643500414498665
RGI60-11.02979,2019,-0.8581204472176935
RGI60-11.02979,2020,-0.7761913253556817
RGI60-11.02979,2021,-0.8058982988982529
RGI60-11.02979,2022,-1.5352327652837132
RGI60-11.02979,2023,-1.0362403665796083
RGI60-11.02979,2024,-0.47397759126106476
RGI60-11.02991,2000,-0.17255405336395985
RGI60-11.02991,2001,0.525967342391146
RGI60-11.02991,2002,-0.2582774206907357
RGI60-11.02991,2003,-0.8907621583636074
RGI60-11.02991,2004,-0.5206256430075088
RGI60-11.02991,2005,-0.5809940931881767
RGI60-11.02991,2006,-0.017307314915701644
RGI60-11.02991,2007,0.34355382628723036
RGI60-11.02991,2008,-0.1752928504004969
RGI60-11.02991,2009,-1.122555288878267
RGI60-11.02991,2010,-0.409772223237441
RGI60-11.02991,2011,-0.5127078991490205
RGI60-11.02991,2012,-0.3432459916600398
RGI60-11.02991,2013,0.07612989413685378
RGI60-11.02991,2014,-0.02681047380877649
RGI60-11.02991,2015,-0.44664401769871964
RGI60-11.02991,2016,-0.2178149632244504
RGI60-11.02991,2017,-0.4331418593048091
RGI60-11.02991,2018,-0.7086746383568008
RGI60-11.02991,2019,-0.16917017356671352
RGI60-11.02991,2020,-0.42386441941388076
RGI60-11.02991,2021,-0.13936795606448757
RGI60-11.02991,2022,-1.0445310201393698
RGI60-11.02991,2023,-0.7814716514080652
RGI60-11.02991,2024,-0.20480052116035363
RGI60-11.03000,2000,-0.679389150579439
RGI60-11.03000,2001,0.32710834986706416
RGI60-11.03000,2002,-0.8154736354170391
RGI60-11.03000,2003,-0.8202530705156139
RGI60-11.03000,2004,-0.6072684681210385
RGI60-11.03000,2005,-0.7287060996719393
RGI60-11.03000,2006,-0.1399641362919034
RGI60-11.03000,2007,-0.2538976311873741
RGI60-11.03000,2008,-0.26362840423505485
RGI60-11.03000,2009,-0.4628196171713914
RGI60-11.03000,2010,-0.12382728086958672
RGI60-11.03000,2011,-0.8111800848119214
RGI60-11.03000,2012,-0.8132407429482251
RGI60-11.03000,2013,0.13494377474779107
RGI60-11.03000,2014,-0.3963289086768635
RGI60-11.03000,2015,-0.8389847278384237
RGI60-11.03000,2016,-0.37685769407007175
RGI60-11.03000,2017,-0.6242144028255987
RGI60-11.03000,2018,-0.8508042176648507
RGI60-11.03000,2019,-0.7574138517185278
RGI60-11.03000,2020,-0.49708515293013006
RGI60-11.03000,2021,-0.5350583034809119
RGI60-11.03000,2022,-0.9943573593317033
RGI60-11.03000,2023,-0.7547611315403576
RGI60-11.03000,2024,-0.23293601810038922
RGI60-11.03001,2000,-0.3182989768707004
RGI60-11.03001,2001,0.31961224753204803
RGI60-11.03001,2002,-0.08653378568005507
RGI60-11.03001,2003,-0.9141446780218399
RGI60-11.03001,2004,-0.2441114884182724
RGI60-11.03001,2005,-0.4161588624916053
RGI60-11.03001,2006,-0.22910661643638633
RGI60-11.03001,2007,0.05652060982724938
RGI60-11.03001,2008,0.038771300600820624
RGI60-11.03001,2009,-0.5346662554497028
RGI60-11.03001,2010,0.057796847302161614
RGI60-11.03001,2011,-0.3630278282679319
RGI60-11.03001,2012,-0.2849737996681407
RGI60-11.03001,2013,-0.07823678678214313
RGI60-11.03001,2014,-0.025481703782706117
RGI60-11.03001,2015,-0.37140346348228037
RGI60-11.03001,2016,-0.17847609503590886
RGI60-11.03001,2017,-0.3976772372708275
RGI60-11.03001,2018,-0.7213571376489826
RGI60-11.03001,2019,-0.5441462899547973
RGI60-11.03001,2020,-0.3601622679060441
RGI60-11.03001,2021,-0.0029819395417727823
RGI60-11.03001,2022,-0.5904063752951743
RGI60-11.03001,2023,-0.5706529517389121
RGI60-11.03001,2024,0.17078232248777697
RGI60-11.03002,2000,-0.4513917779029407
RGI60-11.03002,2001,0.7385749974233331
RGI60-11.03002,2002,-0.17940454627246377
RGI60-11.03002,2003,-1.0095751235850563
RGI60-11.03002,2004,-0.601825134659794
RGI60-11.03002,2005,-0.8657592460087464
RGI60-11.03002,2006,-0.2703999222774416
RGI60-11.03002,2007,-0.31807504002841624
RGI60-11.03002,2008,-0.270215042688297
RGI60-11.03002,2009,-1.0106296193867206
RGI60-11.03002,2010,-0.02336071904895881
RGI60-11.03002,2011,-0.7786589685345447
RGI60-11.03002,2012,-0.7839198914937047
RGI60-11.03002,2013,0.29462905395063754
RGI60-11.03002,2014,-0.32850611232914595
RGI60-11.03002,2015,-0.5111038228765474
RGI60-11.03002,2016,-0.1611080548388542
RGI60-11.03002,2017,-0.5563766552285276
RGI60-11.03002,2018,-0.7218378671151371
RGI60-11.03002,2019,-0.8169565070986671
RGI60-11.03002,2020,-0.5752641737172157
RGI60-11.03002,2021,-0.30727225419221604
RGI60-11.03002,2022,-1.4949753275059459
RGI60-11.03002,2023,-1.0252432403283662
RGI60-11.03002,2024,-0.09019066500030748
RGI60-11.03005,2000,-0.30648371875076563
RGI60-11.03005,2001,-0.09804184009622285
RGI60-11.03005,2002,0.2948610582946204
RGI60-11.03005,2003,-0.15217737699847378
RGI60-11.03005,2004,-0.4713949250387239
RGI60-11.03005,2005,-1.5302936518080474
RGI60-11.03005,2006,-0.06503095295710298
RGI60-11.03005,2007,-0.9564015079423229
RGI60-11.03005,2008,-0.5362920483853275
RGI60-11.03005,2009,-0.952708162388268
RGI60-11.03005,2010,-1.3305579715126865
RGI60-11.03005,2011,-0.7519424960017036
RGI60-11.03005,2012,0.3587394480277992
RGI60-11.03005,2013,-0.7444364551111842
RGI60-11.03005,2014,-0.6710588876106203
RGI60-11.03005,2015,0.04781398919133151
RGI60-11.03005,2016,0.1498477145982089
RGI60-11.03005,2017,0.5028309489191134
RGI60-11.03005,2018,-1.7067743598476919
RGI60-11.03005,2019,-0.9657988045819325
RGI60-11.03005,2020,-0.8184399518905409
RGI60-11.03005,2021,-1.2671792640297408
RGI60-11.03005,2022,2.497229408569171
RGI60-11.03005,2023,-1.5054503471641127
RGI60-11.03005,2024,-2.2763852439738246
RGI60-11.03013,2000,0.02968143553408989
RGI60-11.03013,2001,0.5508146991253043
RGI60-11.03013,2002,0.16726031283998619
RGI60-11.03013,2003,-0.5338735861689953
RGI60-11.03013,2004,-0.4381265355542283
RGI60-11.03013,2005,-0.2728337220409456
RGI60-11.03013,2006,0.17613488980080255
RGI60-11.03013,2007,0.0876379701140523
RGI60-11.03013,2008,0.22410569749768858
RGI60-11.03013,2009,-0.4276970738539889
RGI60-11.03013,2010,0.13054420394180571
RGI60-11.03013,2011,-0.1453031422648467
RGI60-11.03013,2012,-0.019182112404099186
RGI60-11.03013,2013,0.1793724223409894
RGI60-11.03013,2014,0.2460545526383259
RGI60-11.03013,2015,-0.0744993341823607
RGI60-11.03013,2016,-0.0028465823923345956
RGI60-11.03013,2017,-0.34033702832396606
RGI60-11.03013,2018,-0.3269088257892272
RGI60-11.03013,2019,-0.599698240858054
RGI60-11.03013,2020,-0.15778444133949518
RGI60-11.03013,2021,-0.10301115214436558
RGI60-11.03013,2022,-1.1013649523587161
RGI60-11.03013,2023,-0.3303799705286814
RGI60-11.03013,2024,0.05977502884480698
RGI60-11.03014,2000,-0.32653997267751683
RGI60-11.03014,2001,0.438745938095318
RGI60-11.03014,2002,-0.07915758410023391
RGI60-11.03014,2003,-0.827894511510789
RGI60-11.03014,2004,-0.39158762155470067
RGI60-11.03014,2005,-0.7007067144837982
RGI60-11.03014,2006,0.15288639681437638
RGI60-11.03014,2007,-0.06805452861564074
RGI60-11.03014,2008,0.2121116532345248
RGI60-11.03014,2009,-0.5574628452957
RGI60-11.03014,2010,0.046319746669967965
RGI60-11.03014,2011,-0.2814015208834727
RGI60-11.03014,2012,-0.2233746313506333
RGI60-11.03014,2013,0.062317002868753746
RGI60-11.03014,2014,0.13489225088208234
RGI60-11.03014,2015,-0.35640598592550904
RGI60-11.03014,2016,0.023950630368395898
RGI60-11.03014,2017,-0.3834691241092003
RGI60-11.03014,2018,-0.5371638230955034
RGI60-11.03014,2019,-0.5315047553307215
RGI60-11.03014,2020,-0.21121178001768884
RGI60-11.03014,2021,-0.0606125466045305
RGI60-11.03014,2022,-0.7623380842629783
RGI60-11.03014,2023,-0.5617961626348794
RGI60-11.03014,2024,-0.39100905009271203
RGI60-11.03020,2000,-0.17988976870672413
RGI60-11.03020,2001,0.8399514992230622
RGI60-11.03020,2002,-0.09896797527725706
RGI60-11.03020,2003,-0.7049594814027086
RGI60-11.03020,2004,-0.19187680279115846
RGI60-11.03020,2005,-0.6441273738175269
RGI60-11.03020,2006,0.024478964496500888
RGI60-11.03020,2007,0.1297223532393593
RGI60-11.03020,2008,0.04251666377487498
RGI60-11.03020,2009,-0.9416137209189439
RGI60-11.03020,2010,0.1473094043526643
RGI60-11.03020,2011,-0.7230073037681417
RGI60-11.03020,2012,-0.2063978609005277
RGI60-11.03020,2013,0.1475595645290921
RGI60-11.03020,2014,-0.0039246079662572375
RGI60-11.03020,2015,-0.3465923820703949
RGI60-11.03020,2016,0.065369946667133
RGI60-11.03020,2017,-0.4313205430148145
RGI60-11.03020,2018,-0.6088865214676353
RGI60-11.03020,2019,-0.6743440541805992
RGI60-11.03020,2020,-0.2734846358988454
RGI60-11.03020,2021,-0.1632207999433083
RGI60-11.03020,2022,-1.0231086873461706
RGI60-11.03020,2023,-0.5516982721716326
RGI60-11.03020,2024,-0.2756726742359153
RGI60-11.03022,2000,-0.6353618408867837
RGI60-11.03022,2001,0.2720901480190082
RGI60-11.03022,2002,-0.8505649366782643
RGI60-11.03022,2003,-1.2401136655041587
RGI60-11.03022,2004,-0.9124708267584207
RGI60-11.03022,2005,-1.4517448538262803
RGI60-11.03022,2006,-0.47413717710423686
RGI60-11.03022,2007,-0.4947529545224588
RGI60-11.03022,2008,-0.5424877584980701
RGI60-11.03022,2009,-1.59131805958131
RGI60-11.03022,2010,-0.12294400636386249
RGI60-11.03022,2011,-1.4814574962773803
RGI60-11.03022,2012,-0.865927187039092
RGI60-11.03022,2013,-0.098121200824415
RGI60-11.03022,2014,-0.8573548573598039
RGI60-11.03022,2015,-0.7889326064651168
RGI60-11.03022,2016,-0.7249982288469019
RGI60-11.03022,2017,-1.0600080552077409
RGI60-11.03022,2018,-0.9539347729926908
RGI60-11.03022,2019,-1.1066596632820214
RGI60-11.03022,2020,-0.5673868147059624
RGI60-11.03022,2021,-0.6310384977213728
RGI60-11.03022,2022,-1.482817546206059
RGI60-11.03022,2023,-0.9973750980030756
RGI60-11.03022,2024,-0.33086225997022456
RGI60-11.03039,2000,-0.5758987919283474
RGI60-11.03039,2001,0.35173822347504835
RGI60-11.03039,2002,-0.7277471631555872
RGI60-11.03039,2003,-1.435229334221459
RGI60-11.03039,2004,-0.635867717091087
RGI60-11.03039,2005,-1.5108778897528106
RGI60-11.03039,2006,-0.8187071568052781
RGI60-11.03039,2007,-0.6009850687564287
RGI60-11.03039,2008,-0.8904917915667521
RGI60-11.03039,2009,-1.475473426004719
RGI60-11.03039,2010,-0.6251397598237955
RGI60-11.03039,2011,-1.3035537737733054
RGI60-11.03039,2012,-0.7161553747953323
RGI60-11.03039,2013,-0.3895031361048761
RGI60-11.03039,2014,-0.6864200869954382
RGI60-11.03039,2015,-1.4651611498034895
RGI60-11.03039,2016,-0.7116695997903917
RGI60-11.03039,2017,-1.2178190126981663
RGI60-11.03039,2018,-1.4124740914412321
RGI60-11.03039,2019,-1.3306638989665502
RGI60-11.03039,2020,-0.9072866887900811
RGI60-11.03039,2021,-0.940603258735779
RGI60-11.03039,2022,-2.2098087297458653
RGI60-11.03039,2023,-1.4090021987200552
RGI60-11.03039,2024,-0.9243229226634133
RGI60-11.03047,2000,-0.284808533129749
RGI60-11.03047,2001,0.6579102624171431
RGI60-11.03047,2002,-0.34855200375090806
RGI60-11.03047,2003,-1.076390697990829
RGI60-11.03047,2004,-0.5205962556593923
RGI60-11.03047,2005,-1.1777269691182686
RGI60-11.03047,2006,-0.4755563234697231
RGI60-11.03047,2007,-0.2676582607963026
RGI60-11.03047,2008,-0.5344863470689364
RGI60-11.03047,2009,-0.9384709582913997
RGI60-11.03047,2010,-0.2233517580013264
RGI60-11.03047,2011,-0.8633650550656176
RGI60-11.03047,2012,-0.6027840068936134
RGI60-11.03047,2013,-0.2364125156055365
RGI60-11.03047,2014,-0.4142858857538967
RGI60-11.03047,2015,-0.9429302845356757
RGI60-11.03047,2016,-0.3756929111694842
RGI60-11.03047,2017,-0.7666435239578905
RGI60-11.03047,2018,-1.1788027571962831
RGI60-11.03047,2019,-0.8548952149623132
RGI60-11.03047,2020,-0.467526159036815
RGI60-11.03047,2021,-0.6126391546899759
RGI60-11.03047,2022,-1.7846487266803606
RGI60-11.03047,2023,-1.0639599974616936
RGI60-11.03047,2024,-0.4677986450438944
RGI60-11.03066,2000,-0.6184575638366802
RGI60-11.03066,2001,0.14411356995400348
RGI60-11.03066,2002,0.1301836803378884
RGI60-11.03066,2003,-1.1708289596223413
RGI60-11.03066,2004,-1.1769897966876637
RGI60-11.03066,2005,-0.5632430784285605
RGI60-11.03066,2006,-0.48390765529931823
RGI60-11.03066,2007,-0.37468449748214516
RGI60-11.03066,2008,-0.446678690985974
RGI60-11.03066,2009,-0.7134494251680132
RGI60-11.03066,2010,-0.34230241227319075
RGI60-11.03066,2011,-0.6579454074200441
RGI60-11.03066,2012,-1.0227149402934614
RGI60-11.03066,2013,-0.1951994443754438
RGI60-11.03066,2014,-0.047694121571139614
RGI60-11.03066,2015,-0.7009320675021855
RGI60-11.03066,2016,-0.36775921666295364
RGI60-11.03066,2017,-0.9507920514111428
RGI60-11.03066,2018,-1.0305019664241706
RGI60-11.03066,2019,-1.4324159548474578
RGI60-11.03066,2020,-0.7474622305696508
RGI60-11.03066,2021,-0.7716849781967972
RGI60-11.03066,2022,-1.9290420020393375
RGI60-11.03066,2023,-1.4650027852739425
RGI60-11.03066,2024,-0.7099462335978639
RGI60-11.03077,2000,-0.9467357896715278
RGI60-11.03077,2001,-0.1258930506197894
RGI60-11.03077,2002,-0.7130386690172166
RGI60-11.03077,2003,-1.342672260921044
RGI60-11.03077,2004,-1.1373891856155594
RGI60-11.03077,2005,-1.4072096227493929
RGI60-11.03077,2006,-1.109966429021299
RGI60-11.03077,2007,-1.0486059765867402
RGI60-11.03077,2008,-1.2041780832287534
RGI60-11.03077,2009,-1.1739078002087286
RGI60-11.03077,2010,-0.7477865461943971
RGI60-11.03077,2011,-1.5958144290100527
RGI60-11.03077,2012,-1.147030264140161
RGI60-11.03077,2013,-0.5847760851214294
RGI60-11.03077,2014,-0.8633039916762615
RGI60-11.03077,2015,-1.3022595877190346
RGI60-11.03077,2016,-0.5150727880554247
RGI60-11.03077,2017,-1.018110739315361
RGI60-11.03077,2018,-1.0830667332949395
RGI60-11.03077,2019,-1.155881967832884
RGI60-11.03077,2020,-0.9348391921107319
RGI60-11.03077,2021,-0.9938387246522538
RGI60-11.03077,2022,-1.7962263409461063
RGI60-11.03077,2023,-1.4145767858470264
RGI60-11.03077,2024,-0.6448128290042846
RGI60-11.03081,2000,-0.6323887485304158
RGI60-11.03081,2001,0.3663347320747382
RGI60-11.03081,2002,-0.37653567922854114
RGI60-11.03081,2003,-1.4835717978181358
RGI60-11.03081,2004,-0.7645104468792109
RGI60-11.03081,2005,-1.0105322765815612
RGI60-11.03081,2006,-0.7364851127348001
RGI60-11.03081,2007,-0.7075069079303207
RGI60-11.03081,2008,-0.7274346441663558
RGI60-11.03081,2009,-0.8322233654066353
RGI60-11.03081,2010,-0.4856359434759725
RGI60-11.03081,2011,-1.0512109362437427
RGI60-11.03081,2012,-0.9395199381007915
RGI60-11.03081,2013,-0.30660054376923906
RGI60-11.03081,2014,-0.6112005077422848
RGI60-11.03081,2015,-1.0697718605427056
RGI60-11.03081,2016,-0.44766389726444994
RGI60-11.03081,2017,-1.0528789728198529
RGI60-11.03081,2018,-0.9667131827554984
RGI60-11.03081,2019,-1.054449970084223
RGI60-11.03081,2020,-0.45567546862241315
RGI60-11.03081,2021,-1.023768633337619
RGI60-11.03081,2022,-1.4106063036287357
RGI60-11.03081,2023,-1.5807932701425593
RGI60-11.03081,2024,-0.9409834850392731
RGI60-11.03084,2000,-0.7282044480965916
RGI60-11.03084,2001,0.09787992907532328
RGI60-11.03084,2002,-0.05668273815122127
RGI60-11.03084,2003,-1.1649885030069091
RGI60-11.03084,2004,-0.8963659921023938
RGI60-11.03084,2005,-0.8161192762526679
RGI60-11.03084,2006,-0.6483597993272144
RGI60-11.03084,2007,-0.5991920004988813
RGI60-11.03084,2008,-0.5939485739375853
RGI60-11.03084,2009,-0.506703908226664
RGI60-11.03084,2010,-0.4302565162549984
RGI60-11.03084,2011,-0.6770493108522803
RGI60-11.03084,2012,-1.163251083044134
RGI60-11.03084,2013,-0.14036658483461922
RGI60-11.03084,2014,-0.30898942075046837
RGI60-11.03084,2015,-0.860981306802371
RGI60-11.03084,2016,-0.2194152879860195
RGI60-11.03084,2017,-0.9360482599339384
RGI60-11.03084,2018,-1.0743924968675156
RGI60-11.03084,2019,-0.9893644221488502
RGI60-11.03084,2020,-0.5656182709607649
RGI60-11.03084,2021,-0.7850664987704069
RGI60-11.03084,2022,-1.974961843562208
RGI60-11.03084,2023,-1.5120851930659227
RGI60-11.03084,2024,-0.6383221481844632
RGI60-11.03090,2000,-0.8197940954914288
RGI60-11.03090,2001,0.025480902592470378
RGI60-11.03090,2002,-0.02856787574471842
RGI60-11.03090,2003,-1.339379497367222
RGI60-11.03090,2004,-1.0809696676429355
RGI60-11.03090,2005,-0.5938817761832058
RGI60-11.03090,2006,-0.7589112915287278
RGI60-11.03090,2007,-0.6896073544575195
RGI60-11.03090,2008,-0.7061341422539412
RGI60-11.03090,2009,-0.29677476420255927
RGI60-11.03090,2010,-0.3199846968649718
RGI60-11.03090,2011,-0.566403455248787
RGI60-11.03090,2012,-1.0448192597454207
RGI60-11.03090,2013,-0.1997005301720418
RGI60-11.03090,2014,-0.3668524326385369
RGI60-11.03090,2015,-1.040380485044555
RGI60-11.03090,2016,-0.3527332764827541
RGI60-11.03090,2017,-0.8517089654573532
RGI60-11.03090,2018,-0.9211750245579632
RGI60-11.03090,2019,-0.7841023115078194
RGI60-11.03090,2020,-0.4961615619104456
RGI60-11.03090,2021,-0.597564094230771
RGI60-11.03090,2022,-1.9399573935471033
RGI60-11.03090,2023,-1.162212163416326
RGI60-11.03090,2024,-0.7450313075302426
RGI60-11.03101,2000,-0.41495929709460233
RGI60-11.03101,2001,0.21125235923781693
RGI60-11.03101,2002,0.2569745766956262
RGI60-11.03101,2003,-0.8716598429592578
RGI60-11.03101,2004,-0.7142852593809941
RGI60-11.03101,2005,-0.3860652005958517
RGI60-11.03101,2006,-0.4633769397340208
RGI60-11.03101,2007,-0.37921810232133996
RGI60-11.03101,2008,-0.12599937924345497
RGI60-11.03101,2009,-0.31512511986352887
RGI60-11.03101,2010,-0.10774550042343989
RGI60-11.03101,2011,-0.559271470756497
RGI60-11.03101,2012,-0.6647213870132671
RGI60-11.03101,2013,0.06473903584944268
RGI60-11.03101,2014,-0.01766586107326551
RGI60-11.03101,2015,-0.44996314079537153
RGI60-11.03101,2016,-0.05915959411330618
RGI60-11.03101,2017,-0.8036904557524457
RGI60-11.03101,2018,-0.7004002709820271
RGI60-11.03101,2019,-0.772259149680222
RGI60-11.03101,2020,-0.21343021219546818
RGI60-11.03101,2021,-0.5490989728982757
RGI60-11.03101,2022,-1.6098837940146398
RGI60-11.03101,2023,-0.8233492457306377
RGI60-11.03101,2024,-0.2681314703877823
RGI60-11.03102,2000,-0.5304669517520683
RGI60-11.03102,2001,0.30032237719691635
RGI60-11.03102,2002,-0.2869353066999877
RGI60-11.03102,2003,-1.2611135382914922
RGI60-11.03102,2004,-0.9484420470302919
RGI60-11.03102,2005,-0.9109763061223359
RGI60-11.03102,2006,-0.6889836462340488
RGI60-11.03102,2007,-0.520745036561185
RGI60-11.03102,2008,-0.23782380985628992
RGI60-11.03102,2009,-1.1210792161774135
RGI60-11.03102,2010,-0.3642183653455016
RGI60-11.03102,2011,-0.9237074507408191
RGI60-11.03102,2012,-0.9465048712156958
RGI60-11.03102,2013,-0.46284906872441994
RGI60-11.03102,2014,-0.4090896949580074
RGI60-11.03102,2015,-0.9892940022833204
RGI60-11.03102,2016,-0.5375372247457871
RGI60-11.03102,2017,-1.2699587333526656
RGI60-11.03102,2018,-1.1603028679833325
RGI60-11.03102,2019,-1.478694239122252
RGI60-11.03102,2020,-0.8803624764304395
RGI60-11.03102,2021,-1.0225447223842026
RGI60-11.03102,2022,-1.9108246501469692
RGI60-11.03102,2023,-1.103758878831996
RGI60-11.03102,2024,-0.509354394843105
RGI60-11.03103,2000,-0.7349589117457871
RGI60-11.03103,2001,0.18410560092246842
RGI60-11.03103,2002,0.1090501969192309
RGI60-11.03103,2003,-1.1442591543323513
RGI60-11.03103,2004,-1.053058118792383
RGI60-11.03103,2005,-0.4343374382837756
RGI60-11.03103,2006,-0.6942516428969965
RGI60-11.03103,2007,-0.5888502476983972
RGI60-11.03103,2008,-0.06436400968514222
RGI60-11.03103,2009,-0.2577921904647458
RGI60-11.03103,2010,-0.08419715003397338
RGI60-11.03103,2011,-0.8803418713521041
RGI60-11.03103,2012,-1.0318424135619644
RGI60-11.03103,2013,-0.2758086503717033
RGI60-11.03103,2014,-0.30742063708416095
RGI60-11.03103,2015,-1.0307769914716995
RGI60-11.03103,2016,-0.24711041803100703
RGI60-11.03103,2017,-1.0608175685289416
RGI60-11.03103,2018,-0.9033007579092149
RGI60-11.03103,2019,-1.075667625597358
RGI60-11.03103,2020,-0.5232591050350722
RGI60-11.03103,2021,-0.6566934324128315
RGI60-11.03103,2022,-0.25765135854306753
RGI60-11.03103,2023,-0.4804655382923989
RGI60-11.03103,2024,-1.308257444826239
RGI60-11.03107,2000,-0.8089370548084152
RGI60-11.03107,2001,-0.1571197344312526
RGI60-11.03107,2002,-0.23105413469213998
RGI60-11.03107,2003,-1.1290644112537331
RGI60-11.03107,2004,-0.8450366823746238
RGI60-11.03107,2005,-0.2816007709683731
RGI60-11.03107,2006,-1.0813347200915886
RGI60-11.03107,2007,-0.8297171739413456
RGI60-11.03107,2008,-0.05053111903357277
RGI60-11.03107,2009,-0.399139271372405
RGI60-11.03107,2010,-0.44545104579610817
RGI60-11.03107,2011,-0.6434870780291608
RGI60-11.03107,2012,-1.0386639822932915
RGI60-11.03107,2013,-0.40998440137187164
RGI60-11.03107,2014,-0.47903215503409624
RGI60-11.03107,2015,-0.9511833885176704
RGI60-11.03107,2016,-0.4356419885644979
RGI60-11.03107,2017,-0.9916117069041341
RGI60-11.03107,2018,-0.8201858865297174
RGI60-11.03107,2019,-0.7437232939919982
RGI60-11.03107,2020,-0.5613632544801163
RGI60-11.03107,2021,-0.7675025325260756
RGI60-11.03107,2022,-1.2204216008779034
RGI60-11.03107,2023,-0.9482937022548249
RGI60-11.03107,2024,-0.42436201006822855
RGI60-11.03110,2000,-0.3635228088256247
RGI60-11.03110,2001,0.23639121818178577
RGI60-11.03110,2002,0.3284625403519673
RGI60-11.03110,2003,-0.8278655064931157
RGI60-11.03110,2004,-0.639528417288926
RGI60-11.03110,2005,-0.3466318121569032
RGI60-11.03110,2006,-0.329505716360524
RGI60-11.03110,2007,-0.15235106533850457
RGI60-11.03110,2008,-0.09811733435229794
RGI60-11.03110,2009,-0.45030974084554215
RGI60-11.03110,2010,-0.055714354701155655
RGI60-11.03110,2011,-0.4590727837777868
RGI60-11.03110,2012,-0.5374132126737424
RGI60-11.03110,2013,0.018956286036677317
RGI60-11.03110,2014,0.07394436060288845
RGI60-11.03110,2015,-0.33188519626084284
RGI60-11.03110,2016,-0.22104594765258057
RGI60-11.03110,2017,-0.7192327821154578
RGI60-11.03110,2018,-0.8461272514414415
RGI60-11.03110,2019,-0.7610304748888749
RGI60-11.03110,2020,-0.36962482553953646
RGI60-11.03110,2021,-0.4265031194970518
RGI60-11.03110,2022,-1.6814657181843464
RGI60-11.03110,2023,-0.7451881531129521
RGI60-11.03110,2024,-0.4343261744534373
RGI60-11.03111,2000,-0.5344551410645338
RGI60-11.03111,2001,0.04311406797544237
RGI60-11.03111,2002,0.6174909479532652
RGI60-11.03111,2003,-1.0206220187492367
RGI60-11.03111,2004,-0.8219117640691747
RGI60-11.03111,2005,-0.4463538649816306
RGI60-11.03111,2006,-0.7983328643169814
RGI60-11.03111,2007,-0.47545658625331155
RGI60-11.03111,2008,-0.37953753846960053
RGI60-11.03111,2009,-0.42651950621922036
RGI60-11.03111,2010,-0.12655767670879386
RGI60-11.03111,2011,-0.5356724003847378
RGI60-11.03111,2012,-0.762074176074367
RGI60-11.03111,2013,-0.036196882846372624
RGI60-11.03111,2014,-0.24414729589371703
RGI60-11.03111,2015,-0.7365671236860919
RGI60-11.03111,2016,0.17179063678501816
RGI60-11.03111,2017,-0.7382748773993038
RGI60-11.03111,2018,-0.9608375113113634
RGI60-11.03111,2019,-0.7126784242852915
RGI60-11.03111,2020,-0.3105091032669438
RGI60-11.03111,2021,-0.4651651039670178
RGI60-11.03111,2022,-1.8030861858624214
RGI60-11.03111,2023,-1.3355749786960684
RGI60-11.03111,2024,-0.7641895333820286
RGI60-11.03114,2000,-0.4405107210408911
RGI60-11.03114,2001,0.37083160961378886
RGI60-11.03114,2002,0.5553891306993259
RGI60-11.03114,2003,-1.1350016692739282
RGI60-11.03114,2004,-0.656228540678494
RGI60-11.03114,2005,-0.2705895721938759
RGI60-11.03114,2006,-0.444803747403701
RGI60-11.03114,2007,0.005133909623143751
RGI60-11.03114,2008,0.19239246070120142
RGI60-11.03114,2009,-0.08859911659455849
RGI60-11.03114,2010,0.0026837086473922023
RGI60-11.03114,2011,-0.4035195683766838
RGI60-11.03114,2012,-0.5822886074840514
RGI60-11.03114,2013,0.06467238839958339
RGI60-11.03114,2014,-0.12029380790687305
RGI60-11.03114,2015,-0.5278743391323149
RGI60-11.03114,2016,-0.1387665982507215
RGI60-11.03114,2017,-0.7953620697138091
RGI60-11.03114,2018,-0.569933921014778
RGI60-11.03114,2019,-0.7984309286197635
RGI60-11.03114,2020,-0.24684149545328482
RGI60-11.03114,2021,-0.47701109790349494
RGI60-11.03114,2022,-1.6140240551424916
RGI60-11.03114,2023,-1.1255688351229811
RGI60-11.03114,2024,-0.8708797380047029
RGI60-11.03118,2000,-0.8849597623338543
RGI60-11.03118,2001,-0.11520236423126706
RGI60-11.03118,2002,-0.0902429839505674
RGI60-11.03118,2003,-1.4528966682315927
RGI60-11.03118,2004,-1.28004212712223
RGI60-11.03118,2005,-0.880691638574363
RGI60-11.03118,2006,-1.4227054281884786
RGI60-11.03118,2007,-0.7553891013259404
RGI60-11.03118,2008,-0.022135040821130603
RGI60-11.03118,2009,-0.6031660325137147
RGI60-11.03118,2010,-0.2959434375860559
RGI60-11.03118,2011,-1.1302125696957999
RGI60-11.03118,2012,-1.3581474511467233
RGI60-11.03118,2013,-0.6001473940615942
RGI60-11.03118,2014,-0.7238528650346783
RGI60-11.03118,2015,-1.3506089699735293
RGI60-11.03118,2016,-0.3410693523176633
RGI60-11.03118,2017,-1.1640076521069092
RGI60-11.03118,2018,-1.3255182838518855
RGI60-11.03118,2019,-0.9894608769320207
RGI60-11.03118,2020,-0.8108228909619368
RGI60-11.03118,2021,-0.8830781958119933
RGI60-11.03118,2022,-1.6639347988011877
RGI60-11.03118,2023,-1.42445734749352
RGI60-11.03118,2024,-0.3470432969983237
RGI60-11.03120,2000,-0.7338485371821692
RGI60-11.03120,2001,0.05099222179636764
RGI60-11.03120,2002,0.06322049654202522
RGI60-11.03120,2003,-1.1280417404146086
RGI60-11.03120,2004,-0.8890892418766535
RGI60-11.03120,2005,-0.5932481472387182
RGI60-11.03120,2006,-0.7960911813532029
RGI60-11.03120,2007,-0.6145787438624047
RGI60-11.03120,2008,-0.5183096468183025
RGI60-11.03120,2009,-0.1858585468434708
RGI60-11.03120,2010,-0.37768513502058454
RGI60-11.03120,2011,-0.9741137754748492
RGI60-11.03120,2012,-0.9815723743147337
RGI60-11.03120,2013,-0.2355202474930747
RGI60-11.03120,2014,-0.6154406566419327
RGI60-11.03120,2015,-1.0183927358192997
RGI60-11.03120,2016,-0.4972186252326832
RGI60-11.03120,2017,-0.7735467023334006
RGI60-11.03120,2018,-1.0488885252146696
RGI60-11.03120,2019,-0.8112681552036362
RGI60-11.03120,2020,-0.6829949816332036
RGI60-11.03120,2021,-0.49826930043055706
RGI60-11.03120,2022,-2.018984085706016
RGI60-11.03120,2023,-1.3456707750256036
RGI60-11.03120,2024,-0.841307555218006
RGI60-11.03124,2000,-1.003870178786406
RGI60-11.03124,2001,0.382145491631255
RGI60-11.03124,2002,-0.7030600450979494
RGI60-11.03124,2003,-1.4962998505199478
RGI60-11.03124,2004,-1.1916660982964538
RGI60-11.03124,2005,-1.5463692136956442
RGI60-11.03124,2006,-1.0469057649117535
RGI60-11.03124,2007,-0.8255901558532238
RGI60-11.03124,2008,-1.017045277534085
RGI60-11.03124,2009,-1.2427185576755064
RGI60-11.03124,2010,-0.9162934002553558
RGI60-11.03124,2011,-1.5045708325378293
RGI60-11.03124,2012,-1.4400149198989576
RGI60-11.03124,2013,-0.4966905764234012
RGI60-11.03124,2014,-0.8180437915341161
RGI60-11.03124,2015,-1.699019143969931
RGI60-11.03124,2016,-0.798971353515583
RGI60-11.03124,2017,-1.3745404617898453
RGI60-11.03124,2018,-1.4783334525329093
RGI60-11.03124,2019,-1.5656424168023593
RGI60-11.03124,2020,-1.0251444139609962
RGI60-11.03124,2021,-1.2709645168532024
RGI60-11.03124,2022,-2.4645468072460766
RGI60-11.03124,2023,-1.4880955626465577
RGI60-11.03124,2024,-0.9070191676120047
RGI60-11.03146,2000,-0.9784050615474837
RGI60-11.03146,2001,-0.1309373571591005
RGI60-11.03146,2002,0.12602517732647844
RGI60-11.03146,2003,-1.2543658392296742
RGI60-11.03146,2004,-1.674783452512212
RGI60-11.03146,2005,-0.8062793663736397
RGI60-11.03146,2006,-0.6998015509325693
RGI60-11.03146,2007,-0.8367088387873381
RGI60-11.03146,2008,-0.1919420273407253
RGI60-11.03146,2009,-0.8811335096251754
RGI60-11.03146,2010,-0.9338377311120947
RGI60-11.03146,2011,-1.2010900022821325
RGI60-11.03146,2012,-1.4607559468816365
RGI60-11.03146,2013,-0.46433960057759693
RGI60-11.03146,2014,-0.5141257399283761
RGI60-11.03146,2015,-1.0513875516582423
RGI60-11.03146,2016,-0.15791872426152453
RGI60-11.03146,2017,-1.586032369708665
RGI60-11.03146,2018,-1.5443043410253134
RGI60-11.03146,2019,-1.394976166382984
RGI60-11.03146,2020,-0.8886873303301628
RGI60-11.03146,2021,-1.3082537714139173
RGI60-11.03146,2022,-2.6504713511108835
RGI60-11.03146,2023,-1.5520508632859213
RGI60-11.03146,2024,-0.925090683984863
RGI60-11.03147,2000,-0.9408842132377853
RGI60-11.03147,2001,0.11896574366933432
RGI60-11.03147,2002,-0.5465047069684564
RGI60-11.03147,2003,-1.4340666554275796
RGI60-11.03147,2004,-1.1358548126612629
RGI60-11.03147,2005,-1.348936843690998
RGI60-11.03147,2006,-0.8966098314524521
RGI60-11.03147,2007,-0.9167729865884737
RGI60-11.03147,2008,-0.8680488262730154
RGI60-11.03147,2009,-1.1609452509995717
RGI60-11.03147,2010,-0.6331621987407248
RGI60-11.03147,2011,-1.2968093099961182
RGI60-11.03147,2012,-1.3679045469208406
RGI60-11.03147,2013,-0.5513711382783671
RGI60-11.03147,2014,-0.6717512723749695
RGI60-11.03147,2015,-1.4364476643463957
RGI60-11.03147,2016,-0.7914450669233313
RGI60-11.03147,2017,-1.3217596337503297
RGI60-11.03147,2018,-1.5705763977339817
RGI60-11.03147,2019,-1.4821143873046736
RGI60-11.03147,2020,-1.0507806689216972
RGI60-11.03147,2021,-1.2735352947232643
RGI60-11.03147,2022,-2.478484081205908
RGI60-11.03147,2023,-1.6232545009548867
RGI60-11.03147,2024,-1.2251912261296714
RGI60-11.03148,2000,-0.6723426614683939
RGI60-11.03148,2001,-0.003336733792326463
RGI60-11.03148,2002,0.052795226772202164
RGI60-11.03148,2003,-1.3649843537822428
RGI60-11.03148,2004,-1.1219944587734803
RGI60-11.03148,2005,-0.8686957713651305
RGI60-11.03148,2006,-0.9219869506653675
RGI60-11.03148,2007,-0.5834320048110951
RGI60-11.03148,2008,-0.55158842250986
RGI60-11.03148,2009,-0.4989737516345833
RGI60-11.03148,2010,-0.5304624574171974
RGI60-11.03148,2011,-0.911807461070473
RGI60-11.03148,2012,-1.3624488531817396
RGI60-11.03148,2013,-0.40256060160532503
RGI60-11.03148,2014,-0.6961503146021453
RGI60-11.03148,2015,-1.2182024810852359
RGI60-11.03148,2016,-0.446298520631606
RGI60-11.03148,2017,-1.2171955768187979
RGI60-11.03148,2018,-1.1867170866215093
RGI60-11.03148,2019,-0.8500167649356931
RGI60-11.03148,2020,-0.7470620819593129
RGI60-11.03148,2021,-0.6328023454107043
RGI60-11.03148,2022,-2.122311381872346
RGI60-11.03148,2023,-1.361824868223382
RGI60-11.03148,2024,-1.234171329149473
RGI60-11.03154,2000,-1.0051019377311492
RGI60-11.03154,2001,-0.0808380044954502
RGI60-11.03154,2002,-0.6586685366714133
RGI60-11.03154,2003,-1.5415937519967011
RGI60-11.03154,2004,-1.1918866863901392
RGI60-11.03154,2005,-1.4244925821745427
RGI60-11.03154,2006,-0.8401317782977096
RGI60-11.03154,2007,-1.037875216246484
RGI60-11.03154,2008,-0.9803132133406562
RGI60-11.03154,2009,-1.1522273459016996
RGI60-11.03154,2010,-0.7506420744293494
RGI60-11.03154,2011,-1.2837379788822725
RGI60-11.03154,2012,-1.3161225864722077
RGI60-11.03154,2013,-0.5417268140168956
RGI60-11.03154,2014,-0.7418673480986131
RGI60-11.03154,2015,-1.49904961539744
RGI60-11.03154,2016,-0.8084345590561096
RGI60-11.03154,2017,-1.4298792626486625
RGI60-11.03154,2018,-1.4704288537857297
RGI60-11.03154,2019,-1.4938818539667644
RGI60-11.03154,2020,-1.053356879909884
RGI60-11.03154,2021,-1.3292406728986268
RGI60-11.03154,2022,-2.4280602825870474
RGI60-11.03154,2023,-1.6644759645600313
RGI60-11.03154,2024,-0.9872449158761268
RGI60-11.03164,2000,-0.7435108963413476
RGI60-11.03164,2001,0.21699433821746916
RGI60-11.03164,2002,-0.1683153238258196
RGI60-11.03164,2003,-1.2867304322026025
RGI60-11.03164,2004,-0.7085070105006314
RGI60-11.03164,2005,-1.0055914285254164
RGI60-11.03164,2006,-0.791876027839
RGI60-11.03164,2007,-0.6539633435950919
RGI60-11.03164,2008,-0.6136914208292662
RGI60-11.03164,2009,-0.4025026098006543
RGI60-11.03164,2010,-0.3075513402044555
RGI60-11.03164,2011,-0.7459854628808463
RGI60-11.03164,2012,-1.0677418689387916
RGI60-11.03164,2013,-0.09653293515201233
RGI60-11.03164,2014,-0.5739606869605025
RGI60-11.03164,2015,-1.110671841284165
RGI60-11.03164,2016,-0.51735070862636
RGI60-11.03164,2017,-0.8417319238343277
RGI60-11.03164,2018,-1.058342494602925
RGI60-11.03164,2019,-0.908736582273253
RGI60-11.03164,2020,-0.6749714131419903
RGI60-11.03164,2021,-0.9455091126736821
RGI60-11.03164,2022,-2.157729907153859
RGI60-11.03164,2023,-1.3438356768345034
RGI60-11.03164,2024,-0.7472867013830431
RGI60-11.03174,2000,-0.7659755205803505
RGI60-11.03174,2001,0.12426489160986232
RGI60-11.03174,2002,0.07375175401555889
RGI60-11.03174,2003,-1.123215220383102
RGI60-11.03174,2004,-0.8201067935089824
RGI60-11.03174,2005,-0.9868230330435293
RGI60-11.03174,2006,-0.6731135668718172
RGI60-11.03174,2007,-0.7058007401464338
RGI60-11.03174,2008,-0.553472284410453
RGI60-11.03174,2009,-0.19013344725901216
RGI60-11.03174,2010,-0.3809991831215962
RGI60-11.03174,2011,-0.6408299242936222
RGI60-11.03174,2012,-0.9063507485651884
RGI60-11.03174,2013,-0.11260654184531627
RGI60-11.03174,2014,-0.4876747106798211
RGI60-11.03174,2015,-0.8261030417887999
RGI60-11.03174,2016,-0.47137475620418756
RGI60-11.03174,2017,-0.8157938516269333
RGI60-11.03174,2018,-0.8120281714065817
RGI60-11.03174,2019,-0.7193151098896915
RGI60-11.03174,2020,-0.46400375736551513
RGI60-11.03174,2021,-0.6804592898894566
RGI60-11.03174,2022,-1.5327138916983798
RGI60-11.03174,2023,-1.1759271286733477
RGI60-11.03174,2024,-0.5332358417513154
RGI60-11.03182,2000,-0.9156205698723352
RGI60-11.03182,2001,-0.0164569324525371
RGI60-11.03182,2002,0.0030279477053423154
RGI60-11.03182,2003,-1.448390077853667
RGI60-11.03182,2004,-1.0527704684098522
RGI60-11.03182,2005,-1.0374488408200848
RGI60-11.03182,2006,-0.7703345105002257
RGI60-11.03182,2007,-0.6754512231886486
RGI60-11.03182,2008,-0.46160965327582054
RGI60-11.03182,2009,-0.5422836705448894
RGI60-11.03182,2010,-0.5988338468603299
RGI60-11.03182,2011,-0.8917142972033523
RGI60-11.03182,2012,-0.8872780962182159
RGI60-11.03182,2013,-0.2619980723576171
RGI60-11.03182,2014,-0.264076448158318
RGI60-11.03182,2015,-1.0110770025037605
RGI60-11.03182,2016,-0.3682572386104205
RGI60-11.03182,2017,-1.1654761254201775
RGI60-11.03182,2018,-1.1027621044036078
RGI60-11.03182,2019,-0.9251887690514844
RGI60-11.03182,2020,-0.8292199961802831
RGI60-11.03182,2021,-1.0916081738852257
RGI60-11.03182,2022,-2.2419731575544635
RGI60-11.03182,2023,-1.3192036311759396
RGI60-11.03182,2024,-0.9398738868062932
RGI60-11.03184,2000,-0.6340599651525807
RGI60-11.03184,2001,0.027479434106149503
RGI60-11.03184,2002,0.38042587440843223
RGI60-11.03184,2003,-1.1617501264700505
RGI60-11.03184,2004,-1.009809387565583
RGI60-11.03184,2005,-0.8747703615452928
RGI60-11.03184,2006,-0.5956387849938765
RGI60-11.03184,2007,-0.47053056946485494
RGI60-11.03184,2008,-0.2857394063349827
RGI60-11.03184,2009,-0.1887308938845872
RGI60-11.03184,2010,-0.3854147178122033
RGI60-11.03184,2011,-0.6435545540972653
RGI60-11.03184,2012,-0.7924137942837342
RGI60-11.03184,2013,-0.24444467105093198
RGI60-11.03184,2014,-0.34984319028510946
RGI60-11.03184,2015,-0.6192831771464246
RGI60-11.03184,2016,-0.613603348328678
RGI60-11.03184,2017,-1.198582493827831
RGI60-11.03184,2018,-0.8541629053071746
RGI60-11.03184,2019,-0.6615729609634246
RGI60-11.03184,2020,-0.35874471498437904
RGI60-11.03184,2021,-0.9086452130906371
RGI60-11.03184,2022,-2.064860087841999
RGI60-11.03184,2023,-1.3954464921818257
RGI60-11.03184,2024,-0.8738183616221309
RGI60-11.03190,2000,-0.6754713887501347
RGI60-11.03190,2001,0.10448050189193336
RGI60-11.03190,2002,0.31098334706704445
RGI60-11.03190,2003,-1.5535762863456766
RGI60-11.03190,2004,-1.3303876388418683
RGI60-11.03190,2005,-0.7714071307081821
RGI60-11.03190,2006,-0.5369587117131268
RGI60-11.03190,2007,-0.5286420650615015
RGI60-11.03190,2008,-0.25751595621199574
RGI60-11.03190,2009,-0.1834082213360228
RGI60-11.03190,2010,-0.5476819289278269
RGI60-11.03190,2011,-0.7893746573500118
RGI60-11.03190,2012,-0.823972562596361
RGI60-11.03190,2013,-0.04380495819723207
RGI60-11.03190,2014,-0.13328753661591536
RGI60-11.03190,2015,-0.7159575834137771
RGI60-11.03190,2016,-0.22881539560974018
RGI60-11.03190,2017,-1.4446752178435731
RGI60-11.03190,2018,-1.0062526385292019
RGI60-11.03190,2019,-0.9334739709068316
RGI60-11.03190,2020,-0.6399024613585647
RGI60-11.03190,2021,-1.3316623895821378
RGI60-11.03190,2022,-2.56000164158358
RGI60-11.03190,2023,-1.597473014766917
RGI60-11.03190,2024,-0.7632148418887251
RGI60-11.03254,2000,-0.05187650376965525
RGI60-11.03254,2001,0.34747429429438836
RGI60-11.03254,2002,-0.15976125286839404
RGI60-11.03254,2003,-0.6377676527363608
RGI60-11.03254,2004,-0.41076471001699666
RGI60-11.03254,2005,-0.7518125025092077
RGI60-11.03254,2006,-0.6002571156572136
RGI60-11.03254,2007,-0.5030346813187649
RGI60-11.03254,2008,-0.2015913676560559
RGI60-11.03254,2009,-0.6324621795747638
RGI60-11.03254,2010,-0.3801674808172512
RGI60-11.03254,2011,-0.3480703111730886
RGI60-11.03254,2012,-0.5162811217845291
RGI60-11.03254,2013,-0.4913207570420775
RGI60-11.03254,2014,-0.1163011339644508
RGI60-11.03254,2015,-0.5414257063822759
RGI60-11.03254,2016,-0.341605062814902
RGI60-11.03254,2017,-0.4925870549591434
RGI60-11.03254,2018,-0.6151182964674007
RGI60-11.03254,2019,-0.4033694027818592
RGI60-11.03254,2020,0.26268666563075904
RGI60-11.03254,2021,-0.3431823602634843
RGI60-11.03254,2022,-0.610553822731554
RGI60-11.03254,2023,-0.11344369320702019
RGI60-11.03254,2024,-0.4524692355802115
RGI60-11.03259,2000,-0.43106457463767217
RGI60-11.03259,2001,0.556408076504882
RGI60-11.03259,2002,0.5626663617163861
RGI60-11.03259,2003,-0.7374575770664193
RGI60-11.03259,2004,0.025210244709760188
RGI60-11.03259,2005,-0.3175232945521562
RGI60-11.03259,2006,-0.10825836300452221
RGI60-11.03259,2007,-0.06594082892246761
RGI60-11.03259,2008,-0.07377486220546386
RGI60-11.03259,2009,-0.9900978348580405
RGI60-11.03259,2010,0.11666708694681127
RGI60-11.03259,2011,-0.20968068206574486
RGI60-11.03259,2012,-0.5684762411573698
RGI60-11.03259,2013,-0.269316664293714
RGI60-11.03259,2014,-0.09858723466746072
RGI60-11.03259,2015,-0.637418001256185
RGI60-11.03259,2016,-0.061929219332965246
RGI60-11.03259,2017,-0.857675371818418
RGI60-11.03259,2018,-1.0887360881523562
RGI60-11.03259,2019,-1.1537149318868776
RGI60-11.03259,2020,0.22836294569176713
RGI60-11.03259,2021,-0.21209812396738037
RGI60-11.03259,2022,-1.4624989310435441
RGI60-11.03259,2023,-1.1866698583561597
RGI60-11.03259,2024,-0.8174933383050754
RGI60-11.03263,2000,-0.3494668162517581
RGI60-11.03263,2001,0.3621386500008765
RGI60-11.03263,2002,-0.2266583052864199
RGI60-11.03263,2003,-1.0663288957024304
RGI60-11.03263,2004,-0.3475083210822785
RGI60-11.03263,2005,-0.8308211679792218
RGI60-11.03263,2006,-0.21876440960146998
RGI60-11.03263,2007,-0.05913962870786066
RGI60-11.03263,2008,-0.5225524818852092
RGI60-11.03263,2009,-1.0019747747566439
RGI60-11.03263,2010,-0.11468207987086093
RGI60-11.03263,2011,-0.4798963512763484
RGI60-11.03263,2012,-0.21152519785116505
RGI60-11.03263,2013,-0.08308978943342987
RGI60-11.03263,2014,-0.1767593993982495
RGI60-11.03263,2015,-0.7665922853620082
RGI60-11.03263,2016,-0.3096605201486291
RGI60-11.03263,2017,-0.541535405625462
RGI60-11.03263,2018,-0.6889274743780902
RGI60-11.03263,2019,-0.6169553454033403
RGI60-11.03263,2020,-0.34811627020074687
RGI60-11.03263,2021,-0.48938321081638286
RGI60-11.03263,2022,-1.0818814462119648
RGI60-11.03263,2023,-1.0143511262875777
RGI60-11.03263,2024,-0.774734768226081
RGI60-11.03264,2000,-1.100108887124247
RGI60-11.03264,2001,-0.008297632898588092
RGI60-11.03264,2002,-0.8947463836831971
RGI60-11.03264,2003,-1.644834492986193
RGI60-11.03264,2004,-1.384422514722861
RGI60-11.03264,2005,-1.3028168194177057
RGI60-11.03264,2006,-0.5221197906036779
RGI60-11.03264,2007,-0.6223779816171864
RGI60-11.03264,2008,-0.8293396781627679
RGI60-11.03264,2009,-0.3835643611527311
RGI60-11.03264,2010,-0.4535680395428107
RGI60-11.03264,2011,-1.2894788713283227
RGI60-11.03264,2012,-1.0342508561809758
RGI60-11.03264,2013,-0.6578906179628738
RGI60-11.03264,2014,0.4479566882063163
RGI60-11.03264,2015,-0.6064041399987008
RGI60-11.03264,2016,-0.7156938509786404
RGI60-11.03264,2017,-1.5587069486931933
RGI60-11.03264,2018,-1.170856619700412
RGI60-11.03264,2019,-1.2975782014512265
RGI60-11.03264,2020,-1.1367734522905197
RGI60-11.03264,2021,-0.9203112255751852
RGI60-11.03264,2022,-1.2505983894424708
RGI60-11.03264,2023,-1.4085440682025117
RGI60-11.03264,2024,-1.351144856128125
RGI60-11.03272,2000,-0.557750779232833
RGI60-11.03272,2001,0.09715137704321852
RGI60-11.03272,2002,-0.24962418059678718
RGI60-11.03272,2003,-0.8228848559942141
RGI60-11.03272,2004,0.359967574114444
RGI60-11.03272,2005,-0.8708824327219339
RGI60-11.03272,2006,-0.579123387235488
RGI60-11.03272,2007,-0.7006768991879009
RGI60-11.03272,2008,-0.9149529610596063
RGI60-11.03272,2009,-0.941197497086983
RGI60-11.03272,2010,-0.6882450665106745
RGI60-11.03272,2011,-0.9596757469791142
RGI60-11.03272,2012,-0.7788486723276473
RGI60-11.03272,2013,-0.31718639860546494
RGI60-11.03272,2014,-0.40382352473499117
RGI60-11.03272,2015,2.1500649246353434
RGI60-11.03272,2016,-0.630747937770072
RGI60-11.03272,2017,-0.8873003667997577
RGI60-11.03272,2018,-1.0726791268826859
RGI60-11.03272,2019,-0.736784042066853
RGI60-11.03272,2020,-0.5221437008769754
RGI60-11.03272,2021,-0.06984728073764129
RGI60-11.03272,2022,-1.1331936698876777
RGI60-11.03272,2023,-0.6513571524026868
RGI60-11.03272,2024,-0.9014278306707708
RGI60-11.03280,2000,-0.6159762757712965
RGI60-11.03280,2001,-0.06714345988783027
RGI60-11.03280,2002,0.2155954753536763
RGI60-11.03280,2003,-0.7738488440146145
RGI60-11.03280,2004,-1.3476301695328603
RGI60-11.03280,2005,-1.0653155100547256
RGI60-11.03280,2006,-0.2930863696613678
RGI60-11.03280,2007,0.3415667700861301
RGI60-11.03280,2008,-0.84191263425538
RGI60-11.03280,2009,-1.5431145305190888
RGI60-11.03280,2010,-0.4133705552236163
RGI60-11.03280,2011,-0.06667649029072709
RGI60-11.03280,2012,1.3051053612485015
RGI60-11.03280,2013,-0.4909100750731644
RGI60-11.03280,2014,-0.32138552928573494
RGI60-11.03280,2015,-1.4564078741390571
RGI60-11.03280,2016,-0.722977768828684
RGI60-11.03280,2017,0.26758634726223096
RGI60-11.03280,2018,-1.0936358598300409
RGI60-11.03280,2019,-0.5477620075823483
RGI60-11.03280,2020,-0.8782866270559984
RGI60-11.03280,2021,-0.893836354651684
RGI60-11.03280,2022,-0.18715356296955465
RGI60-11.03280,2023,-1.3836666833503206
RGI60-11.03280,2024,-1.3114257246675258
RGI60-11.03292,2000,-0.44837583031170364
RGI60-11.03292,2001,0.3005053777986483
RGI60-11.03292,2002,0.2667054414350716
RGI60-11.03292,2003,-1.1273807690838065
RGI60-11.03292,2004,-0.4179415681655128
RGI60-11.03292,2005,-0.7762454771261225
RGI60-11.03292,2006,0.20365563286658206
RGI60-11.03292,2007,0.15297991203111205
RGI60-11.03292,2008,-0.23110012756830803
RGI60-11.03292,2009,-0.6921379030867233
RGI60-11.03292,2010,-0.3449666973367194
RGI60-11.03292,2011,-0.795633939603663
RGI60-11.03292,2012,-0.6664074123342645
RGI60-11.03292,2013,-0.3026925228256979
RGI60-11.03292,2014,-0.200424002967048
RGI60-11.03292,2015,-0.8398905498926801
RGI60-11.03292,2016,-0.07101593304228071
RGI60-11.03292,2017,-0.8112175421736092
RGI60-11.03292,2018,-0.7801144879392076
RGI60-11.03292,2019,-1.1298016006740688
RGI60-11.03292,2020,-0.23241874770789442
RGI60-11.03292,2021,-0.4035950550097002
RGI60-11.03292,2022,-1.7049639710052527
RGI60-11.03292,2023,-1.3173768239805588
RGI60-11.03292,2024,-0.8759281365959857
RGI60-11.03295,2000,-0.46216391620858327
RGI60-11.03295,2001,0.5801992452062604
RGI60-11.03295,2002,-0.670584796512496
RGI60-11.03295,2003,-1.3454039851762867
RGI60-11.03295,2004,-0.5740119278174163
RGI60-11.03295,2005,-1.4873486206262014
RGI60-11.03295,2006,-0.9260845772682434
RGI60-11.03295,2007,-0.13347473796772202
RGI60-11.03295,2008,-0.8097598868994413
RGI60-11.03295,2009,-1.3965717432525797
RGI60-11.03295,2010,-0.08954848707361163
RGI60-11.03295,2011,-1.0809430381115663
RGI60-11.03295,2012,-0.8871583884087941
RGI60-11.03295,2013,-0.43475235946632756
RGI60-11.03295,2014,-0.4500041517916255
RGI60-11.03295,2015,-1.3913022659546979
RGI60-11.03295,2016,-0.6302964868508755
RGI60-11.03295,2017,-0.7026678540803173
RGI60-11.03295,2018,-1.3096150682072958
RGI60-11.03295,2019,-1.2307069535321786
RGI60-11.03295,2020,-0.560781073056904
RGI60-11.03295,2021,-0.7483508195315661
RGI60-11.03295,2022,-1.7897330154634532
RGI60-11.03295,2023,-1.2034576725615458
RGI60-11.03295,2024,-0.9697680276010145
RGI60-11.03297,2000,-0.7316767250148551
RGI60-11.03297,2001,0.6206841672830865
RGI60-11.03297,2002,0.1346173540032578
RGI60-11.03297,2003,-1.11464452165845
RGI60-11.03297,2004,-0.6962712165077092
RGI60-11.03297,2005,-0.8996419582049973
RGI60-11.03297,2006,-0.5227709881524454
RGI60-11.03297,2007,-0.07260256339061982
RGI60-11.03297,2008,-0.21790425375527772
RGI60-11.03297,2009,-1.0084607297512904
RGI60-11.03297,2010,-0.25249879058621083
RGI60-11.03297,2011,-0.8337117905581367
RGI60-11.03297,2012,-0.6898362777573992
RGI60-11.03297,2013,-0.16044889108334237
RGI60-11.03297,2014,-0.18422800998304506
RGI60-11.03297,2015,-1.1320403885931607
RGI60-11.03297,2016,-0.34642264655487176
RGI60-11.03297,2017,-0.9887212325900716
RGI60-11.03297,2018,-1.0165798802051365
RGI60-11.03297,2019,-1.2462406569393272
RGI60-11.03297,2020,-0.7217043899604922
RGI60-11.03297,2021,-0.7640098805791395
RGI60-11.03297,2022,-1.8355873607596789
RGI60-11.03297,2023,-1.0617607112423662
RGI60-11.03297,2024,-0.32121033016903944
RGI60-11.03303,2000,-0.7073269816961406
RGI60-11.03303,2001,0.7136490818906359
RGI60-11.03303,2002,0.09599132891573281
RGI60-11.03303,2003,-1.2008102624734525
RGI60-11.03303,2004,-0.9012267226527448
RGI60-11.03303,2005,-0.7375179863528148
RGI60-11.03303,2006,-0.4560390324808013
RGI60-11.03303,2007,-0.09736083495797854
RGI60-11.03303,2008,-0.2768582094611877
RGI60-11.03303,2009,-1.1311490986478165
RGI60-11.03303,2010,-0.27975216612942155
RGI60-11.03303,2011,-1.0978388212810954
RGI60-11.03303,2012,-0.8840554004351602
RGI60-11.03303,2013,-0.15641088517950175
RGI60-11.03303,2014,-0.18404349057168717
RGI60-11.03303,2015,-1.3884302232324888
RGI60-11.03303,2016,-0.34307566098887127
RGI60-11.03303,2017,-1.2522746856055318
RGI60-11.03303,2018,-1.1384937339564838
RGI60-11.03303,2019,-1.442676214703189
RGI60-11.03303,2020,-0.5032341351674342
RGI60-11.03303,2021,-0.6229858374267647
RGI60-11.03303,2022,-2.006517180471741
RGI60-11.03303,2023,-1.1163597052372265
RGI60-11.03303,2024,0.0003265432694065096
RGI60-11.03308,2000,-0.8192904962693732
RGI60-11.03308,2001,0.22047847479057925
RGI60-11.03308,2002,-1.2969071014525415
RGI60-11.03308,2003,-1.2140557924366644
RGI60-11.03308,2004,-0.38447942922194245
RGI60-11.03308,2005,-0.8786521503502038
RGI60-11.03308,2006,-1.33071941276659
RGI60-11.03308,2007,-1.1150698232270333
RGI60-11.03308,2008,-1.2778199796315803
RGI60-11.03308,2009,-0.8381756078620305
RGI60-11.03308,2010,-1.0469609926530377
RGI60-11.03308,2011,-1.0559879872287858
RGI60-11.03308,2012,-1.48066844751151
RGI60-11.03308,2013,-0.7779987112911393
RGI60-11.03308,2014,-1.1195527948256392
RGI60-11.03308,2015,-1.5185613522649968
RGI60-11.03308,2016,-0.9771737268680126
RGI60-11.03308,2017,-1.3473909112388311
RGI60-11.03308,2018,-1.5779430909695544
RGI60-11.03308,2019,-0.8375706667211105
RGI60-11.03308,2020,-0.346859796292188
RGI60-11.03308,2021,-0.8661552667437493
RGI60-11.03308,2022,-0.11064359693209103
RGI60-11.03308,2023,0.685745926007278
RGI60-11.03308,2024,-1.5732245097813018
RGI60-11.03312,2000,-0.20975681662343287
RGI60-11.03312,2001,0.3222870766285002
RGI60-11.03312,2002,0.24417300428619246
RGI60-11.03312,2003,-0.6596640930215588
RGI60-11.03312,2004,-0.5277538708997626
RGI60-11.03312,2005,-0.33087108895176004
RGI60-11.03312,2006,-0.15783675917910672
RGI60-11.03312,2007,-0.31582320569709743
RGI60-11.03312,2008,0.36912671586024304
RGI60-11.03312,2009,0.03524668704088882
RGI60-11.03312,2010,0.0443361930185662
RGI60-11.03312,2011,-0.3148033863145418
RGI60-11.03312,2012,-0.5052979884280847
RGI60-11.03312,2013,0.19010618859038322
RGI60-11.03312,2014,-0.042289453547368544
RGI60-11.03312,2015,-0.710257080843231
RGI60-11.03312,2016,-0.12369126298375992
RGI60-11.03312,2017,-0.5759632041880366
RGI60-11.03312,2018,-0.7282544164603075
RGI60-11.03312,2019,-0.44491323828672114
RGI60-11.03312,2020,-0.38783015156020845
RGI60-11.03312,2021,-0.5738717777270643
RGI60-11.03312,2022,-0.8930174790138965
RGI60-11.03312,2023,-0.4999915294921875
RGI60-11.03312,2024,-0.1664414398954219
RGI60-11.03319,2000,-0.5065203187056926
RGI60-11.03319,2001,0.38267254769732617
RGI60-11.03319,2002,-0.2610859678302229
RGI60-11.03319,2003,-1.2686380879477035
RGI60-11.03319,2004,-0.7492796316815488
RGI60-11.03319,2005,-1.0057368261150632
RGI60-11.03319,2006,-0.7494796344285637
RGI60-11.03319,2007,-0.6999327249813618
RGI60-11.03319,2008,-0.15420092971678584
RGI60-11.03319,2009,-0.9795725956642707
RGI60-11.03319,2010,-0.1952830895408897
RGI60-11.03319,2011,-0.8690037790335083
RGI60-11.03319,2012,-0.660172196446987
RGI60-11.03319,2013,-0.23379626914940277
RGI60-11.03319,2014,0.16891597723125606
RGI60-11.03319,2015,-1.2482547167500289
RGI60-11.03319,2016,-0.09085689525642926
RGI60-11.03319,2017,-1.1810107027995556
RGI60-11.03319,2018,-0.7918528011545207
RGI60-11.03319,2019,-1.300111357726049
RGI60-11.03319,2020,-0.20657157978985735
RGI60-11.03319,2021,-0.6723873876159613
RGI60-11.03319,2022,-1.7563784928158834
RGI60-11.03319,2023,-0.8910250727339675
RGI60-11.03319,2024,-0.757163261949725
RGI60-11.03339,2000,-0.01796895895638309
RGI60-11.03339,2001,0.9509843873866928
RGI60-11.03339,2002,0.1859880280518757
RGI60-11.03339,2003,-0.9289157511071671
RGI60-11.03339,2004,-0.2291175912076474
RGI60-11.03339,2005,-0.3406002610296589
RGI60-11.03339,2006,-0.01227891844933976
RGI60-11.03339,2007,0.16404750160020842
RGI60-11.03339,2008,-0.30643349710640605
RGI60-11.03339,2009,-1.3157172029198898
RGI60-11.03339,2010,-0.058669597822393005
RGI60-11.03339,2011,-0.7000599987067999
RGI60-11.03339,2012,-0.2605218151915291
RGI60-11.03339,2013,0.13196475519610412
RGI60-11.03339,2014,0.07074325808126203
RGI60-11.03339,2015,-0.41919975622842887
RGI60-11.03339,2016,0.05259706537971576
RGI60-11.03339,2017,-0.19452794563557382
RGI60-11.03339,2018,-0.7281995855411807
RGI60-11.03339,2019,-0.6415141157934576
RGI60-11.03339,2020,-0.19619204345979835
RGI60-11.03339,2021,-0.27316875869656543
RGI60-11.03339,2022,-1.2812557485486213
RGI60-11.03339,2023,-1.0764869966546373
RGI60-11.03339,2024,-0.44731265330837483
RGI60-11.03347,2000,-0.7823144497179433
RGI60-11.03347,2001,0.566197886377502
RGI60-11.03347,2002,-0.2441327554037629
RGI60-11.03347,2003,-1.1083541851400587
RGI60-11.03347,2004,-1.072094365008184
RGI60-11.03347,2005,-1.1187724513169073
RGI60-11.03347,2006,-1.0623819615192047
RGI60-11.03347,2007,-0.45704851413201086
RGI60-11.03347,2008,-0.42811665853807884
RGI60-11.03347,2009,-0.8053186244433717
RGI60-11.03347,2010,-0.4771363223008913
RGI60-11.03347,2011,-0.9766047665840474
RGI60-11.03347,2012,-1.2502317043147437
RGI60-11.03347,2013,-0.2524060744969949
RGI60-11.03347,2014,-0.41011274366932804
RGI60-11.03347,2015,-0.9906966021302971
RGI60-11.03347,2016,-0.14626326706159343
RGI60-11.03347,2017,-1.2593356603961983
RGI60-11.03347,2018,-0.988599569657781
RGI60-11.03347,2019,-0.7760772105461109
RGI60-11.03347,2020,-0.6710309837607048
RGI60-11.03347,2021,-1.1639667539299772
RGI60-11.03347,2022,-1.5178051544782085
RGI60-11.03347,2023,-1.2730517226522933
RGI60-11.03347,2024,-0.5459942397902837
RGI60-11.03373,2000,-1.1207278686956041
RGI60-11.03373,2001,0.12860511362116567
RGI60-11.03373,2002,-0.11549948176668978
RGI60-11.03373,2003,-1.6566725713938677
RGI60-11.03373,2004,-1.0413757956938408
RGI60-11.03373,2005,-0.8698444835674392
RGI60-11.03373,2006,-1.059865131711497
RGI60-11.03373,2007,-0.8744117514436931
RGI60-11.03373,2008,-0.4538232414677371
RGI60-11.03373,2009,-0.38610343220348387
RGI60-11.03373,2010,-0.6174799523730362
RGI60-11.03373,2011,-1.0565097079261663
RGI60-11.03373,2012,-0.968362452219518
RGI60-11.03373,2013,-0.30575751373777194
RGI60-11.03373,2014,-0.7220309709979926
RGI60-11.03373,2015,-1.279214942978355
RGI60-11.03373,2016,-0.7590402394139955
RGI60-11.03373,2017,-1.2333286275084938
RGI60-11.03373,2018,-1.102499458608798
RGI60-11.03373,2019,-1.1051574899131826
RGI60-11.03373,2020,-0.46444965144607875
RGI60-11.03373,2021,-1.2472210485735211
RGI60-11.03373,2022,-2.443716393354339
RGI60-11.03373,2023,-1.4315102290911614
RGI60-11.03373,2024,-1.087212243390432
RGI60-11.03376,2000,-0.34344365417127976
RGI60-11.03376,2001,1.0764009092234943
RGI60-11.03376,2002,-0.2766825022849308
RGI60-11.03376,2003,-1.286374132367457
RGI60-11.03376,2004,-0.3858691895378571
RGI60-11.03376,2005,-1.1534432819686993
RGI60-11.03376,2006,-0.23848836302273776
RGI60-11.03376,2007,0.15684597068733963
RGI60-11.03376,2008,-0.44729772959789504
RGI60-11.03376,2009,-1.1967145988523766
RGI60-11.03376,2010,-0.21173401643554884
RGI60-11.03376,2011,-0.7018443300859474
RGI60-11.03376,2012,-0.4439556103130724
RGI60-11.03376,2013,0.14424473598053222
RGI60-11.03376,2014,-0.11066157970209922
RGI60-11.03376,2015,-1.1989602569135913
RGI60-11.03376,2016,0.2629087373635316
RGI60-11.03376,2017,-1.03412070449282
RGI60-11.03376,2018,-0.5820916764726195
RGI60-11.03376,2019,-0.5352187270359627
RGI60-11.03376,2020,0.007654744168559546
RGI60-11.03376,2021,-0.28782431117179086
RGI60-11.03376,2022,-1.4441627822284704
RGI60-11.03376,2023,-0.7384703069845611
RGI60-11.03376,2024,-0.04731873073209042
RGI60-11.03377,2000,-0.5661891123338081
RGI60-11.03377,2001,0.48147819524284685
RGI60-11.03377,2002,0.084379216322366
RGI60-11.03377,2003,-1.1112547928701808
RGI60-11.03377,2004,-0.6047147970686275
RGI60-11.03377,2005,-0.8676124148989153
RGI60-11.03377,2006,-0.5801052949395038
RGI60-11.03377,2007,-0.16007381942830073
RGI60-11.03377,2008,-0.5477727336043157
RGI60-11.03377,2009,-1.1274523602757416
RGI60-11.03377,2010,0.05007948343122359
RGI60-11.03377,2011,-0.9062337018522189
RGI60-11.03377,2012,-0.7345434779958995
RGI60-11.03377,2013,0.18770310996899509
RGI60-11.03377,2014,-0.1397533293569359
RGI60-11.03377,2015,-0.8731052061940467
RGI60-11.03377,2016,-0.06218487353573626
RGI60-11.03377,2017,-0.485996469156941
RGI60-11.03377,2018,-1.2318794882240711
RGI60-11.03377,2019,-1.007768133230185
RGI60-11.03377,2020,-0.3815321974375431
RGI60-11.03377,2021,-0.5651209903011718
RGI60-11.03377,2022,-1.9114118363662902
RGI60-11.03377,2023,-0.7626622407629999
RGI60-11.03377,2024,-0.4197889907766527
RGI60-11.03384,2000,-0.3143367889313913
RGI60-11.03384,2001,0.8142713678659069
RGI60-11.03384,2002,-0.7533933468012431
RGI60-11.03384,2003,-1.1230179620562943
RGI60-11.03384,2004,-0.674153153847817
RGI60-11.03384,2005,-1.294909715714578
RGI60-11.03384,2006,-0.24017121528464713
RGI60-11.03384,2007,-0.15669616525434082
RGI60-11.03384,2008,-0.8318680679987223
RGI60-11.03384,2009,-1.8563480492203284
RGI60-11.03384,2010,-0.4297892811702828
RGI60-11.03384,2011,-1.305255505205166
RGI60-11.03384,2012,-0.39287748149232654
RGI60-11.03384,2013,-0.45141144641289516
RGI60-11.03384,2014,-0.6934126925007847
RGI60-11.03384,2015,-1.1757793581024967
RGI60-11.03384,2016,-0.47140294919132586
RGI60-11.03384,2017,-1.067391017055477
RGI60-11.03384,2018,-1.0653890194728524
RGI60-11.03384,2019,-0.9279681521529413
RGI60-11.03384,2020,-0.4766213299760436
RGI60-11.03384,2021,-0.6323663360185554
RGI60-11.03384,2022,-1.3881586766473828
RGI60-11.03384,2023,-1.2358148393420523
RGI60-11.03384,2024,-0.7806955952332438
RGI60-11.03389,2000,-0.7157490775430403
RGI60-11.03389,2001,-1.3799120670764933
RGI60-11.03389,2002,-0.5716257853941602
RGI60-11.03389,2003,1.8580367176712929
RGI60-11.03389,2004,-1.1355063116436204
RGI60-11.03389,2005,-0.7656466307975708
RGI60-11.03389,2006,0.4096055040465222
RGI60-11.03389,2007,0.28376871979726903
RGI60-11.03389,2008,-2.172761740901682
RGI60-11.03389,2009,-1.5582300386376318
RGI60-11.03389,2010,-0.4085594141692036
RGI60-11.03389,2011,-2.627982302274516
RGI60-11.03389,2012,-1.0934550600809043
RGI60-11.03389,2013,-0.031376882589840394
RGI60-11.03389,2014,-1.5822452157198392
RGI60-11.03389,2015,-0.7651796976583863
RGI60-11.03389,2016,-0.8927227814151926
RGI60-11.03389,2017,-1.428660686116646
RGI60-11.03389,2018,-2.664260333444224
RGI60-11.03389,2019,-1.2807369160521367
RGI60-11.03389,2020,-1.1208901735956565
RGI60-11.03389,2021,-1.0713663643096079
RGI60-11.03389,2022,-1.0951450429332141
RGI60-11.03389,2023,-2.5317911978296035
RGI60-11.03389,2024,-0.7890442586863746
RGI60-11.03393,2000,-0.7981315885312934
RGI60-11.03393,2001,0.14026609900529696
RGI60-11.03393,2002,0.16924451524194295
RGI60-11.03393,2003,-1.1587572705304354
RGI60-11.03393,2004,-0.988209255353002
RGI60-11.03393,2005,-0.9127329704187925
RGI60-11.03393,2006,-0.3485700353322399
RGI60-11.03393,2007,-0.6696297671715185
RGI60-11.03393,2008,-0.2674375377726519
RGI60-11.03393,2009,-0.5935891558448222
RGI60-11.03393,2010,-0.5774893177834616
RGI60-11.03393,2011,-1.0426269984584748
RGI60-11.03393,2012,-0.9293358384696989
RGI60-11.03393,2013,-0.08536509032347506
RGI60-11.03393,2014,-0.2993047867047653
RGI60-11.03393,2015,-0.7448473072154592
RGI60-11.03393,2016,-0.4001671060292311
RGI60-11.03393,2017,-1.1048912111672735
RGI60-11.03393,2018,-0.9215528188067682
RGI60-11.03393,2019,-1.0904725583338777
RGI60-11.03393,2020,-0.7208552022921338
RGI60-11.03393,2021,-0.9289087838489254
RGI60-11.03393,2022,-1.7853355999675538
RGI60-11.03393,2023,-1.0496445330938406
RGI60-11.03393,2024,-0.3409968620135016
RGI60-11.03400,2000,-0.9051118890181951
RGI60-11.03400,2001,0.427624174967858
RGI60-11.03400,2002,0.03185957111679305
RGI60-11.03400,2003,-1.3632527863672361
RGI60-11.03400,2004,-1.4363055567180707
RGI60-11.03400,2005,-1.0041296652453504
RGI60-11.03400,2006,-0.4325034119660679
RGI60-11.03400,2007,-0.660224238810933
RGI60-11.03400,2008,-0.40563583708062945
RGI60-11.03400,2009,-1.2212461649723114
RGI60-11.03400,2010,-0.17554860590977184
RGI60-11.03400,2011,-0.8906831227346637
RGI60-11.03400,2012,-1.5402216169335645
RGI60-11.03400,2013,-0.40990963279197296
RGI60-11.03400,2014,-0.2290082034655404
RGI60-11.03400,2015,-0.9380055300504255
RGI60-11.03400,2016,-0.588932446406268
RGI60-11.03400,2017,-1.3511565623070527
RGI60-11.03400,2018,-1.2931615259384257
RGI60-11.03400,2019,-1.6504469493681704
RGI60-11.03400,2020,-0.6909068514687536
RGI60-11.03400,2021,-1.2474265161295377
RGI60-11.03400,2022,-2.354054299108668
RGI60-11.03400,2023,-1.0475368409624954
RGI60-11.03400,2024,-0.7317426490548938
RGI60-11.03427,2000,-0.9317552757709685
RGI60-11.03427,2001,0.2713316355287998
RGI60-11.03427,2002,-0.17825923457651383
RGI60-11.03427,2003,-1.3926359898796783
RGI60-11.03427,2004,-0.9262366077892594
RGI60-11.03427,2005,-1.0444940111026106
RGI60-11.03427,2006,-0.8214005519052177
RGI60-11.03427,2007,-0.418735820195603
RGI60-11.03427,2008,-0.7708797432686391
RGI60-11.03427,2009,-1.73738591684058
RGI60-11.03427,2010,-0.3914931350339606
RGI60-11.03427,2011,-1.2366717349764278
RGI60-11.03427,2012,-0.9380990594727272
RGI60-11.03427,2013,-0.26385594624475106
RGI60-11.03427,2014,-0.4985950215742355
RGI60-11.03427,2015,-1.3169986543656778
RGI60-11.03427,2016,-0.39355122613318205
RGI60-11.03427,2017,-0.8179118270903368
RGI60-11.03427,2018,-1.5715010985408948
RGI60-11.03427,2019,-1.4096707807675277
RGI60-11.03427,2020,-0.5730676598865694
RGI60-11.03427,2021,-0.9331722792179347
RGI60-11.03427,2022,-2.1153906351351623
RGI60-11.03427,2023,-1.1503994254571492
RGI60-11.03427,2024,-0.8812481597595838
RGI60-11.03437,2000,-1.080661006391638
RGI60-11.03437,2001,0.10545653009970146
RGI60-11.03437,2002,-0.9119695751932685
RGI60-11.03437,2003,-1.4115356007349638
RGI60-11.03437,2004,0.1620788932983107
RGI60-11.03437,2005,-1.6257495115823781
RGI60-11.03437,2006,-0.3617091585094456
RGI60-11.03437,2007,-0.911620026037796
RGI60-11.03437,2008,-0.7173558810690647
RGI60-11.03437,2009,-0.15003647489495708
RGI60-11.03437,2010,-0.4380743515567362
RGI60-11.03437,2011,-0.6750838174481807
RGI60-11.03437,2012,0.2848719635879323
RGI60-11.03437,2013,-0.30372889758412847
RGI60-11.03437,2014,-0.06264601639642065
RGI60-11.03437,2015,-1.6970939820298838
RGI60-11.03437,2016,-0.9837257212020034
RGI60-11.03437,2017,-1.1772919854618946
RGI60-11.03437,2018,-1.024196316236647
RGI60-11.03437,2019,-0.5494290646565401
RGI60-11.03437,2020,-0.11917645017252188
RGI60-11.03437,2021,-0.6439053804780058
RGI60-11.03437,2022,-0.8775382550846524
RGI60-11.03437,2023,-0.7694598766607271
RGI60-11.03437,2024,-0.6242544382929848
RGI60-11.03451,2000,-0.7070600436686756
RGI60-11.03451,2001,0.8470113522694553
RGI60-11.03451,2002,-0.10128723284034896
RGI60-11.03451,2003,-0.8229322088930519
RGI60-11.03451,2004,-0.470547084251732
RGI60-11.03451,2005,-0.36989676669777183
RGI60-11.03451,2006,-0.13196984796835076
RGI60-11.03451,2007,0.07731876440066127
RGI60-11.03451,2008,-0.23539029390292648
RGI60-11.03451,2009,-1.1377781364395418
RGI60-11.03451,2010,-0.39309310697276345
RGI60-11.03451,2011,-0.5283525425102776
RGI60-11.03451,2012,-0.4730841439457786
RGI60-11.03451,2013,-0.08102484430644435
RGI60-11.03451,2014,-0.24373425972401316
RGI60-11.03451,2015,-0.31678704585976425
RGI60-11.03451,2016,0.13855703356967697
RGI60-11.03451,2017,-0.6413836750148304
RGI60-11.03451,2018,-0.6934649232104882
RGI60-11.03451,2019,-0.9813009940330374
RGI60-11.03451,2020,0.17153464606807478
RGI60-11.03451,2021,-0.3202769996058387
RGI60-11.03451,2022,-1.536186094378367
RGI60-11.03451,2023,-1.1629207749116324
RGI60-11.03451,2024,-0.6769099582056741
RGI60-11.03452,2000,-0.4792194477853104
RGI60-11.03452,2001,0.4345915475033607
RGI60-11.03452,2002,-0.3150045729473737
RGI60-11.03452,2003,-1.0832249507362992
RGI60-11.03452,2004,-0.40546890068276253
RGI60-11.03452,2005,-0.9221955942423979
RGI60-11.03452,2006,-0.19711041250321876
RGI60-11.03452,2007,0.05587926584151526
RGI60-11.03452,2008,-0.4576683037768207
RGI60-11.03452,2009,-0.9839117097320355
RGI60-11.03452,2010,-0.14186993951337357
RGI60-11.03452,2011,-0.6587103107361303
RGI60-11.03452,2012,-0.48765796886447843
RGI60-11.03452,2013,-0.2481633422165179
RGI60-11.03452,2014,-0.6569635444731344
RGI60-11.03452,2015,-0.6589869945589786
RGI60-11.03452,2016,-0.349612211699474
RGI60-11.03452,2017,-0.3952687107190017
RGI60-11.03452,2018,-0.8267635808532436
RGI60-11.03452,2019,-0.7932703173043283
RGI60-11.03452,2020,-0.25867777133868486
RGI60-11.03452,2021,-0.5528127733215389
RGI60-11.03452,2022,-1.4337925938968017
RGI60-11.03452,2023,-0.6622568269247548
RGI60-11.03452,2024,-0.02339010357664184
RGI60-11.03464,2000,-0.3604889082188777
RGI60-11.03464,2001,-0.0037842555526172994
RGI60-11.03464,2002,-0.7168581894347312
RGI60-11.03464,2003,-0.9038489903299178
RGI60-11.03464,2004,-2.162897786291902
RGI60-11.03464,2005,-1.6898254026280064
RGI60-11.03464,2006,-0.6162795480025496
RGI60-11.03464,2007,-1.5557151338482686
RGI60-11.03464,2008,-0.39573731216509467
RGI60-11.03464,2009,-1.468302922480091
RGI60-11.03464,2010,-1.0872702780396923
RGI60-11.03464,2011,1.300883234468276
RGI60-11.03464,2012,-2.3974900114732347
RGI60-11.03464,2013,-0.12776414943551473
RGI60-11.03464,2014,-1.0797396087717113
RGI60-11.03464,2015,-1.2411800897183958
RGI60-11.03464,2016,-1.9999055125953236
RGI60-11.03464,2017,-2.195357177706167
RGI60-11.03464,2018,-1.123788736158675
RGI60-11.03464,2019,-1.0132492216175089
RGI60-11.03464,2020,-0.3865022982019707
RGI60-11.03464,2021,-1.9132538249745488
RGI60-11.03464,2022,-1.2595208680297252
RGI60-11.03464,2023,-2.6632901120885704
RGI60-11.03464,2024,-0.2590188363503535
RGI60-11.03466,2000,-0.8482588896521659
RGI60-11.03466,2001,0.25343843296317925
RGI60-11.03466,2002,-0.9345447604031034
RGI60-11.03466,2003,-1.530782012568748
RGI60-11.03466,2004,-1.1268099729397336
RGI60-11.03466,2005,-1.2566149640603226
RGI60-11.03466,2006,-0.5223800454233047
RGI60-11.03466,2007,-0.6443482363763218
RGI60-11.03466,2008,-0.9313300456533681
RGI60-11.03466,2009,-2.1330493035011107
RGI60-11.03466,2010,-0.7578588975306573
RGI60-11.03466,2011,-1.3037902274626134
RGI60-11.03466,2012,-0.9639546905842024
RGI60-11.03466,2013,-0.4364916786810086
RGI60-11.03466,2014,-1.0599253316860948
RGI60-11.03466,2015,-1.1300463830418572
RGI60-11.03466,2016,-0.7839306849326737
RGI60-11.03466,2017,-1.026311390353483
RGI60-11.03466,2018,-1.2611019140206958
RGI60-11.03466,2019,-1.078109004091711
RGI60-11.03466,2020,-0.7271722163401445
RGI60-11.03466,2021,-0.9626656078187862
RGI60-11.03466,2022,-1.8956660779118757
RGI60-11.03466,2023,-1.3419014746773006
RGI60-11.03466,2024,-1.2705483570787135
RGI60-11.03473,2000,-0.9946493436613237
RGI60-11.03473,2001,0.045458343986873206
RGI60-11.03473,2002,-0.6769530811300734
RGI60-11.03473,2003,-1.6660639299226876
RGI60-11.03473,2004,-1.483748246970005
RGI60-11.03473,2005,-1.4790400401479515
RGI60-11.03473,2006,-1.1872319041739203
RGI60-11.03473,2007,-1.2767723928741659
RGI60-11.03473,2008,-0.7546046734790502
RGI60-11.03473,2009,-1.3090427867271244
RGI60-11.03473,2010,-0.5889410194999003
RGI60-11.03473,2011,-1.202947411663181
RGI60-11.03473,2012,-1.0636638282053092
RGI60-11.03473,2013,-0.72998183077122
RGI60-11.03473,2014,-0.827671759270059
RGI60-11.03473,2015,-1.3851549097543596
RGI60-11.03473,2016,-1.0389097182122498
RGI60-11.03473,2017,-1.360052285239111
RGI60-11.03473,2018,-1.5091363325872662
RGI60-11.03473,2019,-1.4040928496979117
RGI60-11.03473,2020,-0.6646507826271194
RGI60-11.03473,2021,-0.9747830201406238
RGI60-11.03473,2022,-1.977434682060712
RGI60-11.03473,2023,-1.3231801660557634
RGI60-11.03473,2024,-1.1324637573764742
RGI60-11.03484,2000,-0.7754720069964978
RGI60-11.03484,2001,0.4375781379231809
RGI60-11.03484,2002,0.27892412925107124
RGI60-11.03484,2003,-1.1147646815285412
RGI60-11.03484,2004,-0.7366348122344697
RGI60-11.03484,2005,-0.7338105230161587
RGI60-11.03484,2006,-0.2775215654131443
RGI60-11.03484,2007,-0.40597251413047397
RGI60-11.03484,2008,-0.2642560283893631
RGI60-11.03484,2009,-0.7785175103889695
RGI60-11.03484,2010,-0.3336480827645978
RGI60-11.03484,2011,-0.8378135893889755
RGI60-11.03484,2012,-1.0164906676365144
RGI60-11.03484,2013,-0.22189481530082805
RGI60-11.03484,2014,-0.17648247490860836
RGI60-11.03484,2015,-0.7495475178870619
RGI60-11.03484,2016,-0.34079966393281164
RGI60-11.03484,2017,-0.982489728649441
RGI60-11.03484,2018,-1.135764500811492
RGI60-11.03484,2019,-1.0814215837963097
RGI60-11.03484,2020,-0.35002614710828217
RGI60-11.03484,2021,-0.6287308243998665
RGI60-11.03484,2022,-1.7917939813625245
RGI60-11.03484,2023,-1.0969850839547597
RGI60-11.03484,2024,-0.473930345541439
RGI60-11.03488,2000,-0.25892451235205005
RGI60-11.03488,2001,0.9512910625405603
RGI60-11.03488,2002,-0.9406994642245117
RGI60-11.03488,2003,-1.3270897486123072
RGI60-11.03488,2004,-0.6394978970680825
RGI60-11.03488,2005,-1.6628960694224726
RGI60-11.03488,2006,-0.26683484668255175
RGI60-11.03488,2007,0.021752781471745974
RGI60-11.03488,2008,-0.9179340804193082
RGI60-11.03488,2009,-2.0735381346064674
RGI60-11.03488,2010,-0.7875433662474469
RGI60-11.03488,2011,-1.4899130780204706
RGI60-11.03488,2012,-0.35184520102677463
RGI60-11.03488,2013,-0.40379436250658013
RGI60-11.03488,2014,-0.7954627428501035
RGI60-11.03488,2015,-1.5273965538752758
RGI60-11.03488,2016,-0.6082751337325318
RGI60-11.03488,2017,-1.5365185495761984
RGI60-11.03488,2018,-1.2738196558690844
RGI60-11.03488,2019,-1.1396604469200802
RGI60-11.03488,2020,-1.0787415160451683
RGI60-11.03488,2021,-0.6412343327039597
RGI60-11.03488,2022,-1.9517774173360243
RGI60-11.03488,2023,-1.40732851447559
RGI60-11.03488,2024,-0.8108622866311521
RGI60-11.03518,2000,-0.8258776640050582
RGI60-11.03518,2001,-1.0391869504964975
RGI60-11.03518,2002,-0.7926005673280644
RGI60-11.03518,2003,-0.5816292449294269
RGI60-11.03518,2004,-0.8087846897182807
RGI60-11.03518,2005,-0.16314831600806734
RGI60-11.03518,2006,-0.4432433453226925
RGI60-11.03518,2007,-0.736489491620276
RGI60-11.03518,2008,-0.11650236191256036
RGI60-11.03518,2009,-1.4771490577317734
RGI60-11.03518,2010,-0.8204780443403643
RGI60-11.03518,2011,-1.084005765007432
RGI60-11.03518,2012,-1.0092621763467484
RGI60-11.03518,2013,0.3901362918688528
RGI60-11.03518,2014,-0.7428444821766692
RGI60-11.03518,2015,-0.8449059383455952
RGI60-11.03518,2016,-0.3474569217885031
RGI60-11.03518,2017,-0.39828846774980564
RGI60-11.03518,2018,-1.106453884277633
RGI60-11.03518,2019,-1.1967289227634101
RGI60-11.03518,2020,-1.00915838325636
RGI60-11.03518,2021,-0.77232618042725
RGI60-11.03518,2022,-0.8595916002503567
RGI60-11.03518,2023,-1.8432838210107088
RGI60-11.03518,2024,-1.7049416195782388
RGI60-11.03520,2000,-0.5278558584530338
RGI60-11.03520,2001,0.6034459265964301
RGI60-11.03520,2002,0.1360299368785305
RGI60-11.03520,2003,-0.9940167937922533
RGI60-11.03520,2004,-0.8767980466597796
RGI60-11.03520,2005,-0.8958705550251493
RGI60-11.03520,2006,-0.3302655296512229
RGI60-11.03520,2007,-0.19051565493760608
RGI60-11.03520,2008,-0.2520350646271508
RGI60-11.03520,2009,-0.8364646600189571
RGI60-11.03520,2010,-0.1719265463981644
RGI60-11.03520,2011,-0.8843438577181739
RGI60-11.03520,2012,-0.9998762882323469
RGI60-11.03520,2013,0.036329035352803074
RGI60-11.03520,2014,-0.2678212313979392
RGI60-11.03520,2015,-0.847826538283087
RGI60-11.03520,2016,-0.2673124555436124
RGI60-11.03520,2017,-0.7096536302259546
RGI60-11.03520,2018,-1.079599396672164
RGI60-11.03520,2019,-1.1408227911911688
RGI60-11.03520,2020,-0.44214791245863844
RGI60-11.03520,2021,-0.7256895856053966
RGI60-11.03520,2022,-1.6136977353292292
RGI60-11.03520,2023,-1.1055560460410572
RGI60-11.03520,2024,-0.04054711346405693
RGI60-11.03524,2000,-0.6017933041283862
RGI60-11.03524,2001,0.14910966064920916
RGI60-11.03524,2002,-0.13952359977715717
RGI60-11.03524,2003,-1.3803032780141695
RGI60-11.03524,2004,-0.8661617742614282
RGI60-11.03524,2005,-0.639443658721421
RGI60-11.03524,2006,-0.3757221315722151
RGI60-11.03524,2007,-0.42775040748571325
RGI60-11.03524,2008,-0.06828865831419922
RGI60-11.03524,2009,0.24939282195041534
RGI60-11.03524,2010,-0.3856722086421497
RGI60-11.03524,2011,-0.6609892239887751
RGI60-11.03524,2012,-0.8238447970292145
RGI60-11.03524,2013,0.004637080987071163
RGI60-11.03524,2014,-0.6677374111155542
RGI60-11.03524,2015,-1.0716893423527734
RGI60-11.03524,2016,-0.7715040876723225
RGI60-11.03524,2017,-0.9413646218826017
RGI60-11.03524,2018,-0.45398329008805216
RGI60-11.03524,2019,-0.6398677685405701
RGI60-11.03524,2020,-0.6066309849730169
RGI60-11.03524,2021,-0.5047086607056271
RGI60-11.03524,2022,-0.3227119578103743
RGI60-11.03524,2023,-0.38799413662247695
RGI60-11.03524,2024,-0.6157968665407132
RGI60-11.03527,2000,-0.5803728950522833
RGI60-11.03527,2001,0.3394583481580252
RGI60-11.03527,2002,0.1278199448059233
RGI60-11.03527,2003,-1.3382548229909377
RGI60-11.03527,2004,-0.9144324061958099
RGI60-11.03527,2005,-0.9277046824980604
RGI60-11.03527,2006,-0.11019233727763966
RGI60-11.03527,2007,-0.5620063242556115
RGI60-11.03527,2008,-0.06151410840668109
RGI60-11.03527,2009,-0.7724525738841377
RGI60-11.03527,2010,-0.42501947009429275
RGI60-11.03527,2011,-1.0105982875197272
RGI60-11.03527,2012,-0.806475092744942
RGI60-11.03527,2013,-0.034390421601143695
RGI60-11.03527,2014,-0.2536220643269904
RGI60-11.03527,2015,-0.6191073236396756
RGI60-11.03527,2016,-0.5532297048037187
RGI60-11.03527,2017,-1.0296930575249497
RGI60-11.03527,2018,-0.606300429731454
RGI60-11.03527,2019,-0.8775122904158936
RGI60-11.03527,2020,-0.29488098188088224
RGI60-11.03527,2021,-0.7194524596638471
RGI60-11.03527,2022,-1.1958256336148287
RGI60-11.03527,2023,-1.0941019067826232
RGI60-11.03527,2024,-0.3639779653300981
RGI60-11.03529,2000,-0.22166726827172342
RGI60-11.03529,2001,0.23123180826601514
RGI60-11.03529,2002,0.03827687525119322
RGI60-11.03529,2003,-0.7693859312463647
RGI60-11.03529,2004,-0.5202372368171739
RGI60-11.03529,2005,-0.44585130161236747
RGI60-11.03529,2006,-0.13046468347998819
RGI60-11.03529,2007,0.11016384985626415
RGI60-11.03529,2008,-0.0629088857958986
RGI60-11.03529,2009,-0.7260374858344893
RGI60-11.03529,2010,0.017182951993398754
RGI60-11.03529,2011,-0.37311000340857237
RGI60-11.03529,2012,-0.43966382722914277
RGI60-11.03529,2013,-0.16774529585226397
RGI60-11.03529,2014,-0.07693229298945159
RGI60-11.03529,2015,-0.5409104178817395
RGI60-11.03529,2016,-0.3134166896693983
RGI60-11.03529,2017,-0.7978556537777389
RGI60-11.03529,2018,-0.8276085797532204
RGI60-11.03529,2019,-1.0574599317473377
RGI60-11.03529,2020,-0.22552253062772434
RGI60-11.03529,2021,-0.3646265974188459
RGI60-11.03529,2022,-1.628690153850865
RGI60-11.03529,2023,-0.8805532274731362
RGI60-11.03529,2024,-0.4428718258721269
RGI60-11.03536,2000,-0.7525409075481186
RGI60-11.03536,2001,0.5398095095276929
RGI60-11.03536,2002,-0.42729281957985554
RGI60-11.03536,2003,-1.0087613408579752
RGI60-11.03536,2004,-0.49701971245600024
RGI60-11.03536,2005,-1.1086097970126259
RGI60-11.03536,2006,-0.6061852117270926
RGI60-11.03536,2007,-0.4325363367416255
RGI60-11.03536,2008,-0.3893005084758695
RGI60-11.03536,2009,-1.3710410352580142
RGI60-11.03536,2010,-0.39418068254813143
RGI60-11.03536,2011,-0.945918895872184
RGI60-11.03536,2012,-0.7825267127789453
RGI60-11.03536,2013,-0.2331702484405222
RGI60-11.03536,2014,-0.2662209591151595
RGI60-11.03536,2015,-0.9699938800642499
RGI60-11.03536,2016,-0.15698729058527872
RGI60-11.03536,2017,-0.294802456814507
RGI60-11.03536,2018,-1.1024683523723027
RGI60-11.03536,2019,-0.9730523612792363
RGI60-11.03536,2020,-0.36135307657067994
RGI60-11.03536,2021,0.009818969134239519
RGI60-11.03536,2022,-0.9023951799396372
RGI60-11.03536,2023,-1.0462883381451111
RGI60-11.03536,2024,-0.6962879177965678
RGI60-11.03539,2000,-1.5421053724788925
RGI60-11.03539,2001,-0.12549234614778393
RGI60-11.03539,2002,-0.25836532771229126
RGI60-11.03539,2003,-1.7673082236555147
RGI60-11.03539,2004,-1.4680766596134853
RGI60-11.03539,2005,-1.4504177796270685
RGI60-11.03539,2006,-1.362939760142921
RGI60-11.03539,2007,-1.6004635248574681
RGI60-11.03539,2008,-0.9170730931259319
RGI60-11.03539,2009,-0.7223711377975645
RGI60-11.03539,2010,-1.1123472234883374
RGI60-11.03539,2011,-1.4459841593527178
RGI60-11.03539,2012,-1.628141085996957
RGI60-11.03539,2013,-0.5913579724560116
RGI60-11.03539,2014,-0.8640511636698807
RGI60-11.03539,2015,-1.6905932912311004
RGI60-11.03539,2016,-0.5520276088868379
RGI60-11.03539,2017,-1.4209363585389956
RGI60-11.03539,2018,-1.5787420024859282
RGI60-11.03539,2019,-1.3752059087343118
RGI60-11.03539,2020,-1.1156171493811937
RGI60-11.03539,2021,-1.379075302366462
RGI60-11.03539,2022,-2.160999322330553
RGI60-11.03539,2023,-1.5451595649860446
RGI60-11.03539,2024,-1.1829051610129562
RGI60-11.03546,2000,-0.9780648676997834
RGI60-11.03546,2001,0.5959722152096658
RGI60-11.03546,2002,0.03227682790143971
RGI60-11.03546,2003,-1.1709147101817354
RGI60-11.03546,2004,-0.7712733194208058
RGI60-11.03546,2005,-0.9097740199843624
RGI60-11.03546,2006,-0.3611502656996842
RGI60-11.03546,2007,-0.13691810300888163
RGI60-11.03546,2008,-0.19196335082467653
RGI60-11.03546,2009,-1.0977113362493127
RGI60-11.03546,2010,-0.24797354938059618
RGI60-11.03546,2011,-1.1342102381117258
RGI60-11.03546,2012,-0.7806081080997757
RGI60-11.03546,2013,-0.028431733935003867
RGI60-11.03546,2014,-0.43425078724245725
RGI60-11.03546,2015,-0.8264426634547797
RGI60-11.03546,2016,-0.2380449328067607
RGI60-11.03546,2017,-0.9848928256673468
RGI60-11.03546,2018,-0.9839040717799095
RGI60-11.03546,2019,-1.2859201595635152
RGI60-11.03546,2020,-0.35849757914428126
RGI60-11.03546,2021,-0.641347806851681
RGI60-11.03546,2022,-2.020811001997325
RGI60-11.03546,2023,-1.285922153495044
RGI60-11.03546,2024,-0.44511621573831217
RGI60-11.03547,2000,-0.8330656179477112
RGI60-11.03547,2001,0.2509801149230031
RGI60-11.03547,2002,-0.7470876356899999
RGI60-11.03547,2003,-1.5298260482028274
RGI60-11.03547,2004,-0.8264894216979857
RGI60-11.03547,2005,-1.4898823966092418
RGI60-11.03547,2006,-0.7719403799217724
RGI60-11.03547,2007,-0.5908100697662645
RGI60-11.03547,2008,-0.955936737555661
RGI60-11.03547,2009,-1.877699180273872
RGI60-11.03547,2010,-0.717891438345853
RGI60-11.03547,2011,-1.4678504152333496
RGI60-11.03547,2012,-0.7114391259519702
RGI60-11.03547,2013,-0.3767461190443573
RGI60-11.03547,2014,-0.8000068208295885
RGI60-11.03547,2015,-1.5144910196882637
RGI60-11.03547,2016,-0.7789122214074902
RGI60-11.03547,2017,-1.3991643198922852
RGI60-11.03547,2018,-1.424208268506393
RGI60-11.03547,2019,-1.2362328783581233
RGI60-11.03547,2020,-0.9472785980994376
RGI60-11.03547,2021,-0.9146532448650869
RGI60-11.03547,2022,-2.1641865261388586
RGI60-11.03547,2023,-1.8297554880539488
RGI60-11.03547,2024,-1.1640369772774073
RGI60-11.03553,2000,-0.2871951790046413
RGI60-11.03553,2001,-0.0448301903561914
RGI60-11.03553,2002,-0.030829670092748063
RGI60-11.03553,2003,-1.1370173776748036
RGI60-11.03553,2004,-1.4019253199346136
RGI60-11.03553,2005,-1.0166839317178615
RGI60-11.03553,2006,-0.8878798837333794
RGI60-11.03553,2007,-1.0044325702137056
RGI60-11.03553,2008,-0.813493894166389
RGI60-11.03553,2009,-0.13856394994558374
RGI60-11.03553,2010,-0.30239352655577273
RGI60-11.03553,2011,-0.8797418995346222
RGI60-11.03553,2012,-0.08059007420118569
RGI60-11.03553,2013,-0.7019812456154251
RGI60-11.03553,2014,-1.0806015811659417
RGI60-11.03553,2015,0.522048883893188
RGI60-11.03553,2016,-0.935556053906965
RGI60-11.03553,2017,-1.3204251559287137
RGI60-11.03553,2018,-1.2475071358774406
RGI60-11.03553,2019,-0.7646002442672077
RGI60-11.03553,2020,-0.4577313078757217
RGI60-11.03553,2021,-0.11940920190521875
RGI60-11.03553,2022,-1.3617564967505285
RGI60-11.03553,2023,0.29368971687019774
RGI60-11.03553,2024,-1.5019704778401257
RGI60-11.03556,2000,-0.799176232668027
RGI60-11.03556,2001,0.2919788699547702
RGI60-11.03556,2002,-0.08028496689937015
RGI60-11.03556,2003,-1.2934887792068723
RGI60-11.03556,2004,-0.9147376403441277
RGI60-11.03556,2005,-1.2151333808259333
RGI60-11.03556,2006,-0.6734844555225178
RGI60-11.03556,2007,-0.5881317088658535
RGI60-11.03556,2008,-0.6109341465920015
RGI60-11.03556,2009,-0.6860026364882154
RGI60-11.03556,2010,-0.49748389454312936
RGI60-11.03556,2011,-0.9351217604927158
RGI60-11.03556,2012,-1.2313769805323584
RGI60-11.03556,2013,-0.2979029731951939
RGI60-11.03556,2014,-0.5944504763572512
RGI60-11.03556,2015,-1.1952575530269527
RGI60-11.03556,2016,-0.6201303771591016
RGI60-11.03556,2017,-0.7641712740180878
RGI60-11.03556,2018,-1.1717410747861763
RGI60-11.03556,2019,-1.2229685584308925
RGI60-11.03556,2020,-0.9088314509522589
RGI60-11.03556,2021,-1.1531581239917483
RGI60-11.03556,2022,-2.185608057236979
RGI60-11.03556,2023,-1.499623271300337
RGI60-11.03556,2024,-0.9252524927265434
RGI60-11.03558,2000,-0.6384682706003555
RGI60-11.03558,2001,0.14393515983226646
RGI60-11.03558,2002,-0.014492331115472434
RGI60-11.03558,2003,-1.4006651584483323
RGI60-11.03558,2004,-1.243397691074976
RGI60-11.03558,2005,-0.9996963398472343
RGI60-11.03558,2006,-0.9323724062476236
RGI60-11.03558,2007,-1.1023694724899116
RGI60-11.03558,2008,-0.25760706660049476
RGI60-11.03558,2009,-0.6946384165775497
RGI60-11.03558,2010,-0.39810200238367804
RGI60-11.03558,2011,-0.7761168428536465
RGI60-11.03558,2012,-0.9286121502348997
RGI60-11.03558,2013,-0.3824936490480773
RGI60-11.03558,2014,-0.44915263243691733
RGI60-11.03558,2015,-0.759069123701556
RGI60-11.03558,2016,-0.5342327051109563
RGI60-11.03558,2017,-1.1050879688937887
RGI60-11.03558,2018,-1.0864363825627787
RGI60-11.03558,2019,-1.171024549604024
RGI60-11.03558,2020,-0.5020246689106197
RGI60-11.03558,2021,-0.7202088018547766
RGI60-11.03558,2022,-1.8655626211729948
RGI60-11.03558,2023,-1.2583742488016938
RGI60-11.03558,2024,-0.8396137869396647
RGI60-11.03561,2000,-0.5128111413424195
RGI60-11.03561,2001,0.6094483075152621
RGI60-11.03561,2002,-0.34289379252206503
RGI60-11.03561,2003,-1.0646796217541268
RGI60-11.03561,2004,-0.42466163970529797
RGI60-11.03561,2005,-1.0314034272702075
RGI60-11.03561,2006,-0.5477876754173968
RGI60-11.03561,2007,0.17702496710973215
RGI60-11.03561,2008,-0.28255671446600145
RGI60-11.03561,2009,-1.0991744377576256
RGI60-11.03561,2010,-0.11926378274779914
RGI60-11.03561,2011,-0.38162279286363654
RGI60-11.03561,2012,-0.5578790625965938
RGI60-11.03561,2013,-0.21069122987068734
RGI60-11.03561,2014,-0.26847118707115847
RGI60-11.03561,2015,-0.949101212157164
RGI60-11.03561,2016,-0.3204396183385233
RGI60-11.03561,2017,-0.6193270936707207
RGI60-11.03561,2018,-1.1957509232147283
RGI60-11.03561,2019,-1.3221579218588322
RGI60-11.03561,2020,-0.27829568432967755
RGI60-11.03561,2021,-0.43654642066873484
RGI60-11.03561,2022,-1.619605583863238
RGI60-11.03561,2023,-1.0786925038361117
RGI60-11.03561,2024,-0.7576441747647633
RGI60-11.03569,2000,-0.6013506737233852
RGI60-11.03569,2001,0.10716634256643554
RGI60-11.03569,2002,-0.5341497413556195
RGI60-11.03569,2003,-1.0418155236212119
RGI60-11.03569,2004,-0.5390176493385193
RGI60-11.03569,2005,-1.0023568168410693
RGI60-11.03569,2006,-0.5927185727481361
RGI60-11.03569,2007,-0.28151199924277726
RGI60-11.03569,2008,-0.6370598550477484
RGI60-11.03569,2009,-1.1140693926798333
RGI60-11.03569,2010,-0.5170999605097141
RGI60-11.03569,2011,-0.9629417813192506
RGI60-11.03569,2012,-0.5821782832978728
RGI60-11.03569,2013,-0.28147285683109774
RGI60-11.03569,2014,-0.4704826414911953
RGI60-11.03569,2015,-0.9945666283626733
RGI60-11.03569,2016,-0.1951382590999633
RGI60-11.03569,2017,-1.0766693423944202
RGI60-11.03569,2018,-0.9835174245794913
RGI60-11.03569,2019,-0.9902489400824621
RGI60-11.03569,2020,-0.21939277324897494
RGI60-11.03569,2021,-0.6824806017611115
RGI60-11.03569,2022,-1.493569567376845
RGI60-11.03569,2023,-1.0346932141799572
RGI60-11.03569,2024,-0.5854306208453461
RGI60-11.03572,2000,-0.734258480919826
RGI60-11.03572,2001,-0.1354517400808083
RGI60-11.03572,2002,-0.3312531445857929
RGI60-11.03572,2003,-1.1125143219993503
RGI60-11.03572,2004,-1.1148970914520306
RGI60-11.03572,2005,-0.8553904670438603
RGI60-11.03572,2006,-0.9770997405680492
RGI60-11.03572,2007,-0.6251198288005945
RGI60-11.03572,2008,-0.5606522411266542
RGI60-11.03572,2009,-0.8044720083667505
RGI60-11.03572,2010,-0.3983926251622218
RGI60-11.03572,2011,-0.8063183115640622
RGI60-11.03572,2012,-0.9698606276863092
RGI60-11.03572,2013,-0.3599419124146284
RGI60-11.03572,2014,-0.41289177095405083
RGI60-11.03572,2015,-0.8652579680476064
RGI60-11.03572,2016,-0.7148720554275139
RGI60-11.03572,2017,-0.6926786423799067
RGI60-11.03572,2018,-0.9724864286509374
RGI60-11.03572,2019,-1.020290592769046
RGI60-11.03572,2020,-0.5462937896899833
RGI60-11.03572,2021,-0.823345952546381
RGI60-11.03572,2022,-1.3617480905371289
RGI60-11.03572,2023,-0.7995849156241637
RGI60-11.03572,2024,-0.789202136866328
RGI60-11.03579,2000,-0.44324608511203467
RGI60-11.03579,2001,0.18668724201083386
RGI60-11.03579,2002,-0.2031141203726316
RGI60-11.03579,2003,-0.9278264174697027
RGI60-11.03579,2004,-0.39665738524858407
RGI60-11.03579,2005,-0.8061798396909332
RGI60-11.03579,2006,-0.48704133319447307
RGI60-11.03579,2007,0.1580249579665789
RGI60-11.03579,2008,-0.7787658810878489
RGI60-11.03579,2009,-1.2603830045277986
RGI60-11.03579,2010,-0.5361836269241068
RGI60-11.03579,2011,-0.2677699366165903
RGI60-11.03579,2012,-0.296154511690272
RGI60-11.03579,2013,-0.4071283408397732
RGI60-11.03579,2014,-0.15461103639369062
RGI60-11.03579,2015,-1.0402690390535834
RGI60-11.03579,2016,-0.7666630551138871
RGI60-11.03579,2017,-0.9993094981644142
RGI60-11.03579,2018,-0.7707943525478778
RGI60-11.03579,2019,-0.9324147359292141
RGI60-11.03579,2020,-0.7917771740922438
RGI60-11.03579,2021,-0.5719537572678369
RGI60-11.03579,2022,-1.4464652223015935
RGI60-11.03579,2023,-1.2556544486711905
RGI60-11.03579,2024,-0.9061557893532752
RGI60-11.03587,2000,-0.7246255800921022
RGI60-11.03587,2001,-0.0202553332996801
RGI60-11.03587,2002,-0.7356468020092131
RGI60-11.03587,2003,-1.602523072654363
RGI60-11.03587,2004,-1.2105949617407061
RGI60-11.03587,2005,-1.4117259838408742
RGI60-11.03587,2006,-0.8466632575416867
RGI60-11.03587,2007,-0.6579851111847658
RGI60-11.03587,2008,-0.5324361447037547
RGI60-11.03587,2009,-1.2549273149463074
RGI60-11.03587,2010,-0.5194313671459412
RGI60-11.03587,2011,-0.1722940190876282
RGI60-11.03587,2012,-0.9878782567129656
RGI60-11.03587,2013,-0.43787494560543677
RGI60-11.03587,2014,-0.6084245712106361
RGI60-11.03587,2015,-1.2726501949006879
RGI60-11.03587,2016,-0.6975733705531254
RGI60-11.03587,2017,-1.0548149551374677
RGI60-11.03587,2018,-0.9990888850377934
RGI60-11.03587,2019,-1.4085858725948621
RGI60-11.03587,2020,-0.3482206920165034
RGI60-11.03587,2021,-1.0398025832725555
RGI60-11.03587,2022,-1.8118245279139829
RGI60-11.03587,2023,-1.6983046232617658
RGI60-11.03587,2024,-0.786200750121884
RGI60-11.03588,2000,-0.5096418023856231
RGI60-11.03588,2001,0.28635438156778603
RGI60-11.03588,2002,-0.19604514237678095
RGI60-11.03588,2003,-1.237925974507874
RGI60-11.03588,2004,-1.0971981240396087
RGI60-11.03588,2005,-0.8603303936434291
RGI60-11.03588,2006,-0.9793814711888826
RGI60-11.03588,2007,-0.5034874472394877
RGI60-11.03588,2008,-0.3788996784281855
RGI60-11.03588,2009,-0.5746050786399728
RGI60-11.03588,2010,-0.035578971898486356
RGI60-11.03588,2011,-0.8558817411413522
RGI60-11.03588,2012,-0.5847591241011434
RGI60-11.03588,2013,-0.2682968739675686
RGI60-11.03588,2014,-0.39774888008390474
RGI60-11.03588,2015,-0.9705068203593947
RGI60-11.03588,2016,-0.5055039964147557
RGI60-11.03588,2017,-1.002301162143346
RGI60-11.03588,2018,-0.9464676391919207
RGI60-11.03588,2019,-0.9837940598160662
RGI60-11.03588,2020,-0.22786381213773899
RGI60-11.03588,2021,-0.4397591024535432
RGI60-11.03588,2022,-0.314433425878486
RGI60-11.03588,2023,-0.8653878722022159
RGI60-11.03588,2024,-0.6395214834938125
RGI60-11.03601,2000,-0.39549815785692666
RGI60-11.03601,2001,0.48087527782560735
RGI60-11.03601,2002,0.25926706007867273
RGI60-11.03601,2003,-0.9944899567909821
RGI60-11.03601,2004,-0.3444112613887772
RGI60-11.03601,2005,0.14520905437404985
RGI60-11.03601,2006,0.22117519454740803
RGI60-11.03601,2007,0.5553562750970982
RGI60-11.03601,2008,-0.6751808612142265
RGI60-11.03601,2009,-1.423347327369661
RGI60-11.03601,2010,-0.08089736719912682
RGI60-11.03601,2011,-0.6846021863984059
RGI60-11.03601,2012,-0.37944037238985306
RGI60-11.03601,2013,0.04672559050575409
RGI60-11.03601,2014,0.3115387452870143
RGI60-11.03601,2015,-0.31385435536535444
RGI60-11.03601,2016,0.015782459321656395
RGI60-11.03601,2017,-0.5843722609769949
RGI60-11.03601,2018,-0.6963156031762594
RGI60-11.03601,2019,-0.9048199469106907
RGI60-11.03601,2020,-0.3279112625729906
RGI60-11.03601,2021,0.06963101138745381
RGI60-11.03601,2022,-1.1234161926762467
RGI60-11.03601,2023,-1.050187508237939
RGI60-11.03601,2024,-0.9607625739694772
RGI60-11.03605,2000,-0.9302320328997398
RGI60-11.03605,2001,0.6016263145199394
RGI60-11.03605,2002,-0.24948272579292835
RGI60-11.03605,2003,-1.4471829545770816
RGI60-11.03605,2004,-1.0491089408471717
RGI60-11.03605,2005,-1.0696303426850262
RGI60-11.03605,2006,-0.8515838584845065
RGI60-11.03605,2007,-0.4716739197268002
RGI60-11.03605,2008,-0.4419700326565178
RGI60-11.03605,2009,-0.7240553378457228
RGI60-11.03605,2010,-0.36095638535716734
RGI60-11.03605,2011,-1.0790833677199652
RGI60-11.03605,2012,-1.1862535805611443
RGI60-11.03605,2013,-0.0912315301038974
RGI60-11.03605,2014,-0.5169677925209567
RGI60-11.03605,2015,-1.1562296643486132
RGI60-11.03605,2016,-0.09036803528696602
RGI60-11.03605,2017,-0.974996214186171
RGI60-11.03605,2018,-1.2113272701712878
RGI60-11.03605,2019,-1.0124923287482699
RGI60-11.03605,2020,-0.49619473941376335
RGI60-11.03605,2021,-1.0281418245405616
RGI60-11.03605,2022,-1.027822987460647
RGI60-11.03605,2023,-0.7754353904738746
RGI60-11.03605,2024,-0.2884231406823905
RGI60-11.03614,2000,-1.2054746832985321
RGI60-11.03614,2001,-0.44534466559770136
RGI60-11.03614,2002,-1.5675024360585792
RGI60-11.03614,2003,-1.958983485947548
RGI60-11.03614,2004,-1.1979791233715418
RGI60-11.03614,2005,-2.0031398539764544
RGI60-11.03614,2006,-1.4607707930943623
RGI60-11.03614,2007,-0.7885201394729396
RGI60-11.03614,2008,-1.7333204615943267
RGI60-11.03614,2009,-2.045901608962409
RGI60-11.03614,2010,-0.9001893958284292
RGI60-11.03614,2011,-1.6198730676941338
RGI60-11.03614,2012,-1.1396687393650233
RGI60-11.03614,2013,-1.5397187338138603
RGI60-11.03614,2014,-1.5501988518192895
RGI60-11.03614,2015,-1.7401527685886766
RGI60-11.03614,2016,-1.647192661169072
RGI60-11.03614,2017,-1.1520754157030317
RGI60-11.03614,2018,-1.3734589533719008
RGI60-11.03614,2019,-1.3539341612721865
RGI60-11.03614,2020,-1.0363669213995648
RGI60-11.03614,2021,-1.5512935725379802
RGI60-11.03614,2022,-2.2690318894419885
RGI60-11.03614,2023,-1.6132110569947633
RGI60-11.03614,2024,-1.5112783986190508
RGI60-11.03625,2000,-0.29393529787586387
RGI60-11.03625,2001,0.2856781879314291
RGI60-11.03625,2002,-0.6568439943972955
RGI60-11.03625,2003,-1.1877694354752188
RGI60-11.03625,2004,-0.5316594697733246
RGI60-11.03625,2005,-1.1346266210516487
RGI60-11.03625,2006,-0.2560169646689173
RGI60-11.03625,2007,-0.3952891166511115
RGI60-11.03625,2008,-0.8759742446890468
RGI60-11.03625,2009,-0.5279128088839716
RGI60-11.03625,2010,-0.3942784388798903
RGI60-11.03625,2011,-1.2905692751593527
RGI60-11.03625,2012,-0.8635028090795231
RGI60-11.03625,2013,-0.270575185822315
RGI60-11.03625,2014,-0.7421672730413956
RGI60-11.03625,2015,-1.1114746655812182
RGI60-11.03625,2016,-0.6099883691106753
RGI60-11.03625,2017,-0.8306173166771114
RGI60-11.03625,2018,-1.1477337393075793
RGI60-11.03625,2019,-1.1657431618059741
RGI60-11.03625,2020,-0.7443271865302635
RGI60-11.03625,2021,-0.46130642119928844
RGI60-11.03625,2022,-1.236442921139279
RGI60-11.03625,2023,-0.9048731513152343
RGI60-11.03625,2024,-0.5293856191280252
RGI60-11.03627,2000,-0.33587119156127876
RGI60-11.03627,2001,0.5478102652340981
RGI60-11.03627,2002,-0.3968862114386016
RGI60-11.03627,2003,-1.281863361251302
RGI60-11.03627,2004,-1.0023020338912616
RGI60-11.03627,2005,-0.7755378174249
RGI60-11.03627,2006,-0.5482804903508832
RGI60-11.03627,2007,-0.252120355307037
RGI60-11.03627,2008,0.0036764665231256988
RGI60-11.03627,2009,-0.7245801001442844
RGI60-11.03627,2010,-0.23002673863531953
RGI60-11.03627,2011,-0.8616388396604462
RGI60-11.03627,2012,-0.6192934890094127
RGI60-11.03627,2013,0.03896340551626254
RGI60-11.03627,2014,-0.39984839421573
RGI60-11.03627,2015,-0.9271631030621048
RGI60-11.03627,2016,-0.26430538951125715
RGI60-11.03627,2017,-0.871037717998672
RGI60-11.03627,2018,-0.8873595673823812
RGI60-11.03627,2019,-0.968235336428612
RGI60-11.03627,2020,-0.08551889995313255
RGI60-11.03627,2021,-0.6056534889980907
RGI60-11.03627,2022,-1.2507450913797284
RGI60-11.03627,2023,-1.0415194962802596
RGI60-11.03627,2024,-0.6953712617689132
RGI60-11.03638,2000,-0.9978506042383554
RGI60-11.03638,2001,0.053098134693965404
RGI60-11.03638,2002,-1.0037356277798122
RGI60-11.03638,2003,-1.5189621981738612
RGI60-11.03638,2004,-1.1416915383973982
RGI60-11.03638,2005,-1.4544959512015323
RGI60-11.03638,2006,-0.781162363550026
RGI60-11.03638,2007,-0.5445301925536473
RGI60-11.03638,2008,-1.0298957521814482
RGI60-11.03638,2009,-1.8764604240205867
RGI60-11.03638,2010,-0.6924876244306681
RGI60-11.03638,2011,-1.0950831170137367
RGI60-11.03638,2012,-1.072844897250428
RGI60-11.03638,2013,-0.645193099063156
RGI60-11.03638,2014,-0.8633528796892268
RGI60-11.03638,2015,-1.244754521432706
RGI60-11.03638,2016,-0.8503240718716265
RGI60-11.03638,2017,-1.283720276871216
RGI60-11.03638,2018,-1.561016620239257
RGI60-11.03638,2019,-1.3843363747352817
RGI60-11.03638,2020,-0.9147335815693515
RGI60-11.03638,2021,-0.8044112863508064
RGI60-11.03638,2022,-2.036771018438974
RGI60-11.03638,2023,-1.5880796441298342
RGI60-11.03638,2024,-1.2069798036809767
RGI60-11.03640,2000,-0.049337198408171135
RGI60-11.03640,2001,0.4216914750063525
RGI60-11.03640,2002,-0.4013122840517363
RGI60-11.03640,2003,-0.7357438879436744
RGI60-11.03640,2004,-0.3838545207969037
RGI60-11.03640,2005,-0.6340536827560628
RGI60-11.03640,2006,-0.46576118696440527
RGI60-11.03640,2007,0.347319435972655
RGI60-11.03640,2008,-0.476390029327806
RGI60-11.03640,2009,-1.1622473430132418
RGI60-11.03640,2010,-0.2899130019479223
RGI60-11.03640,2011,-0.9629433130786658
RGI60-11.03640,2012,-0.21538136768435234
RGI60-11.03640,2013,-0.20011763559208812
RGI60-11.03640,2014,-0.28379154006623
RGI60-11.03640,2015,-0.8329395407646487
RGI60-11.03640,2016,-0.6842135926341643
RGI60-11.03640,2017,-0.3949314122885264
RGI60-11.03640,2018,-1.2127750840096143
RGI60-11.03640,2019,-0.5804042896507929
RGI60-11.03640,2020,-0.45295035384356724
RGI60-11.03640,2021,-0.40165837032786594
RGI60-11.03640,2022,-1.3926179237077443
RGI60-11.03640,2023,-0.4351502054760251
RGI60-11.03640,2024,-1.170919571645971
RGI60-11.03642,2000,-1.071598209760802
RGI60-11.03642,2001,-0.43685632747891645
RGI60-11.03642,2002,-0.9859242429730108
RGI60-11.03642,2003,-1.645802258403807
RGI60-11.03642,2004,-1.2694422825701566
RGI60-11.03642,2005,-1.4933603157050825
RGI60-11.03642,2006,-1.0664846584983825
RGI60-11.03642,2007,-0.9521584683714017
RGI60-11.03642,2008,-1.2703064774466948
RGI60-11.03642,2009,-1.7585674959994266
RGI60-11.03642,2010,-0.8045750354214908
RGI60-11.03642,2011,-1.0173433248487638
RGI60-11.03642,2012,-1.3435378016691006
RGI60-11.03642,2013,-0.9205550291484962
RGI60-11.03642,2014,-1.0336281864648322
RGI60-11.03642,2015,-1.3958588815840223
RGI60-11.03642,2016,-1.1068748395347852
RGI60-11.03642,2017,-1.4891764369834184
RGI60-11.03642,2018,-1.7089789945962641
RGI60-11.03642,2019,-1.589770732541146
RGI60-11.03642,2020,-0.9859434833229683
RGI60-11.03642,2021,-1.118842085183846
RGI60-11.03642,2022,-1.950183031307242
RGI60-11.03642,2023,-1.671972232188111
RGI60-11.03642,2024,-1.716557898853646
RGI60-11.03643,2000,-0.8252106396424537
RGI60-11.03643,2001,-0.27858068605165776
RGI60-11.03643,2002,-0.8096732561349507
RGI60-11.03643,2003,-1.4842270287308201
RGI60-11.03643,2004,-1.0397342676830048
RGI60-11.03643,2005,-1.1706976010749948
RGI60-11.03643,2006,-0.7906724578719214
RGI60-11.03643,2007,-0.8561903155307866
RGI60-11.03643,2008,-0.9897329064668265
RGI60-11.03643,2009,-1.659102388544176
RGI60-11.03643,2010,-0.5425299043963171
RGI60-11.03643,2011,-0.9635898993631504
RGI60-11.03643,2012,-1.0041513730067566
RGI60-11.03643,2013,-0.6563543059058494
RGI60-11.03643,2014,-0.5853448414083862
RGI60-11.03643,2015,-1.0751266547079807
RGI60-11.03643,2016,-0.9492698753760627
RGI60-11.03643,2017,-1.4257012009773904
RGI60-11.03643,2018,-1.481884243629122
RGI60-11.03643,2019,-1.2829261534973964
RGI60-11.03643,2020,-0.9257624130971758
RGI60-11.03643,2021,-0.913355482785432
RGI60-11.03643,2022,-1.8545957874124874
RGI60-11.03643,2023,-1.279463895897881
RGI60-11.03643,2024,-1.067870704298195
RGI60-11.03645,2000,-0.7430469578385686
RGI60-11.03645,2001,-0.8144326329027075
RGI60-11.03645,2002,-1.2202199792699935
RGI60-11.03645,2003,2.1859982884775104
RGI60-11.03645,2004,-0.1895308724615169
RGI60-11.03645,2005,-0.9751485067609983
RGI60-11.03645,2006,-0.30758543474785427
RGI60-11.03645,2007,-0.3445203963170737
RGI60-11.03645,2008,-1.3196539292349905
RGI60-11.03645,2009,-0.9624790650704333
RGI60-11.03645,2010,-0.1780933158626698
RGI60-11.03645,2011,-0.6656489348658039
RGI60-11.03645,2012,-1.1570796112666575
RGI60-11.03645,2013,-0.27839991293632
RGI60-11.03645,2014,-1.0334513342506166
RGI60-11.03645,2015,-0.9017636034941607
RGI60-11.03645,2016,-1.1086486454885884
RGI60-11.03645,2017,-0.6370385823625914
RGI60-11.03645,2018,-1.0663190698798581
RGI60-11.03645,2019,-1.6523375034661034
RGI60-11.03645,2020,-0.9058480580702881
RGI60-11.03645,2021,-0.7334284733261034
RGI60-11.03645,2022,-0.8377564438116074
RGI60-11.03645,2023,-1.9220195058479104
RGI60-11.03645,2024,-0.9056311622799992
RGI60-11.03646,2000,-0.259670078902718
RGI60-11.03646,2001,0.1619844911573914
RGI60-11.03646,2002,0.1668501318894827
RGI60-11.03646,2003,-0.7811143172961612
RGI60-11.03646,2004,-0.23885719883174972
RGI60-11.03646,2005,-0.16818919320192233
RGI60-11.03646,2006,-0.14738378966024523
RGI60-11.03646,2007,-0.20409104328601743
RGI60-11.03646,2008,-0.2446353941583624
RGI60-11.03646,2009,-0.46076433735692446
RGI60-11.03646,2010,0.03821090748259029
RGI60-11.03646,2011,-0.09741191150394787
RGI60-11.03646,2012,0.013816233406986456
RGI60-11.03646,2013,-0.2117090421469307
RGI60-11.03646,2014,0.14342345777154006
RGI60-11.03646,2015,-0.4056117912720957
RGI60-11.03646,2016,-0.31143545976947656
RGI60-11.03646,2017,-0.4873406521669007
RGI60-11.03646,2018,-0.5782334994901785
RGI60-11.03646,2019,-0.6258375126643634
RGI60-11.03646,2020,-0.11151715065053132
RGI60-11.03646,2021,-0.1335959771875162
RGI60-11.03646,2022,-0.6373260934842748
RGI60-11.03646,2023,-0.9221346362124798
RGI60-11.03646,2024,-0.5073424874027529
RGI60-11.03647,2000,-0.2554420167430146
RGI60-11.03647,2001,0.14299074549459134
RGI60-11.03647,2002,0.17064841412899112
RGI60-11.03647,2003,-0.7938001253199463
RGI60-11.03647,2004,-0.23931362495080058
RGI60-11.03647,2005,-0.28282130083219204
RGI60-11.03647,2006,-0.03250325989942282
RGI60-11.03647,2007,-0.055269708405668
RGI60-11.03647,2008,-0.278798864058547
RGI60-11.03647,2009,-0.8646994681063538
RGI60-11.03647,2010,-0.14625073466663557
RGI60-11.03647,2011,-0.06553830060681454
RGI60-11.03647,2012,7.051772327903993e-05
RGI60-11.03647,2013,-0.2733552142519232
RGI60-11.03647,2014,-0.06440764558318221
RGI60-11.03647,2015,-0.5086112628453567
RGI60-11.03647,2016,-0.3498118087241624
RGI60-11.03647,2017,-0.33661435567397535
RGI60-11.03647,2018,-0.6755222706770643
RGI60-11.03647,2019,-0.7337497160018038
RGI60-11.03647,2020,-0.5577960231744761
RGI60-11.03647,2021,-0.2067019903206854
RGI60-11.03647,2022,-0.7369734370890724
RGI60-11.03647,2023,-0.959529474850825
RGI60-11.03647,2024,-0.8255511365813046
RGI60-11.03648,2000,-0.414521390152298
RGI60-11.03648,2001,0.0660032194340337
RGI60-11.03648,2002,0.24260392155860155
RGI60-11.03648,2003,-1.2155171318526896
RGI60-11.03648,2004,-0.38585133138407296
RGI60-11.03648,2005,-0.397077948701402
RGI60-11.03648,2006,0.25444438461832153
RGI60-11.03648,2007,0.2510135942879196
RGI60-11.03648,2008,-0.6583955890275164
RGI60-11.03648,2009,-0.8786063672395206
RGI60-11.03648,2010,-0.004714962526624233
RGI60-11.03648,2011,-0.9196284445074101
RGI60-11.03648,2012,-0.2582169537536042
RGI60-11.03648,2013,-0.4522465328118848
RGI60-11.03648,2014,-0.47080882484362063
RGI60-11.03648,2015,-0.5534817280093958
RGI60-11.03648,2016,-0.4318060506920986
RGI60-11.03648,2017,-0.4890019725591693
RGI60-11.03648,2018,-0.5528614482481822
RGI60-11.03648,2019,-0.8720284435893841
RGI60-11.03648,2020,-0.6526584097968499
RGI60-11.03648,2021,-0.4810799407998274
RGI60-11.03648,2022,-0.836012068260277
RGI60-11.03648,2023,-1.052338523540966
RGI60-11.03648,2024,-0.9995033883283952
RGI60-11.03649,2000,-0.4666908234096576
RGI60-11.03649,2001,0.5671743838258891
RGI60-11.03649,2002,-0.15150883931483616
RGI60-11.03649,2003,-1.0645137498444455
RGI60-11.03649,2004,-0.5144347734645118
RGI60-11.03649,2005,-0.8749809789332104
RGI60-11.03649,2006,0.024881086120932483
RGI60-11.03649,2007,0.2636849039732633
RGI60-11.03649,2008,-0.8091816914952764
RGI60-11.03649,2009,-1.2931704029027282
RGI60-11.03649,2010,0.062447266587786654
RGI60-11.03649,2011,-0.3232312756645783
RGI60-11.03649,2012,-0.5160873071822262
RGI60-11.03649,2013,0.1920726505876016
RGI60-11.03649,2014,-0.2923869096219407
RGI60-11.03649,2015,-0.6930985325451673
RGI60-11.03649,2016,-0.4604480727277067
RGI60-11.03649,2017,-0.829285713883942
RGI60-11.03649,2018,-1.1562027349646053
RGI60-11.03649,2019,-0.914738485140649
RGI60-11.03649,2020,-0.886941820653625
RGI60-11.03649,2021,-0.5096884420093712
RGI60-11.03649,2022,-1.6409635205814568
RGI60-11.03649,2023,-1.1099394245329262
RGI60-11.03649,2024,-0.7841731832565335
RGI60-11.03650,2000,-0.23100447169611055
RGI60-11.03650,2001,0.5639833062471103
RGI60-11.03650,2002,-0.19950071270191605
RGI60-11.03650,2003,-0.7831491533956221
RGI60-11.03650,2004,-0.3477253045877758
RGI60-11.03650,2005,-0.1407292595713253
RGI60-11.03650,2006,0.07737749275441391
RGI60-11.03650,2007,0.32560401258882343
RGI60-11.03650,2008,-0.5188572364792801
RGI60-11.03650,2009,-1.2589941391027817
RGI60-11.03650,2010,-0.15779150525267305
RGI60-11.03650,2011,-0.21441316010482092
RGI60-11.03650,2012,-0.3556559082087153
RGI60-11.03650,2013,-0.07696070084459894
RGI60-11.03650,2014,-0.39814150377438384
RGI60-11.03650,2015,-0.9722065912190351
RGI60-11.03650,2016,-0.29844311754951935
RGI60-11.03650,2017,-0.41281406946069943
RGI60-11.03650,2018,-0.48951299659422687
RGI60-11.03650,2019,-0.7040649810468669
RGI60-11.03650,2020,-0.4282932383750817
RGI60-11.03650,2021,-0.4659172840057062
RGI60-11.03650,2022,-1.0147291273433898
RGI60-11.03650,2023,-0.9336274580784202
RGI60-11.03650,2024,-0.8299972191102292
RGI60-11.03651,2000,-0.5097388128020641
RGI60-11.03651,2001,0.19252890333976402
RGI60-11.03651,2002,-0.4203968126823087
RGI60-11.03651,2003,-1.3764188523194232
RGI60-11.03651,2004,-0.7003292726945958
RGI60-11.03651,2005,-0.9834805141928027
RGI60-11.03651,2006,-0.47196734185610273
RGI60-11.03651,2007,-0.2237100428608667
RGI60-11.03651,2008,-0.6678122802810894
RGI60-11.03651,2009,-1.7136604523793657
RGI60-11.03651,2010,-0.3407052169964363
RGI60-11.03651,2011,-1.3499035461570368
RGI60-11.03651,2012,-0.7413649751485756
RGI60-11.03651,2013,-0.5522947236159008
RGI60-11.03651,2014,-0.3758758208511295
RGI60-11.03651,2015,-1.0929637889498005
RGI60-11.03651,2016,-0.45054401537274336
RGI60-11.03651,2017,-0.8251085964179665
RGI60-11.03651,2018,-1.2567767081327925
RGI60-11.03651,2019,-1.3340771296287695
RGI60-11.03651,2020,-0.7655899551461113
RGI60-11.03651,2021,-0.7619127571656549
RGI60-11.03651,2022,-1.8188611437479456
RGI60-11.03651,2023,-1.5646104990428733
RGI60-11.03651,2024,-1.1350352151712504
RGI60-11.03652,2000,-0.495460806650738
RGI60-11.03652,2001,0.5136965185862726
RGI60-11.03652,2002,-0.38459234613528664
RGI60-11.03652,2003,-1.400836103195694
RGI60-11.03652,2004,-0.6170658189304878
RGI60-11.03652,2005,-1.2493201784797723
RGI60-11.03652,2006,-0.5135733060014787
RGI60-11.03652,2007,-0.31554078295802174
RGI60-11.03652,2008,-0.6715300216652333
RGI60-11.03652,2009,-1.5068521649025333
RGI60-11.03652,2010,-0.43932146051388304
RGI60-11.03652,2011,-1.3202135456137252
RGI60-11.03652,2012,-0.42622910458964214
RGI60-11.03652,2013,-0.3640431328195688
RGI60-11.03652,2014,-0.4952671457550423
RGI60-11.03652,2015,-1.4685118179971024
RGI60-11.03652,2016,-0.43021471033353753
RGI60-11.03652,2017,-1.2666667660301218
RGI60-11.03652,2018,-1.022526730501525
RGI60-11.03652,2019,-1.0787305755128693
RGI60-11.03652,2020,-0.6545146431364492
RGI60-11.03652,2021,-0.6661173281495106
RGI60-11.03652,2022,-2.125239042931474
RGI60-11.03652,2023,-1.4426792417822139
RGI60-11.03652,2024,-0.9419687256644909
RGI60-11.03653,2000,-0.574594733878219
RGI60-11.03653,2001,0.46621971751282276
RGI60-11.03653,2002,-0.4202294489208418
RGI60-11.03653,2003,-0.8968041551970876
RGI60-11.03653,2004,-0.4299812512038684
RGI60-11.03653,2005,-0.8352567038838075
RGI60-11.03653,2006,-0.249902500470306
RGI60-11.03653,2007,-0.10136885445182853
RGI60-11.03653,2008,-0.43212928083391994
RGI60-11.03653,2009,-0.883240725533339
RGI60-11.03653,2010,-0.1977922036251913
RGI60-11.03653,2011,-0.7328470828473269
RGI60-11.03653,2012,-0.49335847631222063
RGI60-11.03653,2013,-0.23039718177126273
RGI60-11.03653,2014,-0.3570210635548575
RGI60-11.03653,2015,-0.5865684288281302
RGI60-11.03653,2016,-0.11982326769786555
RGI60-11.03653,2017,-0.4149164158572895
RGI60-11.03653,2018,-0.7250542051163917
RGI60-11.03653,2019,-0.847733737529063
RGI60-11.03653,2020,0.18504414547506187
RGI60-11.03653,2021,-0.3426765540048932
RGI60-11.03653,2022,-1.2694400551992748
RGI60-11.03653,2023,-0.7396216562937239
RGI60-11.03653,2024,-0.21227352863287297
RGI60-11.03654,2000,-0.46093944886585614
RGI60-11.03654,2001,0.2155029572748986
RGI60-11.03654,2002,0.09016053530222007
RGI60-11.03654,2003,-0.8755596482534465
RGI60-11.03654,2004,-0.4639966140716009
RGI60-11.03654,2005,-0.4846271193884598
RGI60-11.03654,2006,-0.37053396492181817
RGI60-11.03654,2007,-0.35266160004648417
RGI60-11.03654,2008,-0.2838649524997212
RGI60-11.03654,2009,-0.3059072941291386
RGI60-11.03654,2010,-0.258219434158215
RGI60-11.03654,2011,-0.7057828766001927
RGI60-11.03654,2012,-0.734009599622016
RGI60-11.03654,2013,-0.11281605773587433
RGI60-11.03654,2014,-0.3361695627463411
RGI60-11.03654,2015,-0.47779018944933727
RGI60-11.03654,2016,-0.3998537434224425
RGI60-11.03654,2017,-0.8525304171981285
RGI60-11.03654,2018,-0.6310036344640202
RGI60-11.03654,2019,-0.6139973350040278
RGI60-11.03654,2020,-0.28956036828202514
RGI60-11.03654,2021,-0.6515821411140639
RGI60-11.03654,2022,-1.5391051647421519
RGI60-11.03654,2023,-0.8183532437185828
RGI60-11.03654,2024,-0.48625960972543114
RGI60-11.03655,2000,-1.4053109373206392
RGI60-11.03655,2001,-0.14757081511970072
RGI60-11.03655,2002,0.04425586980741336
RGI60-11.03655,2003,-1.7377437793531345
RGI60-11.03655,2004,-1.4639816557782057
RGI60-11.03655,2005,-1.0658276774517805
RGI60-11.03655,2006,-0.8051690916553067
RGI60-11.03655,2007,-1.4759794194003146
RGI60-11.03655,2008,-0.7582675403114385
RGI60-11.03655,2009,-0.7088901123359395
RGI60-11.03655,2010,-0.9870055577192196
RGI60-11.03655,2011,-1.313071100861082
RGI60-11.03655,2012,-1.5971169721053982
RGI60-11.03655,2013,-0.43111769808558964
RGI60-11.03655,2014,-0.6219228842299438
RGI60-11.03655,2015,-1.4302197047937615
RGI60-11.03655,2016,-0.7244449445012957
RGI60-11.03655,2017,-1.5790296346775756
RGI60-11.03655,2018,-1.2532845502636116
RGI60-11.03655,2019,-1.4264017938434828
RGI60-11.03655,2020,-1.1886137246716753
RGI60-11.03655,2021,-1.7348867750986647
RGI60-11.03655,2022,-2.4395994262564518
RGI60-11.03655,2023,-1.6058986881773132
RGI60-11.03655,2024,-1.1280774089304637
RGI60-11.03656,2000,-1.266458314618404
RGI60-11.03656,2001,0.5627002568303281
RGI60-11.03656,2002,-0.2664171863018606
RGI60-11.03656,2003,-1.5497292605934414
RGI60-11.03656,2004,-1.155741701916846
RGI60-11.03656,2005,-1.4577353386085155
RGI60-11.03656,2006,-0.9376939833249641
RGI60-11.03656,2007,-0.9329816292254843
RGI60-11.03656,2008,-0.6592784885400116
RGI60-11.03656,2009,-1.0430493833164745
RGI60-11.03656,2010,-0.7946055716778327
RGI60-11.03656,2011,-1.2785353287985808
RGI60-11.03656,2012,-1.3961100154342334
RGI60-11.03656,2013,-0.23270834572969823
RGI60-11.03656,2014,-0.7652667775044603
RGI60-11.03656,2015,-1.5257639057147494
RGI60-11.03656,2016,-0.5659133195904135
RGI60-11.03656,2017,-0.98453035203692
RGI60-11.03656,2018,-0.8624868282406548
RGI60-11.03656,2019,-1.2712945256567847
RGI60-11.03656,2020,-0.7703504082247925
RGI60-11.03656,2021,-1.2289357719050884
RGI60-11.03656,2022,-1.4185188522815655
RGI60-11.03656,2023,-1.516823675364078
RGI60-11.03656,2024,-0.5381306559928974
RGI60-11.03657,2000,-0.9525229015364204
RGI60-11.03657,2001,0.5045575574551454
RGI60-11.03657,2002,-0.37181877454174833
RGI60-11.03657,2003,-1.4966546854222815
RGI60-11.03657,2004,-0.9899932582765514
RGI60-11.03657,2005,-1.2194834340620135
RGI60-11.03657,2006,-0.9736967387601939
RGI60-11.03657,2007,-0.6980015913386309
RGI60-11.03657,2008,-0.564882933499224
RGI60-11.03657,2009,-0.9451815034625488
RGI60-11.03657,2010,-0.8074599530675691
RGI60-11.03657,2011,-1.2723132489531777
RGI60-11.03657,2012,-1.193618712901296
RGI60-11.03657,2013,-0.07807875043705648
RGI60-11.03657,2014,-0.6505437168174056
RGI60-11.03657,2015,-1.5205406264034296
RGI60-11.03657,2016,-0.532186205289718
RGI60-11.03657,2017,-0.8459755319097275
RGI60-11.03657,2018,-1.032042577886558
RGI60-11.03657,2019,-0.5642624128895994
RGI60-11.03657,2020,-0.7967724783431412
RGI60-11.03657,2021,-0.7951858746133482
RGI60-11.03657,2022,0.2217039265378563
RGI60-11.03657,2023,-0.9815895395083842
RGI60-11.03657,2024,-0.808685253899624
RGI60-11.03659,2000,-1.0279447924311067
RGI60-11.03659,2001,0.4160268924302384
RGI60-11.03659,2002,-0.47803222264236833
RGI60-11.03659,2003,-1.4466744502167992
RGI60-11.03659,2004,-0.7778245445310195
RGI60-11.03659,2005,-1.440482542137919
RGI60-11.03659,2006,-0.6013889884915677
RGI60-11.03659,2007,-0.4560981621203087
RGI60-11.03659,2008,-0.6129303639705925
RGI60-11.03659,2009,-1.1857418462692064
RGI60-11.03659,2010,-0.584912417588699
RGI60-11.03659,2011,-1.2376092628544586
RGI60-11.03659,2012,-0.9594396250592315
RGI60-11.03659,2013,-0.3260203747249409
RGI60-11.03659,2014,-0.9238185388592662
RGI60-11.03659,2015,-0.9905595453220335
RGI60-11.03659,2016,-0.17614134506235757
RGI60-11.03659,2017,-0.9464719359209409
RGI60-11.03659,2018,-0.9734695330167195
RGI60-11.03659,2019,-1.0546664012106994
RGI60-11.03659,2020,-0.5056773028465908
RGI60-11.03659,2021,-0.752574969801775
RGI60-11.03659,2022,-1.2230848644149082
RGI60-11.03659,2023,-1.07062279565158
RGI60-11.03659,2024,-0.6906216170446384
RGI60-11.03660,2000,-0.6870418532271736
RGI60-11.03660,2001,0.7292183275778318
RGI60-11.03660,2002,-0.2847675109125795
RGI60-11.03660,2003,-1.1814911233667649
RGI60-11.03660,2004,-0.35761043945074084
RGI60-11.03660,2005,-0.9764682779044747
RGI60-11.03660,2006,-0.5104481119915859
RGI60-11.03660,2007,-0.2637838135422287
RGI60-11.03660,2008,-0.36766740598326886
RGI60-11.03660,2009,-0.7916057826309479
RGI60-11.03660,2010,-0.321061845969091
RGI60-11.03660,2011,-0.746515361789595
RGI60-11.03660,2012,-0.7877865094017852
RGI60-11.03660,2013,0.19516277295010898
RGI60-11.03660,2014,-0.2947879603329743
RGI60-11.03660,2015,-0.9101145993513406
RGI60-11.03660,2016,0.1268835840456215
RGI60-11.03660,2017,-0.8859097789653748
RGI60-11.03660,2018,-0.6920520763543305
RGI60-11.03660,2019,-0.6662522333993075
RGI60-11.03660,2020,-0.24296313788315685
RGI60-11.03660,2021,-0.3838439828382776
RGI60-11.03660,2022,-1.2892505032454649
RGI60-11.03660,2023,-0.7641657662430632
RGI60-11.03660,2024,-0.46333243100149346
RGI60-11.03662,2000,-0.874291796341055
RGI60-11.03662,2001,0.2817446607763121
RGI60-11.03662,2002,-0.7105545970632354
RGI60-11.03662,2003,-1.6537040721171188
RGI60-11.03662,2004,-1.0926302564700177
RGI60-11.03662,2005,-1.386310601663843
RGI60-11.03662,2006,-1.059594365006976
RGI60-11.03662,2007,-0.6556730513752687
RGI60-11.03662,2008,-0.8941533231951291
RGI60-11.03662,2009,-1.652300728584652
RGI60-11.03662,2010,-0.5578288034818427
RGI60-11.03662,2011,-1.2504397589539975
RGI60-11.03662,2012,-1.1212511855037581
RGI60-11.03662,2013,-0.7088337440800744
RGI60-11.03662,2014,-0.894596557210843
RGI60-11.03662,2015,-1.6990095242021337
RGI60-11.03662,2016,-0.7837394542429764
RGI60-11.03662,2017,-1.2496189137214968
RGI60-11.03662,2018,-1.5881502008633945
RGI60-11.03662,2019,-1.6592637266985086
RGI60-11.03662,2020,-1.1108110733662062
RGI60-11.03662,2021,-1.130104613072923
RGI60-11.03662,2022,-2.3415311484632197
RGI60-11.03662,2023,-1.4916351225770148
RGI60-11.03662,2024,-1.1398015405028876
RGI60-11.03663,2000,-0.3204147733834943
RGI60-11.03663,2001,0.8415899096433048
RGI60-11.03663,2002,-0.21798423383571902
RGI60-11.03663,2003,-1.1267861758863247
RGI60-11.03663,2004,-0.5624817521152877
RGI60-11.03663,2005,-1.286243451877642
RGI60-11.03663,2006,-0.776313070207072
RGI60-11.03663,2007,-0.20601282418493022
RGI60-11.03663,2008,-0.7526161654709393
RGI60-11.03663,2009,-1.2498775410930358
RGI60-11.03663,2010,-0.5982290345616104
RGI60-11.03663,2011,-0.9359007644480319
RGI60-11.03663,2012,-0.7228217360112066
RGI60-11.03663,2013,-0.6509216299348516
RGI60-11.03663,2014,-0.4899526237039344
RGI60-11.03663,2015,-1.1784643186970964
RGI60-11.03663,2016,-0.6948848367954712
RGI60-11.03663,2017,-0.8848651717541132
RGI60-11.03663,2018,-1.00612387338524
RGI60-11.03663,2019,-1.0858959322973043
RGI60-11.03663,2020,-0.4401282973545346
RGI60-11.03663,2021,-0.6992781806467439
RGI60-11.03663,2022,-1.4857550176321854
RGI60-11.03663,2023,-1.1298567674126687
RGI60-11.03663,2024,-0.6777933831631441
RGI60-11.03664,2000,-0.9654642855094502
RGI60-11.03664,2001,-0.15301294187163283
RGI60-11.03664,2002,-0.29722721608481517
RGI60-11.03664,2003,-1.833779372837813
RGI60-11.03664,2004,-1.0662087653573824
RGI60-11.03664,2005,-1.6413981589241557
RGI60-11.03664,2006,-1.2242393236421831
RGI60-11.03664,2007,-0.6188479348805533
RGI60-11.03664,2008,-1.402515042804445
RGI60-11.03664,2009,-1.7338942968442175
RGI60-11.03664,2010,-0.8192802900299243
RGI60-11.03664,2011,-1.9108898877219496
RGI60-11.03664,2012,-1.2206745853464132
RGI60-11.03664,2013,-0.7710509967963338
RGI60-11.03664,2014,-1.1155914984375004
RGI60-11.03664,2015,-1.502673446117165
RGI60-11.03664,2016,-0.8578721613297569
RGI60-11.03664,2017,-1.461237104854384
RGI60-11.03664,2018,-1.4090505041452983
RGI60-11.03664,2019,-1.418092186464618
RGI60-11.03664,2020,-1.027056281411854
RGI60-11.03664,2021,-1.0089326969513643
RGI60-11.03664,2022,-2.339768526033561
RGI60-11.03664,2023,-1.8923814764751845
RGI60-11.03664,2024,-1.4296932379850116
RGI60-11.03667,2000,-0.8691806338711205
RGI60-11.03667,2001,0.38752025997893536
RGI60-11.03667,2002,-0.005248165314717834
RGI60-11.03667,2003,-1.2689982660931483
RGI60-11.03667,2004,-0.8298338622337104
RGI60-11.03667,2005,-0.8006088871070687
RGI60-11.03667,2006,-0.48904430438445234
RGI60-11.03667,2007,-0.4103109504114104
RGI60-11.03667,2008,-0.3705795988300312
RGI60-11.03667,2009,-1.3136884743871315
RGI60-11.03667,2010,-0.23836442227779758
RGI60-11.03667,2011,-0.9152824091553016
RGI60-11.03667,2012,-0.9877794794975538
RGI60-11.03667,2013,-0.5334926621826874
RGI60-11.03667,2014,-0.49849458095498245
RGI60-11.03667,2015,-0.9363543040839666
RGI60-11.03667,2016,-0.42322192753221877
RGI60-11.03667,2017,-0.8893493853973767
RGI60-11.03667,2018,-1.35102132875218
RGI60-11.03667,2019,-1.348266617512075
RGI60-11.03667,2020,-0.6358257474995602
RGI60-11.03667,2021,-0.7254503797345593
RGI60-11.03667,2022,-1.9277519944032095
RGI60-11.03667,2023,-1.2709928689376042
RGI60-11.03667,2024,-0.5317493768469032
RGI60-11.03668,2000,-1.0411277140168544
RGI60-11.03668,2001,0.21350222407078545
RGI60-11.03668,2002,-0.22186556661113788
RGI60-11.03668,2003,-1.5068211973320467
RGI60-11.03668,2004,-0.9951899524548147
RGI60-11.03668,2005,-1.1930479756583252
RGI60-11.03668,2006,-1.0824756493370538
RGI60-11.03668,2007,-0.6326379868508973
RGI60-11.03668,2008,-0.7743831761631692
RGI60-11.03668,2009,-1.6478017274283656
RGI60-11.03668,2010,-0.3805072781243468
RGI60-11.03668,2011,-1.2541547566171034
RGI60-11.03668,2012,-1.0036762514213846
RGI60-11.03668,2013,-0.669872182542472
RGI60-11.03668,2014,-0.8431234314110432
RGI60-11.03668,2015,-1.483322652782813
RGI60-11.03668,2016,-0.44255000254036614
RGI60-11.03668,2017,-0.9375990305962589
RGI60-11.03668,2018,-1.7203745763973537
RGI60-11.03668,2019,-1.391271115784983
RGI60-11.03668,2020,-0.6615104555968505
RGI60-11.03668,2021,-0.9978927883754197
RGI60-11.03668,2022,-2.1976374684321827
RGI60-11.03668,2023,-1.5208854804004588
RGI60-11.03668,2024,-1.0024179571839702
RGI60-11.03669,2000,-0.881499532754475
RGI60-11.03669,2001,0.7045110485588961
RGI60-11.03669,2002,0.41723175560702036
RGI60-11.03669,2003,-0.9151639741664501
RGI60-11.03669,2004,-0.2731855310569041
RGI60-11.03669,2005,-0.4828248074123787
RGI60-11.03669,2006,-0.0626927485860207
RGI60-11.03669,2007,0.09929653277920647
RGI60-11.03669,2008,-0.18820259967220435
RGI60-11.03669,2009,-0.9051431383317505
RGI60-11.03669,2010,-0.4578227855300578
RGI60-11.03669,2011,-0.6233003846661429
RGI60-11.03669,2012,-0.46903333912816725
RGI60-11.03669,2013,0.14295665421331144
RGI60-11.03669,2014,-0.2601784833590589
RGI60-11.03669,2015,-1.0426331520411467
RGI60-11.03669,2016,0.06447278193831085
RGI60-11.03669,2017,-0.8294771616497791
RGI60-11.03669,2018,-1.142251292664417
RGI60-11.03669,2019,-0.9026598420777874
RGI60-11.03669,2020,-0.08847545661391976
RGI60-11.03669,2021,-0.3490227508003697
RGI60-11.03669,2022,-1.5934947403246358
RGI60-11.03669,2023,-1.0973048110117583
RGI60-11.03669,2024,-0.6465859776406386
RGI60-11.03670,2000,-0.7370051215648287
RGI60-11.03670,2001,0.4453158904649105
RGI60-11.03670,2002,0.015352908949554878
RGI60-11.03670,2003,-1.2340237933667735
RGI60-11.03670,2004,-1.0567588980654412
RGI60-11.03670,2005,-1.0139774610979417
RGI60-11.03670,2006,-0.47378306635025325
RGI60-11.03670,2007,-0.2850772848077565
RGI60-11.03670,2008,-0.35349085629006693
RGI60-11.03670,2009,-1.154086790508181
RGI60-11.03670,2010,-0.4879789813584638
RGI60-11.03670,2011,-1.2297684577580064
RGI60-11.03670,2012,-1.1179544525875318
RGI60-11.03670,2013,-0.15019219451456411
RGI60-11.03670,2014,-0.35968866053482446
RGI60-11.03670,2015,-1.0117692737330024
RGI60-11.03670,2016,-0.3593763148707617
RGI60-11.03670,2017,-1.3008270252513707
RGI60-11.03670,2018,-1.1093376653418638
RGI60-11.03670,2019,-1.3583725014128332
RGI60-11.03670,2020,-0.5068978483652794
RGI60-11.03670,2021,-0.8187097206385208
RGI60-11.03670,2022,-2.178815253258113
RGI60-11.03670,2023,-1.4250563515807682
RGI60-11.03670,2024,-0.7942676021675839
RGI60-11.03671,2000,-0.6432479719910958
RGI60-11.03671,2001,0.45793430010734204
RGI60-11.03671,2002,-0.4369224723839613
RGI60-11.03671,2003,-1.1988792397650536
RGI60-11.03671,2004,-0.9154120116986961
RGI60-11.03671,2005,-1.181540409424848
RGI60-11.03671,2006,-0.8611350613414623
RGI60-11.03671,2007,-0.4084047419659812
RGI60-11.03671,2008,-0.7252934473539353
RGI60-11.03671,2009,-1.417718088260383
RGI60-11.03671,2010,-0.3501932991862245
RGI60-11.03671,2011,-1.2014076394665154
RGI60-11.03671,2012,-0.9533997031538876
RGI60-11.03671,2013,-0.24299056824418197
RGI60-11.03671,2014,-0.5629982431148396
RGI60-11.03671,2015,-1.2536258316730482
RGI60-11.03671,2016,-0.33726303525844276
RGI60-11.03671,2017,-0.8521848326255799
RGI60-11.03671,2018,-1.350950320493492
RGI60-11.03671,2019,-1.31246738270571
RGI60-11.03671,2020,-0.5849080817001169
RGI60-11.03671,2021,-0.9791059785912432
RGI60-11.03671,2022,-1.6032492680967931
RGI60-11.03671,2023,-0.9093932039038766
RGI60-11.03671,2024,-0.8896570685423245
RGI60-11.03672,2000,-0.6593831379521577
RGI60-11.03672,2001,0.6815367850204249
RGI60-11.03672,2002,-0.21880607764807436
RGI60-11.03672,2003,-1.3878565368937241
RGI60-11.03672,2004,-1.136658604583488
RGI60-11.03672,2005,-1.4912136802036153
RGI60-11.03672,2006,-0.5853879828203394
RGI60-11.03672,2007,-0.5870832337589043
RGI60-11.03672,2008,-0.41284008326383337
RGI60-11.03672,2009,-1.6146575751398387
RGI60-11.03672,2010,-0.48337949633723953
RGI60-11.03672,2011,-1.522212332084791
RGI60-11.03672,2012,-1.2759602071221838
RGI60-11.03672,2013,-0.5624124545411894
RGI60-11.03672,2014,-0.5230843717010071
RGI60-11.03672,2015,-1.4675149148026736
RGI60-11.03672,2016,-0.5100533123314865
RGI60-11.03672,2017,-1.7526307691098268
RGI60-11.03672,2018,-1.4309969186844205
RGI60-11.03672,2019,-1.5788050960416342
RGI60-11.03672,2020,-0.9670498072646138
RGI60-11.03672,2021,-1.1385280173514727
RGI60-11.03672,2022,-2.617219468807704
RGI60-11.03672,2023,-1.902176549587168
RGI60-11.03672,2024,-1.0010790840871056
RGI60-11.03674,2000,-1.0839544765844797
RGI60-11.03674,2001,-0.16305283228582623
RGI60-11.03674,2002,-0.9938931611488067
RGI60-11.03674,2003,-1.9008803605328104
RGI60-11.03674,2004,-1.8721486495882629
RGI60-11.03674,2005,-2.025301822013721
RGI60-11.03674,2006,-1.461518597686272
RGI60-11.03674,2007,-1.546601643330596
RGI60-11.03674,2008,-1.3669148644971714
RGI60-11.03674,2009,-2.2179823467599156
RGI60-11.03674,2010,-0.8622639179624123
RGI60-11.03674,2011,-2.0980445176388143
RGI60-11.03674,2012,-1.5836738570437838
RGI60-11.03674,2013,-1.184749438302022
RGI60-11.03674,2014,-1.2738699350250131
RGI60-11.03674,2015,-1.8471036684875566
RGI60-11.03674,2016,-1.2974056520709742
RGI60-11.03674,2017,-1.7098374014546658
RGI60-11.03674,2018,-1.83236788982684
RGI60-11.03674,2019,-2.174734967760058
RGI60-11.03674,2020,-1.1747097578282317
RGI60-11.03674,2021,-1.4908457197130174
RGI60-11.03674,2022,-2.470779128640848
RGI60-11.03674,2023,-1.9470591127058903
RGI60-11.03674,2024,-1.5583746472409499
RGI60-11.03675,2000,-0.4751376980418951
RGI60-11.03675,2001,0.1341712035119299
RGI60-11.03675,2002,-0.03328337117124314
RGI60-11.03675,2003,-1.0456406432172027
RGI60-11.03675,2004,-0.7733395115385672
RGI60-11.03675,2005,-0.7833550649509986
RGI60-11.03675,2006,-0.7647612482736164
RGI60-11.03675,2007,-0.6257551081771456
RGI60-11.03675,2008,-0.3158240606688463
RGI60-11.03675,2009,-1.0681782054955982
RGI60-11.03675,2010,-0.3178318110861284
RGI60-11.03675,2011,-0.9794724083965352
RGI60-11.03675,2012,-0.794090519172989
RGI60-11.03675,2013,-0.08873080530394784
RGI60-11.03675,2014,-0.4120941283945798
RGI60-11.03675,2015,-0.8070118791766946
RGI60-11.03675,2016,-0.5211796866929196
RGI60-11.03675,2017,-0.6028687000816854
RGI60-11.03675,2018,-0.9737749632365728
RGI60-11.03675,2019,-1.2344413904347684
RGI60-11.03675,2020,-0.2616772304432116
RGI60-11.03675,2021,-0.7986761677140212
RGI60-11.03675,2022,-1.5806220474285504
RGI60-11.03675,2023,-0.8966099075436957
RGI60-11.03675,2024,-1.1418534078621672
RGI60-11.03676,2000,-0.13977165942531153
RGI60-11.03676,2001,0.5523563720557907
RGI60-11.03676,2002,0.5176389011602904
RGI60-11.03676,2003,-0.8298399070101676
RGI60-11.03676,2004,-0.4337724382274312
RGI60-11.03676,2005,-0.3413719715360781
RGI60-11.03676,2006,-0.35001134642927256
RGI60-11.03676,2007,-0.1588148999575436
RGI60-11.03676,2008,0.07847122563534653
RGI60-11.03676,2009,-0.4963901141875177
RGI60-11.03676,2010,0.13785334950197403
RGI60-11.03676,2011,-0.3544136985696185
RGI60-11.03676,2012,-0.5465339622581793
RGI60-11.03676,2013,0.26307256430934006
RGI60-11.03676,2014,0.2900954310139338
RGI60-11.03676,2015,-0.5587758416249413
RGI60-11.03676,2016,-0.1802240625049802
RGI60-11.03676,2017,-0.3420594974482034
RGI60-11.03676,2018,-0.6146251164444478
RGI60-11.03676,2019,-0.8900833280529761
RGI60-11.03676,2020,0.2849574467937483
RGI60-11.03676,2021,-0.2397923533457881
RGI60-11.03676,2022,-1.2145544986079126
RGI60-11.03676,2023,-0.6281443640196233
RGI60-11.03676,2024,-0.5252856702118099
RGI60-11.03677,2000,-0.27466996892630563
RGI60-11.03677,2001,0.40078864472718556
RGI60-11.03677,2002,0.47221979012110393
RGI60-11.03677,2003,-0.7963422879479705
RGI60-11.03677,2004,-0.2144114123002142
RGI60-11.03677,2005,-0.33050644239253063
RGI60-11.03677,2006,-0.25882064245032765
RGI60-11.03677,2007,-0.4534206802146462
RGI60-11.03677,2008,0.18877885028379185
RGI60-11.03677,2009,-0.2782606996462598
RGI60-11.03677,2010,0.14568922536130116
RGI60-11.03677,2011,0.16604733026856852
RGI60-11.03677,2012,-0.2817272484185915
RGI60-11.03677,2013,-0.14150304076832942
RGI60-11.03677,2014,-0.12419458436262755
RGI60-11.03677,2015,-0.6111847643652702
RGI60-11.03677,2016,-0.055432689509765765
RGI60-11.03677,2017,-0.38073213003839135
RGI60-11.03677,2018,-0.4513086874890023
RGI60-11.03677,2019,-0.45240856193172274
RGI60-11.03677,2020,0.33349167230663757
RGI60-11.03677,2021,0.7881044738427789
RGI60-11.03677,2022,-0.7107388178606097
RGI60-11.03677,2023,-0.625194512555115
RGI60-11.03677,2024,-0.31793577460741057
RGI60-11.03678,2000,-0.496507060046855
RGI60-11.03678,2001,0.31210557338926814
RGI60-11.03678,2002,-0.116760451120833
RGI60-11.03678,2003,-1.0604900001442588
RGI60-11.03678,2004,-0.8526045043480515
RGI60-11.03678,2005,-0.8169418243978792
RGI60-11.03678,2006,-0.8495006706159869
RGI60-11.03678,2007,-0.5586835664935972
RGI60-11.03678,2008,-0.34300342528267924
RGI60-11.03678,2009,-0.6695748331807831
RGI60-11.03678,2010,-0.16117369859554576
RGI60-11.03678,2011,-0.48540730254275033
RGI60-11.03678,2012,-0.579893552156158
RGI60-11.03678,2013,-0.2516980364271059
RGI60-11.03678,2014,-0.18789441587935157
RGI60-11.03678,2015,-0.8020608035631533
RGI60-11.03678,2016,-0.3612514209769169
RGI60-11.03678,2017,-0.5450014506887267
RGI60-11.03678,2018,-0.8303432008637589
RGI60-11.03678,2019,-0.5706153560648779
RGI60-11.03678,2020,-0.2906261138537487
RGI60-11.03678,2021,-0.34555578528883096
RGI60-11.03678,2022,-0.7952814610782906
RGI60-11.03678,2023,-0.7250514893797501
RGI60-11.03678,2024,-0.511987194690827
RGI60-11.03679,2000,-0.4847194355672808
RGI60-11.03679,2001,-0.12475544109613868
RGI60-11.03679,2002,-0.9636215285857344
RGI60-11.03679,2003,-1.6535858361593403
RGI60-11.03679,2004,-1.0428546196080446
RGI60-11.03679,2005,-1.224084829984033
RGI60-11.03679,2006,-0.9382129603484017
RGI60-11.03679,2007,-0.6687519951409981
RGI60-11.03679,2008,-0.3881895172801596
RGI60-11.03679,2009,-0.9994665423147749
RGI60-11.03679,2010,-0.6244133160942271
RGI60-11.03679,2011,-0.9968427120061486
RGI60-11.03679,2012,-1.0302470229525094
RGI60-11.03679,2013,-0.5569619719172672
RGI60-11.03679,2014,-0.9890200292746933
RGI60-11.03679,2015,-1.388709062833349
RGI60-11.03679,2016,-1.0101776704216634
RGI60-11.03679,2017,-0.9962778850862699
RGI60-11.03679,2018,-1.0644260266580188
RGI60-11.03679,2019,-1.148681596670953
RGI60-11.03679,2020,-0.4091732072957026
RGI60-11.03679,2021,-1.0251523794771409
RGI60-11.03679,2022,-1.4746655592556617
RGI60-11.03679,2023,-1.0188521313842707
RGI60-11.03679,2024,-0.7925047653948778
RGI60-11.03680,2000,-0.41243481685967265
RGI60-11.03680,2001,0.6189374920565791
RGI60-11.03680,2002,-0.36652884677571046
RGI60-11.03680,2003,-1.091430205407083
RGI60-11.03680,2004,-0.8141756055532405
RGI60-11.03680,2005,-0.6074118292289329
RGI60-11.03680,2006,-0.7022667372063731
RGI60-11.03680,2007,-0.4531851212508634
RGI60-11.03680,2008,-0.11509410953577831
RGI60-11.03680,2009,-0.971643887349026
RGI60-11.03680,2010,-0.26949952851765685
RGI60-11.03680,2011,-0.6990613506414733
RGI60-11.03680,2012,-0.7588716415821581
RGI60-11.03680,2013,-0.17972017409881713
RGI60-11.03680,2014,-0.32271831780000704
RGI60-11.03680,2015,-0.9226500511122427
RGI60-11.03680,2016,-0.035728570724396835
RGI60-11.03680,2017,-0.9141048821340687
RGI60-11.03680,2018,-0.7624534817399429
RGI60-11.03680,2019,-1.3214583345391349
RGI60-11.03680,2020,-0.16895576929992667
RGI60-11.03680,2021,-0.6489707623952353
RGI60-11.03680,2022,-1.6679363827827007
RGI60-11.03680,2023,-0.9701996405532165
RGI60-11.03680,2024,-0.8995100806435743
RGI60-11.03683,2000,1.1401071843351016
RGI60-11.03683,2001,-0.291259486362936
RGI60-11.03683,2002,-0.31841737118961594
RGI60-11.03683,2003,-1.0011937661115835
RGI60-11.03683,2004,-0.725645656174474
RGI60-11.03683,2005,-1.5522435648209911
RGI60-11.03683,2006,0.3778232212124628
RGI60-11.03683,2007,-1.8073588830813367
RGI60-11.03683,2008,-1.2534384909667144
RGI60-11.03683,2009,-0.780433305089377
RGI60-11.03683,2010,-1.2073043011918336
RGI60-11.03683,2011,-1.3931025590087427
RGI60-11.03683,2012,-0.9851994780603089
RGI60-11.03683,2013,-1.366325387396737
RGI60-11.03683,2014,-1.5592879796959533
RGI60-11.03683,2015,0.11849407877831908
RGI60-11.03683,2016,-0.485562474613638
RGI60-11.03683,2017,-0.7331742528600995
RGI60-11.03683,2018,-0.6853501792897587
RGI60-11.03683,2019,-1.2631273484117842
RGI60-11.03683,2020,-0.9859402110314646
RGI60-11.03683,2021,-0.5089017572437131
RGI60-11.03683,2022,-0.5008144543742823
RGI60-11.03683,2023,-1.4967366971188698
RGI60-11.03683,2024,-1.418068023892375
RGI60-11.03684,2000,-0.5100132211347994
RGI60-11.03684,2001,0.11790580206182755
RGI60-11.03684,2002,-0.2715208424240584
RGI60-11.03684,2003,-1.5042668875697247
RGI60-11.03684,2004,-1.315826692343972
RGI60-11.03684,2005,-1.1848655052412498
RGI60-11.03684,2006,-1.1199350933762728
RGI60-11.03684,2007,-0.912551981571263
RGI60-11.03684,2008,-0.6393758327248089
RGI60-11.03684,2009,-0.8453840762909814
RGI60-11.03684,2010,-0.648781552773127
RGI60-11.03684,2011,-0.9558664313110553
RGI60-11.03684,2012,-1.005003810343249
RGI60-11.03684,2013,-0.5674127161721388
RGI60-11.03684,2014,-0.6508825599931288
RGI60-11.03684,2015,-1.2129398960419973
RGI60-11.03684,2016,-0.7408544906108141
RGI60-11.03684,2017,-1.1229240952778565
RGI60-11.03684,2018,-1.2158097189773696
RGI60-11.03684,2019,-1.2309903978839647
RGI60-11.03684,2020,-0.5936230416743246
RGI60-11.03684,2021,-0.9582093767251851
RGI60-11.03684,2022,-1.740952200212738
RGI60-11.03684,2023,-1.1456502784931442
RGI60-11.03684,2024,-1.2103660146703044
RGI60-11.03685,2000,-0.8855741907059189
RGI60-11.03685,2001,0.3283227209581463
RGI60-11.03685,2002,-0.2611136796613873
RGI60-11.03685,2003,-0.6707579443590862
RGI60-11.03685,2004,-0.5755977763572623
RGI60-11.03685,2005,-0.6621872189755399
RGI60-11.03685,2006,-0.890273665714947
RGI60-11.03685,2007,-0.6157966986626466
RGI60-11.03685,2008,-0.4443963296986327
RGI60-11.03685,2009,-0.45721236266981063
RGI60-11.03685,2010,-0.4129562466637816
RGI60-11.03685,2011,-0.6627134572357878
RGI60-11.03685,2012,-0.34595852652685144
RGI60-11.03685,2013,-0.49718639897660116
RGI60-11.03685,2014,0.02982308474261719
RGI60-11.03685,2015,-1.1776632084712384
RGI60-11.03685,2016,-0.09281581343665035
RGI60-11.03685,2017,-1.3245712416010285
RGI60-11.03685,2018,-0.6471144876223249
RGI60-11.03685,2019,-0.6611565583612609
RGI60-11.03685,2020,-0.4372039042430749
RGI60-11.03685,2021,-0.05662170223301155
RGI60-11.03685,2022,-1.2552468182705943
RGI60-11.03685,2023,-1.6517142419264772
RGI60-11.03685,2024,-0.5031158872328849
RGI60-11.03686,2000,-0.21562161328218654
RGI60-11.03686,2001,0.6072692725980244
RGI60-11.03686,2002,-0.24381023178017588
RGI60-11.03686,2003,-1.1968759329443404
RGI60-11.03686,2004,-0.8050179549190327
RGI60-11.03686,2005,-0.6359174611962607
RGI60-11.03686,2006,-0.5779936862031003
RGI60-11.03686,2007,-0.4273193531430079
RGI60-11.03686,2008,0.008621756816950543
RGI60-11.03686,2009,-0.26357645383244205
RGI60-11.03686,2010,-0.026760068153663386
RGI60-11.03686,2011,-0.43090951398032934
RGI60-11.03686,2012,-0.5375926445708233
RGI60-11.03686,2013,0.042166649263004785
RGI60-11.03686,2014,-0.03101646153142429
RGI60-11.03686,2015,-0.5110069785175672
RGI60-11.03686,2016,-0.34031045880316907
RGI60-11.03686,2017,-0.6987176549766951
RGI60-11.03686,2018,-0.5081791614778673
RGI60-11.03686,2019,-0.9367320493658977
RGI60-11.03686,2020,-0.06389130497272144
RGI60-11.03686,2021,-0.5272641312680911
RGI60-11.03686,2022,-0.7316771213775735
RGI60-11.03686,2023,-0.7744759916995885
RGI60-11.03686,2024,-0.4525493981814551
RGI60-11.03687,2000,-0.8963722032717726
RGI60-11.03687,2001,0.06960286585296338
RGI60-11.03687,2002,-0.5705456885874755
RGI60-11.03687,2003,-1.630752719778857
RGI60-11.03687,2004,-1.3542133881830152
RGI60-11.03687,2005,-1.2093408773127647
RGI60-11.03687,2006,-1.181520499873273
RGI60-11.03687,2007,-0.8883583194002063
RGI60-11.03687,2008,-0.7040868785680752
RGI60-11.03687,2009,-1.0823162678679483
RGI60-11.03687,2010,-0.584519390667968
RGI60-11.03687,2011,-0.9652557418853583
RGI60-11.03687,2012,-0.8318236946785837
RGI60-11.03687,2013,-0.6942679760347489
RGI60-11.03687,2014,-0.5771855527735505
RGI60-11.03687,2015,-1.3637217549497478
RGI60-11.03687,2016,-0.88564611932859
RGI60-11.03687,2017,-1.0911902886047105
RGI60-11.03687,2018,-1.5454428954078114
RGI60-11.03687,2019,-1.5046426086785076
RGI60-11.03687,2020,-0.6093483307558988
RGI60-11.03687,2021,-1.11402723733549
RGI60-11.03687,2022,-1.9217529971781104
RGI60-11.03687,2023,-1.1226942533453776
RGI60-11.03687,2024,-1.1726139219391054
RGI60-11.03688,2000,-0.8929202858979574
RGI60-11.03688,2001,-0.21416024644160436
RGI60-11.03688,2002,-1.4738174821615626
RGI60-11.03688,2003,-1.4150611122399923
RGI60-11.03688,2004,-0.42523598834095055
RGI60-11.03688,2005,-1.1358852126840877
RGI60-11.03688,2006,-0.3896895527037999
RGI60-11.03688,2007,-0.4931145597809777
RGI60-11.03688,2008,-0.9355527649497946
RGI60-11.03688,2009,-1.136117583728011
RGI60-11.03688,2010,-0.6844214603551477
RGI60-11.03688,2011,-0.9437142085878695
RGI60-11.03688,2012,-1.0427747478479035
RGI60-11.03688,2013,-0.8367955848423958
RGI60-11.03688,2014,-0.8944215468853651
RGI60-11.03688,2015,-1.431232833302086
RGI60-11.03688,2016,-0.8674261076707817
RGI60-11.03688,2017,-1.108699901512469
RGI60-11.03688,2018,-1.157037681104733
RGI60-11.03688,2019,-1.0842211389625123
RGI60-11.03688,2020,0.13838853806011464
RGI60-11.03688,2021,-0.8458204511279437
RGI60-11.03688,2022,-1.1175277456674193
RGI60-11.03688,2023,-1.5095264550936065
RGI60-11.03688,2024,-1.391738312871598
RGI60-11.03689,2000,-0.4612909678294617
RGI60-11.03689,2001,0.2912442648028398
RGI60-11.03689,2002,-0.35873978578943083
RGI60-11.03689,2003,-0.722171727740661
RGI60-11.03689,2004,-0.7882608491431728
RGI60-11.03689,2005,-0.4610680714786335
RGI60-11.03689,2006,0.12653081869382055
RGI60-11.03689,2007,0.1333536529402522
RGI60-11.03689,2008,-0.4686035050145544
RGI60-11.03689,2009,-0.5195993178116852
RGI60-11.03689,2010,-0.1979719370392981
RGI60-11.03689,2011,-0.5685687263925956
RGI60-11.03689,2012,-0.595022665606349
RGI60-11.03689,2013,-0.0847151628808257
RGI60-11.03689,2014,-0.1312169993775208
RGI60-11.03689,2015,-0.4046759861755868
RGI60-11.03689,2016,-0.3397338919192291
RGI60-11.03689,2017,-0.6647526708994792
RGI60-11.03689,2018,-0.7997649975737573
RGI60-11.03689,2019,-0.13137147376467204
RGI60-11.03689,2020,0.517589850058219
RGI60-11.03689,2021,1.0634274386028735
RGI60-11.03689,2022,-0.9279788841182984
RGI60-11.03689,2023,0.20821779009063057
RGI60-11.03689,2024,-0.6884756806784043
RGI60-11.03690,2000,0.5048029942937907
RGI60-11.03690,2001,1.4093843842381306
RGI60-11.03690,2002,0.1967866017800013
RGI60-11.03690,2003,0.005188939837092843
RGI60-11.03690,2004,0.3453640714212092
RGI60-11.03690,2005,-0.30543491541408213
RGI60-11.03690,2006,0.4227775974988119
RGI60-11.03690,2007,0.03542010386508282
RGI60-11.03690,2008,0.3082001452507514
RGI60-11.03690,2009,0.45922590913686767
RGI60-11.03690,2010,0.8057319136916835
RGI60-11.03690,2011,0.41680528679589407
RGI60-11.03690,2012,0.5134025339528083
RGI60-11.03690,2013,0.8643770369055916
RGI60-11.03690,2014,0.7064881370013801
RGI60-11.03690,2015,0.7618288719243753
RGI60-11.03690,2016,0.5386115502946357
RGI60-11.03690,2017,0.05614597185629833
RGI60-11.03690,2018,0.43929830274104104
RGI60-11.03690,2019,-0.05430543707136565
RGI60-11.03690,2020,1.2841069146541761
RGI60-11.03690,2021,1.0611784079255826
RGI60-11.03690,2022,1.831187573920923
RGI60-11.03690,2023,0.9799976932557037
RGI60-11.03690,2024,0.5387903601143404
RGI60-11.03693,2000,-0.7593102194384009
RGI60-11.03693,2001,0.16594660633836034
RGI60-11.03693,2002,-0.4998363965957498
RGI60-11.03693,2003,-1.421134949568879
RGI60-11.03693,2004,-1.1893490564803484
RGI60-11.03693,2005,-1.3148276097618732
RGI60-11.03693,2006,-0.765561235361135
RGI60-11.03693,2007,-0.9407624348015443
RGI60-11.03693,2008,-0.5609211155362588
RGI60-11.03693,2009,-0.9326589875502936
RGI60-11.03693,2010,-0.43946718835195303
RGI60-11.03693,2011,-0.961138415165217
RGI60-11.03693,2012,-0.9824993838830907
RGI60-11.03693,2013,-0.5050241628500821
RGI60-11.03693,2014,-0.6054104550759358
RGI60-11.03693,2015,-1.3847258302475902
RGI60-11.03693,2016,-0.7587671240919426
RGI60-11.03693,2017,-0.9642876660628477
RGI60-11.03693,2018,-1.0715381902399779
RGI60-11.03693,2019,-1.1260261852752376
RGI60-11.03693,2020,-0.5634521750065105
RGI60-11.03693,2021,-0.4899994965349104
RGI60-11.03693,2022,-1.7946276146521578
RGI60-11.03693,2023,-1.186863161972854
RGI60-11.03693,2024,-0.6582045097017258
RGI60-11.03694,2000,-0.8882367853566938
RGI60-11.03694,2001,0.22151641160725322
RGI60-11.03694,2002,-0.5218651530413574
RGI60-11.03694,2003,-1.5171709472552863
RGI60-11.03694,2004,0.9361748822638126
RGI60-11.03694,2005,-1.2526537512667197
RGI60-11.03694,2006,-0.38818575326543325
RGI60-11.03694,2007,-1.1240418382464867
RGI60-11.03694,2008,-1.0945388433244525
RGI60-11.03694,2009,-0.4388282445745947
RGI60-11.03694,2010,-0.49569776882210476
RGI60-11.03694,2011,-0.592092052778801
RGI60-11.03694,2012,-1.201188168891339
RGI60-11.03694,2013,-0.4384244861177652
RGI60-11.03694,2014,-0.7278582243476069
RGI60-11.03694,2015,-1.25044599079358
RGI60-11.03694,2016,-0.18641445019121983
RGI60-11.03694,2017,-1.3310010695005483
RGI60-11.03694,2018,-0.9558388509121389
RGI60-11.03694,2019,-1.0377089151849452
RGI60-11.03694,2020,-0.5215403823119626
RGI60-11.03694,2021,-0.06129227233983514
RGI60-11.03694,2022,-1.2670288586704466
RGI60-11.03694,2023,-1.356780682230161
RGI60-11.03694,2024,-1.4904930371660825
RGI60-11.03698,2000,-0.5778378988177683
RGI60-11.03698,2001,0.14648419607364627
RGI60-11.03698,2002,-0.31638088276062903
RGI60-11.03698,2003,-1.2158619920285771
RGI60-11.03698,2004,-0.7246588719404017
RGI60-11.03698,2005,-0.9332864688475233
RGI60-11.03698,2006,-0.36806376655060596
RGI60-11.03698,2007,-0.027862897009676257
RGI60-11.03698,2008,-0.5935156711481019
RGI60-11.03698,2009,-1.5900048355552436
RGI60-11.03698,2010,-0.1642846184752615
RGI60-11.03698,2011,-0.8187981500176561
RGI60-11.03698,2012,-0.6656583584623018
RGI60-11.03698,2013,-0.3003240116308426
RGI60-11.03698,2014,-0.42010256073234464
RGI60-11.03698,2015,-0.8218286324571007
RGI60-11.03698,2016,-0.34967939321185765
RGI60-11.03698,2017,-0.7753571714392714
RGI60-11.03698,2018,-1.0847938543667
RGI60-11.03698,2019,-1.0985841606217719
RGI60-11.03698,2020,-0.6007887557750241
RGI60-11.03698,2021,-0.4606736329682356
RGI60-11.03698,2022,-1.7000287667729412
RGI60-11.03698,2023,-1.1159203984486483
RGI60-11.03698,2024,-0.8055443853925339
RGI60-11.03699,2000,-0.28677030191448993
RGI60-11.03699,2001,-0.4267636845980315
RGI60-11.03699,2002,-0.1903523796322763
RGI60-11.03699,2003,-1.330234285225701
RGI60-11.03699,2004,-1.334456136928953
RGI60-11.03699,2005,-0.9791537395216069
RGI60-11.03699,2006,-0.655872393979303
RGI60-11.03699,2007,-0.6772598073963908
RGI60-11.03699,2008,-0.13401989149827276
RGI60-11.03699,2009,-0.21766286973459253
RGI60-11.03699,2010,-0.42197607652102187
RGI60-11.03699,2011,-0.6060603485763517
RGI60-11.03699,2012,-1.0315799417138956
RGI60-11.03699,2013,-0.2955006231998908
RGI60-11.03699,2014,-0.9710565669540292
RGI60-11.03699,2015,-0.12835743083513684
RGI60-11.03699,2016,-0.2068361430073084
RGI60-11.03699,2017,-1.3270550593679822
RGI60-11.03699,2018,-0.4423123139776124
RGI60-11.03699,2019,-0.7270200054171518
RGI60-11.03699,2020,-0.7821373260033362
RGI60-11.03699,2021,0.007079760737977225
RGI60-11.03699,2022,0.8283576828784247
RGI60-11.03699,2023,-0.9680446950430958
RGI60-11.03699,2024,-0.7713940904494159
RGI60-11.03700,2000,-1.0851790025766967
RGI60-11.03700,2001,0.696933568337912
RGI60-11.03700,2002,-0.18643286889226013
RGI60-11.03700,2003,-1.232762740624851
RGI60-11.03700,2004,-0.8764899739941754
RGI60-11.03700,2005,-0.9889843238351986
RGI60-11.03700,2006,-0.5372181792228522
RGI60-11.03700,2007,-0.4436949549755313
RGI60-11.03700,2008,-0.4647721515095699
RGI60-11.03700,2009,-0.7205971954779609
RGI60-11.03700,2010,-0.49336675704590094
RGI60-11.03700,2011,-0.7686376529149281
RGI60-11.03700,2012,-1.1333046179697748
RGI60-11.03700,2013,0.09248684463574042
RGI60-11.03700,2014,-0.539722239953665
RGI60-11.03700,2015,-0.7080114267241912
RGI60-11.03700,2016,-0.027296634721679758
RGI60-11.03700,2017,-0.811049771118437
RGI60-11.03700,2018,-0.6720314839292432
RGI60-11.03700,2019,-0.3543684374867379
RGI60-11.03700,2020,-0.5089386275875527
RGI60-11.03700,2021,-0.7372360716853854
RGI60-11.03700,2022,-1.5442014191708116
RGI60-11.03700,2023,-0.41818073268045275
RGI60-11.03700,2024,-0.2237464356762321
RGI60-11.03701,2000,-0.7008599732388405
RGI60-11.03701,2001,0.3308368974387342
RGI60-11.03701,2002,0.23900226804422225
RGI60-11.03701,2003,-1.112918672145765
RGI60-11.03701,2004,-0.6477500181110608
RGI60-11.03701,2005,-0.6807941953173342
RGI60-11.03701,2006,-0.4354686821853906
RGI60-11.03701,2007,-0.6258284643924267
RGI60-11.03701,2008,-0.3046778155766768
RGI60-11.03701,2009,-0.10343144993632608
RGI60-11.03701,2010,-0.18159574547471832
RGI60-11.03701,2011,-0.5667942448923935
RGI60-11.03701,2012,-0.6477707533516375
RGI60-11.03701,2013,0.23962783964313922
RGI60-11.03701,2014,-0.34508980355505087
RGI60-11.03701,2015,-0.7883694823717853
RGI60-11.03701,2016,-0.41292087349844425
RGI60-11.03701,2017,-0.6576813120083856
RGI60-11.03701,2018,-0.5268836969319179
RGI60-11.03701,2019,-0.4378318221379363
RGI60-11.03701,2020,-0.15718048941399593
RGI60-11.03701,2021,-0.7413686936667002
RGI60-11.03701,2022,-1.6443943430972163
RGI60-11.03701,2023,-0.9289954135800607
RGI60-11.03701,2024,-0.5345173726714914
RGI60-11.03705,2000,-0.8099644398709039
RGI60-11.03705,2001,0.27229066380080935
RGI60-11.03705,2002,-0.7963038316339976
RGI60-11.03705,2003,-1.5464019693117077
RGI60-11.03705,2004,-1.4746513360871387
RGI60-11.03705,2005,-1.3534774851921219
RGI60-11.03705,2006,-1.0255664541685128
RGI60-11.03705,2007,-0.6420756044448257
RGI60-11.03705,2008,-0.8757011794390088
RGI60-11.03705,2009,-1.7363460539217648
RGI60-11.03705,2010,-0.6254102646576489
RGI60-11.03705,2011,-1.2422976778540282
RGI60-11.03705,2012,-1.4180575750746605
RGI60-11.03705,2013,-0.5469396715827619
RGI60-11.03705,2014,-0.18749878700678968
RGI60-11.03705,2015,-1.4008780744608356
RGI60-11.03705,2016,-0.951118184684485
RGI60-11.03705,2017,-1.1051126656098795
RGI60-11.03705,2018,-1.2170617570716162
RGI60-11.03705,2019,-1.3842276517281258
RGI60-11.03705,2020,-0.40207854982279745
RGI60-11.03705,2021,-0.7253499665450079
RGI60-11.03705,2022,-1.4245141577171156
RGI60-11.03705,2023,-1.3413573831591021
RGI60-11.03705,2024,-1.3062761411316108
RGI60-11.03724,2000,-0.8400866645333338
RGI60-11.03724,2001,0.6579018692414751
RGI60-11.03724,2002,-0.049842353468616096
RGI60-11.03724,2003,-1.4870315296532683
RGI60-11.03724,2004,-0.970167896856963
RGI60-11.03724,2005,-1.265817087040408
RGI60-11.03724,2006,-0.5107895450360689
RGI60-11.03724,2007,-0.6581665731542449
RGI60-11.03724,2008,-0.5560480282550262
RGI60-11.03724,2009,-0.5229519092208426
RGI60-11.03724,2010,-0.6442363900675663
RGI60-11.03724,2011,-1.4320917666868134
RGI60-11.03724,2012,-1.363385126825225
RGI60-11.03724,2013,-0.02328892707484398
RGI60-11.03724,2014,-0.7331104356057773
RGI60-11.03724,2015,-1.3252631421224743
RGI60-11.03724,2016,-0.4726621432109973
RGI60-11.03724,2017,-0.43137561104328154
RGI60-11.03724,2018,-0.947189179971529
RGI60-11.03724,2019,-0.9178975594141938
RGI60-11.03724,2020,-0.752810062303697
RGI60-11.03724,2021,-1.0642101873321002
RGI60-11.03724,2022,-0.7234526337315906
RGI60-11.03724,2023,-0.9905772876820917
RGI60-11.03724,2024,-0.6105441246386215
RGI60-11.03726,2000,-0.8431282237063445
RGI60-11.03726,2001,0.7166924982559864
RGI60-11.03726,2002,-0.041498013657591204
RGI60-11.03726,2003,-1.5592505192308028
RGI60-11.03726,2004,-0.7483101271136459
RGI60-11.03726,2005,-1.0405335667095132
RGI60-11.03726,2006,-0.42854104473648913
RGI60-11.03726,2007,-0.5916693925628542
RGI60-11.03726,2008,-0.38443073209185186
RGI60-11.03726,2009,-0.40217641359586137
RGI60-11.03726,2010,-0.4718887698917166
RGI60-11.03726,2011,-1.111923727074045
RGI60-11.03726,2012,-1.3305138729574848
RGI60-11.03726,2013,0.04276515941776282
RGI60-11.03726,2014,-0.6131750127604656
RGI60-11.03726,2015,-1.1678517076442563
RGI60-11.03726,2016,-0.47971161407620055
RGI60-11.03726,2017,-1.178951622301369
RGI60-11.03726,2018,-0.8809335138357413
RGI60-11.03726,2019,-1.1273697837275132
RGI60-11.03726,2020,-0.6124964864407344
RGI60-11.03726,2021,-1.0925558209010795
RGI60-11.03726,2022,-2.3038981688790354
RGI60-11.03726,2023,-1.4713906908845198
RGI60-11.03726,2024,-0.5693887549016357
RGI60-11.03731,2000,-1.3469882486696148
RGI60-11.03731,2001,0.09065341194372922
RGI60-11.03731,2002,-0.42095981449016484
RGI60-11.03731,2003,-1.4050870450406205
RGI60-11.03731,2004,-0.9816416231801899
RGI60-11.03731,2005,-1.0715141843784346
RGI60-11.03731,2006,-0.9890521958210375
RGI60-11.03731,2007,-0.8639045462883057
RGI60-11.03731,2008,-0.705482567297339
RGI60-11.03731,2009,-0.4869627412741264
RGI60-11.03731,2010,-0.7231812402004514
RGI60-11.03731,2011,-1.0248158328456451
RGI60-11.03731,2012,-1.1462835970227516
RGI60-11.03731,2013,-0.36342837438874565
RGI60-11.03731,2014,-0.8405186141545548
RGI60-11.03731,2015,-1.173706217958381
RGI60-11.03731,2016,-0.6962455977903532
RGI60-11.03731,2017,-0.8481440666666102
RGI60-11.03731,2018,-1.0288741015505074
RGI60-11.03731,2019,-0.8951628029259006
RGI60-11.03731,2020,-0.46026695450730426
RGI60-11.03731,2021,-0.9096340670531721
RGI60-11.03731,2022,-2.268536518912943
RGI60-11.03731,2023,-1.4131647664258244
RGI60-11.03731,2024,-1.060596554317241
RGI60-11.03733,2000,-0.9574204801338618
RGI60-11.03733,2001,0.22929500607720976
RGI60-11.03733,2002,-0.028148447715436564
RGI60-11.03733,2003,-1.6836485282020808
RGI60-11.03733,2004,-1.1099016249398008
RGI60-11.03733,2005,-0.6819028078563505
RGI60-11.03733,2006,-0.5498597652132451
RGI60-11.03733,2007,-0.8314888280924565
RGI60-11.03733,2008,-0.6750205608676411
RGI60-11.03733,2009,-0.44761820663977736
RGI60-11.03733,2010,-0.753557267716337
RGI60-11.03733,2011,-1.303009472308653
RGI60-11.03733,2012,-1.036797007125321
RGI60-11.03733,2013,-0.2547416320476343
RGI60-11.03733,2014,-0.7044645068206195
RGI60-11.03733,2015,-0.8665180230069789
RGI60-11.03733,2016,-0.3319651328442268
RGI60-11.03733,2017,-0.8579071943705542
RGI60-11.03733,2018,-1.0211824733466381
RGI60-11.03733,2019,-0.9951430468295963
RGI60-11.03733,2020,-0.6530524784047331
RGI60-11.03733,2021,-1.110291108326954
RGI60-11.03733,2022,-1.4386678676978493
RGI60-11.03733,2023,-1.8993144541456757
RGI60-11.03733,2024,-0.1448398690731597
RGI60-11.03734,2000,-0.5475915839416632
RGI60-11.03734,2001,0.3664537535125162
RGI60-11.03734,2002,0.23300209170670128
RGI60-11.03734,2003,-1.2078346481980142
RGI60-11.03734,2004,-0.9318502687885091
RGI60-11.03734,2005,-0.5646819792696746
RGI60-11.03734,2006,-0.23660907569639433
RGI60-11.03734,2007,-0.39133535590046853
RGI60-11.03734,2008,-0.20718201417485177
RGI60-11.03734,2009,-0.5026523196855436
RGI60-11.03734,2010,-0.2763394441776116
RGI60-11.03734,2011,-0.9574317972511952
RGI60-11.03734,2012,-0.7095469879255272
RGI60-11.03734,2013,-0.04719844427705261
RGI60-11.03734,2014,-0.46521011762348446
RGI60-11.03734,2015,-0.7375812101428794
RGI60-11.03734,2016,-0.5407153459751886
RGI60-11.03734,2017,-1.109185663950024
RGI60-11.03734,2018,-0.7648123812732242
RGI60-11.03734,2019,-0.8292972069679139
RGI60-11.03734,2020,-0.7272120433202038
RGI60-11.03734,2021,-0.9288825851540561
RGI60-11.03734,2022,-1.9495203421734462
RGI60-11.03734,2023,-1.0719193533128308
RGI60-11.03734,2024,-0.4992552256798654
RGI60-11.03740,2000,-1.5138730701770964
RGI60-11.03740,2001,-0.23907771500220765
RGI60-11.03740,2002,-0.6324668102611092
RGI60-11.03740,2003,-1.7703341529863983
RGI60-11.03740,2004,-1.4817253505499761
RGI60-11.03740,2005,-1.4341327344874395
RGI60-11.03740,2006,-1.5266373005833578
RGI60-11.03740,2007,-1.4288619640004316
RGI60-11.03740,2008,-0.9309146580114189
RGI60-11.03740,2009,-0.8329707227573868
RGI60-11.03740,2010,-0.9746545662596096
RGI60-11.03740,2011,-1.4983038805436477
RGI60-11.03740,2012,-1.6943284244199115
RGI60-11.03740,2013,-0.720470762597255
RGI60-11.03740,2014,-1.1891227275703324
RGI60-11.03740,2015,-1.6671693924956812
RGI60-11.03740,2016,-1.2299318090192237
RGI60-11.03740,2017,-1.6267782455066742
RGI60-11.03740,2018,-1.4784412860320124
RGI60-11.03740,2019,-1.388904426738836
RGI60-11.03740,2020,-1.3803048275007002
RGI60-11.03740,2021,-1.922815181980365
RGI60-11.03740,2022,-2.761402702211565
RGI60-11.03740,2023,-1.5760234529451944
RGI60-11.03740,2024,-1.5957946280271895
RGI60-11.03758,2000,-0.3696402756002292
RGI60-11.03758,2001,0.7113019349351357
RGI60-11.03758,2002,-0.6261762142809708
RGI60-11.03758,2003,-1.193934026086485
RGI60-11.03758,2004,-1.3249876479486256
RGI60-11.03758,2005,-1.8022519899518268
RGI60-11.03758,2006,-0.5202885063970482
RGI60-11.03758,2007,-0.7135704106040078
RGI60-11.03758,2008,-0.5448492773920304
RGI60-11.03758,2009,-0.9380398467059019
RGI60-11.03758,2010,-0.26024290862963456
RGI60-11.03758,2011,-1.0437761259732259
RGI60-11.03758,2012,-0.7689345094065704
RGI60-11.03758,2013,-0.19614128524959795
RGI60-11.03758,2014,-0.3274882287505282
RGI60-11.03758,2015,-0.5459202459268299
RGI60-11.03758,2016,-0.45985446762276627
RGI60-11.03758,2017,-1.0501825805758132
RGI60-11.03758,2018,-0.9207815047322634
RGI60-11.03758,2019,-1.3490418831007776
RGI60-11.03758,2020,-0.1459218347244854
RGI60-11.03758,2021,-0.5368483053659426
RGI60-11.03758,2022,-0.581072809787161
RGI60-11.03758,2023,-1.0762773926870657
RGI60-11.03758,2024,-0.6589166185302191
RGI60-11.03760,2000,-0.8335728979337815
RGI60-11.03760,2001,0.250177262884395
RGI60-11.03760,2002,-0.8071385319798798
RGI60-11.03760,2003,-1.6815433794608836
RGI60-11.03760,2004,-1.6405575222847635
RGI60-11.03760,2005,-1.6357544736451672
RGI60-11.03760,2006,-1.136214406891674
RGI60-11.03760,2007,-1.0685148525227883
RGI60-11.03760,2008,-0.9958262747613336
RGI60-11.03760,2009,-1.7941713808029593
RGI60-11.03760,2010,-0.6519063004558892
RGI60-11.03760,2011,-1.9497681862906866
RGI60-11.03760,2012,-1.1362789909084832
RGI60-11.03760,2013,-0.5039995835925982
RGI60-11.03760,2014,-0.9055394445892163
RGI60-11.03760,2015,-1.289525463240775
RGI60-11.03760,2016,-0.8024732520760693
RGI60-11.03760,2017,-1.358252087336036
RGI60-11.03760,2018,-1.145437462456145
RGI60-11.03760,2019,-1.7591027716552672
RGI60-11.03760,2020,-0.5858645888018343
RGI60-11.03760,2021,-0.8857073484282815
RGI60-11.03760,2022,-1.9517722940307007
RGI60-11.03760,2023,-1.5071394757424565
RGI60-11.03760,2024,-0.9105187690343857
RGI60-11.03772,2000,-0.5250286654535337
RGI60-11.03772,2001,0.49727924881741825
RGI60-11.03772,2002,-0.2303963062664688
RGI60-11.03772,2003,-1.0205690093760327
RGI60-11.03772,2004,-0.8446966790996792
RGI60-11.03772,2005,-0.8954562376150295
RGI60-11.03772,2006,-0.8264939632256894
RGI60-11.03772,2007,-0.8644292642641178
RGI60-11.03772,2008,-0.491030266206514
RGI60-11.03772,2009,-0.8827679594503429
RGI60-11.03772,2010,-0.4635812321059161
RGI60-11.03772,2011,-0.7408912257912615
RGI60-11.03772,2012,-0.8648371291674646
RGI60-11.03772,2013,-0.3636856106786482
RGI60-11.03772,2014,-0.41472905691821327
RGI60-11.03772,2015,-0.8966550586755386
RGI60-11.03772,2016,-0.43438027569182236
RGI60-11.03772,2017,-0.7936896959473856
RGI60-11.03772,2018,-1.0952485340355804
RGI60-11.03772,2019,-0.8742130788481761
RGI60-11.03772,2020,-0.21829765146885327
RGI60-11.03772,2021,-0.6078130348673065
RGI60-11.03772,2022,-0.9961578696601537
RGI60-11.03772,2023,-0.8707374722449457
RGI60-11.03772,2024,-0.8273984958174363
RGI60-11.03791,2000,-1.5671132261669707
RGI60-11.03791,2001,-0.8158318869949128
RGI60-11.03791,2002,-1.3188931798536423
RGI60-11.03791,2003,-2.092437786591899
RGI60-11.03791,2004,-1.8412871584391486
RGI60-11.03791,2005,-2.027235390089866
RGI60-11.03791,2006,-1.7070897216198044
RGI60-11.03791,2007,-1.6321781391944876
RGI60-11.03791,2008,-1.5426680033452655
RGI60-11.03791,2009,-1.7829729048688796
RGI60-11.03791,2010,-1.3402166776440345
RGI60-11.03791,2011,-1.6827393999832356
RGI60-11.03791,2012,-1.668042984234233
RGI60-11.03791,2013,-0.9916086196210797
RGI60-11.03791,2014,-1.35425976771287
RGI60-11.03791,2015,-2.0388078013740807
RGI60-11.03791,2016,-1.5317742790589208
RGI60-11.03791,2017,-1.780654580790948
RGI60-11.03791,2018,-1.8175130114063096
RGI60-11.03791,2019,-1.9535754810094104
RGI60-11.03791,2020,-1.5432433911847983
RGI60-11.03791,2021,-1.4935123956676812
RGI60-11.03791,2022,-2.327635932170629
RGI60-11.03791,2023,-2.069318604622327
RGI60-11.03791,2024,-1.9549293935393435
RGI60-11.03796,2000,-3.3532130979233616
RGI60-11.03796,2001,-2.4976576756560847
RGI60-11.03796,2002,-3.151721820782856
RGI60-11.03796,2003,-4.064084005078644
RGI60-11.03796,2004,-3.687944010444207
RGI60-11.03796,2005,-3.7430540982620406
RGI60-11.03796,2006,-3.51780098661102
RGI60-11.03796,2007,-3.5080018119982412
RGI60-11.03796,2008,-3.430018083018352
RGI60-11.03796,2009,-3.595504446816178
RGI60-11.03796,2010,-2.9860798243509348
RGI60-11.03796,2011,-3.7721399528289474
RGI60-11.03796,2012,-3.273383019255285
RGI60-11.03796,2013,-3.024205352636045
RGI60-11.03796,2014,-3.325721018366159
RGI60-11.03796,2015,-3.8943587366188055
RGI60-11.03796,2016,-3.2045313597500926
RGI60-11.03796,2017,-3.803813753119288
RGI60-11.03796,2018,-3.692412227312757
RGI60-11.03796,2019,-3.6723547191706953
RGI60-11.03796,2020,-3.0450657978278546
RGI60-11.03796,2021,-3.2222593840663403
RGI60-11.03796,2022,-4.27583782462891
RGI60-11.03796,2023,-3.913893479891477
RGI60-11.03796,2024,-3.921914993926133
RGI60-11.03809,2000,-0.27413515811393724
RGI60-11.03809,2001,1.0327422097730297
RGI60-11.03809,2002,-0.0038894012330920047
RGI60-11.03809,2003,-0.8691135655000988
RGI60-11.03809,2004,-0.484967586313458
RGI60-11.03809,2005,-1.0448124571904238
RGI60-11.03809,2006,-0.14639750450630235
RGI60-11.03809,2007,-0.2713574156472008
RGI60-11.03809,2008,-0.2231926744599362
RGI60-11.03809,2009,-0.8849159504208952
RGI60-11.03809,2010,-0.22666690548449775
RGI60-11.03809,2011,-1.016470417940258
RGI60-11.03809,2012,-0.6691868173665465
RGI60-11.03809,2013,-0.04773775536645608
RGI60-11.03809,2014,-0.28632218960452693
RGI60-11.03809,2015,-0.9637995054219155
RGI60-11.03809,2016,-0.1115630773015513
RGI60-11.03809,2017,-1.028713517544545
RGI60-11.03809,2018,-0.812291940687931
RGI60-11.03809,2019,-1.0050083696694583
RGI60-11.03809,2020,-0.38198927311844466
RGI60-11.03809,2021,-0.5615943064198239
RGI60-11.03809,2022,-1.9466947705636177
RGI60-11.03809,2023,-1.2432003812105483
RGI60-11.03809,2024,-0.7073835325144127
RGI60-11.03810,2000,-0.8050828770584104
RGI60-11.03810,2001,-0.11237122313091097
RGI60-11.03810,2002,-0.6724444456286724
RGI60-11.03810,2003,-1.9186226048987036
RGI60-11.03810,2004,-0.815570228088692
RGI60-11.03810,2005,-1.1655682753476735
RGI60-11.03810,2006,-1.063163697567573
RGI60-11.03810,2007,-1.1928754925479184
RGI60-11.03810,2008,-1.075516252439377
RGI60-11.03810,2009,-0.9092931239309046
RGI60-11.03810,2010,-0.5766741702373331
RGI60-11.03810,2011,-1.1598501833379629
RGI60-11.03810,2012,-1.2034809383885532
RGI60-11.03810,2013,-0.7547540436230498
RGI60-11.03810,2014,-0.7004604066746463
RGI60-11.03810,2015,-0.7490297275225349
RGI60-11.03810,2016,-0.7566305974325106
RGI60-11.03810,2017,-1.0360034098182722
RGI60-11.03810,2018,-1.2266558953209716
RGI60-11.03810,2019,-1.3620524070053288
RGI60-11.03810,2020,-0.922410703431948
RGI60-11.03810,2021,-1.2030306940454
RGI60-11.03810,2022,-1.4980222220801482
RGI60-11.03810,2023,-1.1200277696805707
RGI60-11.03810,2024,-1.2980876349360388
RGI60-11.03813,2000,-0.5686401644501513
RGI60-11.03813,2001,0.25774689157038555
RGI60-11.03813,2002,-0.28146383957686905
RGI60-11.03813,2003,-1.0628253842037525
RGI60-11.03813,2004,0.24142073375326134
RGI60-11.03813,2005,-0.7902026340017091
RGI60-11.03813,2006,-0.889057488775755
RGI60-11.03813,2007,-0.6129775736663076
RGI60-11.03813,2008,-0.4813950292600355
RGI60-11.03813,2009,-0.9227764211038552
RGI60-11.03813,2010,-0.35259397401956616
RGI60-11.03813,2011,-0.4334862796854303
RGI60-11.03813,2012,-0.9225480294069534
RGI60-11.03813,2013,-0.048160801597762815
RGI60-11.03813,2014,-0.4570132041956839
RGI60-11.03813,2015,-1.1398055486098135
RGI60-11.03813,2016,-0.567915257083199
RGI60-11.03813,2017,-0.8822359291823143
RGI60-11.03813,2018,-0.755578881455218
RGI60-11.03813,2019,-0.7167911850492683
RGI60-11.03813,2020,-0.3608562259971996
RGI60-11.03813,2021,-0.06735835224752784
RGI60-11.03813,2022,-1.03397529013644
RGI60-11.03813,2023,-0.9427628100115155
RGI60-11.03813,2024,-0.8506564458350454
RGI60-11.03816,2000,-0.4460229239271911
RGI60-11.03816,2001,0.2565308766818668
RGI60-11.03816,2002,0.07819229601807054
RGI60-11.03816,2003,-1.1946432204662945
RGI60-11.03816,2004,-1.111670411799708
RGI60-11.03816,2005,-0.7174666721565606
RGI60-11.03816,2006,-0.6002572284221791
RGI60-11.03816,2007,-0.5995559526535172
RGI60-11.03816,2008,-0.28454845704652965
RGI60-11.03816,2009,-0.6828976503810862
RGI60-11.03816,2010,-0.1797521040438569
RGI60-11.03816,2011,-0.6161285810400112
RGI60-11.03816,2012,-0.742075653990066
RGI60-11.03816,2013,-0.23331735801726966
RGI60-11.03816,2014,-0.17545469742750264
RGI60-11.03816,2015,-0.6611940410189636
RGI60-11.03816,2016,-0.6017261677982203
RGI60-11.03816,2017,-0.9042977630956173
RGI60-11.03816,2018,-0.9233254537935244
RGI60-11.03816,2019,-0.8505888356218343
RGI60-11.03816,2020,-0.10613954687796734
RGI60-11.03816,2021,-0.47172058471374506
RGI60-11.03816,2022,-0.9710862820813102
RGI60-11.03816,2023,-0.6533507716981165
RGI60-11.03816,2024,-0.5745857848621947
RGI60-11.03817,2000,-2.8308619058542983
RGI60-11.03817,2001,-2.2381112012059217
RGI60-11.03817,2002,-2.264276027403417
RGI60-11.03817,2003,-3.0786077356172354
RGI60-11.03817,2004,-1.6877593251541732
RGI60-11.03817,2005,-2.7984061753650904
RGI60-11.03817,2006,-2.087632890581582
RGI60-11.03817,2007,-2.762445107642168
RGI60-11.03817,2008,-2.997388632514254
RGI60-11.03817,2009,-2.950904719191255
RGI60-11.03817,2010,-2.763578306585313
RGI60-11.03817,2011,-2.7505461974239904
RGI60-11.03817,2012,-1.0174629858958641
RGI60-11.03817,2013,-2.7745034182829644
RGI60-11.03817,2014,-3.078222240675352
RGI60-11.03817,2015,-3.2667372586618924
RGI60-11.03817,2016,-3.1781480979697028
RGI60-11.03817,2017,-3.0650855247747217
RGI60-11.03817,2018,-3.3787678323763153
RGI60-11.03817,2019,-3.3170544168244858
RGI60-11.03817,2020,-2.873649528467285
RGI60-11.03817,2021,-2.1745725752252323
RGI60-11.03817,2022,-3.561734701458956
RGI60-11.03817,2023,-3.5900510453058123
RGI60-11.03817,2024,-3.1270100403334027
RGI60-11.03843,2000,-0.6821906636956139
RGI60-11.03843,2001,0.5304381053925463
RGI60-11.03843,2002,-0.5155604603584161
RGI60-11.03843,2003,-1.1411088003586136
RGI60-11.03843,2004,-0.5594129429439998
RGI60-11.03843,2005,-1.2291517085527908
RGI60-11.03843,2006,-1.684343820082152
RGI60-11.03843,2007,-0.9612930199384324
RGI60-11.03843,2008,-0.2640206284157153
RGI60-11.03843,2009,-0.6136245753881683
RGI60-11.03843,2010,-0.12512080609120602
RGI60-11.03843,2011,-1.1452756284269427
RGI60-11.03843,2012,-0.8780559710404833
RGI60-11.03843,2013,-0.2978023627564245
RGI60-11.03843,2014,-0.8993973817831504
RGI60-11.03843,2015,-0.7635218111728427
RGI60-11.03843,2016,-0.8700519071528134
RGI60-11.03843,2017,-0.6894809912988352
RGI60-11.03843,2018,-1.4047381435684043
RGI60-11.03843,2019,-0.8777864823675424
RGI60-11.03843,2020,-0.8339480129652984
RGI60-11.03843,2021,-0.7111638029126727
RGI60-11.03843,2022,-1.684499190241476
RGI60-11.03843,2023,-1.1985639778280717
RGI60-11.03843,2024,-0.368298046911315
RGI60-11.03887,2000,-0.4884185184324954
RGI60-11.03887,2001,-0.2700398381417538
RGI60-11.03887,2002,-1.1758966975794545
RGI60-11.03887,2003,-1.5309274448715424
RGI60-11.03887,2004,-1.0934841493915326
RGI60-11.03887,2005,-0.7418560088665374
RGI60-11.03887,2006,-0.7569871344233414
RGI60-11.03887,2007,-1.1829441648021053
RGI60-11.03887,2008,-0.2113604265702605
RGI60-11.03887,2009,-0.3744618254032545
RGI60-11.03887,2010,0.16527311307316206
RGI60-11.03887,2011,-0.2878905674656582
RGI60-11.03887,2012,-0.8887407889417116
RGI60-11.03887,2013,-0.8107458644533043
RGI60-11.03887,2014,-0.8909148848364852
RGI60-11.03887,2015,-1.04687205740801
RGI60-11.03887,2016,-0.9024679689733014
RGI60-11.03887,2017,-0.5270799780414005
RGI60-11.03887,2018,0.13074507879394437
RGI60-11.03887,2019,-0.019629873264962128
RGI60-11.03887,2020,0.7081918193663874
RGI60-11.03887,2021,-0.09224314680347268
RGI60-11.03887,2022,0.41162310842476657
RGI60-11.03887,2023,-1.3916561394755886
RGI60-11.03887,2024,-2.060312387658481
