RGI60_ID,YEAR,mass_balance
RGI60-08.00005,2000,0.3815021849580734
RGI60-08.00005,2001,-0.5040682669090071
RGI60-08.00005,2002,-0.9155403055802172
RGI60-08.00005,2003,-1.4943836386482117
RGI60-08.00005,2004,-0.3525186602225685
RGI60-08.00005,2005,0.44529407583362535
RGI60-08.00005,2006,-1.6398985536613
RGI60-08.00005,2007,0.1588280259907111
RGI60-08.00005,2008,-0.5149799523698151
RGI60-08.00005,2009,-0.9720880322166776
RGI60-08.00005,2010,-0.7481794050196792
RGI60-08.00005,2011,-1.3226276050910666
RGI60-08.00005,2012,0.03530745987591799
RGI60-08.00005,2013,-1.346269812819866
RGI60-08.00005,2014,-1.5593593922277251
RGI60-08.00005,2015,-0.31942476940463166
RGI60-08.00005,2016,-0.7411028616206531
RGI60-08.00005,2017,-0.21458366742926166
RGI60-08.00005,2018,-0.5726088537548172
RGI60-08.00005,2019,-0.39449796968282236
RGI60-08.00005,2020,-0.0809310379489786
RGI60-08.00005,2021,-1.5412462615481854
RGI60-08.00005,2022,-0.992859726239957
RGI60-08.00005,2023,-1.0695166512489527
RGI60-08.00005,2024,-2.3061837448589917
RGI60-08.00006,2000,-0.21431269042005663
RGI60-08.00006,2001,-0.8167556586498992
RGI60-08.00006,2002,-0.47484540311585155
RGI60-08.00006,2003,0.4065184404861928
RGI60-08.00006,2004,0.4056513413426368
RGI60-08.00006,2005,-1.1514427793720672
RGI60-08.00006,2006,-1.491947748298263
RGI60-08.00006,2007,-0.07381735353977037
RGI60-08.00006,2008,-0.4798962964956914
RGI60-08.00006,2009,0.7840899833067114
RGI60-08.00006,2010,-0.018501082565320126
RGI60-08.00006,2011,-1.9931742218191477
RGI60-08.00006,2012,0.5145970856906392
RGI60-08.00006,2013,-1.1126784666331637
RGI60-08.00006,2014,-1.933092012254234
RGI60-08.00006,2015,-0.5657859740371469
RGI60-08.00006,2016,-1.5357120858144364
RGI60-08.00006,2017,-0.852718562200856
RGI60-08.00006,2018,-1.285450694875112
RGI60-08.00006,2019,-0.49402582073515605
RGI60-08.00006,2020,-0.6740971727996914
RGI60-08.00006,2021,-0.27306575673842753
RGI60-08.00006,2022,-1.1781162711086688
RGI60-08.00006,2023,-1.9217060751909818
RGI60-08.00006,2024,0.3513909978322284
RGI60-08.00008,2000,0.22106398364456475
RGI60-08.00008,2001,1.2692520395117928
RGI60-08.00008,2002,-2.272787764655008
RGI60-08.00008,2003,-0.7192090902140716
RGI60-08.00008,2004,-1.376726099165508
RGI60-08.00008,2005,-1.118859707684348
RGI60-08.00008,2006,-1.088729014939114
RGI60-08.00008,2007,1.3057986704012774
RGI60-08.00008,2008,0.9218274978363207
RGI60-08.00008,2009,-0.06930703347400781
RGI60-08.00008,2010,-1.100061182646817
RGI60-08.00008,2011,1.5528206621680956
RGI60-08.00008,2012,0.04719211022410377
RGI60-08.00008,2013,-1.8726957552796963
RGI60-08.00008,2014,0.9682216522601811
RGI60-08.00008,2015,0.9766117007830587
RGI60-08.00008,2016,1.9392594725968872
RGI60-08.00008,2017,-0.03264715679227925
RGI60-08.00008,2018,-2.056049098524707
RGI60-08.00008,2019,-1.1117758860507128
RGI60-08.00008,2020,0.007086921902748788
RGI60-08.00008,2021,-0.8356462226907179
RGI60-08.00008,2022,0.9756172644296718
RGI60-08.00008,2023,-1.0107074216916625
RGI60-08.00008,2024,-2.2626734573570597
RGI60-08.00009,2000,1.2933808741531965
RGI60-08.00009,2001,-0.32345899888360075
RGI60-08.00009,2002,-1.4808526693407291
RGI60-08.00009,2003,0.620185959668406
RGI60-08.00009,2004,1.094665741837575
RGI60-08.00009,2005,-1.627860331609452
RGI60-08.00009,2006,-1.1250458396391159
RGI60-08.00009,2007,-0.07404459191515655
RGI60-08.00009,2008,-0.20639921369346112
RGI60-08.00009,2009,-0.5651718703893169
RGI60-08.00009,2010,-1.1243056663038726
RGI60-08.00009,2011,-2.163758275989005
RGI60-08.00009,2012,1.362802966492012
RGI60-08.00009,2013,-2.78238577640973
RGI60-08.00009,2014,0.5089409151702887
RGI60-08.00009,2015,-0.38575310513443445
RGI60-08.00009,2016,-0.43238832797189186
RGI60-08.00009,2017,0.22724584486352084
RGI60-08.00009,2018,-1.2209847503324647
RGI60-08.00009,2019,-0.6690128845727554
RGI60-08.00009,2020,-0.388619249097308
RGI60-08.00009,2021,0.8836297831617564
RGI60-08.00009,2022,-1.0790600065023543
RGI60-08.00009,2023,-1.668814037853239
RGI60-08.00009,2024,-2.8592381221481102
RGI60-08.00013,2000,-0.3902848841417006
RGI60-08.00013,2001,-0.7491217327567014
RGI60-08.00013,2002,-2.3071132844825897
RGI60-08.00013,2003,0.02476472987766687
RGI60-08.00013,2004,-1.2360241542287593
RGI60-08.00013,2005,-1.1711265254060117
RGI60-08.00013,2006,0.691631815475624
RGI60-08.00013,2007,-0.15143154300419764
RGI60-08.00013,2008,-0.8335638520560199
RGI60-08.00013,2009,1.60277814477737
RGI60-08.00013,2010,-0.8228677114249088
RGI60-08.00013,2011,-1.4108170755223366
RGI60-08.00013,2012,1.6578497164254915
RGI60-08.00013,2013,-1.3886960762976566
RGI60-08.00013,2014,-1.4584434240008646
RGI60-08.00013,2015,0.3677613104548222
RGI60-08.00013,2016,-1.9549044405236788
RGI60-08.00013,2017,-0.8383293355237739
RGI60-08.00013,2018,-1.3816330935193044
RGI60-08.00013,2019,-0.24952858412248752
RGI60-08.00013,2020,-0.0878139152074835
RGI60-08.00013,2021,-0.20147923022489367
RGI60-08.00013,2022,-1.7747209860288764
RGI60-08.00013,2023,-0.6156256783061428
RGI60-08.00013,2024,-2.169425030922541
RGI60-08.00014,2000,1.2849515651546162
RGI60-08.00014,2001,2.1802564237977737
RGI60-08.00014,2002,-0.9939020366816471
RGI60-08.00014,2003,-0.2567632440119241
RGI60-08.00014,2004,-0.8969410657129778
RGI60-08.00014,2005,-0.11704710919378795
RGI60-08.00014,2006,0.13401070043943117
RGI60-08.00014,2007,-0.5183032924162334
RGI60-08.00014,2008,-0.4658913919717236
RGI60-08.00014,2009,-0.36464851396130415
RGI60-08.00014,2010,-0.5772733242127708
RGI60-08.00014,2011,-0.7776453245074408
RGI60-08.00014,2012,-0.23025044931263344
RGI60-08.00014,2013,-1.8589923314780417
RGI60-08.00014,2014,-0.45725701705907307
RGI60-08.00014,2015,0.7620855803403229
RGI60-08.00014,2016,1.1014916977943747
RGI60-08.00014,2017,-0.5468618819780157
RGI60-08.00014,2018,0.9410281532416164
RGI60-08.00014,2019,-1.1900471382705582
RGI60-08.00014,2020,-0.348175040263744
RGI60-08.00014,2021,-0.958746069731049
RGI60-08.00014,2022,1.0270684801884666
RGI60-08.00014,2023,2.3904437198019797
RGI60-08.00014,2024,-0.9816833014646196
RGI60-08.00015,2000,-0.010569263306035359
RGI60-08.00015,2001,-0.26372792627218905
RGI60-08.00015,2002,-0.6840856196209898
RGI60-08.00015,2003,-1.341436102874471
RGI60-08.00015,2004,0.13869313008659523
RGI60-08.00015,2005,-0.7823349030956227
RGI60-08.00015,2006,-1.6567673951516135
RGI60-08.00015,2007,0.2301488376367451
RGI60-08.00015,2008,-0.28367434770084055
RGI60-08.00015,2009,-0.9655867818835651
RGI60-08.00015,2010,-0.8829469041559105
RGI60-08.00015,2011,-1.3391671061362116
RGI60-08.00015,2012,-0.2567550789250904
RGI60-08.00015,2013,-1.993505446871446
RGI60-08.00015,2014,-1.5437352532120372
RGI60-08.00015,2015,0.2685515118492703
RGI60-08.00015,2016,-0.4015976101056723
RGI60-08.00015,2017,0.23081430485488985
RGI60-08.00015,2018,-0.6212210793448868
RGI60-08.00015,2019,-0.4051969657709077
RGI60-08.00015,2020,0.493186925047877
RGI60-08.00015,2021,-1.0455791416560039
RGI60-08.00015,2022,-0.827020424917647
RGI60-08.00015,2023,-1.2565919475057727
RGI60-08.00015,2024,-0.9027178643327577
RGI60-08.00016,2000,0.22577550589606865
RGI60-08.00016,2001,0.8978673297626594
RGI60-08.00016,2002,-0.9146776617220921
RGI60-08.00016,2003,0.36370792564638255
RGI60-08.00016,2004,-0.01559183800376912
RGI60-08.00016,2005,-0.6686950958735259
RGI60-08.00016,2006,-1.1065820684079697
RGI60-08.00016,2007,0.6985343734133576
RGI60-08.00016,2008,-0.4812943944274398
RGI60-08.00016,2009,0.24118859836051443
RGI60-08.00016,2010,-1.1085540226955053
RGI60-08.00016,2011,-1.4784771993930175
RGI60-08.00016,2012,0.317588661335785
RGI60-08.00016,2013,-0.8321033736386277
RGI60-08.00016,2014,-1.4739930783848334
RGI60-08.00016,2015,0.1444157858270005
RGI60-08.00016,2016,0.07851928447855056
RGI60-08.00016,2017,-0.0164103367970711
RGI60-08.00016,2018,-0.9472587492073512
RGI60-08.00016,2019,-0.510859646169123
RGI60-08.00016,2020,0.10037786189007081
RGI60-08.00016,2021,-0.6720106084034217
RGI60-08.00016,2022,-0.9613014376243214
RGI60-08.00016,2023,-1.123890628985795
RGI60-08.00016,2024,-2.274803531167799
RGI60-08.00017,2000,1.0608007772895571
RGI60-08.00017,2001,-0.8727858317031723
RGI60-08.00017,2002,-1.0248120666462583
RGI60-08.00017,2003,0.01779544344079803
RGI60-08.00017,2004,-2.317517851256013
RGI60-08.00017,2005,1.098787605992251
RGI60-08.00017,2006,-2.226539890177518
RGI60-08.00017,2007,2.0872912807922703
RGI60-08.00017,2008,-0.5022521847624529
RGI60-08.00017,2009,-0.2604498794118235
RGI60-08.00017,2010,-0.8267637228918269
RGI60-08.00017,2011,-2.204465149355587
RGI60-08.00017,2012,0.027556165188335313
RGI60-08.00017,2013,-1.4228224782110261
RGI60-08.00017,2014,0.2807003503901558
RGI60-08.00017,2015,0.39183477197336974
RGI60-08.00017,2016,-1.151564695875536
RGI60-08.00017,2017,0.7771673206636684
RGI60-08.00017,2018,-0.35827631523056985
RGI60-08.00017,2019,-0.6089836502086252
RGI60-08.00017,2020,2.264161406829688
RGI60-08.00017,2021,-2.1410212847724126
RGI60-08.00017,2022,0.27590311859705635
RGI60-08.00017,2023,-1.1413291908588588
RGI60-08.00017,2024,-0.7952227105739413
RGI60-08.00019,2000,0.5106685808380842
RGI60-08.00019,2001,-0.8671305706790933
RGI60-08.00019,2002,-1.9496770003046882
RGI60-08.00019,2003,-1.8406298134964798
RGI60-08.00019,2004,-0.12368393061082006
RGI60-08.00019,2005,-0.08443354882423859
RGI60-08.00019,2006,-1.611830487333547
RGI60-08.00019,2007,-0.3857523811689885
RGI60-08.00019,2008,-0.5797025615447389
RGI60-08.00019,2009,-0.084133152971406
RGI60-08.00019,2010,-0.20050425175290465
RGI60-08.00019,2011,-1.886123126167751
RGI60-08.00019,2012,0.3727373888123715
RGI60-08.00019,2013,-2.202100730724302
RGI60-08.00019,2014,-1.1461556750104662
RGI60-08.00019,2015,-0.07692112228150194
RGI60-08.00019,2016,-1.4544084132610333
RGI60-08.00019,2017,-1.1297654534826667
RGI60-08.00019,2018,-1.709012011595584
RGI60-08.00019,2019,-0.4141417384402299
RGI60-08.00019,2020,-0.9333680839789686
RGI60-08.00019,2021,1.3193487084912225
RGI60-08.00019,2022,-1.4653555369003595
RGI60-08.00019,2023,-1.4468109664533944
RGI60-08.00019,2024,-2.5166588111914603
RGI60-08.00021,2000,0.20038966223646915
RGI60-08.00021,2001,-1.595612930393617
RGI60-08.00021,2002,-2.0030078256975012
RGI60-08.00021,2003,-1.7486199790586128
RGI60-08.00021,2004,-0.4876236095494637
RGI60-08.00021,2005,-0.9159976475196294
RGI60-08.00021,2006,-2.105653368512782
RGI60-08.00021,2007,-0.29748220238505596
RGI60-08.00021,2008,-0.6531950056232722
RGI60-08.00021,2009,-1.0089301683827177
RGI60-08.00021,2010,-1.0188759114557597
RGI60-08.00021,2011,-0.6212565483501813
RGI60-08.00021,2012,0.8053318505007379
RGI60-08.00021,2013,-1.7919389873632046
RGI60-08.00021,2014,-1.4633560091123443
RGI60-08.00021,2015,-0.9298170207370666
RGI60-08.00021,2016,-1.7553673805425372
RGI60-08.00021,2017,-0.6961976817640853
RGI60-08.00021,2018,-1.3800470003122074
RGI60-08.00021,2019,-0.8067422359771632
RGI60-08.00021,2020,-1.1548540385044503
RGI60-08.00021,2021,-1.5985234965162323
RGI60-08.00021,2022,-1.555703861385922
RGI60-08.00021,2023,0.04593924603037425
RGI60-08.00021,2024,-2.8992174149683745
RGI60-08.00024,2000,1.257716573325928
RGI60-08.00024,2001,-0.47186416190584324
RGI60-08.00024,2002,-2.193451482700295
RGI60-08.00024,2003,-1.742750951865369
RGI60-08.00024,2004,-0.10204342853969672
RGI60-08.00024,2005,-1.3211404768681132
RGI60-08.00024,2006,-3.801880496366089
RGI60-08.00024,2007,-1.2442779151996746
RGI60-08.00024,2008,-1.5061934212551207
RGI60-08.00024,2009,-2.4501623967234556
RGI60-08.00024,2010,-0.5898703628174535
RGI60-08.00024,2011,-2.242824977952514
RGI60-08.00024,2012,0.9004314363061541
RGI60-08.00024,2013,0.32904342204993786
RGI60-08.00024,2014,-1.9365760110793329
RGI60-08.00024,2015,-1.2484370561705753
RGI60-08.00024,2016,0.892253624703806
RGI60-08.00024,2017,-1.022186302016259
RGI60-08.00024,2018,1.5634941658610129
RGI60-08.00024,2019,-1.5203797807870716
RGI60-08.00024,2020,-1.06873871461688
RGI60-08.00024,2021,-2.908613526010736
RGI60-08.00024,2022,-1.5677150990810698
RGI60-08.00024,2023,-1.653900837710536
RGI60-08.00024,2024,0.5019790673323208
RGI60-08.00026,2000,0.4704358064117197
RGI60-08.00026,2001,-0.2133445519392726
RGI60-08.00026,2002,-1.2272239884753746
RGI60-08.00026,2003,-1.1440187462531377
RGI60-08.00026,2004,-0.16690994481976218
RGI60-08.00026,2005,0.006979313353842165
RGI60-08.00026,2006,-1.5665941867385718
RGI60-08.00026,2007,0.13213860328966592
RGI60-08.00026,2008,-0.13502458779439142
RGI60-08.00026,2009,-0.3774538537093999
RGI60-08.00026,2010,-0.9492318625853946
RGI60-08.00026,2011,-0.8099935114486359
RGI60-08.00026,2012,1.0177134478599712
RGI60-08.00026,2013,-1.1159452850444218
RGI60-08.00026,2014,-0.6650168611723188
RGI60-08.00026,2015,0.506327929926693
RGI60-08.00026,2016,-0.1936678760702171
RGI60-08.00026,2017,-0.37406870907725126
RGI60-08.00026,2018,-1.1399512996677095
RGI60-08.00026,2019,-0.20584983604603838
RGI60-08.00026,2020,-0.34207481707342674
RGI60-08.00026,2021,-0.9775065229020581
RGI60-08.00026,2022,-0.8053045406787878
RGI60-08.00026,2023,-0.8113866667842884
RGI60-08.00026,2024,-1.8945137299174082
RGI60-08.00027,2000,-0.49981756395550836
RGI60-08.00027,2001,-1.4530192482962514
RGI60-08.00027,2002,-1.8948973120303043
RGI60-08.00027,2003,-1.3774741149326495
RGI60-08.00027,2004,-0.057652887717235646
RGI60-08.00027,2005,-0.3344773905125154
RGI60-08.00027,2006,-1.3966722584562041
RGI60-08.00027,2007,0.8413565737593305
RGI60-08.00027,2008,-0.8620690476668622
RGI60-08.00027,2009,0.11683773749573534
RGI60-08.00027,2010,-0.8136630873903611
RGI60-08.00027,2011,-1.3544160490388957
RGI60-08.00027,2012,0.427357034347678
RGI60-08.00027,2013,-2.0827447634926206
RGI60-08.00027,2014,-0.3307781221079241
RGI60-08.00027,2015,-0.6426562520238134
RGI60-08.00027,2016,-0.143234376879392
RGI60-08.00027,2017,-0.7929225470934589
RGI60-08.00027,2018,0.6236576466526456
RGI60-08.00027,2019,-0.7425139706613991
RGI60-08.00027,2020,-1.1565931334783115
RGI60-08.00027,2021,-1.6968501732497758
RGI60-08.00027,2022,-1.3020308624704786
RGI60-08.00027,2023,-1.0271665916830828
RGI60-08.00027,2024,-1.2363820613333503
RGI60-08.00030,2000,-0.44429643993865103
RGI60-08.00030,2001,-1.1030822156261881
RGI60-08.00030,2002,-0.5212000774821577
RGI60-08.00030,2003,-0.6333960974531351
RGI60-08.00030,2004,-0.5181259376151215
RGI60-08.00030,2005,-0.16554172755415641
RGI60-08.00030,2006,-1.3891198432145313
RGI60-08.00030,2007,-0.21812263663078335
RGI60-08.00030,2008,-0.25992759786053005
RGI60-08.00030,2009,0.8199461188087992
RGI60-08.00030,2010,-1.2577150555340784
RGI60-08.00030,2011,0.06247073703059958
RGI60-08.00030,2012,0.45430792818485755
RGI60-08.00030,2013,-2.148415231204619
RGI60-08.00030,2014,-1.394122748851978
RGI60-08.00030,2015,-0.11545916988812327
RGI60-08.00030,2016,-1.1840339605305137
RGI60-08.00030,2017,0.30872753641074746
RGI60-08.00030,2018,-1.0214988813722992
RGI60-08.00030,2019,-0.27969469967813443
RGI60-08.00030,2020,-0.7346781248741405
RGI60-08.00030,2021,-1.4623050124413457
RGI60-08.00030,2022,-1.2931370658614596
RGI60-08.00030,2023,-1.3083816614531107
RGI60-08.00030,2024,-2.049477900181942
RGI60-08.00031,2000,0.1952452727952534
RGI60-08.00031,2001,1.6684475343626248
RGI60-08.00031,2002,-2.9324531709638935
RGI60-08.00031,2003,-2.372358915296016
RGI60-08.00031,2004,-0.3803643998299091
RGI60-08.00031,2005,-0.21529281541965128
RGI60-08.00031,2006,-2.221191051833076
RGI60-08.00031,2007,-0.46373850347781886
RGI60-08.00031,2008,-1.1806743034587686
RGI60-08.00031,2009,0.39858468076048736
RGI60-08.00031,2010,-1.8057603830525704
RGI60-08.00031,2011,-1.6256947583868973
RGI60-08.00031,2012,0.09617891221080543
RGI60-08.00031,2013,-3.9855645498430143
RGI60-08.00031,2014,-2.3701200437409105
RGI60-08.00031,2015,-0.4839349892396242
RGI60-08.00031,2016,-1.4136784267159461
RGI60-08.00031,2017,-1.0707973240371098
RGI60-08.00031,2018,-0.6000453040427225
RGI60-08.00031,2019,-0.9360874607912532
RGI60-08.00031,2020,-1.907720411464839
RGI60-08.00031,2021,-0.5654598660502925
RGI60-08.00031,2022,-2.4784313366460466
RGI60-08.00031,2023,-1.6507274399474803
RGI60-08.00031,2024,-3.436419982212389
RGI60-08.00032,2000,0.01062343266622201
RGI60-08.00032,2001,-0.6980850812264318
RGI60-08.00032,2002,-1.5667678015573783
RGI60-08.00032,2003,-1.4633716645703276
RGI60-08.00032,2004,-2.011411119621108
RGI60-08.00032,2005,-1.1223654371588396
RGI60-08.00032,2006,-1.1569367638277552
RGI60-08.00032,2007,-1.0805107660760886
RGI60-08.00032,2008,0.18244867764647643
RGI60-08.00032,2009,-1.0309794136246797
RGI60-08.00032,2010,0.7165229520886159
RGI60-08.00032,2011,-0.7519041727143438
RGI60-08.00032,2012,0.5526937733349734
RGI60-08.00032,2013,0.39103841254300975
RGI60-08.00032,2014,-0.2299357248239992
RGI60-08.00032,2015,-0.33991176508431287
RGI60-08.00032,2016,-1.167815811962349
RGI60-08.00032,2017,-0.09331520009444366
RGI60-08.00032,2018,-0.5129905945999459
RGI60-08.00032,2019,-0.4928259313372874
RGI60-08.00032,2020,-0.2657398696432004
RGI60-08.00032,2021,-0.30431336523296726
RGI60-08.00032,2022,-0.05784764344514082
RGI60-08.00032,2023,-1.4649374473177472
RGI60-08.00032,2024,-1.048590546868852
RGI60-08.00033,2000,-0.44340663129930796
RGI60-08.00033,2001,-0.28316772974610016
RGI60-08.00033,2002,0.018945291190439972
RGI60-08.00033,2003,-1.1918690043082703
RGI60-08.00033,2004,-0.6269591227308129
RGI60-08.00033,2005,-1.1027527075509214
RGI60-08.00033,2006,-2.2268427714687054
RGI60-08.00033,2007,-1.0915650942156463
RGI60-08.00033,2008,-0.8114510729857752
RGI60-08.00033,2009,-0.5236144328028558
RGI60-08.00033,2010,-0.9881151455341584
RGI60-08.00033,2011,-2.095520358811774
RGI60-08.00033,2012,1.7467835219825583
RGI60-08.00033,2013,-2.0499967538274775
RGI60-08.00033,2014,-1.806481970657401
RGI60-08.00033,2015,-0.17919489502924757
RGI60-08.00033,2016,-0.3796740217193366
RGI60-08.00033,2017,-1.7011572101065526
RGI60-08.00033,2018,-1.0646787171849503
RGI60-08.00033,2019,-0.8848811731937003
RGI60-08.00033,2020,-0.969955834595131
RGI60-08.00033,2021,-1.9703430215819444
RGI60-08.00033,2022,-1.7980251596502588
RGI60-08.00033,2023,-0.6181092247898607
RGI60-08.00033,2024,1.1571808638314423
RGI60-08.00034,2000,0.49505618201380597
RGI60-08.00034,2001,-1.0297185891460765
RGI60-08.00034,2002,-2.0295086971295353
RGI60-08.00034,2003,1.1369594715528246
RGI60-08.00034,2004,-0.13969631925987724
RGI60-08.00034,2005,-1.4762048219273038
RGI60-08.00034,2006,-1.1422208074193567
RGI60-08.00034,2007,-0.15184712581763593
RGI60-08.00034,2008,0.3046103912661502
RGI60-08.00034,2009,-0.87600673358503
RGI60-08.00034,2010,-1.774799822206114
RGI60-08.00034,2011,0.9090569895967522
RGI60-08.00034,2012,0.47089352437801035
RGI60-08.00034,2013,-3.7203430746907182
RGI60-08.00034,2014,-2.0623932651699706
RGI60-08.00034,2015,-1.1094544733027545
RGI60-08.00034,2016,1.0132223578332336
RGI60-08.00034,2017,-0.8829010570690423
RGI60-08.00034,2018,-2.415909202256751
RGI60-08.00034,2019,-1.2888949276606019
RGI60-08.00034,2020,-1.676396665506316
RGI60-08.00034,2021,-1.4622869217405152
RGI60-08.00034,2022,-1.8389257266235832
RGI60-08.00034,2023,0.8660666397663201
RGI60-08.00034,2024,-0.530409448184576
RGI60-08.00037,2000,0.41239787035411646
RGI60-08.00037,2001,-1.1608640621439772
RGI60-08.00037,2002,-1.6691633402091857
RGI60-08.00037,2003,1.6327959305558817
RGI60-08.00037,2004,-0.4256884927505142
RGI60-08.00037,2005,-0.04981440417132166
RGI60-08.00037,2006,-1.9528738682141762
RGI60-08.00037,2007,-0.15379053025863748
RGI60-08.00037,2008,-0.7024212364819018
RGI60-08.00037,2009,0.42192040075095505
RGI60-08.00037,2010,-0.15464605640818996
RGI60-08.00037,2011,-2.403458460994032
RGI60-08.00037,2012,0.9222597293087209
RGI60-08.00037,2013,-1.6402415440002835
RGI60-08.00037,2014,-2.384799301261388
RGI60-08.00037,2015,0.20686748268562505
RGI60-08.00037,2016,-0.7716564165278748
RGI60-08.00037,2017,-0.00795583238191544
RGI60-08.00037,2018,0.1259005632614587
RGI60-08.00037,2019,-1.284168431113368
RGI60-08.00037,2020,-1.3524004407522687
RGI60-08.00037,2021,-1.4027764262325597
RGI60-08.00037,2022,-0.45046550654961315
RGI60-08.00037,2023,-0.12283187681002389
RGI60-08.00037,2024,-2.009923735055054
RGI60-08.00038,2000,2.237950324253301
RGI60-08.00038,2001,-1.526885674697822
RGI60-08.00038,2002,-0.8244259138997171
RGI60-08.00038,2003,0.7073132319677182
RGI60-08.00038,2004,-1.1741966372953332
RGI60-08.00038,2005,-1.4406234894129328
RGI60-08.00038,2006,-0.31984587824955957
RGI60-08.00038,2007,1.4987633701627228
RGI60-08.00038,2008,0.09946341007621673
RGI60-08.00038,2009,0.6563740176432362
RGI60-08.00038,2010,-2.706006593949277
RGI60-08.00038,2011,-1.706830361905382
RGI60-08.00038,2012,1.4641237473627837
RGI60-08.00038,2013,-3.8319441819732
RGI60-08.00038,2014,-1.3656940732727627
RGI60-08.00038,2015,-0.1173103764662845
RGI60-08.00038,2016,1.2846298856815526
RGI60-08.00038,2017,-0.7261159005536726
RGI60-08.00038,2018,-1.6280886460548023
RGI60-08.00038,2019,-1.7831502594168
RGI60-08.00038,2020,-1.493234976179624
RGI60-08.00038,2021,-2.1466284386616827
RGI60-08.00038,2022,-1.393439315568144
RGI60-08.00038,2023,-1.9950051528775379
RGI60-08.00038,2024,-1.6252808079661274
RGI60-08.00040,2000,-1.07624713531253
RGI60-08.00040,2001,-0.2828618949976222
RGI60-08.00040,2002,-2.544354313184327
RGI60-08.00040,2003,1.7468308169136222
RGI60-08.00040,2004,1.0390747286929156
RGI60-08.00040,2005,-0.667366127838508
RGI60-08.00040,2006,-0.9429237411258232
RGI60-08.00040,2007,-0.46755726556668575
RGI60-08.00040,2008,-0.6490670017371701
RGI60-08.00040,2009,-1.9068113443256487
RGI60-08.00040,2010,-0.7894859520833732
RGI60-08.00040,2011,-1.8433212273629165
RGI60-08.00040,2012,1.087703550062558
RGI60-08.00040,2013,-1.2967293168955996
RGI60-08.00040,2014,-1.655070988279137
RGI60-08.00040,2015,-0.2714526027812382
RGI60-08.00040,2016,-0.9638927280964483
RGI60-08.00040,2017,-0.7964004812083447
RGI60-08.00040,2018,1.460719925582973
RGI60-08.00040,2019,-0.21628690045670568
RGI60-08.00040,2020,1.6671052099711803
RGI60-08.00040,2021,-1.4862156877117734
RGI60-08.00040,2022,-0.9244495507419503
RGI60-08.00040,2023,-1.6578454032320415
RGI60-08.00040,2024,-2.297600364021745
RGI60-08.00041,2000,0.3558914863313303
RGI60-08.00041,2001,1.8105731022463327
RGI60-08.00041,2002,-0.14221212427493324
RGI60-08.00041,2003,-1.010350542735057
RGI60-08.00041,2004,0.5467056156572009
RGI60-08.00041,2005,0.716586299390006
RGI60-08.00041,2006,-0.6344114863306862
RGI60-08.00041,2007,0.45849940299560027
RGI60-08.00041,2008,0.46595716114475083
RGI60-08.00041,2009,-0.7271701992294466
RGI60-08.00041,2010,-0.17196596145516993
RGI60-08.00041,2011,-1.2718717630021454
RGI60-08.00041,2012,2.1099628592073074
RGI60-08.00041,2013,-1.3010001377994507
RGI60-08.00041,2014,-1.112732019213504
RGI60-08.00041,2015,0.9241710242875785
RGI60-08.00041,2016,-0.5212409087267242
RGI60-08.00041,2017,-0.015465450343377915
RGI60-08.00041,2018,-0.36697188469168673
RGI60-08.00041,2019,-0.7601544734579342
RGI60-08.00041,2020,-0.33184094090920657
RGI60-08.00041,2021,-0.7950323808930116
RGI60-08.00041,2022,0.2861220823072376
RGI60-08.00041,2023,-0.25104596258601747
RGI60-08.00041,2024,-0.4733260420056091
RGI60-08.00042,2000,0.43270590176951373
RGI60-08.00042,2001,-0.08654598153568371
RGI60-08.00042,2002,-1.4078809579344593
RGI60-08.00042,2003,-1.0294900019022895
RGI60-08.00042,2004,0.008162160257014106
RGI60-08.00042,2005,-0.432209669557349
RGI60-08.00042,2006,-2.0512033131103538
RGI60-08.00042,2007,0.12052071385129626
RGI60-08.00042,2008,-0.6937646264338481
RGI60-08.00042,2009,-0.5033712117662107
RGI60-08.00042,2010,-0.9667437164334483
RGI60-08.00042,2011,-1.533066385036164
RGI60-08.00042,2012,0.6576504302876919
RGI60-08.00042,2013,-1.0084980255568656
RGI60-08.00042,2014,-1.4482960751660938
RGI60-08.00042,2015,-0.043386407314650044
RGI60-08.00042,2016,-1.010578422848965
RGI60-08.00042,2017,-1.0329085262365663
RGI60-08.00042,2018,-0.8663230176406518
RGI60-08.00042,2019,-0.977972867691922
RGI60-08.00042,2020,-0.4229107125978851
RGI60-08.00042,2021,-1.0278983403831707
RGI60-08.00042,2022,-1.0097295363908838
RGI60-08.00042,2023,-1.0136048175661228
RGI60-08.00042,2024,-2.4337083504632506
RGI60-08.00043,2000,1.04629822130015
RGI60-08.00043,2001,1.2148055052527764
RGI60-08.00043,2002,-1.2153322110018272
RGI60-08.00043,2003,0.14170951770114149
RGI60-08.00043,2004,0.5345063558981524
RGI60-08.00043,2005,-0.7207736634347132
RGI60-08.00043,2006,-3.149397726162844
RGI60-08.00043,2007,-1.0909717552458198
RGI60-08.00043,2008,-1.1411332384898984
RGI60-08.00043,2009,-1.4013180037114799
RGI60-08.00043,2010,-1.2594814846373819
RGI60-08.00043,2011,-1.1998979700793675
RGI60-08.00043,2012,0.9131515570408639
RGI60-08.00043,2013,-1.2902937637699394
RGI60-08.00043,2014,-0.6904041224305012
RGI60-08.00043,2015,-0.5427962677807354
RGI60-08.00043,2016,-0.9611362331273878
RGI60-08.00043,2017,-1.2315601672075616
RGI60-08.00043,2018,0.19163946414187227
RGI60-08.00043,2019,-1.6089140142554856
RGI60-08.00043,2020,-1.6803372153817508
RGI60-08.00043,2021,0.06960363921543322
RGI60-08.00043,2022,-0.6478226355871455
RGI60-08.00043,2023,-1.1094018680962727
RGI60-08.00043,2024,-0.13689904789179286
RGI60-08.00045,2000,0.30551082797937135
RGI60-08.00045,2001,-1.1110334372363575
RGI60-08.00045,2002,-2.015090265044646
RGI60-08.00045,2003,-1.352637071996639
RGI60-08.00045,2004,-0.5496428150829259
RGI60-08.00045,2005,0.5603980029198473
RGI60-08.00045,2006,-2.3216393007110168
RGI60-08.00045,2007,0.06542114460878157
RGI60-08.00045,2008,-0.1294158241047466
RGI60-08.00045,2009,-0.6457870315498085
RGI60-08.00045,2010,-0.9146246119139105
RGI60-08.00045,2011,-0.652973258705441
RGI60-08.00045,2012,0.08692893522734035
RGI60-08.00045,2013,-2.047428914935429
RGI60-08.00045,2014,-1.8922391953046929
RGI60-08.00045,2015,-0.26603912904261895
RGI60-08.00045,2016,-1.4720830917456484
RGI60-08.00045,2017,-0.34143982394988437
RGI60-08.00045,2018,-1.390918190271246
RGI60-08.00045,2019,-1.229766949140331
RGI60-08.00045,2020,-1.1207133061815344
RGI60-08.00045,2021,-1.7330606131472313
RGI60-08.00045,2022,-1.1704525949680926
RGI60-08.00045,2023,-1.3618847370508103
RGI60-08.00045,2024,-2.5555752831773835
RGI60-08.00050,2000,-1.006532154682184
RGI60-08.00050,2001,1.9667829676814421
RGI60-08.00050,2002,-2.124674238410992
RGI60-08.00050,2003,-1.2980828891627971
RGI60-08.00050,2004,-0.3871167610751585
RGI60-08.00050,2005,0.7091679709102372
RGI60-08.00050,2006,-1.2631056602766988
RGI60-08.00050,2007,2.2690437840119575
RGI60-08.00050,2008,-1.157880292952619
RGI60-08.00050,2009,-0.991280108794008
RGI60-08.00050,2010,0.5144418949560894
RGI60-08.00050,2011,-1.8049305818411507
RGI60-08.00050,2012,1.611921705421637
RGI60-08.00050,2013,-2.093747998741433
RGI60-08.00050,2014,-1.613223417011695
RGI60-08.00050,2015,-1.061146393256688
RGI60-08.00050,2016,-0.9003313500034968
RGI60-08.00050,2017,-1.0013060530864477
RGI60-08.00050,2018,-0.08767723290781076
RGI60-08.00050,2019,-0.7588231907781919
RGI60-08.00050,2020,0.20413301235356773
RGI60-08.00050,2021,-1.3985957135212814
RGI60-08.00050,2022,0.017980808945783022
RGI60-08.00050,2023,-1.3268529547747452
RGI60-08.00050,2024,-3.01643361850745
RGI60-08.00053,2000,-0.12399926628705399
RGI60-08.00053,2001,0.22859300454528808
RGI60-08.00053,2002,-1.5532947941009878
RGI60-08.00053,2003,-0.26258676089131816
RGI60-08.00053,2004,0.006486884763354683
RGI60-08.00053,2005,-0.696876502815297
RGI60-08.00053,2006,-1.5345978186920552
RGI60-08.00053,2007,0.3937048835018635
RGI60-08.00053,2008,-0.1511746887334668
RGI60-08.00053,2009,-0.04020174762993717
RGI60-08.00053,2010,-0.8893124160856711
RGI60-08.00053,2011,-0.9656396301148107
RGI60-08.00053,2012,0.6569794608808358
RGI60-08.00053,2013,-1.8534815307475547
RGI60-08.00053,2014,-1.5366893341899908
RGI60-08.00053,2015,0.21036188738935724
RGI60-08.00053,2016,-0.8305829931590633
RGI60-08.00053,2017,-0.0678106563756492
RGI60-08.00053,2018,-1.0332909006104896
RGI60-08.00053,2019,-0.5297870806473508
RGI60-08.00053,2020,0.5826403937030981
RGI60-08.00053,2021,-0.5452422269131598
RGI60-08.00053,2022,-0.6399931181626275
RGI60-08.00053,2023,-0.3748314584715783
RGI60-08.00053,2024,-1.2157879773312605
RGI60-08.00056,2000,-0.4191678080947361
RGI60-08.00056,2001,0.7660145120187678
RGI60-08.00056,2002,-0.10656113756812968
RGI60-08.00056,2003,0.09464014374962026
RGI60-08.00056,2004,-0.5482574079236122
RGI60-08.00056,2005,-1.2620729540480453
RGI60-08.00056,2006,-1.9017858103401433
RGI60-08.00056,2007,-0.835486096822394
RGI60-08.00056,2008,-1.1158141832745883
RGI60-08.00056,2009,1.0202906510832634
RGI60-08.00056,2010,-0.47526442066097685
RGI60-08.00056,2011,-2.1882299813845636
RGI60-08.00056,2012,-0.6593609719807193
RGI60-08.00056,2013,-3.115840206844241
RGI60-08.00056,2014,-1.335621765656802
RGI60-08.00056,2015,-1.12436572872938
RGI60-08.00056,2016,-1.9905589142746989
RGI60-08.00056,2017,-0.8945159609729162
RGI60-08.00056,2018,-1.8563430256654225
RGI60-08.00056,2019,-0.7339989326102917
RGI60-08.00056,2020,-1.203640523355277
RGI60-08.00056,2021,-0.5651102471420597
RGI60-08.00056,2022,-1.0417384930536264
RGI60-08.00056,2023,-1.908939657895218
RGI60-08.00056,2024,-3.44852302290707
RGI60-08.00057,2000,-0.3417581473817436
RGI60-08.00057,2001,-0.83780018827198
RGI60-08.00057,2002,-1.0207722232600402
RGI60-08.00057,2003,-1.3311004544712195
RGI60-08.00057,2004,0.0015351941740138209
RGI60-08.00057,2005,-0.2348280401802168
RGI60-08.00057,2006,-1.66324963417799
RGI60-08.00057,2007,0.02126737553832858
RGI60-08.00057,2008,-0.02296453722220948
RGI60-08.00057,2009,0.9412180558617204
RGI60-08.00057,2010,-0.69679691135092
RGI60-08.00057,2011,-0.7959612588812945
RGI60-08.00057,2012,0.062384820039092626
RGI60-08.00057,2013,-1.0584321614400303
RGI60-08.00057,2014,0.20288228543897824
RGI60-08.00057,2015,-0.6134823494278409
RGI60-08.00057,2016,-1.010309513931692
RGI60-08.00057,2017,-0.6001084406151653
RGI60-08.00057,2018,-1.5652721218436398
RGI60-08.00057,2019,-0.7796517485961526
RGI60-08.00057,2020,-0.3777388467511906
RGI60-08.00057,2021,-1.6013518443866661
RGI60-08.00057,2022,-0.5241737198092659
RGI60-08.00057,2023,-0.6717597416228335
RGI60-08.00057,2024,-2.66128263043935
RGI60-08.00058,2000,-1.1310397299809718
RGI60-08.00058,2001,-0.68469071450788
RGI60-08.00058,2002,1.0688855959986807
RGI60-08.00058,2003,0.786727583950072
RGI60-08.00058,2004,1.2835768968834946
RGI60-08.00058,2005,-0.26143392591405024
RGI60-08.00058,2006,-3.420518962879921
RGI60-08.00058,2007,-0.37381901356101055
RGI60-08.00058,2008,0.639638685727585
RGI60-08.00058,2009,-0.5076451169259938
RGI60-08.00058,2010,0.4993577940748185
RGI60-08.00058,2011,-1.6847196910808881
RGI60-08.00058,2012,0.5638555949301666
RGI60-08.00058,2013,-1.740934175730469
RGI60-08.00058,2014,-1.9450840982028466
RGI60-08.00058,2015,-0.10431004377120878
RGI60-08.00058,2016,-0.5737758563176345
RGI60-08.00058,2017,0.3678641206457942
RGI60-08.00058,2018,1.156250486805302
RGI60-08.00058,2019,-0.6098854301430514
RGI60-08.00058,2020,-1.0718306844697976
RGI60-08.00058,2021,-1.0780607133458755
RGI60-08.00058,2022,0.9632399045925906
RGI60-08.00058,2023,3.123962075610355
RGI60-08.00058,2024,-0.002715659903813894
RGI60-08.00061,2000,-0.0932036057638798
RGI60-08.00061,2001,-0.4471846562339147
RGI60-08.00061,2002,-0.6277367131500411
RGI60-08.00061,2003,-1.7652337847130481
RGI60-08.00061,2004,1.7722767008229838
RGI60-08.00061,2005,0.24518753513270913
RGI60-08.00061,2006,-1.1898825864035516
RGI60-08.00061,2007,1.3591840587395603
RGI60-08.00061,2008,-0.1946908715949462
RGI60-08.00061,2009,1.299007756240227
RGI60-08.00061,2010,-0.509861266966745
RGI60-08.00061,2011,-1.3338650776090586
RGI60-08.00061,2012,0.5892417019416509
RGI60-08.00061,2013,-1.2783722731727587
RGI60-08.00061,2014,-0.6700634765249762
RGI60-08.00061,2015,0.05356528256967416
RGI60-08.00061,2016,0.09247804066745735
RGI60-08.00061,2017,0.3166208156275976
RGI60-08.00061,2018,-0.18951802819962563
RGI60-08.00061,2019,-0.634449551409322
RGI60-08.00061,2020,-0.4844561774538745
RGI60-08.00061,2021,1.0621177757888058
RGI60-08.00061,2022,-0.0357287055428267
RGI60-08.00061,2023,2.3226714192948346
RGI60-08.00061,2024,-1.6754481528674094
RGI60-08.00068,2000,-0.5797308966428424
RGI60-08.00068,2001,0.2216193079899897
RGI60-08.00068,2002,-0.3333601766421498
RGI60-08.00068,2003,-0.8510326774563834
RGI60-08.00068,2004,0.19142995833808013
RGI60-08.00068,2005,-0.35726354427273305
RGI60-08.00068,2006,-1.3509575631039479
RGI60-08.00068,2007,-0.0656841369197399
RGI60-08.00068,2008,-0.21105962187156804
RGI60-08.00068,2009,-0.5892463147345103
RGI60-08.00068,2010,0.36153465179979877
RGI60-08.00068,2011,-1.3168124717229042
RGI60-08.00068,2012,0.8773291330805759
RGI60-08.00068,2013,-1.6760528412519204
RGI60-08.00068,2014,-0.8854183297694646
RGI60-08.00068,2015,-0.414324423212093
RGI60-08.00068,2016,0.34012890869673224
RGI60-08.00068,2017,-1.0315500489983165
RGI60-08.00068,2018,0.27049897410933604
RGI60-08.00068,2019,-0.560847887415941
RGI60-08.00068,2020,-0.352881061507437
RGI60-08.00068,2021,-0.7842108450118007
RGI60-08.00068,2022,-1.013872301326048
RGI60-08.00068,2023,-0.9028891398479202
RGI60-08.00068,2024,-2.218692676205655
RGI60-08.00070,2000,0.7318287410570435
RGI60-08.00070,2001,-1.2884805958190624
RGI60-08.00070,2002,-0.8979924960565632
RGI60-08.00070,2003,-0.7496697859231887
RGI60-08.00070,2004,0.5756308605815651
RGI60-08.00070,2005,-0.38331158385798453
RGI60-08.00070,2006,-1.6830036994264885
RGI60-08.00070,2007,0.8532857453134653
RGI60-08.00070,2008,0.9824054503378524
RGI60-08.00070,2009,-0.7438715242720828
RGI60-08.00070,2010,-1.1350490175332428
RGI60-08.00070,2011,-0.8867303664495155
RGI60-08.00070,2012,1.2952967817349972
RGI60-08.00070,2013,-0.7781839705866109
RGI60-08.00070,2014,0.05262141648140223
RGI60-08.00070,2015,0.07793224734397469
RGI60-08.00070,2016,1.018587280961916
RGI60-08.00070,2017,-0.780543932830353
RGI60-08.00070,2018,-1.246208486109714
RGI60-08.00070,2019,-0.02094306494740114
RGI60-08.00070,2020,1.2855056780251295
RGI60-08.00070,2021,-1.7413562899091786
RGI60-08.00070,2022,-0.10466556729611118
RGI60-08.00070,2023,1.5018061326205103
RGI60-08.00070,2024,-0.08183706485778822
RGI60-08.00072,2000,-0.7068133779695768
RGI60-08.00072,2001,-0.7125780103960602
RGI60-08.00072,2002,-0.8391539565747411
RGI60-08.00072,2003,-0.8652518196740032
RGI60-08.00072,2004,0.23406542254349838
RGI60-08.00072,2005,0.24601026707989815
RGI60-08.00072,2006,-1.2697415506426144
RGI60-08.00072,2007,0.4803835693030768
RGI60-08.00072,2008,0.22213112937311197
RGI60-08.00072,2009,-0.30288399148668155
RGI60-08.00072,2010,-0.6719528857229089
RGI60-08.00072,2011,-1.2706304573722882
RGI60-08.00072,2012,0.23526010045718815
RGI60-08.00072,2013,-1.8898009302301855
RGI60-08.00072,2014,-1.074317194740975
RGI60-08.00072,2015,-0.2477445722031707
RGI60-08.00072,2016,-0.866487616885474
RGI60-08.00072,2017,-0.8378344043930951
RGI60-08.00072,2018,-0.3127046356186521
RGI60-08.00072,2019,-0.2899550848463325
RGI60-08.00072,2020,0.0016154893877722287
RGI60-08.00072,2021,-1.1552092272546162
RGI60-08.00072,2022,-1.348854989756969
RGI60-08.00072,2023,-0.4023033658781078
RGI60-08.00072,2024,-1.9164778214622595
RGI60-08.00074,2000,-0.12950750286652846
RGI60-08.00074,2001,0.03248954127148895
RGI60-08.00074,2002,-1.1996001068942435
RGI60-08.00074,2003,-1.4964676987915884
RGI60-08.00074,2004,-0.664046401784948
RGI60-08.00074,2005,0.40756886040152884
RGI60-08.00074,2006,-2.3572386615320298
RGI60-08.00074,2007,-0.1937480255860008
RGI60-08.00074,2008,-0.9260728038934127
RGI60-08.00074,2009,-0.5265380002479699
RGI60-08.00074,2010,-0.6909810820241686
RGI60-08.00074,2011,-1.6409496259744936
RGI60-08.00074,2012,-0.6376009642528517
RGI60-08.00074,2013,-2.5997605394484005
RGI60-08.00074,2014,0.3079568508988948
RGI60-08.00074,2015,-0.6324788564621162
RGI60-08.00074,2016,-1.6359929313450379
RGI60-08.00074,2017,-0.9602553717894742
RGI60-08.00074,2018,-0.4857391402780495
RGI60-08.00074,2019,0.01726246059939429
RGI60-08.00074,2020,-0.9177954251671422
RGI60-08.00074,2021,-2.2005373741009784
RGI60-08.00074,2022,-1.1587572492129803
RGI60-08.00074,2023,-1.5941654593006445
RGI60-08.00074,2024,-1.7894145756569348
RGI60-08.00075,2000,-0.07032011144471362
RGI60-08.00075,2001,-0.7429168539002478
RGI60-08.00075,2002,-0.9285538456000623
RGI60-08.00075,2003,-1.9437102224498104
RGI60-08.00075,2004,0.21757603247630952
RGI60-08.00075,2005,0.7061352472148518
RGI60-08.00075,2006,-1.0597845465750688
RGI60-08.00075,2007,0.4848093269635081
RGI60-08.00075,2008,0.4118952435010912
RGI60-08.00075,2009,-1.0550959479429434
RGI60-08.00075,2010,0.3537331062755883
RGI60-08.00075,2011,-1.0883880360895821
RGI60-08.00075,2012,1.1888006835352276
RGI60-08.00075,2013,-1.6953813317762707
RGI60-08.00075,2014,-2.063558290007391
RGI60-08.00075,2015,0.527981092996855
RGI60-08.00075,2016,-0.4393771236130553
RGI60-08.00075,2017,0.7412433854401445
RGI60-08.00075,2018,-0.7559046723675471
RGI60-08.00075,2019,-0.4432831366368785
RGI60-08.00075,2020,-1.7805164815200483
RGI60-08.00075,2021,-0.33081896345306305
RGI60-08.00075,2022,0.04002828402015968
RGI60-08.00075,2023,-1.1376488320707077
RGI60-08.00075,2024,-2.810693149826928
RGI60-08.00080,2000,-0.22168801027557083
RGI60-08.00080,2001,-0.9659692660335224
RGI60-08.00080,2002,-0.7445698527522988
RGI60-08.00080,2003,-0.39214169939255367
RGI60-08.00080,2004,0.012162566457677881
RGI60-08.00080,2005,-0.04629747384889249
RGI60-08.00080,2006,-1.1560219660435518
RGI60-08.00080,2007,-0.34737266379711024
RGI60-08.00080,2008,-0.3536802382788564
RGI60-08.00080,2009,0.06309159998505687
RGI60-08.00080,2010,-0.17723788487462594
RGI60-08.00080,2011,-1.3015137277224833
RGI60-08.00080,2012,0.4956034763237198
RGI60-08.00080,2013,-1.2198269388081027
RGI60-08.00080,2014,-1.2643339530883315
RGI60-08.00080,2015,-0.16743809913552143
RGI60-08.00080,2016,-0.3778251586156254
RGI60-08.00080,2017,-0.8716315974290492
RGI60-08.00080,2018,-0.3962678062308244
RGI60-08.00080,2019,-0.7215413064395304
RGI60-08.00080,2020,-0.01580592747638382
RGI60-08.00080,2021,-0.8979117995609075
RGI60-08.00080,2022,-0.6743471776017244
RGI60-08.00080,2023,-0.49314537521206425
RGI60-08.00080,2024,-1.7338538596572082
RGI60-08.00081,2000,-0.4267083111328742
RGI60-08.00081,2001,-0.6483077725134028
RGI60-08.00081,2002,-0.8087254789869088
RGI60-08.00081,2003,-1.4216543686019016
RGI60-08.00081,2004,-0.9155397501721709
RGI60-08.00081,2005,-0.9526236091565647
RGI60-08.00081,2006,-1.5200525927548318
RGI60-08.00081,2007,-0.14495322541244804
RGI60-08.00081,2008,-0.33635116659918457
RGI60-08.00081,2009,-0.02142385595574292
RGI60-08.00081,2010,-1.2668531185744518
RGI60-08.00081,2011,-0.7171908836684852
RGI60-08.00081,2012,0.21268160886054766
RGI60-08.00081,2013,-1.4722105330304558
RGI60-08.00081,2014,-1.4778153303001647
RGI60-08.00081,2015,-0.10513848903630385
RGI60-08.00081,2016,-0.748679943079188
RGI60-08.00081,2017,-0.8958251808700518
RGI60-08.00081,2018,-0.856926250391479
RGI60-08.00081,2019,-0.5515017486239376
RGI60-08.00081,2020,-0.9068220867257499
RGI60-08.00081,2021,-1.3816521135502478
RGI60-08.00081,2022,-1.4090274637325573
RGI60-08.00081,2023,-1.6095944503261626
RGI60-08.00081,2024,-2.2294851307696675
RGI60-08.00083,2000,-0.35836300729467446
RGI60-08.00083,2001,-0.4811248718345573
RGI60-08.00083,2002,-1.4195391550399834
RGI60-08.00083,2003,-1.1264150704111717
RGI60-08.00083,2004,-0.8191520060005849
RGI60-08.00083,2005,-0.036300529887422495
RGI60-08.00083,2006,-1.2212456097994833
RGI60-08.00083,2007,-0.3253990805550263
RGI60-08.00083,2008,-0.44109630103055975
RGI60-08.00083,2009,-0.766502371610176
RGI60-08.00083,2010,-0.6938464024361124
RGI60-08.00083,2011,-0.3815094830209566
RGI60-08.00083,2012,0.5342473629244815
RGI60-08.00083,2013,-1.2372402631717627
RGI60-08.00083,2014,-0.6839702425184613
RGI60-08.00083,2015,0.12365941431352989
RGI60-08.00083,2016,-0.8996965810331954
RGI60-08.00083,2017,-1.043911958614391
RGI60-08.00083,2018,-0.9837255800518871
RGI60-08.00083,2019,-1.0096682629276064
RGI60-08.00083,2020,-0.44418661244612867
RGI60-08.00083,2021,-0.7447937800941954
RGI60-08.00083,2022,-1.1369351848844962
RGI60-08.00083,2023,-0.18920654336702408
RGI60-08.00083,2024,-1.8708106435072311
RGI60-08.00085,2000,-0.046032490197971065
RGI60-08.00085,2001,-0.03472074918759083
RGI60-08.00085,2002,-1.1442748732871926
RGI60-08.00085,2003,-1.5095100631779077
RGI60-08.00085,2004,0.2739340847167565
RGI60-08.00085,2005,-0.19171431958036733
RGI60-08.00085,2006,-1.4238537424426756
RGI60-08.00085,2007,-0.07999494564039322
RGI60-08.00085,2008,-0.6631560666956208
RGI60-08.00085,2009,-0.9199371534873452
RGI60-08.00085,2010,-0.5519382588310211
RGI60-08.00085,2011,-2.486802896874399
RGI60-08.00085,2012,0.4072277226551385
RGI60-08.00085,2013,-1.184753292733639
RGI60-08.00085,2014,-1.6992198173405817
RGI60-08.00085,2015,0.1363800058256226
RGI60-08.00085,2016,-0.06517991110045851
RGI60-08.00085,2017,-0.4586635877741634
RGI60-08.00085,2018,-0.34834476825936084
RGI60-08.00085,2019,-0.681244876586832
RGI60-08.00085,2020,0.1783383531904853
RGI60-08.00085,2021,0.13957269607463108
RGI60-08.00085,2022,-0.37713909797613043
RGI60-08.00085,2023,-0.8424112720217993
RGI60-08.00085,2024,-0.8484997450247277
RGI60-08.00087,2000,0.286087158175108
RGI60-08.00087,2001,0.5095783675464515
RGI60-08.00087,2002,-0.1631729548764238
RGI60-08.00087,2003,-0.4669834755995258
RGI60-08.00087,2004,-0.40416901434493707
RGI60-08.00087,2005,0.9394072199116633
RGI60-08.00087,2006,-1.2764385327769385
RGI60-08.00087,2007,-1.3573493331191773
RGI60-08.00087,2008,-1.5291980630240025
RGI60-08.00087,2009,0.1890087667331174
RGI60-08.00087,2010,-1.1402721608383808
RGI60-08.00087,2011,-2.1592948337259403
RGI60-08.00087,2012,-0.10880743474165955
RGI60-08.00087,2013,-1.3625034197776866
RGI60-08.00087,2014,-1.1649343717385143
RGI60-08.00087,2015,-0.9672222293450484
RGI60-08.00087,2016,-1.5311508529040307
RGI60-08.00087,2017,-1.24673417548277
RGI60-08.00087,2018,0.017963790284711068
RGI60-08.00087,2019,-1.130714450356027
RGI60-08.00087,2020,-0.515374219783149
RGI60-08.00087,2021,-1.0457267132876376
RGI60-08.00087,2022,-2.1368191070589497
RGI60-08.00087,2023,-1.3529434650896004
RGI60-08.00087,2024,-2.5407173618040426
RGI60-08.00090,2000,0.5719652362521562
RGI60-08.00090,2001,-1.0971931260053804
RGI60-08.00090,2002,-1.9732293068288156
RGI60-08.00090,2003,-2.0006820029496746
RGI60-08.00090,2004,0.17244545060489003
RGI60-08.00090,2005,-0.903900582414083
RGI60-08.00090,2006,-2.626373613018163
RGI60-08.00090,2007,-0.38606651994858715
RGI60-08.00090,2008,-0.0909438980234315
RGI60-08.00090,2009,0.8558755983886183
RGI60-08.00090,2010,-1.0130845467762706
RGI60-08.00090,2011,-1.476567642763511
RGI60-08.00090,2012,0.8309119743447874
RGI60-08.00090,2013,-1.7940594965085874
RGI60-08.00090,2014,-1.6766062852139272
RGI60-08.00090,2015,0.18978476332452787
RGI60-08.00090,2016,-0.8625081476502434
RGI60-08.00090,2017,-0.44697446908166943
RGI60-08.00090,2018,-1.899949237836152
RGI60-08.00090,2019,-0.1412441478964711
RGI60-08.00090,2020,0.15377442554302867
RGI60-08.00090,2021,-1.2136803415400763
RGI60-08.00090,2022,-0.9179383501565792
RGI60-08.00090,2023,-0.14463224594634005
RGI60-08.00090,2024,-1.3861141312839522
RGI60-08.00093,2000,-0.7675886275703812
RGI60-08.00093,2001,-0.6190432189575387
RGI60-08.00093,2002,-1.0327949517261767
RGI60-08.00093,2003,-2.4896477509424493
RGI60-08.00093,2004,-1.2400024759541581
RGI60-08.00093,2005,1.6277926308705752
RGI60-08.00093,2006,-2.129947335334925
RGI60-08.00093,2007,0.4062638485307798
RGI60-08.00093,2008,-1.0467087825457424
RGI60-08.00093,2009,-1.2505568477301827
RGI60-08.00093,2010,-0.8123310147890797
RGI60-08.00093,2011,-1.8673031597399699
RGI60-08.00093,2012,1.1858330621771174
RGI60-08.00093,2013,-2.015082788527146
RGI60-08.00093,2014,-1.9935257227947218
RGI60-08.00093,2015,0.3623176648956453
RGI60-08.00093,2016,-0.3530737075475151
RGI60-08.00093,2017,-0.8061286863851967
RGI60-08.00093,2018,-1.0207837820715335
RGI60-08.00093,2019,-0.7702883538574058
RGI60-08.00093,2020,-0.05070042638637995
RGI60-08.00093,2021,-1.096046215418243
RGI60-08.00093,2022,-1.961125896039583
RGI60-08.00093,2023,-0.5504657305323137
RGI60-08.00093,2024,-1.8007142870065753
RGI60-08.00095,2000,0.3118000683254465
RGI60-08.00095,2001,-0.6892407111908857
RGI60-08.00095,2002,-1.0576275405474336
RGI60-08.00095,2003,-1.639312901542509
RGI60-08.00095,2004,-0.32357654852349577
RGI60-08.00095,2005,-0.4526095738356517
RGI60-08.00095,2006,-1.7222916028457824
RGI60-08.00095,2007,-1.3811992761467724
RGI60-08.00095,2008,-0.16602570006076478
RGI60-08.00095,2009,-0.4652580184462958
RGI60-08.00095,2010,-0.4712445242406082
RGI60-08.00095,2011,-1.7085009598741365
RGI60-08.00095,2012,0.5223091102029127
RGI60-08.00095,2013,-1.8011772471595417
RGI60-08.00095,2014,-2.0419595101897685
RGI60-08.00095,2015,0.14053232472314414
RGI60-08.00095,2016,-0.5270026566325433
RGI60-08.00095,2017,-0.24871413972634515
RGI60-08.00095,2018,-1.307739260427296
RGI60-08.00095,2019,-0.47966133186166865
RGI60-08.00095,2020,-1.186906069830923
RGI60-08.00095,2021,-0.9628858614948437
RGI60-08.00095,2022,-0.7634542583598736
RGI60-08.00095,2023,-1.0928947121847332
RGI60-08.00095,2024,-2.903281277610069
RGI60-08.00096,2000,0.14582616412752336
RGI60-08.00096,2001,-0.2718216935877814
RGI60-08.00096,2002,-1.5106998290774705
RGI60-08.00096,2003,-0.7724550599782155
RGI60-08.00096,2004,0.4445981382457146
RGI60-08.00096,2005,0.11111171577351375
RGI60-08.00096,2006,-1.2234998026318358
RGI60-08.00096,2007,0.09319131640093536
RGI60-08.00096,2008,-0.15617519870853608
RGI60-08.00096,2009,-0.5522078444290484
RGI60-08.00096,2010,-0.29038779678470006
RGI60-08.00096,2011,-1.1250107260179643
RGI60-08.00096,2012,0.9067463125027754
RGI60-08.00096,2013,-1.3266902296598957
RGI60-08.00096,2014,-1.6798634510114412
RGI60-08.00096,2015,0.7082849773532417
RGI60-08.00096,2016,-0.7892033006895445
RGI60-08.00096,2017,-0.21427863920214113
RGI60-08.00096,2018,-0.5751088860961764
RGI60-08.00096,2019,-0.17645616652894464
RGI60-08.00096,2020,0.39607685350003907
RGI60-08.00096,2021,-0.7033712069082891
RGI60-08.00096,2022,-0.5193386268307406
RGI60-08.00096,2023,-1.0801832774357893
RGI60-08.00096,2024,-1.7686129072215233
RGI60-08.00097,2000,-0.34128908549899123
RGI60-08.00097,2001,0.5825564417748624
RGI60-08.00097,2002,0.1721491047670436
RGI60-08.00097,2003,-0.06463570261096879
RGI60-08.00097,2004,-0.8293807100310603
RGI60-08.00097,2005,-0.6255346029787094
RGI60-08.00097,2006,-1.483931664412216
RGI60-08.00097,2007,0.7622872779851445
RGI60-08.00097,2008,0.7361324030960689
RGI60-08.00097,2009,-1.290607784845573
RGI60-08.00097,2010,-0.6831330605279569
RGI60-08.00097,2011,1.5621221705051407
RGI60-08.00097,2012,-0.2757305999423126
RGI60-08.00097,2013,-1.4246805153403388
RGI60-08.00097,2014,-2.1542877863438195
RGI60-08.00097,2015,1.7713527996283562
RGI60-08.00097,2016,-1.2896738076151415
RGI60-08.00097,2017,-1.705859070006996
RGI60-08.00097,2018,0.5792732939633676
RGI60-08.00097,2019,-0.44342910156590365
RGI60-08.00097,2020,-0.5120031128727415
RGI60-08.00097,2021,-1.115627144372265
RGI60-08.00097,2022,-0.8727671266841498
RGI60-08.00097,2023,-1.9976322789491565
RGI60-08.00097,2024,-1.5207551361450586
RGI60-08.00099,2000,-0.3403500712228469
RGI60-08.00099,2001,-1.5853203926208597
RGI60-08.00099,2002,-1.960756069682495
RGI60-08.00099,2003,-1.936154777449389
RGI60-08.00099,2004,-0.7055285506393464
RGI60-08.00099,2005,-0.35672683532229843
RGI60-08.00099,2006,-2.069865060297782
RGI60-08.00099,2007,-1.0754441436510918
RGI60-08.00099,2008,-1.342520890513795
RGI60-08.00099,2009,-1.3129011439485196
RGI60-08.00099,2010,-1.296580792439979
RGI60-08.00099,2011,-0.7399555537956322
RGI60-08.00099,2012,-0.356845571966968
RGI60-08.00099,2013,-2.049527155112659
RGI60-08.00099,2014,-2.515419918560401
RGI60-08.00099,2015,-1.1461319581900067
RGI60-08.00099,2016,-1.414815422357456
RGI60-08.00099,2017,-0.8467814637174245
RGI60-08.00099,2018,-1.0511456957077965
RGI60-08.00099,2019,-1.5488285328032576
RGI60-08.00099,2020,-1.5528267386290828
RGI60-08.00099,2021,-1.5611147378693997
RGI60-08.00099,2022,-0.9010621804855246
RGI60-08.00099,2023,-1.5273709130414281
RGI60-08.00099,2024,-2.8499684235799467
RGI60-08.00102,2000,0.4045297637790609
RGI60-08.00102,2001,-1.219945110598629
RGI60-08.00102,2002,-1.248335794200037
RGI60-08.00102,2003,-1.620217191073978
RGI60-08.00102,2004,-0.17215817454774274
RGI60-08.00102,2005,-0.8547644844905089
RGI60-08.00102,2006,-1.4379486255077687
RGI60-08.00102,2007,-1.2118541079060745
RGI60-08.00102,2008,-0.937300030393418
RGI60-08.00102,2009,-0.24406242259654498
RGI60-08.00102,2010,-0.42081982388463796
RGI60-08.00102,2011,-1.6872068438327996
RGI60-08.00102,2012,0.3670324645967932
RGI60-08.00102,2013,-1.5754271616027244
RGI60-08.00102,2014,-1.697869226511377
RGI60-08.00102,2015,-0.1940894472542558
RGI60-08.00102,2016,-0.7480812373781723
RGI60-08.00102,2017,-0.36841379432827437
RGI60-08.00102,2018,-0.15638512106502123
RGI60-08.00102,2019,-0.7126836312038999
RGI60-08.00102,2020,-0.4852974579630231
RGI60-08.00102,2021,-1.1490908068124854
RGI60-08.00102,2022,-0.19048651524503302
RGI60-08.00102,2023,-1.059210786498102
RGI60-08.00102,2024,-2.127442814755107
RGI60-08.00103,2000,0.39457070831519714
RGI60-08.00103,2001,-0.7847887210525117
RGI60-08.00103,2002,-1.540193799026948
RGI60-08.00103,2003,-1.7994397336997543
RGI60-08.00103,2004,0.6022057421959789
RGI60-08.00103,2005,-0.12273681491725064
RGI60-08.00103,2006,-1.7658900822667603
RGI60-08.00103,2007,-0.3075666489253462
RGI60-08.00103,2008,-0.23418523998054663
RGI60-08.00103,2009,-0.7117406255765141
RGI60-08.00103,2010,-0.49240185964723504
RGI60-08.00103,2011,-1.3634940962971376
RGI60-08.00103,2012,0.6165321910557681
RGI60-08.00103,2013,-2.2756833583398413
RGI60-08.00103,2014,-2.0171796456159528
RGI60-08.00103,2015,-0.14344763986348985
RGI60-08.00103,2016,-1.0856490282997586
RGI60-08.00103,2017,-0.31302626200571054
RGI60-08.00103,2018,-1.1638327350066655
RGI60-08.00103,2019,-0.8484523510455174
RGI60-08.00103,2020,-0.6938636541568759
RGI60-08.00103,2021,-0.8235247131501524
RGI60-08.00103,2022,-0.5987622644928638
RGI60-08.00103,2023,-1.1716691625252624
RGI60-08.00103,2024,-2.1354911872500395
RGI60-08.00105,2000,0.2400876165993736
RGI60-08.00105,2001,-0.7793555672963844
RGI60-08.00105,2002,-1.6216056672967012
RGI60-08.00105,2003,-1.9948966429510286
RGI60-08.00105,2004,0.6642126835632153
RGI60-08.00105,2005,-0.9931274902104968
RGI60-08.00105,2006,-1.7770938409778774
RGI60-08.00105,2007,-0.0502326527003254
RGI60-08.00105,2008,-0.8939450502375486
RGI60-08.00105,2009,-1.5367807514461709
RGI60-08.00105,2010,-0.929358231254785
RGI60-08.00105,2011,-1.3868323778467504
RGI60-08.00105,2012,0.8798800739944309
RGI60-08.00105,2013,-1.5980355659232537
RGI60-08.00105,2014,-1.8232654295865625
RGI60-08.00105,2015,0.22786672228875615
RGI60-08.00105,2016,-1.6838731898125627
RGI60-08.00105,2017,-0.14059856710879703
RGI60-08.00105,2018,0.14897573420150878
RGI60-08.00105,2019,-0.46682180599803247
RGI60-08.00105,2020,0.55664806800977
RGI60-08.00105,2021,-1.0354204159544214
RGI60-08.00105,2022,-0.8998677418943628
RGI60-08.00105,2023,-1.2370536174482956
RGI60-08.00105,2024,-3.3508792579001847
RGI60-08.00106,2000,-0.0752513239614353
RGI60-08.00106,2001,1.220390436293263
RGI60-08.00106,2002,-1.6252110563728026
RGI60-08.00106,2003,-1.7007989581662564
RGI60-08.00106,2004,-0.7630786297465536
RGI60-08.00106,2005,0.7555369068269185
RGI60-08.00106,2006,-1.5654926947533583
RGI60-08.00106,2007,-0.5292738738862999
RGI60-08.00106,2008,-0.652925934327353
RGI60-08.00106,2009,-0.4640174396830258
RGI60-08.00106,2010,-1.4683951377088715
RGI60-08.00106,2011,-0.3807347719936663
RGI60-08.00106,2012,0.6065682826254198
RGI60-08.00106,2013,-2.2665698913981434
RGI60-08.00106,2014,-2.0265510575526324
RGI60-08.00106,2015,-0.27814844280222856
RGI60-08.00106,2016,-1.2419942685138734
RGI60-08.00106,2017,-0.6262580258161417
RGI60-08.00106,2018,-0.969403736427397
RGI60-08.00106,2019,-0.873990382635561
RGI60-08.00106,2020,-0.7907894891489934
RGI60-08.00106,2021,-1.0387730391238792
RGI60-08.00106,2022,-1.24055005468844
RGI60-08.00106,2023,-1.3434002204915325
RGI60-08.00106,2024,-2.5323259203233435
RGI60-08.00107,2000,-0.2143067713229151
RGI60-08.00107,2001,0.03594120243797705
RGI60-08.00107,2002,-1.9417142871923267
RGI60-08.00107,2003,-0.14264565257701567
RGI60-08.00107,2004,-0.44355459655273033
RGI60-08.00107,2005,-0.3489055793225264
RGI60-08.00107,2006,-1.740992411664997
RGI60-08.00107,2007,-0.49031528551950504
RGI60-08.00107,2008,-0.2620481537186572
RGI60-08.00107,2009,-0.890316199464535
RGI60-08.00107,2010,-0.8105343339726779
RGI60-08.00107,2011,-0.1255794427649145
RGI60-08.00107,2012,0.3274105773520448
RGI60-08.00107,2013,-2.4035976203367726
RGI60-08.00107,2014,-2.6766545458631112
RGI60-08.00107,2015,-0.3967860571196713
RGI60-08.00107,2016,-1.471822790351835
RGI60-08.00107,2017,-0.7316766782048483
RGI60-08.00107,2018,-1.8567357272782128
RGI60-08.00107,2019,-1.5710656465627593
RGI60-08.00107,2020,-1.5059892133780344
RGI60-08.00107,2021,-1.4000839385828836
RGI60-08.00107,2022,-2.2496091525791266
RGI60-08.00107,2023,-1.2604207482031087
RGI60-08.00107,2024,-3.206204393971987
RGI60-08.00109,2000,-0.27266904905827344
RGI60-08.00109,2001,-0.9585936553898413
RGI60-08.00109,2002,-1.0114257167692071
RGI60-08.00109,2003,-1.110862216187833
RGI60-08.00109,2004,0.0481136542041074
RGI60-08.00109,2005,-0.43794251961739233
RGI60-08.00109,2006,-1.3099033516590093
RGI60-08.00109,2007,-0.4951657489202963
RGI60-08.00109,2008,-0.06376060191360078
RGI60-08.00109,2009,-0.4457497552003087
RGI60-08.00109,2010,-0.6430299455861288
RGI60-08.00109,2011,-1.1962829197919267
RGI60-08.00109,2012,0.304192259163082
RGI60-08.00109,2013,-1.9324108103192201
RGI60-08.00109,2014,-1.8345962847353867
RGI60-08.00109,2015,-0.29281203151906127
RGI60-08.00109,2016,-0.8041133220543517
RGI60-08.00109,2017,0.059727346903142076
RGI60-08.00109,2018,-0.9165821028094188
RGI60-08.00109,2019,-0.6250332287390715
RGI60-08.00109,2020,-0.5511094940927356
RGI60-08.00109,2021,-0.9238826503589096
RGI60-08.00109,2022,-0.6075076858217104
RGI60-08.00109,2023,-0.7232344133589313
RGI60-08.00109,2024,-2.318819010100611
RGI60-08.00112,2000,0.8013355616211689
RGI60-08.00112,2001,2.4290421997575424
RGI60-08.00112,2002,-2.257246566838094
RGI60-08.00112,2003,0.2542317617276141
RGI60-08.00112,2004,-2.3381692970585917
RGI60-08.00112,2005,0.033762455652312395
RGI60-08.00112,2006,-2.717917064657431
RGI60-08.00112,2007,-0.39871832897304615
RGI60-08.00112,2008,-1.0214738672868235
RGI60-08.00112,2009,-1.5915531497122188
RGI60-08.00112,2010,1.051996404938778
RGI60-08.00112,2011,-1.861176077635697
RGI60-08.00112,2012,-0.18692648789846059
RGI60-08.00112,2013,1.6861229756211071
RGI60-08.00112,2014,-1.733157654728723
RGI60-08.00112,2015,1.0163881837757405
RGI60-08.00112,2016,-0.9359621418131215
RGI60-08.00112,2017,2.731992531647349
RGI60-08.00112,2018,1.3129668984238236
RGI60-08.00112,2019,-1.290038336563232
RGI60-08.00112,2020,-1.04956152440216
RGI60-08.00112,2021,-1.857351580741709
RGI60-08.00112,2022,-0.4032100316220367
RGI60-08.00112,2023,-2.406568186840945
RGI60-08.00112,2024,2.0873824684176547
RGI60-08.00115,2000,0.11833633434317681
RGI60-08.00115,2001,0.16682327696427424
RGI60-08.00115,2002,-0.4009965650528447
RGI60-08.00115,2003,-0.7270966329384148
RGI60-08.00115,2004,0.5475113120916558
RGI60-08.00115,2005,-1.0351909403201898
RGI60-08.00115,2006,-1.9960336990183771
RGI60-08.00115,2007,-0.46241622870879734
RGI60-08.00115,2008,-0.3813057117767805
RGI60-08.00115,2009,-0.6984470171193713
RGI60-08.00115,2010,-0.349247421868677
RGI60-08.00115,2011,-1.287177718180506
RGI60-08.00115,2012,1.179500656339913
RGI60-08.00115,2013,-1.0879278903111174
RGI60-08.00115,2014,-1.7129385623665194
RGI60-08.00115,2015,1.3056442978050096
RGI60-08.00115,2016,-0.6506276277916934
RGI60-08.00115,2017,-0.0029554200164999544
RGI60-08.00115,2018,0.3975656278963954
RGI60-08.00115,2019,-1.006320069970633
RGI60-08.00115,2020,-1.1588617940868908
RGI60-08.00115,2021,-0.25053113388764015
RGI60-08.00115,2022,-1.1839745136226636
RGI60-08.00115,2023,-0.8955062891509793
RGI60-08.00115,2024,-1.618072292148653
RGI60-08.00118,2000,0.09646218529633216
RGI60-08.00118,2001,-0.6089360463519212
RGI60-08.00118,2002,-1.1283359664113815
RGI60-08.00118,2003,-0.9371671741237371
RGI60-08.00118,2004,-0.010377476083570203
RGI60-08.00118,2005,0.23299670591713378
RGI60-08.00118,2006,-1.0065574036007423
RGI60-08.00118,2007,-0.12314315984148555
RGI60-08.00118,2008,-0.1323419796387918
RGI60-08.00118,2009,-0.7845669285428223
RGI60-08.00118,2010,-0.24253227104564357
RGI60-08.00118,2011,-1.2288203914102975
RGI60-08.00118,2012,0.7177951115717667
RGI60-08.00118,2013,-1.0494486144099908
RGI60-08.00118,2014,-1.2705646299468007
RGI60-08.00118,2015,0.12130082428045125
RGI60-08.00118,2016,-0.10489345769808217
RGI60-08.00118,2017,-0.5834700072645361
RGI60-08.00118,2018,-0.2107325721299351
RGI60-08.00118,2019,-0.4826667485659554
RGI60-08.00118,2020,-0.14643898745368256
RGI60-08.00118,2021,-0.7880111061286146
RGI60-08.00118,2022,-0.040154670962957995
RGI60-08.00118,2023,-0.5100293575254805
RGI60-08.00118,2024,-2.0458101393663757
RGI60-08.00121,2000,1.4045610748291444
RGI60-08.00121,2001,-0.49597811100674544
RGI60-08.00121,2002,-0.9956584227324933
RGI60-08.00121,2003,-1.543596109351295
RGI60-08.00121,2004,-0.7804883962318703
RGI60-08.00121,2005,0.13860449930922425
RGI60-08.00121,2006,-1.863897593883217
RGI60-08.00121,2007,-1.260524416556487
RGI60-08.00121,2008,-0.6198639029799988
RGI60-08.00121,2009,-0.4793434012816512
RGI60-08.00121,2010,-0.4899899124194747
RGI60-08.00121,2011,-2.159752637324639
RGI60-08.00121,2012,0.7770221624925783
RGI60-08.00121,2013,-0.8826127850598567
RGI60-08.00121,2014,-2.509198381277756
RGI60-08.00121,2015,-0.6726187626951363
RGI60-08.00121,2016,-1.8697585309163407
RGI60-08.00121,2017,-0.7439275553556345
RGI60-08.00121,2018,-0.14674460466171912
RGI60-08.00121,2019,-0.9054342128966117
RGI60-08.00121,2020,0.04157600718195231
RGI60-08.00121,2021,-0.38132712938129265
RGI60-08.00121,2022,-1.4163923367201827
RGI60-08.00121,2023,-1.077677520448113
RGI60-08.00121,2024,-1.3191186833013435
RGI60-08.00122,2000,0.195787361738877
RGI60-08.00122,2001,-0.5368815805334557
RGI60-08.00122,2002,-1.8426115190386783
RGI60-08.00122,2003,-0.627553733865452
RGI60-08.00122,2004,0.11973729698649005
RGI60-08.00122,2005,-0.7172399031601633
RGI60-08.00122,2006,-2.6786819446128822
RGI60-08.00122,2007,-0.36022525721991805
RGI60-08.00122,2008,-0.8092710537638576
RGI60-08.00122,2009,-1.0491088814246028
RGI60-08.00122,2010,-0.9199987819403738
RGI60-08.00122,2011,-1.8103991628968767
RGI60-08.00122,2012,0.4922068571032572
RGI60-08.00122,2013,-1.3733596084672495
RGI60-08.00122,2014,-1.0756082498237347
RGI60-08.00122,2015,-0.38308300256110717
RGI60-08.00122,2016,-1.3722894969402057
RGI60-08.00122,2017,-0.9226866520196905
RGI60-08.00122,2018,-1.5945546012623533
RGI60-08.00122,2019,-1.2576780862980226
RGI60-08.00122,2020,-0.9318943419002929
RGI60-08.00122,2021,-1.2453631426661034
RGI60-08.00122,2022,-0.8624737317574497
RGI60-08.00122,2023,-1.6258663415437686
RGI60-08.00122,2024,-1.303048295014155
RGI60-08.00125,2000,-0.11297601035884774
RGI60-08.00125,2001,1.6221834586030752
RGI60-08.00125,2002,-2.2619958239194347
RGI60-08.00125,2003,-2.39336369051908
RGI60-08.00125,2004,0.3027537775517448
RGI60-08.00125,2005,-0.8177659873159966
RGI60-08.00125,2006,-1.8972486881870119
RGI60-08.00125,2007,0.7038264274954462
RGI60-08.00125,2008,-0.7810479828889008
RGI60-08.00125,2009,-0.5961049815878527
RGI60-08.00125,2010,-0.8098324626048878
RGI60-08.00125,2011,-2.0023330255533995
RGI60-08.00125,2012,1.2066647298844035
RGI60-08.00125,2013,-2.368167915297838
RGI60-08.00125,2014,-2.0334702062258287
RGI60-08.00125,2015,0.0029963896682816404
RGI60-08.00125,2016,-0.979963191921765
RGI60-08.00125,2017,-0.5145652801240368
RGI60-08.00125,2018,-1.134965401583219
RGI60-08.00125,2019,-1.1080241351148428
RGI60-08.00125,2020,-1.490074102064665
RGI60-08.00125,2021,-0.29058750795899846
RGI60-08.00125,2022,-0.9593363674607754
RGI60-08.00125,2023,-1.1887722302406734
RGI60-08.00125,2024,0.8201657372182374
RGI60-08.00126,2000,0.664499537749631
RGI60-08.00126,2001,-0.5060121909798108
RGI60-08.00126,2002,-1.353878752768658
RGI60-08.00126,2003,-1.9180233084444458
RGI60-08.00126,2004,-0.5390112695032909
RGI60-08.00126,2005,1.0420674559333067
RGI60-08.00126,2006,-2.599011875169812
RGI60-08.00126,2007,-0.7714096230162035
RGI60-08.00126,2008,-1.0932167284950838
RGI60-08.00126,2009,-1.1619524833555612
RGI60-08.00126,2010,-1.1019360300660919
RGI60-08.00126,2011,-1.805978042696168
RGI60-08.00126,2012,0.46010610318710854
RGI60-08.00126,2013,-2.095076261428865
RGI60-08.00126,2014,-1.5952915105072096
RGI60-08.00126,2015,-0.2077948685152986
RGI60-08.00126,2016,-1.8600343611142702
RGI60-08.00126,2017,-1.3573599695694984
RGI60-08.00126,2018,-0.6246533396462015
RGI60-08.00126,2019,-2.248832481593579
RGI60-08.00126,2020,-1.320322650553856
RGI60-08.00126,2021,-0.7193620732526
RGI60-08.00126,2022,-1.24885067773514
RGI60-08.00126,2023,-1.1382236425033385
RGI60-08.00126,2024,-3.3367215200289513
RGI60-08.00127,2000,-0.11796584752162087
RGI60-08.00127,2001,1.8142695511151619
RGI60-08.00127,2002,-2.251773026180326
RGI60-08.00127,2003,-1.702194612246455
RGI60-08.00127,2004,-0.5720104138490267
RGI60-08.00127,2005,-0.25887883153180974
RGI60-08.00127,2006,-0.7280928333636142
RGI60-08.00127,2007,-1.1229494214179225
RGI60-08.00127,2008,0.009609292831296301
RGI60-08.00127,2009,-0.8656722422063868
RGI60-08.00127,2010,1.201171344456667
RGI60-08.00127,2011,-4.377698219649959
RGI60-08.00127,2012,-0.017518144025785776
RGI60-08.00127,2013,-1.0509389275742131
RGI60-08.00127,2014,-2.4167883967591823
RGI60-08.00127,2015,0.7817085629243277
RGI60-08.00127,2016,-0.25821249856215633
RGI60-08.00127,2017,0.7040776040542147
RGI60-08.00127,2018,-0.7265063759022716
RGI60-08.00127,2019,-1.235036564590942
RGI60-08.00127,2020,1.5985759310253713
RGI60-08.00127,2021,-1.5176278376957173
RGI60-08.00127,2022,-1.9754600951457424
RGI60-08.00127,2023,-2.8222135257132006
RGI60-08.00127,2024,-3.9952049963718315
RGI60-08.00128,2000,-0.6129769667237582
RGI60-08.00128,2001,-0.5211972766582615
RGI60-08.00128,2002,-1.0699855637913158
RGI60-08.00128,2003,-1.1169292210797173
RGI60-08.00128,2004,-1.3540460566568313
RGI60-08.00128,2005,-0.7083613509175603
RGI60-08.00128,2006,-1.4525116302596675
RGI60-08.00128,2007,0.3620609004113593
RGI60-08.00128,2008,-0.30261370311486546
RGI60-08.00128,2009,-0.9806076571360056
RGI60-08.00128,2010,-0.7074770050982714
RGI60-08.00128,2011,-2.0323966493326067
RGI60-08.00128,2012,0.8882381233599295
RGI60-08.00128,2013,-1.240436915147298
RGI60-08.00128,2014,-1.4715805636421484
RGI60-08.00128,2015,0.12133397438835924
RGI60-08.00128,2016,-0.605820963760924
RGI60-08.00128,2017,-0.41730373467323506
RGI60-08.00128,2018,-0.3493464607845494
RGI60-08.00128,2019,-0.9181412793826303
RGI60-08.00128,2020,-0.07945318042932192
RGI60-08.00128,2021,-1.1144463692126911
RGI60-08.00128,2022,-0.646019349425317
RGI60-08.00128,2023,-1.1971107959091263
RGI60-08.00128,2024,-1.8265314302694418
RGI60-08.00131,2000,1.4693177239365012
RGI60-08.00131,2001,0.8366000016668186
RGI60-08.00131,2002,-2.069775975003977
RGI60-08.00131,2003,-0.8924098639825956
RGI60-08.00131,2004,0.3535146284366666
RGI60-08.00131,2005,1.4577638958646375
RGI60-08.00131,2006,-1.1982031491628096
RGI60-08.00131,2007,0.9551828283245131
RGI60-08.00131,2008,-0.348283770755048
RGI60-08.00131,2009,-0.4888381556396178
RGI60-08.00131,2010,-0.2187367022753904
RGI60-08.00131,2011,-0.4099791084736673
RGI60-08.00131,2012,-0.47092034076232
RGI60-08.00131,2013,-2.9208120019446535
RGI60-08.00131,2014,-1.406165423057018
RGI60-08.00131,2015,-0.20633722557529433
RGI60-08.00131,2016,-1.4205451724057874
RGI60-08.00131,2017,0.09208962868728943
RGI60-08.00131,2018,-1.8411345101480916
RGI60-08.00131,2019,-0.13912730773014842
RGI60-08.00131,2020,-1.1710216930885422
RGI60-08.00131,2021,-1.1837006854679282
RGI60-08.00131,2022,-1.5056754608880052
RGI60-08.00131,2023,-0.7982432533309194
RGI60-08.00131,2024,-1.832325312424191
RGI60-08.00132,2000,0.10283523810802253
RGI60-08.00132,2001,-0.5099548870066515
RGI60-08.00132,2002,-1.1950031132480823
RGI60-08.00132,2003,-0.9057570440818508
RGI60-08.00132,2004,0.037503836144077374
RGI60-08.00132,2005,-0.37507223121438893
RGI60-08.00132,2006,-1.2666378877676718
RGI60-08.00132,2007,0.16103491506133893
RGI60-08.00132,2008,-0.5105063319587824
RGI60-08.00132,2009,-0.9032628475230395
RGI60-08.00132,2010,-0.8657512832132448
RGI60-08.00132,2011,-1.8316571521067264
RGI60-08.00132,2012,0.6459788731816782
RGI60-08.00132,2013,-0.9264853377572252
RGI60-08.00132,2014,-1.360609215988972
RGI60-08.00132,2015,0.1495490951667604
RGI60-08.00132,2016,-0.788629654818559
RGI60-08.00132,2017,-0.04561677050334656
RGI60-08.00132,2018,-0.10098568532977059
RGI60-08.00132,2019,-0.35017251514356895
RGI60-08.00132,2020,0.35800500521389045
RGI60-08.00132,2021,-0.5005059269766143
RGI60-08.00132,2022,-0.5229694774992903
RGI60-08.00132,2023,-0.8547633758758124
RGI60-08.00132,2024,-1.8256029828096383
RGI60-08.00134,2000,-0.4566481195227705
RGI60-08.00134,2001,-0.6251268079805801
RGI60-08.00134,2002,-1.304344595665633
RGI60-08.00134,2003,-1.716047570551444
RGI60-08.00134,2004,-1.2221359275640875
RGI60-08.00134,2005,-0.3038250765974313
RGI60-08.00134,2006,-1.434486345691004
RGI60-08.00134,2007,0.15656814457907275
RGI60-08.00134,2008,-0.13644921907771912
RGI60-08.00134,2009,-0.5854532047735259
RGI60-08.00134,2010,-0.388057028144051
RGI60-08.00134,2011,-2.0197658209988654
RGI60-08.00134,2012,0.8381861477790683
RGI60-08.00134,2013,-1.3676592081466614
RGI60-08.00134,2014,-1.6646713896883518
RGI60-08.00134,2015,-0.1285075092711263
RGI60-08.00134,2016,-1.5497602889243034
RGI60-08.00134,2017,-0.6841084680488432
RGI60-08.00134,2018,-0.8069197573858581
RGI60-08.00134,2019,-0.7810879543258886
RGI60-08.00134,2020,-0.499723223117257
RGI60-08.00134,2021,-1.1809332930481444
RGI60-08.00134,2022,-0.8500102921955552
RGI60-08.00134,2023,-1.5485462947262332
RGI60-08.00134,2024,-2.679604943790426
RGI60-08.00136,2000,0.9321290696387888
RGI60-08.00136,2001,0.4911625035650625
RGI60-08.00136,2002,-1.0146118650588964
RGI60-08.00136,2003,-1.2762819706956994
RGI60-08.00136,2004,-0.35465030470794245
RGI60-08.00136,2005,-0.4917582539672074
RGI60-08.00136,2006,-1.2173864020670206
RGI60-08.00136,2007,-0.2792103572878924
RGI60-08.00136,2008,-0.31954572114135493
RGI60-08.00136,2009,-0.9942775314255152
RGI60-08.00136,2010,-0.8527841864371448
RGI60-08.00136,2011,-1.175286033104621
RGI60-08.00136,2012,0.3876758569650034
RGI60-08.00136,2013,-1.6201314885714337
RGI60-08.00136,2014,-1.7638766333185911
RGI60-08.00136,2015,0.02176984913675606
RGI60-08.00136,2016,-0.8269150032104324
RGI60-08.00136,2017,-0.1336466223243289
RGI60-08.00136,2018,-0.8247849774593008
RGI60-08.00136,2019,-0.4447899285282307
RGI60-08.00136,2020,-0.6473183948278683
RGI60-08.00136,2021,-0.452960620312659
RGI60-08.00136,2022,-0.10662456600353087
RGI60-08.00136,2023,-0.6123101893187407
RGI60-08.00136,2024,-0.008688271110113055
RGI60-08.00137,2000,0.059144093403107445
RGI60-08.00137,2001,-0.9603337534927239
RGI60-08.00137,2002,-1.3335083604783469
RGI60-08.00137,2003,-1.5925436281994645
RGI60-08.00137,2004,0.2767336122449915
RGI60-08.00137,2005,-0.3124830516185054
RGI60-08.00137,2006,-1.9593281059061676
RGI60-08.00137,2007,0.04464262496774496
RGI60-08.00137,2008,-0.3952203948323927
RGI60-08.00137,2009,-1.7516982281333235
RGI60-08.00137,2010,-0.3397208797648864
RGI60-08.00137,2011,-2.305286328031614
RGI60-08.00137,2012,1.0920698919811862
RGI60-08.00137,2013,-1.7977426034399513
RGI60-08.00137,2014,-2.256124332170651
RGI60-08.00137,2015,0.27167141954193674
RGI60-08.00137,2016,-1.2585982992511027
RGI60-08.00137,2017,-0.129101849850775
RGI60-08.00137,2018,-2.116093272897523
RGI60-08.00137,2019,-0.7232785540715532
RGI60-08.00137,2020,0.36920143648620884
RGI60-08.00137,2021,-0.22597104382108835
RGI60-08.00137,2022,-1.0966473918705633
RGI60-08.00137,2023,-0.9212070965986019
RGI60-08.00137,2024,-3.0364424852249794
RGI60-08.00141,2000,-0.5132509940666777
RGI60-08.00141,2001,-0.30858362337356615
RGI60-08.00141,2002,-0.6504934660902684
RGI60-08.00141,2003,0.035135719463245396
RGI60-08.00141,2004,-0.9884580938545515
RGI60-08.00141,2005,0.20289372225399982
RGI60-08.00141,2006,-0.7817682866375484
RGI60-08.00141,2007,0.574510828064033
RGI60-08.00141,2008,-0.43304618879797385
RGI60-08.00141,2009,-0.10936016572247514
RGI60-08.00141,2010,0.007789933174401853
RGI60-08.00141,2011,-0.8910948699410142
RGI60-08.00141,2012,0.7799952182910248
RGI60-08.00141,2013,-0.9433160659043065
RGI60-08.00141,2014,-0.6926817389842586
RGI60-08.00141,2015,0.1377858820860962
RGI60-08.00141,2016,-0.2695412517225684
RGI60-08.00141,2017,-0.36476694289072964
RGI60-08.00141,2018,-0.031605240350700003
RGI60-08.00141,2019,-0.5839443749961692
RGI60-08.00141,2020,0.1055704932879209
RGI60-08.00141,2021,-1.0321930285839365
RGI60-08.00141,2022,-0.9228827395507608
RGI60-08.00141,2023,0.16163582733346094
RGI60-08.00141,2024,-1.9722296184352544
RGI60-08.00146,2000,0.21463850113292526
RGI60-08.00146,2001,-0.6334447229818438
RGI60-08.00146,2002,-1.5329597986863601
RGI60-08.00146,2003,-1.678893096282735
RGI60-08.00146,2004,-1.002880890839106
RGI60-08.00146,2005,-0.8540975243925047
RGI60-08.00146,2006,-1.9877178749983828
RGI60-08.00146,2007,-0.32562624110883676
RGI60-08.00146,2008,-0.8260133419495146
RGI60-08.00146,2009,-0.9988292785177101
RGI60-08.00146,2010,-0.5115617104619334
RGI60-08.00146,2011,-2.3220590586590957
RGI60-08.00146,2012,0.37197518931473916
RGI60-08.00146,2013,-2.140567491291197
RGI60-08.00146,2014,-1.9047470695488342
RGI60-08.00146,2015,-0.09805142119051324
RGI60-08.00146,2016,-1.0393840392211067
RGI60-08.00146,2017,-0.7029624021766625
RGI60-08.00146,2018,-0.4954537729756116
RGI60-08.00146,2019,-1.0860639551657238
RGI60-08.00146,2020,-0.1908498157075037
RGI60-08.00146,2021,-0.8937849127983126
RGI60-08.00146,2022,-1.0660167711716975
RGI60-08.00146,2023,-1.4109416335421316
RGI60-08.00146,2024,-1.9318972872499978
RGI60-08.00147,2000,-0.2540626391644518
RGI60-08.00147,2001,-0.0471183298076715
RGI60-08.00147,2002,-1.7248818859406008
RGI60-08.00147,2003,-1.0668583631184847
RGI60-08.00147,2004,-0.6577346700786211
RGI60-08.00147,2005,-1.2454125179003557
RGI60-08.00147,2006,-1.6591962679518737
RGI60-08.00147,2007,-0.11405710234813216
RGI60-08.00147,2008,-0.3286266221424495
RGI60-08.00147,2009,-0.6156041985238689
RGI60-08.00147,2010,-0.8079251229816747
RGI60-08.00147,2011,-1.211219896823522
RGI60-08.00147,2012,0.2571602075702045
RGI60-08.00147,2013,-1.4929726775356493
RGI60-08.00147,2014,-1.4565025583017157
RGI60-08.00147,2015,-0.28084493118569553
RGI60-08.00147,2016,-0.6318460189876243
RGI60-08.00147,2017,-0.5551216615366811
RGI60-08.00147,2018,-0.4960633656652886
RGI60-08.00147,2019,-1.0101113775758541
RGI60-08.00147,2020,-0.48887616160654584
RGI60-08.00147,2021,-1.0779483326744135
RGI60-08.00147,2022,-1.3547640006926556
RGI60-08.00147,2023,-1.358161995722114
RGI60-08.00147,2024,-2.7148229659236147
RGI60-08.00153,2000,-1.2503904498120204
RGI60-08.00153,2001,1.3911808730752881
RGI60-08.00153,2002,-1.5323435948336241
RGI60-08.00153,2003,-1.4959268297933042
RGI60-08.00153,2004,-0.8033949241567324
RGI60-08.00153,2005,-0.07611194752791445
RGI60-08.00153,2006,-1.136035825869742
RGI60-08.00153,2007,0.500376528536159
RGI60-08.00153,2008,-0.38082983966074874
RGI60-08.00153,2009,-1.0649500484276002
RGI60-08.00153,2010,-1.0250176428937066
RGI60-08.00153,2011,-1.419111752677451
RGI60-08.00153,2012,-0.05643837722290557
RGI60-08.00153,2013,-0.4626580466714632
RGI60-08.00153,2014,-1.2003529948389955
RGI60-08.00153,2015,0.7792522671471793
RGI60-08.00153,2016,-0.6747854285133104
RGI60-08.00153,2017,0.5791945616137268
RGI60-08.00153,2018,0.46484347092089545
RGI60-08.00153,2019,-0.16229999839374154
RGI60-08.00153,2020,-0.21380319850012178
RGI60-08.00153,2021,-0.6663135265291046
RGI60-08.00153,2022,-0.511229080095445
RGI60-08.00153,2023,-0.7021714953461656
RGI60-08.00153,2024,-2.3234440108477905
RGI60-08.00154,2000,-0.6776264748900792
RGI60-08.00154,2001,-0.6418105482554182
RGI60-08.00154,2002,-0.9881421224069625
RGI60-08.00154,2003,-1.2698908870441206
RGI60-08.00154,2004,-0.7810652530707253
RGI60-08.00154,2005,-0.3182253526095701
RGI60-08.00154,2006,-1.481631266731381
RGI60-08.00154,2007,-0.5061416248331498
RGI60-08.00154,2008,-0.42067092050558824
RGI60-08.00154,2009,-0.7958318913790252
RGI60-08.00154,2010,-0.82745247897867
RGI60-08.00154,2011,-1.6534562378852304
RGI60-08.00154,2012,0.3834811001157479
RGI60-08.00154,2013,-1.4631730478813885
RGI60-08.00154,2014,-1.3463789593737197
RGI60-08.00154,2015,-0.0682478606561161
RGI60-08.00154,2016,-1.2775899771708294
RGI60-08.00154,2017,-0.7064798030002278
RGI60-08.00154,2018,-0.5683838988791404
RGI60-08.00154,2019,-1.1509824945644034
RGI60-08.00154,2020,-0.36558549734470497
RGI60-08.00154,2021,-1.542255218105704
RGI60-08.00154,2022,-0.9249087836127418
RGI60-08.00154,2023,-1.153596988576947
RGI60-08.00154,2024,-2.441690125449178
RGI60-08.00155,2000,-1.008126013340369
RGI60-08.00155,2001,-0.6508709311390817
RGI60-08.00155,2002,-0.7734347166934024
RGI60-08.00155,2003,0.45266244999126004
RGI60-08.00155,2004,-0.7246546824569382
RGI60-08.00155,2005,-0.050733419494486065
RGI60-08.00155,2006,-1.5146473628239858
RGI60-08.00155,2007,0.7617718870036445
RGI60-08.00155,2008,-0.7041650249683595
RGI60-08.00155,2009,0.050331220162594975
RGI60-08.00155,2010,-0.5440107654494021
RGI60-08.00155,2011,-2.617488542024231
RGI60-08.00155,2012,0.7791212947648434
RGI60-08.00155,2013,1.4587151965731395
RGI60-08.00155,2014,-0.8912470945071382
RGI60-08.00155,2015,0.6019522024538386
RGI60-08.00155,2016,0.1598165891541504
RGI60-08.00155,2017,-0.07212044885846683
RGI60-08.00155,2018,1.8083779594043832
RGI60-08.00155,2019,-0.628049797751997
RGI60-08.00155,2020,0.8207216864797858
RGI60-08.00155,2021,0.6322385034571144
RGI60-08.00155,2022,-1.0335466043290336
RGI60-08.00155,2023,-1.978293785336967
RGI60-08.00155,2024,1.6720996622529114
RGI60-08.00156,2000,-0.8620761161750676
RGI60-08.00156,2001,0.329222991246111
RGI60-08.00156,2002,-1.3170142642221665
RGI60-08.00156,2003,-1.4580987828437504
RGI60-08.00156,2004,-0.9683064866339542
RGI60-08.00156,2005,-0.08015799441563021
RGI60-08.00156,2006,-1.7726884883753296
RGI60-08.00156,2007,-0.19886562404314312
RGI60-08.00156,2008,-0.5675431287948258
RGI60-08.00156,2009,-0.5323205203977954
RGI60-08.00156,2010,-1.0937279917257483
RGI60-08.00156,2011,-1.3353337756168486
RGI60-08.00156,2012,0.5776856858110851
RGI60-08.00156,2013,-1.4033297268959306
RGI60-08.00156,2014,-1.1662413052613958
RGI60-08.00156,2015,-0.11149263154576194
RGI60-08.00156,2016,-0.8407443323454552
RGI60-08.00156,2017,-0.8929863650241044
RGI60-08.00156,2018,-0.9769575202684215
RGI60-08.00156,2019,-0.8616236224718681
RGI60-08.00156,2020,-0.16428657816828318
RGI60-08.00156,2021,-1.3961997571084295
RGI60-08.00156,2022,-1.0518911909768065
RGI60-08.00156,2023,-0.8333349243014296
RGI60-08.00156,2024,-0.7322636023018845
RGI60-08.00157,2000,-0.06129582289579233
RGI60-08.00157,2001,1.1373815494018393
RGI60-08.00157,2002,-2.2808116461955894
RGI60-08.00157,2003,1.6373536067722518
RGI60-08.00157,2004,-0.7330092693649264
RGI60-08.00157,2005,-0.13842554098216048
RGI60-08.00157,2006,-0.9167464710413997
RGI60-08.00157,2007,-0.23343921450655486
RGI60-08.00157,2008,-0.7961827939424588
RGI60-08.00157,2009,-0.941678709383359
RGI60-08.00157,2010,-0.20176389497878922
RGI60-08.00157,2011,-4.105016876481651
RGI60-08.00157,2012,0.8879594495081495
RGI60-08.00157,2013,-0.5887516534801782
RGI60-08.00157,2014,-1.3871259288149342
RGI60-08.00157,2015,0.5317592343010888
RGI60-08.00157,2016,0.057214204806086966
RGI60-08.00157,2017,0.15459934294769867
RGI60-08.00157,2018,2.699552001902615
RGI60-08.00157,2019,-2.565871567571943
RGI60-08.00157,2020,0.33112222225632765
RGI60-08.00157,2021,-0.7445090427369605
RGI60-08.00157,2022,-0.590014461071948
RGI60-08.00157,2023,-1.5953774928017226
RGI60-08.00157,2024,2.6477334103309427
RGI60-08.00158,2000,0.08917877255023698
RGI60-08.00158,2001,1.4615487500091113
RGI60-08.00158,2002,-1.1883268005285728
RGI60-08.00158,2003,0.03482891927720533
RGI60-08.00158,2004,-1.64778191578452
RGI60-08.00158,2005,-1.1125315548278114
RGI60-08.00158,2006,-1.0722903620332955
RGI60-08.00158,2007,-0.017395669607133235
RGI60-08.00158,2008,-1.3808885111105051
RGI60-08.00158,2009,-0.9420995575612695
RGI60-08.00158,2010,0.2250537000242221
RGI60-08.00158,2011,-2.2195284912249695
RGI60-08.00158,2012,0.4412144918622378
RGI60-08.00158,2013,-1.0670201007124196
RGI60-08.00158,2014,-1.787063609771189
RGI60-08.00158,2015,-0.5834620058758674
RGI60-08.00158,2016,-0.8478258444733595
RGI60-08.00158,2017,-0.5785120635353684
RGI60-08.00158,2018,-1.1893530302451012
RGI60-08.00158,2019,-0.01654511643163159
RGI60-08.00158,2020,-1.0925239138138954
RGI60-08.00158,2021,-0.42037770817682946
RGI60-08.00158,2022,-0.5425971150273473
RGI60-08.00158,2023,-1.5686494953476318
RGI60-08.00158,2024,0.28982325465546144
RGI60-08.00161,2000,-1.381180926543834
RGI60-08.00161,2001,-1.3870762461717125
RGI60-08.00161,2002,-1.2799057583862459
RGI60-08.00161,2003,-2.0268791573344984
RGI60-08.00161,2004,-1.698434569884136
RGI60-08.00161,2005,-1.011599048457756
RGI60-08.00161,2006,-1.902021636640419
RGI60-08.00161,2007,0.1659197687545908
RGI60-08.00161,2008,-0.4026163747511017
RGI60-08.00161,2009,-1.1931184858224309
RGI60-08.00161,2010,-0.9483155466846904
RGI60-08.00161,2011,-3.0256661031779846
RGI60-08.00161,2012,0.3431460498175207
RGI60-08.00161,2013,-1.1233132644667674
RGI60-08.00161,2014,-1.7922712958339415
RGI60-08.00161,2015,-0.4537336756378063
RGI60-08.00161,2016,-1.4843354198998044
RGI60-08.00161,2017,-0.2794439513209388
RGI60-08.00161,2018,-1.066382143479303
RGI60-08.00161,2019,-1.3655722140787356
RGI60-08.00161,2020,-0.5800135188826846
RGI60-08.00161,2021,-1.147092185546194
RGI60-08.00161,2022,-0.7992383072562759
RGI60-08.00161,2023,-1.6225406531292879
RGI60-08.00161,2024,-2.807368754635838
RGI60-08.00162,2000,0.4543393490155805
RGI60-08.00162,2001,1.4349843378646008
RGI60-08.00162,2002,-0.5373313745297609
RGI60-08.00162,2003,-0.07099690157484395
RGI60-08.00162,2004,0.6269467843972351
RGI60-08.00162,2005,-2.3779821534554166
RGI60-08.00162,2006,-2.0145241796954205
RGI60-08.00162,2007,0.18400469520127283
RGI60-08.00162,2008,-0.20207801630544864
RGI60-08.00162,2009,1.9484295386017276
RGI60-08.00162,2010,-0.011224966585575036
RGI60-08.00162,2011,-2.0101927226065652
RGI60-08.00162,2012,-0.16335761841815027
RGI60-08.00162,2013,-2.298792949064549
RGI60-08.00162,2014,-1.4501601049257395
RGI60-08.00162,2015,-0.7818786593079361
RGI60-08.00162,2016,-0.34284498300445365
RGI60-08.00162,2017,0.2242805612054225
RGI60-08.00162,2018,-1.3206787441811587
RGI60-08.00162,2019,-0.06654189263080501
RGI60-08.00162,2020,-1.2589208098927673
RGI60-08.00162,2021,1.2175532428500002
RGI60-08.00162,2022,-0.3801821861819245
RGI60-08.00162,2023,-0.16273177012182227
RGI60-08.00162,2024,-0.4268670106711692
RGI60-08.00163,2000,-0.4396778690189855
RGI60-08.00163,2001,-0.5968653765020033
RGI60-08.00163,2002,-0.9238042379578864
RGI60-08.00163,2003,-1.028741406736969
RGI60-08.00163,2004,-0.24184543303252604
RGI60-08.00163,2005,0.556491368410007
RGI60-08.00163,2006,-1.2793542147043833
RGI60-08.00163,2007,1.2887669363385224
RGI60-08.00163,2008,2.3221138601317333
RGI60-08.00163,2009,0.31318145289595983
RGI60-08.00163,2010,-0.23158807606829995
RGI60-08.00163,2011,-1.09462637053392
RGI60-08.00163,2012,0.496569948692098
RGI60-08.00163,2013,-0.16862176833071213
RGI60-08.00163,2014,-0.6094544087490319
RGI60-08.00163,2015,0.6528324831699546
RGI60-08.00163,2016,-0.42291908369573616
RGI60-08.00163,2017,0.09386224486455778
RGI60-08.00163,2018,0.2590423543293756
RGI60-08.00163,2019,-1.015362403501751
RGI60-08.00163,2020,-0.5970287790812536
RGI60-08.00163,2021,-0.6520582963994418
RGI60-08.00163,2022,-0.2189131120203034
RGI60-08.00163,2023,-1.0093595349172315
RGI60-08.00163,2024,-1.37946141024135
RGI60-08.00170,2000,-1.1095127052920413
RGI60-08.00170,2001,-1.3857601780400306
RGI60-08.00170,2002,-1.5499347812671513
RGI60-08.00170,2003,0.04178381693529054
RGI60-08.00170,2004,-0.27791614657888136
RGI60-08.00170,2005,-0.6116171953068164
RGI60-08.00170,2006,-1.8269570328483464
RGI60-08.00170,2007,-0.22090827439628122
RGI60-08.00170,2008,-0.9942442896696219
RGI60-08.00170,2009,-0.8189507219724917
RGI60-08.00170,2010,-0.9264419724903588
RGI60-08.00170,2011,2.958036663027081
RGI60-08.00170,2012,0.043835928277732306
RGI60-08.00170,2013,0.9763813846701471
RGI60-08.00170,2014,-1.0449636684396957
RGI60-08.00170,2015,0.0748386443729977
RGI60-08.00170,2016,-0.4002709453888457
RGI60-08.00170,2017,-0.7264520141325254
RGI60-08.00170,2018,-0.67499240725277
RGI60-08.00170,2019,-0.7317541042073803
RGI60-08.00170,2020,-1.1461373710333804
RGI60-08.00170,2021,-1.527238524242355
RGI60-08.00170,2022,0.6642549919303103
RGI60-08.00170,2023,-1.427848052981176
RGI60-08.00170,2024,-1.6637420470112145
RGI60-08.00173,2000,0.6175851197840366
RGI60-08.00173,2001,0.010085803650807468
RGI60-08.00173,2002,-0.21585334442724083
RGI60-08.00173,2003,-0.828316839369053
RGI60-08.00173,2004,-0.10679870530774487
RGI60-08.00173,2005,-0.45851397482715855
RGI60-08.00173,2006,-1.1090461931044775
RGI60-08.00173,2007,0.16222202388537
RGI60-08.00173,2008,0.036857128028170705
RGI60-08.00173,2009,0.028221622080366215
RGI60-08.00173,2010,0.10741618368365247
RGI60-08.00173,2011,-0.9613809004960647
RGI60-08.00173,2012,0.9482709373257726
RGI60-08.00173,2013,-1.1048209247032155
RGI60-08.00173,2014,-1.5025857316689955
RGI60-08.00173,2015,0.33329217288080637
RGI60-08.00173,2016,0.04504104510900339
RGI60-08.00173,2017,-0.406278354349446
RGI60-08.00173,2018,0.47540196676639546
RGI60-08.00173,2019,0.602500965059008
RGI60-08.00173,2020,1.2993062932016115
RGI60-08.00173,2021,-0.5257742996860382
RGI60-08.00173,2022,0.07166714560925525
RGI60-08.00173,2023,-0.7733823929229267
RGI60-08.00173,2024,-0.7064884107342312
RGI60-08.00175,2000,0.20563430510565184
RGI60-08.00175,2001,-1.4188927708548893
RGI60-08.00175,2002,-1.059812756841615
RGI60-08.00175,2003,-1.4971612027864976
RGI60-08.00175,2004,0.41851693300781334
RGI60-08.00175,2005,-0.3983336407142858
RGI60-08.00175,2006,-0.9750889439509757
RGI60-08.00175,2007,0.466617861923062
RGI60-08.00175,2008,-0.018666526671808403
RGI60-08.00175,2009,1.9708832150642732
RGI60-08.00175,2010,0.7925794011692439
RGI60-08.00175,2011,-1.670410996086551
RGI60-08.00175,2012,0.9043860924071953
RGI60-08.00175,2013,-1.7890727461172329
RGI60-08.00175,2014,-1.946072809513887
RGI60-08.00175,2015,-0.0760680615113748
RGI60-08.00175,2016,-1.0151114597945692
RGI60-08.00175,2017,-0.2659121431772109
RGI60-08.00175,2018,-0.736908721755926
RGI60-08.00175,2019,-0.41500502890041263
RGI60-08.00175,2020,-0.07310848021533445
RGI60-08.00175,2021,0.6247972252361808
RGI60-08.00175,2022,-1.3321324592009152
RGI60-08.00175,2023,-1.5064998189770034
RGI60-08.00175,2024,-3.1569742383370367
RGI60-08.00183,2000,1.224040794472488
RGI60-08.00183,2001,0.4178994443629126
RGI60-08.00183,2002,-2.286498964882343
RGI60-08.00183,2003,-1.0920281473588274
RGI60-08.00183,2004,-0.5262268069572319
RGI60-08.00183,2005,-0.2941086020476801
RGI60-08.00183,2006,-1.8024808458629749
RGI60-08.00183,2007,-0.12377156880149337
RGI60-08.00183,2008,-0.1778986560810905
RGI60-08.00183,2009,-0.2971937787500426
RGI60-08.00183,2010,-0.8979866226061213
RGI60-08.00183,2011,-0.8946660405225284
RGI60-08.00183,2012,0.06808208782519543
RGI60-08.00183,2013,0.6925519607318873
RGI60-08.00183,2014,0.8830927914593285
RGI60-08.00183,2015,-0.6249664636753378
RGI60-08.00183,2016,-1.212101077381682
RGI60-08.00183,2017,-0.899640601382875
RGI60-08.00183,2018,-1.5483967571668777
RGI60-08.00183,2019,-1.1745021453747113
RGI60-08.00183,2020,1.0152919535979588
RGI60-08.00183,2021,0.22929463085430157
RGI60-08.00183,2022,-0.9965727627011776
RGI60-08.00183,2023,1.1173495907538928
RGI60-08.00183,2024,0.60576060065364
RGI60-08.00184,2000,-0.4396069628916439
RGI60-08.00184,2001,-0.8315779850950115
RGI60-08.00184,2002,-1.5970361646536355
RGI60-08.00184,2003,-0.9579626964042308
RGI60-08.00184,2004,-0.4845144871718029
RGI60-08.00184,2005,-1.1109522491927513
RGI60-08.00184,2006,-1.3500692624813417
RGI60-08.00184,2007,-0.34794991462253355
RGI60-08.00184,2008,-0.4254153798018592
RGI60-08.00184,2009,-1.4618314605017837
RGI60-08.00184,2010,-1.3874056242797503
RGI60-08.00184,2011,-2.1869138183827603
RGI60-08.00184,2012,-0.09225290013204324
RGI60-08.00184,2013,-2.090446477685684
RGI60-08.00184,2014,-1.2913465126669472
RGI60-08.00184,2015,-0.6273572591157712
RGI60-08.00184,2016,-1.0497794074115283
RGI60-08.00184,2017,-0.7049912012995219
RGI60-08.00184,2018,-1.296144591241196
RGI60-08.00184,2019,-1.048745644968202
RGI60-08.00184,2020,-0.829263105285477
RGI60-08.00184,2021,-1.302151128118691
RGI60-08.00184,2022,-1.316579215336328
RGI60-08.00184,2023,-1.3606214870285407
RGI60-08.00184,2024,-2.390500486907171
RGI60-08.00188,2000,0.1955022462910122
RGI60-08.00188,2001,-0.5717321439440352
RGI60-08.00188,2002,-1.2186239389924354
RGI60-08.00188,2003,0.050921141745660425
RGI60-08.00188,2004,-0.8320338107458795
RGI60-08.00188,2005,-0.7498934564162723
RGI60-08.00188,2006,-1.1537563833379392
RGI60-08.00188,2007,-0.15545315169746504
RGI60-08.00188,2008,-0.891600327094565
RGI60-08.00188,2009,-0.6800787571396469
RGI60-08.00188,2010,-0.54447811382731
RGI60-08.00188,2011,-1.098978101398318
RGI60-08.00188,2012,0.2895333456474658
RGI60-08.00188,2013,-1.4162567899150897
RGI60-08.00188,2014,-0.9830420797478059
RGI60-08.00188,2015,0.12962236274501449
RGI60-08.00188,2016,-0.3059441190420164
RGI60-08.00188,2017,-0.6846741101064484
RGI60-08.00188,2018,-0.42818269770179496
RGI60-08.00188,2019,-1.1500511153221193
RGI60-08.00188,2020,-0.22762905443327247
RGI60-08.00188,2021,-0.4000915696598313
RGI60-08.00188,2022,-1.1230978945677603
RGI60-08.00188,2023,-0.7886986461203933
RGI60-08.00188,2024,-0.9028423672686579
RGI60-08.00191,2000,-0.36339122938412427
RGI60-08.00191,2001,0.25360196381454836
RGI60-08.00191,2002,-1.8863636309627396
RGI60-08.00191,2003,-0.3827329736100846
RGI60-08.00191,2004,-0.9159455801434413
RGI60-08.00191,2005,-1.1498154325967347
RGI60-08.00191,2006,-1.3721774555996642
RGI60-08.00191,2007,1.260872563660962
RGI60-08.00191,2008,-1.290330003547966
RGI60-08.00191,2009,0.23105248738310202
RGI60-08.00191,2010,-1.2382509116716935
RGI60-08.00191,2011,-0.9451050902104134
RGI60-08.00191,2012,0.1943338687437033
RGI60-08.00191,2013,-1.7510600736878765
RGI60-08.00191,2014,-1.7477155663973014
RGI60-08.00191,2015,-0.37796580612192066
RGI60-08.00191,2016,-0.7535661151780924
RGI60-08.00191,2017,-0.46569992426107293
RGI60-08.00191,2018,0.28907523074268515
RGI60-08.00191,2019,-1.3825163209718687
RGI60-08.00191,2020,-0.4486573526164376
RGI60-08.00191,2021,-1.922216380527717
RGI60-08.00191,2022,-0.8608777826890395
RGI60-08.00191,2023,-0.911322211806427
RGI60-08.00191,2024,-1.2371523583413888
RGI60-08.00192,2000,1.1041274526752092
RGI60-08.00192,2001,0.6024795694423428
RGI60-08.00192,2002,-0.5755335075406774
RGI60-08.00192,2003,1.178493439862963
RGI60-08.00192,2004,-0.20106222156105483
RGI60-08.00192,2005,0.33801777555437235
RGI60-08.00192,2006,-0.7734651088798369
RGI60-08.00192,2007,1.0446271616951772
RGI60-08.00192,2008,-0.16159936538360817
RGI60-08.00192,2009,-0.5848897060844964
RGI60-08.00192,2010,-0.26181738210769157
RGI60-08.00192,2011,-0.3677451898845682
RGI60-08.00192,2012,2.067084376642965
RGI60-08.00192,2013,-0.7321659508607703
RGI60-08.00192,2014,-1.0155433879202307
RGI60-08.00192,2015,0.4596211762596148
RGI60-08.00192,2016,-0.7990845283070394
RGI60-08.00192,2017,0.10074820872004217
RGI60-08.00192,2018,-0.4275400094665129
RGI60-08.00192,2019,-1.4631528028562137
RGI60-08.00192,2020,0.38738426174143237
RGI60-08.00192,2021,-0.5215717807790409
RGI60-08.00192,2022,-0.1031378257642742
RGI60-08.00192,2023,-1.3927151386015046
RGI60-08.00192,2024,-0.5992351955679189
RGI60-08.00194,2000,-0.4790979110694963
RGI60-08.00194,2001,0.8299639250415459
RGI60-08.00194,2002,-0.9409577075317346
RGI60-08.00194,2003,0.29270262926446144
RGI60-08.00194,2004,-0.3688596594902564
RGI60-08.00194,2005,-0.029063634787256792
RGI60-08.00194,2006,-0.3995879804446135
RGI60-08.00194,2007,0.1864724356233271
RGI60-08.00194,2008,-0.6013426513949922
RGI60-08.00194,2009,0.13417879050528247
RGI60-08.00194,2010,-0.06621947533118402
RGI60-08.00194,2011,0.8272962771507517
RGI60-08.00194,2012,0.4794106095748498
RGI60-08.00194,2013,-1.3067401832165446
RGI60-08.00194,2014,-0.6964271354815944
RGI60-08.00194,2015,0.06616509573948842
RGI60-08.00194,2016,-0.31871214495216427
RGI60-08.00194,2017,-0.020871974720010525
RGI60-08.00194,2018,0.46344518301725246
RGI60-08.00194,2019,-0.3751544874971129
RGI60-08.00194,2020,-0.8517295452191967
RGI60-08.00194,2021,-0.4546992403226971
RGI60-08.00194,2022,-0.008597353979823516
RGI60-08.00194,2023,-0.9866032484651067
RGI60-08.00194,2024,-1.4397237429334004
RGI60-08.00195,2000,-0.35368319677150006
RGI60-08.00195,2001,-0.4859162121376202
RGI60-08.00195,2002,-0.6079751392903294
RGI60-08.00195,2003,-0.6415155442641698
RGI60-08.00195,2004,0.06493306968065066
RGI60-08.00195,2005,0.2625677732028282
RGI60-08.00195,2006,-1.1048157980110103
RGI60-08.00195,2007,0.416368418072737
RGI60-08.00195,2008,0.2330435383163097
RGI60-08.00195,2009,-0.7097215677910548
RGI60-08.00195,2010,-0.24099579449980918
RGI60-08.00195,2011,-0.7353320592827073
RGI60-08.00195,2012,0.768530028847987
RGI60-08.00195,2013,-1.0800569100066624
RGI60-08.00195,2014,-0.9232636940304193
RGI60-08.00195,2015,0.30869340561627395
RGI60-08.00195,2016,-0.007542572641960094
RGI60-08.00195,2017,0.24639305392784877
RGI60-08.00195,2018,-0.16792023569492034
RGI60-08.00195,2019,0.200309436757522
RGI60-08.00195,2020,0.4599230644371925
RGI60-08.00195,2021,-0.2433687501118237
RGI60-08.00195,2022,-0.1827858013517907
RGI60-08.00195,2023,-0.5815190563871981
RGI60-08.00195,2024,-1.7750543810822508
RGI60-08.00196,2000,-0.8351193749372441
RGI60-08.00196,2001,0.9376644969584625
RGI60-08.00196,2002,-0.9807808877998377
RGI60-08.00196,2003,-0.6660851831454156
RGI60-08.00196,2004,-0.15759591955196797
RGI60-08.00196,2005,0.12804370237289797
RGI60-08.00196,2006,-0.31402344125049636
RGI60-08.00196,2007,0.056953360571971146
RGI60-08.00196,2008,-0.5988272344419892
RGI60-08.00196,2009,-0.5708397777387573
RGI60-08.00196,2010,-0.6053074140182272
RGI60-08.00196,2011,-0.8987658002141199
RGI60-08.00196,2012,-0.04200546380948483
RGI60-08.00196,2013,-0.7302515823660867
RGI60-08.00196,2014,-0.5583689975621199
RGI60-08.00196,2015,-0.07857006405882588
RGI60-08.00196,2016,-0.8349334236084455
RGI60-08.00196,2017,-0.004889123372200266
RGI60-08.00196,2018,-0.5982314289205937
RGI60-08.00196,2019,-0.4642664431075148
RGI60-08.00196,2020,-0.049990751681107615
RGI60-08.00196,2021,-1.0683767055949982
RGI60-08.00196,2022,-0.6712314054760784
RGI60-08.00196,2023,-0.625933211322585
RGI60-08.00196,2024,-1.677647857909366
RGI60-08.00197,2000,-0.4202267137596093
RGI60-08.00197,2001,-0.542596237226564
RGI60-08.00197,2002,-1.0332394170222772
RGI60-08.00197,2003,-0.9239748502308751
RGI60-08.00197,2004,0.07391022346491355
RGI60-08.00197,2005,0.1988014879991542
RGI60-08.00197,2006,-1.2513950733392034
RGI60-08.00197,2007,0.525016545876086
RGI60-08.00197,2008,-0.4799059987369849
RGI60-08.00197,2009,0.9529690883700166
RGI60-08.00197,2010,-0.5888739780494463
RGI60-08.00197,2011,-0.31968052423998733
RGI60-08.00197,2012,0.5845101513521151
RGI60-08.00197,2013,-1.169239808161719
RGI60-08.00197,2014,-0.8933089583489353
RGI60-08.00197,2015,-0.3684940965327657
RGI60-08.00197,2016,0.4154487579928831
RGI60-08.00197,2017,0.23924556281402914
RGI60-08.00197,2018,-0.412929035829901
RGI60-08.00197,2019,-0.3674371263909327
RGI60-08.00197,2020,-0.08037743543605547
RGI60-08.00197,2021,-0.33388942291129614
RGI60-08.00197,2022,-0.5358512483936122
RGI60-08.00197,2023,-1.1032652634299873
RGI60-08.00197,2024,-1.5262315420552899
RGI60-08.00199,2000,0.6210411665373724
RGI60-08.00199,2001,-0.06952556191465598
RGI60-08.00199,2002,-1.463076382056804
RGI60-08.00199,2003,-0.7010913032654408
RGI60-08.00199,2004,-0.14489960069700503
RGI60-08.00199,2005,-0.3959697660680558
RGI60-08.00199,2006,-1.8175319125089664
RGI60-08.00199,2007,0.28875532221348654
RGI60-08.00199,2008,-0.6241806998935046
RGI60-08.00199,2009,-1.644047893818677
RGI60-08.00199,2010,-0.8378789974891773
RGI60-08.00199,2011,-1.5758773287390593
RGI60-08.00199,2012,0.7051041100969321
RGI60-08.00199,2013,-1.1201212659471276
RGI60-08.00199,2014,-1.9113954174761991
RGI60-08.00199,2015,-0.425611515512062
RGI60-08.00199,2016,-1.3690635453146067
RGI60-08.00199,2017,-0.20415323086115367
RGI60-08.00199,2018,-0.5113730259680355
RGI60-08.00199,2019,-0.9800031513172611
RGI60-08.00199,2020,-0.21107685422776945
RGI60-08.00199,2021,-0.5637952917224235
RGI60-08.00199,2022,-0.9504940045274936
RGI60-08.00199,2023,-1.8712889183383918
RGI60-08.00199,2024,-2.3232096312558506
RGI60-08.00202,2000,-0.4270767947169972
RGI60-08.00202,2001,0.24709258633193998
RGI60-08.00202,2002,-0.8096384402777319
RGI60-08.00202,2003,-0.7973109561556245
RGI60-08.00202,2004,-0.41965081257482484
RGI60-08.00202,2005,-0.4451127355213941
RGI60-08.00202,2006,-0.47816193657783435
RGI60-08.00202,2007,0.5767098868222761
RGI60-08.00202,2008,-0.48110188309477514
RGI60-08.00202,2009,-0.11212396656445858
RGI60-08.00202,2010,-0.6967215719266964
RGI60-08.00202,2011,0.1998467723517024
RGI60-08.00202,2012,0.6754402319172862
RGI60-08.00202,2013,-0.8041124929223189
RGI60-08.00202,2014,-0.3865605402914579
RGI60-08.00202,2015,0.8894747859863715
RGI60-08.00202,2016,-0.6530999849880601
RGI60-08.00202,2017,-0.29518514045593
RGI60-08.00202,2018,-0.6529971350968795
RGI60-08.00202,2019,-0.2460098722445969
RGI60-08.00202,2020,-0.5778876768916756
RGI60-08.00202,2021,-0.5858541234208358
RGI60-08.00202,2022,0.05293222019812177
RGI60-08.00202,2023,-0.39917565503525965
RGI60-08.00202,2024,-1.6578861833462035
RGI60-08.00208,2000,0.3605072213884044
RGI60-08.00208,2001,-0.048325258600420695
RGI60-08.00208,2002,-0.9380472957247402
RGI60-08.00208,2003,-0.7559427766687573
RGI60-08.00208,2004,-0.14675691534229823
RGI60-08.00208,2005,-0.540649144980041
RGI60-08.00208,2006,-2.0125136663978784
RGI60-08.00208,2007,-0.5471290589999002
RGI60-08.00208,2008,-0.527162008986427
RGI60-08.00208,2009,-0.6841453531384288
RGI60-08.00208,2010,-0.79571201232648
RGI60-08.00208,2011,-1.3668964430819357
RGI60-08.00208,2012,0.22514857963692048
RGI60-08.00208,2013,-1.0548768354797886
RGI60-08.00208,2014,-0.8617830261529147
RGI60-08.00208,2015,-0.2913840417430356
RGI60-08.00208,2016,-1.130987433779139
RGI60-08.00208,2017,-0.29327509784643335
RGI60-08.00208,2018,-0.8976465453003899
RGI60-08.00208,2019,0.08907711352368952
RGI60-08.00208,2020,-0.181045043909074
RGI60-08.00208,2021,-1.3543000767923998
RGI60-08.00208,2022,-1.1476216150110954
RGI60-08.00208,2023,-0.6943978752089408
RGI60-08.00208,2024,-2.226854214749041
RGI60-08.00209,2000,0.5237460388427099
RGI60-08.00209,2001,-0.10358871982970119
RGI60-08.00209,2002,-1.1286649064202519
RGI60-08.00209,2003,-1.2370662351100408
RGI60-08.00209,2004,-0.6304374062559618
RGI60-08.00209,2005,-0.027879605648792327
RGI60-08.00209,2006,-1.4615324092393789
RGI60-08.00209,2007,0.5880639259210746
RGI60-08.00209,2008,-0.38221430115188215
RGI60-08.00209,2009,0.009724603826439582
RGI60-08.00209,2010,-0.6322871861023613
RGI60-08.00209,2011,-1.3214526268668378
RGI60-08.00209,2012,0.40501206847754356
RGI60-08.00209,2013,-1.316621101771707
RGI60-08.00209,2014,-1.3544653375294282
RGI60-08.00209,2015,0.3662195511179738
RGI60-08.00209,2016,-0.9684344931629567
RGI60-08.00209,2017,-0.3271949642607498
RGI60-08.00209,2018,-1.3831648446039648
RGI60-08.00209,2019,-0.750662050231726
RGI60-08.00209,2020,0.023427251736845234
RGI60-08.00209,2021,-0.37043704030495717
RGI60-08.00209,2022,-0.4897473313271619
RGI60-08.00209,2023,-1.0838548238573034
RGI60-08.00209,2024,-1.7215326260493273
RGI60-08.00210,2000,-0.20728211721574924
RGI60-08.00210,2001,0.41221161218393076
RGI60-08.00210,2002,-0.940759154805186
RGI60-08.00210,2003,-0.3195587362947946
RGI60-08.00210,2004,-0.3949545281192405
RGI60-08.00210,2005,0.6371473575378351
RGI60-08.00210,2006,1.5802553368191479
RGI60-08.00210,2007,0.8819574667292198
RGI60-08.00210,2008,-0.5697868626358279
RGI60-08.00210,2009,-0.1296093984710746
RGI60-08.00210,2010,0.749860064348207
RGI60-08.00210,2011,-0.1814475010294599
RGI60-08.00210,2012,-1.0875209613284322
RGI60-08.00210,2013,-0.930414812594114
RGI60-08.00210,2014,-1.5177415867735853
RGI60-08.00210,2015,-0.6354209705912601
RGI60-08.00210,2016,-0.5567303411751844
RGI60-08.00210,2017,0.1415066263092777
RGI60-08.00210,2018,-0.5542798639271608
RGI60-08.00210,2019,0.546468371033467
RGI60-08.00210,2020,0.45960257507687685
RGI60-08.00210,2021,0.6140345703958346
RGI60-08.00210,2022,-1.2903053343666857
RGI60-08.00210,2023,-1.2829263673946436
RGI60-08.00210,2024,-1.6186152755500036
RGI60-08.00211,2000,0.6852200084686777
RGI60-08.00211,2001,0.5596034152419518
RGI60-08.00211,2002,-1.0778136334653285
RGI60-08.00211,2003,-0.9638625472253284
RGI60-08.00211,2004,0.2311621401474584
RGI60-08.00211,2005,1.1832806729349474
RGI60-08.00211,2006,-1.2778222810374773
RGI60-08.00211,2007,0.34534381320358476
RGI60-08.00211,2008,-0.6425012688121892
RGI60-08.00211,2009,0.6533490699296184
RGI60-08.00211,2010,-0.5138180708083677
RGI60-08.00211,2011,-0.9610020881074047
RGI60-08.00211,2012,0.20480840422293461
RGI60-08.00211,2013,-1.7884723179693476
RGI60-08.00211,2014,-1.3170200558817111
RGI60-08.00211,2015,-0.1783784389064711
RGI60-08.00211,2016,0.05027197178083759
RGI60-08.00211,2017,0.35623944544045305
RGI60-08.00211,2018,-0.26404238224372034
RGI60-08.00211,2019,-0.4377458569131118
RGI60-08.00211,2020,-0.4155472475711882
RGI60-08.00211,2021,-1.0479881822258528
RGI60-08.00211,2022,-0.5399868415304523
RGI60-08.00211,2023,-0.19351042502874932
RGI60-08.00211,2024,-0.5705120410943884
RGI60-08.00212,2000,-0.3439166722711615
RGI60-08.00212,2001,-1.6423653494137669
RGI60-08.00212,2002,-1.2365155268887724
RGI60-08.00212,2003,-2.2592586380676023
RGI60-08.00212,2004,-0.3225771539208844
RGI60-08.00212,2005,2.725676566875135
RGI60-08.00212,2006,-1.7228644047994024
RGI60-08.00212,2007,-0.17308440732751545
RGI60-08.00212,2008,0.10105225860118883
RGI60-08.00212,2009,0.043363884936010066
RGI60-08.00212,2010,0.2459500389161131
RGI60-08.00212,2011,-1.0092694667302249
RGI60-08.00212,2012,0.5155934497581902
RGI60-08.00212,2013,-0.5668858632474871
RGI60-08.00212,2014,-1.8172440685878508
RGI60-08.00212,2015,-0.13485500776990728
RGI60-08.00212,2016,-0.06895112134570414
RGI60-08.00212,2017,0.6845261632403516
RGI60-08.00212,2018,-1.7263824467146174
RGI60-08.00212,2019,-1.0925922352420845
RGI60-08.00212,2020,1.25182166440541
RGI60-08.00212,2021,-0.6991068902088459
RGI60-08.00212,2022,-0.61260476229405
RGI60-08.00212,2023,-2.350237370610703
RGI60-08.00212,2024,1.8903554380859586
RGI60-08.00213,2000,0.1918946236134058
RGI60-08.00213,2001,-0.5083674644885436
RGI60-08.00213,2002,-0.6901060245234616
RGI60-08.00213,2003,-0.8876722446889981
RGI60-08.00213,2004,0.5054318673792347
RGI60-08.00213,2005,0.5167888670952179
RGI60-08.00213,2006,-1.5121333150248581
RGI60-08.00213,2007,1.1796285853667405
RGI60-08.00213,2008,-0.781878807017502
RGI60-08.00213,2009,-0.5701427684048133
RGI60-08.00213,2010,-0.39639321642721137
RGI60-08.00213,2011,-0.7933466705693857
RGI60-08.00213,2012,0.5313205067761975
RGI60-08.00213,2013,-1.5028705127440065
RGI60-08.00213,2014,-1.1260512602288304
RGI60-08.00213,2015,0.4387976607797408
RGI60-08.00213,2016,-0.3519655345310687
RGI60-08.00213,2017,0.028520595860040576
RGI60-08.00213,2018,-0.04572607825799413
RGI60-08.00213,2019,-0.5263288099639111
RGI60-08.00213,2020,-1.2509880571137537
RGI60-08.00213,2021,-0.5466507139460807
RGI60-08.00213,2022,-0.458807317687543
RGI60-08.00213,2023,-0.44240364104024066
RGI60-08.00213,2024,-1.7257772778222331
RGI60-08.00214,2000,-0.49159645815905684
RGI60-08.00214,2001,0.3571818036039526
RGI60-08.00214,2002,-1.288376555253111
RGI60-08.00214,2003,-1.3114997394785748
RGI60-08.00214,2004,-0.14547758419225365
RGI60-08.00214,2005,-0.6159993317860236
RGI60-08.00214,2006,-1.7794077335194372
RGI60-08.00214,2007,-0.16207330882455623
RGI60-08.00214,2008,-1.0013408869326796
RGI60-08.00214,2009,0.6871102186629664
RGI60-08.00214,2010,-0.5257280914276881
RGI60-08.00214,2011,-1.06538939361125
RGI60-08.00214,2012,-0.09009877360393831
RGI60-08.00214,2013,0.43604410498219826
RGI60-08.00214,2014,-1.7185556612746336
RGI60-08.00214,2015,-0.15443478528034543
RGI60-08.00214,2016,1.0415235292833067
RGI60-08.00214,2017,-0.7112356926725127
RGI60-08.00214,2018,-0.834314253557286
RGI60-08.00214,2019,-1.4918314069590681
RGI60-08.00214,2020,0.3182522751638205
RGI60-08.00214,2021,-0.23076454951602376
RGI60-08.00214,2022,-0.5862487992244131
RGI60-08.00214,2023,-0.04534953046748924
RGI60-08.00214,2024,0.3384908613020663
RGI60-08.00215,2000,0.7678219932087686
RGI60-08.00215,2001,0.3558768877055958
RGI60-08.00215,2002,-1.3175438691288375
RGI60-08.00215,2003,-1.4699758756123398
RGI60-08.00215,2004,0.6118663276978409
RGI60-08.00215,2005,-0.8949186505349563
RGI60-08.00215,2006,-1.183316459445143
RGI60-08.00215,2007,-0.0049026178245111796
RGI60-08.00215,2008,-0.6139376602786958
RGI60-08.00215,2009,-0.9255816920711497
RGI60-08.00215,2010,-0.7852622585184207
RGI60-08.00215,2011,-1.8344078433483846
RGI60-08.00215,2012,0.05777192530738018
RGI60-08.00215,2013,-1.4811049306751616
RGI60-08.00215,2014,-1.0466366623749384
RGI60-08.00215,2015,-0.16145585169723903
RGI60-08.00215,2016,-1.2440027365557742
RGI60-08.00215,2017,-0.07180367723802528
RGI60-08.00215,2018,-1.049663508897169
RGI60-08.00215,2019,-0.86652283971885
RGI60-08.00215,2020,-0.3815917497744901
RGI60-08.00215,2021,-1.291691109106134
RGI60-08.00215,2022,-1.195342860944229
RGI60-08.00215,2023,-1.3048431232207878
RGI60-08.00215,2024,-2.3759207331902132
RGI60-08.00217,2000,1.0350458572004433
RGI60-08.00217,2001,-1.8367983078643197
RGI60-08.00217,2002,-2.4968288698645296
RGI60-08.00217,2003,-0.5512475925318535
RGI60-08.00217,2004,0.7867206469013696
RGI60-08.00217,2005,0.684400245617878
RGI60-08.00217,2006,-1.2628917048440456
RGI60-08.00217,2007,-0.8856379793086675
RGI60-08.00217,2008,0.8021071414609885
RGI60-08.00217,2009,-0.8725179165940116
RGI60-08.00217,2010,-1.083765725135331
RGI60-08.00217,2011,-1.4557756517799532
RGI60-08.00217,2012,0.9546139262373378
RGI60-08.00217,2013,1.8400515182557804
RGI60-08.00217,2014,-1.3276898664139662
RGI60-08.00217,2015,-0.23009205093747317
RGI60-08.00217,2016,-1.1541651519684382
RGI60-08.00217,2017,-0.4655477786613188
RGI60-08.00217,2018,-1.1774799163743093
RGI60-08.00217,2019,-0.026900823395571205
RGI60-08.00217,2020,0.2027286097930293
RGI60-08.00217,2021,-0.730134950621376
RGI60-08.00217,2022,0.6547240154619033
RGI60-08.00217,2023,-1.325399783714738
RGI60-08.00217,2024,-1.0766652025717551
RGI60-08.00218,2000,-1.4794596577801449
RGI60-08.00218,2001,0.4771756892866654
RGI60-08.00218,2002,0.6187534626361396
RGI60-08.00218,2003,0.15381635542832295
RGI60-08.00218,2004,0.21652460075366797
RGI60-08.00218,2005,-0.8072117264888528
RGI60-08.00218,2006,1.1199388076310268
RGI60-08.00218,2007,-1.4045491741506182
RGI60-08.00218,2008,-1.4336478461970796
RGI60-08.00218,2009,-1.8329247206070232
RGI60-08.00218,2010,0.22245689081471098
RGI60-08.00218,2011,-1.2856403297517662
RGI60-08.00218,2012,-0.17571839225688968
RGI60-08.00218,2013,0.7201907706941854
RGI60-08.00218,2014,-0.1207668223717443
RGI60-08.00218,2015,0.4015318126100924
RGI60-08.00218,2016,-0.22686414312960787
RGI60-08.00218,2017,-1.0365455330315076
RGI60-08.00218,2018,-1.4034757567626233
RGI60-08.00218,2019,-1.4637842873269555
RGI60-08.00218,2020,1.3714910933864006
RGI60-08.00218,2021,-0.7859363177773493
RGI60-08.00218,2022,-0.14053916358558782
RGI60-08.00218,2023,-0.4094606233692856
RGI60-08.00218,2024,2.2553083552554685
RGI60-08.00219,2000,1.4375938066673808
RGI60-08.00219,2001,-0.04358459755847688
RGI60-08.00219,2002,-2.8416002259307307
RGI60-08.00219,2003,-0.28603888226070184
RGI60-08.00219,2004,-0.8239487193889663
RGI60-08.00219,2005,0.5233561046698267
RGI60-08.00219,2006,-2.967020403773616
RGI60-08.00219,2007,-0.2853860203641424
RGI60-08.00219,2008,-0.9333773873792024
RGI60-08.00219,2009,-0.6317656585592408
RGI60-08.00219,2010,-0.22851847104513923
RGI60-08.00219,2011,-1.9269580342980288
RGI60-08.00219,2012,0.40158253772952657
RGI60-08.00219,2013,-2.249200435286263
RGI60-08.00219,2014,-2.849181054911859
RGI60-08.00219,2015,-1.46944472403371
RGI60-08.00219,2016,-0.8793951804496538
RGI60-08.00219,2017,-1.0614527194717058
RGI60-08.00219,2018,-1.0693128964950038
RGI60-08.00219,2019,-1.908847037860295
RGI60-08.00219,2020,-0.24149604357126364
RGI60-08.00219,2021,-2.541019679034112
RGI60-08.00219,2022,-0.9890351790804576
RGI60-08.00219,2023,-0.32763848144438623
RGI60-08.00219,2024,-0.43118742163172374
RGI60-08.00220,2000,-0.613533580442134
RGI60-08.00220,2001,-1.1699196111067804
RGI60-08.00220,2002,-1.9019975067316057
RGI60-08.00220,2003,-1.488323315929297
RGI60-08.00220,2004,-0.16892840881496385
RGI60-08.00220,2005,-1.0313718551416111
RGI60-08.00220,2006,-1.854115574250415
RGI60-08.00220,2007,-0.575518857539246
RGI60-08.00220,2008,1.3950249996116932
RGI60-08.00220,2009,-1.0926237590104497
RGI60-08.00220,2010,-1.0087700481194115
RGI60-08.00220,2011,-1.5117997082893273
RGI60-08.00220,2012,0.31748628076223306
RGI60-08.00220,2013,-1.866417737895374
RGI60-08.00220,2014,-0.8457508442061596
RGI60-08.00220,2015,-0.4779345169316302
RGI60-08.00220,2016,-0.4200106274997839
RGI60-08.00220,2017,0.15367488507423988
RGI60-08.00220,2018,-0.8274026900001517
RGI60-08.00220,2019,-1.2173675235398278
RGI60-08.00220,2020,-1.0627359069847095
RGI60-08.00220,2021,-1.5344424668457326
RGI60-08.00220,2022,0.07251908640205973
RGI60-08.00220,2023,-1.423457667305219
RGI60-08.00220,2024,-1.8007669036050515
RGI60-08.00223,2000,0.26588248125040825
RGI60-08.00223,2001,-0.5763294677743721
RGI60-08.00223,2002,-1.3985281878289264
RGI60-08.00223,2003,-0.2015025127716501
RGI60-08.00223,2004,-0.617118520658799
RGI60-08.00223,2005,-0.3981051379686885
RGI60-08.00223,2006,-1.195666408349378
RGI60-08.00223,2007,-0.4027380360837291
RGI60-08.00223,2008,-0.6577290542689603
RGI60-08.00223,2009,-2.0008253198290795
RGI60-08.00223,2010,-1.0745750947845556
RGI60-08.00223,2011,-1.6355611366157192
RGI60-08.00223,2012,0.32637236765958955
RGI60-08.00223,2013,-0.7677987893047322
RGI60-08.00223,2014,-1.0104906824513409
RGI60-08.00223,2015,-0.10677060612131595
RGI60-08.00223,2016,-0.21738402847322486
RGI60-08.00223,2017,0.45936321898523536
RGI60-08.00223,2018,-0.20802400573065555
RGI60-08.00223,2019,-1.266371078880102
RGI60-08.00223,2020,0.03240514734449307
RGI60-08.00223,2021,-1.1504269101297129
RGI60-08.00223,2022,-0.7930645357659636
RGI60-08.00223,2023,-0.8951724771996871
RGI60-08.00223,2024,-2.2289001334251077
RGI60-08.00226,2000,1.1622678991382451
RGI60-08.00226,2001,1.672859976040129
RGI60-08.00226,2002,-1.7730304727659054
RGI60-08.00226,2003,0.9333944341523578
RGI60-08.00226,2004,1.5060292366286743
RGI60-08.00226,2005,-1.5655881749495315
RGI60-08.00226,2006,-0.9029800063372591
RGI60-08.00226,2007,-0.8373623449571471
RGI60-08.00226,2008,-0.9551501260298358
RGI60-08.00226,2009,-1.492915447978047
RGI60-08.00226,2010,-0.3812691961845717
RGI60-08.00226,2011,-3.1045468416142397
RGI60-08.00226,2012,0.9283602136039831
RGI60-08.00226,2013,-0.5146340962028642
RGI60-08.00226,2014,-1.5411491290359849
RGI60-08.00226,2015,-0.780674821979582
RGI60-08.00226,2016,-1.788729105417275
RGI60-08.00226,2017,0.04112893866315148
RGI60-08.00226,2018,-1.7725997556366555
RGI60-08.00226,2019,-1.2924111791376591
RGI60-08.00226,2020,0.4181404709544879
RGI60-08.00226,2021,-1.2667984764360258
RGI60-08.00226,2022,-0.54857645261308
RGI60-08.00226,2023,-0.21906299087144593
RGI60-08.00226,2024,1.435394377261428
RGI60-08.00227,2000,1.2865439078933116
RGI60-08.00227,2001,-0.7626967108756881
RGI60-08.00227,2002,-0.8459313992891816
RGI60-08.00227,2003,-0.8985663830746028
RGI60-08.00227,2004,-0.0021036666163052886
RGI60-08.00227,2005,-0.22656024821040566
RGI60-08.00227,2006,-1.293245184947839
RGI60-08.00227,2007,0.1444122123463304
RGI60-08.00227,2008,-0.8067777582361759
RGI60-08.00227,2009,0.2639120492862158
RGI60-08.00227,2010,0.16546280686483517
RGI60-08.00227,2011,-0.9127135812490058
RGI60-08.00227,2012,0.8392047705485662
RGI60-08.00227,2013,-1.912701126350226
RGI60-08.00227,2014,-1.4687211853380973
RGI60-08.00227,2015,-0.2604899787730267
RGI60-08.00227,2016,-0.8209564407044136
RGI60-08.00227,2017,0.3215916695795781
RGI60-08.00227,2018,1.1876380829984376
RGI60-08.00227,2019,-0.7993018358523174
RGI60-08.00227,2020,-2.1483965418721405
RGI60-08.00227,2021,-0.17474836385159123
RGI60-08.00227,2022,-0.542376877334851
RGI60-08.00227,2023,-0.7191405356991676
RGI60-08.00227,2024,-2.7851613653604996
RGI60-08.00229,2000,0.36155325831851015
RGI60-08.00229,2001,-0.21874606280078507
RGI60-08.00229,2002,-1.6061511286615993
RGI60-08.00229,2003,-1.6798757514292841
RGI60-08.00229,2004,-0.26738863796054924
RGI60-08.00229,2005,-0.00042948851653656916
RGI60-08.00229,2006,-1.822936586769007
RGI60-08.00229,2007,0.07069078207056334
RGI60-08.00229,2008,-0.9675778893833805
RGI60-08.00229,2009,-0.2262162696051052
RGI60-08.00229,2010,-0.12403992614442594
RGI60-08.00229,2011,-2.0623170393591765
RGI60-08.00229,2012,-0.8552368250641617
RGI60-08.00229,2013,-0.20670596138730368
RGI60-08.00229,2014,-0.1844841809214603
RGI60-08.00229,2015,-0.32739780151471437
RGI60-08.00229,2016,-1.5401703209079174
RGI60-08.00229,2017,-0.2959996048708514
RGI60-08.00229,2018,-0.8248813701559118
RGI60-08.00229,2019,0.2828108050631115
RGI60-08.00229,2020,-1.688562172243942
RGI60-08.00229,2021,-0.4217392225629525
RGI60-08.00229,2022,0.41732276208488106
RGI60-08.00229,2023,-1.976510492588483
RGI60-08.00229,2024,-1.7653748000009095
RGI60-08.00233,2000,-0.30458708789621747
RGI60-08.00233,2001,-0.8537914869705128
RGI60-08.00233,2002,-1.6117751135842666
RGI60-08.00233,2003,-0.811332501390382
RGI60-08.00233,2004,2.2054563306793047
RGI60-08.00233,2005,-0.10322742386666944
RGI60-08.00233,2006,-1.4563954973754147
RGI60-08.00233,2007,-0.25824611285103993
RGI60-08.00233,2008,-0.9065531003937211
RGI60-08.00233,2009,0.19973760508011618
RGI60-08.00233,2010,-0.35600297032897144
RGI60-08.00233,2011,0.015221129494275232
RGI60-08.00233,2012,-0.18478865707415604
RGI60-08.00233,2013,-1.2990640930886563
RGI60-08.00233,2014,-1.452231052075012
RGI60-08.00233,2015,-0.33452527088463124
RGI60-08.00233,2016,-0.23223019046071305
RGI60-08.00233,2017,-0.20982711595564119
RGI60-08.00233,2018,-0.37157717871268137
RGI60-08.00233,2019,-0.9255602123450046
RGI60-08.00233,2020,-0.057119997415603085
RGI60-08.00233,2021,-0.8532554538532542
RGI60-08.00233,2022,-0.977730448521408
RGI60-08.00233,2023,-1.4038982117775531
RGI60-08.00233,2024,-2.6263664310786434
RGI60-08.00236,2000,0.26179856193591033
RGI60-08.00236,2001,0.8472988276688402
RGI60-08.00236,2002,-1.5320864834143701
RGI60-08.00236,2003,-0.8947528325299461
RGI60-08.00236,2004,0.23608570972912113
RGI60-08.00236,2005,-2.047760514877927
RGI60-08.00236,2006,-0.9115707849043229
RGI60-08.00236,2007,1.0632979653083605
RGI60-08.00236,2008,-0.49980704269450693
RGI60-08.00236,2009,-1.968277200426721
RGI60-08.00236,2010,-0.021926645500835895
RGI60-08.00236,2011,-2.0468246043488394
RGI60-08.00236,2012,-0.4093999357925182
RGI60-08.00236,2013,-1.780870829667133
RGI60-08.00236,2014,-1.9079854811313988
RGI60-08.00236,2015,-0.1963647406212723
RGI60-08.00236,2016,-1.4659117679326
RGI60-08.00236,2017,0.26505911117652137
RGI60-08.00236,2018,-0.8262266062711104
RGI60-08.00236,2019,-0.6954747057052638
RGI60-08.00236,2020,-0.4574986311501739
RGI60-08.00236,2021,-1.0500871334530355
RGI60-08.00236,2022,-0.5412630854057555
RGI60-08.00236,2023,-0.06885745819926281
RGI60-08.00236,2024,-0.9262146344536657
RGI60-08.00245,2000,-0.11642392842963534
RGI60-08.00245,2001,-0.30898926164606727
RGI60-08.00245,2002,-1.042048793622955
RGI60-08.00245,2003,-0.889718637550066
RGI60-08.00245,2004,-0.22678711894212333
RGI60-08.00245,2005,-0.40965765853697583
RGI60-08.00245,2006,-1.283352428664454
RGI60-08.00245,2007,0.03805249629876506
RGI60-08.00245,2008,-0.025731433632195877
RGI60-08.00245,2009,-0.8162641345677015
RGI60-08.00245,2010,-0.8017320689554644
RGI60-08.00245,2011,-1.6530152284998532
RGI60-08.00245,2012,0.36941901759552276
RGI60-08.00245,2013,-1.5826344494628137
RGI60-08.00245,2014,-1.4434286325789456
RGI60-08.00245,2015,0.06281178099837592
RGI60-08.00245,2016,-1.7456931421986883
RGI60-08.00245,2017,0.12018491367378414
RGI60-08.00245,2018,-1.0678853213644992
RGI60-08.00245,2019,-1.028605969914
RGI60-08.00245,2020,-0.7616291601625116
RGI60-08.00245,2021,-1.233953175856348
RGI60-08.00245,2022,-1.3337540129186314
RGI60-08.00245,2023,-1.842300343585869
RGI60-08.00245,2024,-2.1904714766423576
RGI60-08.00246,2000,-0.1578463971749399
RGI60-08.00246,2001,-0.21734250516009887
RGI60-08.00246,2002,0.0069306068625436534
RGI60-08.00246,2003,-1.375719680929075
RGI60-08.00246,2004,-0.6478304643204746
RGI60-08.00246,2005,-0.12231595686406044
RGI60-08.00246,2006,-1.3393250214840364
RGI60-08.00246,2007,-0.4391031983378014
RGI60-08.00246,2008,-0.4954073348976009
RGI60-08.00246,2009,1.0888170707581928
RGI60-08.00246,2010,-0.3089189069065457
RGI60-08.00246,2011,0.8543198386413954
RGI60-08.00246,2012,0.49498594137939134
RGI60-08.00246,2013,-2.052997364094685
RGI60-08.00246,2014,-2.0276338617372556
RGI60-08.00246,2015,0.2754648897829258
RGI60-08.00246,2016,-0.15568132000231769
RGI60-08.00246,2017,0.027931688645297492
RGI60-08.00246,2018,-0.8365942836408323
RGI60-08.00246,2019,-0.29983374052001943
RGI60-08.00246,2020,0.2538264626971032
RGI60-08.00246,2021,-0.5972198870729676
RGI60-08.00246,2022,-0.5607227171919011
RGI60-08.00246,2023,-1.2510485276494703
RGI60-08.00246,2024,-2.263001182860602
RGI60-08.00249,2000,-0.2976555890745792
RGI60-08.00249,2001,2.0202772854524382
RGI60-08.00249,2002,-1.6285140634398607
RGI60-08.00249,2003,-0.7823219651417129
RGI60-08.00249,2004,-1.0543379280361544
RGI60-08.00249,2005,0.3712422387099792
RGI60-08.00249,2006,-0.9188479257744155
RGI60-08.00249,2007,0.6208435456717613
RGI60-08.00249,2008,-0.1705615212350402
RGI60-08.00249,2009,0.386587350173886
RGI60-08.00249,2010,-0.15701246127640345
RGI60-08.00249,2011,-0.16641003138020494
RGI60-08.00249,2012,0.23626037461533467
RGI60-08.00249,2013,-1.2721663187896564
RGI60-08.00249,2014,-2.219797550063122
RGI60-08.00249,2015,0.3498712846354527
RGI60-08.00249,2016,-1.1703965048338671
RGI60-08.00249,2017,0.5472151888468029
RGI60-08.00249,2018,0.7800930338879473
RGI60-08.00249,2019,-0.9977684429485785
RGI60-08.00249,2020,0.24842280073223355
RGI60-08.00249,2021,-0.32095542020745393
RGI60-08.00249,2022,-1.0194392068395703
RGI60-08.00249,2023,-0.7949456246900035
RGI60-08.00249,2024,-1.8405582096938147
RGI60-08.00251,2000,0.24703765062527772
RGI60-08.00251,2001,-0.43002579982499317
RGI60-08.00251,2002,-0.2804979768148157
RGI60-08.00251,2003,-0.939859693226957
RGI60-08.00251,2004,-0.07716628586509994
RGI60-08.00251,2005,0.9004173300475226
RGI60-08.00251,2006,-0.9072085474522151
RGI60-08.00251,2007,0.11561758400191746
RGI60-08.00251,2008,-0.3677309811370804
RGI60-08.00251,2009,-0.686125297123692
RGI60-08.00251,2010,-0.42338551489212506
RGI60-08.00251,2011,-1.0970167879669812
RGI60-08.00251,2012,0.9501260499508887
RGI60-08.00251,2013,-1.0442145290707088
RGI60-08.00251,2014,-0.7320512687482531
RGI60-08.00251,2015,0.4522750787123869
RGI60-08.00251,2016,-0.7085036426199691
RGI60-08.00251,2017,0.09726647973277375
RGI60-08.00251,2018,-0.14931990315193358
RGI60-08.00251,2019,-0.3200339451759488
RGI60-08.00251,2020,-0.4431810817063791
RGI60-08.00251,2021,-0.5174853693318134
RGI60-08.00251,2022,0.10997562886995732
RGI60-08.00251,2023,-0.7063762212890132
RGI60-08.00251,2024,-1.3265368032030311
RGI60-08.00257,2000,0.7766031980741231
RGI60-08.00257,2001,-0.9125026140872833
RGI60-08.00257,2002,-0.8770814794312823
RGI60-08.00257,2003,-0.6675025205363628
RGI60-08.00257,2004,-0.049838050859624394
RGI60-08.00257,2005,-0.04776565865681226
RGI60-08.00257,2006,-1.1572598414803126
RGI60-08.00257,2007,0.1904004121195373
RGI60-08.00257,2008,-0.4990623550942718
RGI60-08.00257,2009,-0.48657991322255406
RGI60-08.00257,2010,-0.3130226611935953
RGI60-08.00257,2011,-1.5608165166665837
RGI60-08.00257,2012,0.5214835268451036
RGI60-08.00257,2013,-1.2846304498132084
RGI60-08.00257,2014,-1.1519207224152765
RGI60-08.00257,2015,-0.11595290595732749
RGI60-08.00257,2016,-0.10333012324201063
RGI60-08.00257,2017,-0.2078948525974961
RGI60-08.00257,2018,-1.0669501873286804
RGI60-08.00257,2019,-0.019576284456086834
RGI60-08.00257,2020,0.26802731996737306
RGI60-08.00257,2021,-0.12703011066876618
RGI60-08.00257,2022,-1.0516272061495124
RGI60-08.00257,2023,-1.1308382142781155
RGI60-08.00257,2024,-2.1084121249374954
RGI60-08.00259,2000,-0.2779635804672962
RGI60-08.00259,2001,-0.3543712088891667
RGI60-08.00259,2002,-1.4149349563990572
RGI60-08.00259,2003,-0.3321523670032184
RGI60-08.00259,2004,-0.7726867957714292
RGI60-08.00259,2005,-0.10231794290628793
RGI60-08.00259,2006,-0.8236860859382235
RGI60-08.00259,2007,-0.5767213492547264
RGI60-08.00259,2008,-1.1166717419873504
RGI60-08.00259,2009,-1.4151738119797983
RGI60-08.00259,2010,-0.3862961876983099
RGI60-08.00259,2011,-2.069245216780432
RGI60-08.00259,2012,0.6110430028189536
RGI60-08.00259,2013,-1.7850323158003119
RGI60-08.00259,2014,-1.2231259616656425
RGI60-08.00259,2015,-0.5735635058040527
RGI60-08.00259,2016,-1.1522627704944532
RGI60-08.00259,2017,-0.5874131229192845
RGI60-08.00259,2018,-1.1151403658950847
RGI60-08.00259,2019,-0.6774837151648321
RGI60-08.00259,2020,-0.5984544814249104
RGI60-08.00259,2021,-1.1871531648461557
RGI60-08.00259,2022,-1.0921287373121615
RGI60-08.00259,2023,-1.3998050291734234
RGI60-08.00259,2024,-1.3756695241415464
RGI60-08.00261,2000,0.9109743420369124
RGI60-08.00261,2001,0.1008087747325308
RGI60-08.00261,2002,-0.5446970321152482
RGI60-08.00261,2003,-0.09645113955314949
RGI60-08.00261,2004,0.533364900856664
RGI60-08.00261,2005,0.4741039962773199
RGI60-08.00261,2006,-0.457004234126932
RGI60-08.00261,2007,0.3638637481454969
RGI60-08.00261,2008,0.6581012789093718
RGI60-08.00261,2009,0.4237120941295604
RGI60-08.00261,2010,0.0251112252185466
RGI60-08.00261,2011,-1.224230648805444
RGI60-08.00261,2012,0.7578994573200065
RGI60-08.00261,2013,-1.14463246088272
RGI60-08.00261,2014,-0.7940744136466672
RGI60-08.00261,2015,0.2909906731031011
RGI60-08.00261,2016,0.038656780076001145
RGI60-08.00261,2017,0.10216482733093396
RGI60-08.00261,2018,-0.6311201840972784
RGI60-08.00261,2019,-0.21824198490901262
RGI60-08.00261,2020,1.2258541754711263
RGI60-08.00261,2021,0.6421542255499295
RGI60-08.00261,2022,0.6691435905763344
RGI60-08.00261,2023,-0.6951576604421609
RGI60-08.00261,2024,-2.4062614312781365
RGI60-08.00267,2000,-0.5749092758218908
RGI60-08.00267,2001,-0.06809388505325942
RGI60-08.00267,2002,-1.0588252248395709
RGI60-08.00267,2003,-1.1679413272340233
RGI60-08.00267,2004,-0.06480931116198174
RGI60-08.00267,2005,0.2549333575579361
RGI60-08.00267,2006,-2.1697438288176087
RGI60-08.00267,2007,-0.5451905726690814
RGI60-08.00267,2008,-0.6378607457706345
RGI60-08.00267,2009,-0.6491845240529327
RGI60-08.00267,2010,-1.1322637878067103
RGI60-08.00267,2011,-1.7136318465677167
RGI60-08.00267,2012,0.6068999789617815
RGI60-08.00267,2013,-1.1817426001276181
RGI60-08.00267,2014,-1.6343611092021142
RGI60-08.00267,2015,0.036013289098030254
RGI60-08.00267,2016,-0.9261013052335278
RGI60-08.00267,2017,-1.0410370287387085
RGI60-08.00267,2018,-0.4617781747742511
RGI60-08.00267,2019,-0.6994720777461187
RGI60-08.00267,2020,-0.4295774794581024
RGI60-08.00267,2021,-1.833578326294336
RGI60-08.00267,2022,-0.838221779907863
RGI60-08.00267,2023,-1.6115398621438897
RGI60-08.00267,2024,-2.307963643879008
RGI60-08.00278,2000,0.3259633601740484
RGI60-08.00278,2001,-0.4589136082215677
RGI60-08.00278,2002,-0.6723973253872502
RGI60-08.00278,2003,-0.7270887852058832
RGI60-08.00278,2004,0.27802560685483374
RGI60-08.00278,2005,-0.1664902801270331
RGI60-08.00278,2006,-0.8383749580455113
RGI60-08.00278,2007,0.0735242396605082
RGI60-08.00278,2008,-0.40306773016966946
RGI60-08.00278,2009,-0.14148351226935224
RGI60-08.00278,2010,-0.5574483886883306
RGI60-08.00278,2011,-0.717587098937416
RGI60-08.00278,2012,-0.03685088202741049
RGI60-08.00278,2013,-0.8274304478264456
RGI60-08.00278,2014,-0.48286743194261034
RGI60-08.00278,2015,0.3800112028868247
RGI60-08.00278,2016,0.06856996394846204
RGI60-08.00278,2017,0.7038243795248584
RGI60-08.00278,2018,-1.5879025158720135
RGI60-08.00278,2019,-0.11711578832903463
RGI60-08.00278,2020,0.4984434712617631
RGI60-08.00278,2021,-0.56100936514255
RGI60-08.00278,2022,0.2886108349756122
RGI60-08.00278,2023,-0.4632425553202292
RGI60-08.00278,2024,-1.209633532145018
RGI60-08.00279,2000,-0.27023729696912513
RGI60-08.00279,2001,-1.0223823316143759
RGI60-08.00279,2002,-1.3094636401958533
RGI60-08.00279,2003,-1.5812301503544577
RGI60-08.00279,2004,-0.1384524764668995
RGI60-08.00279,2005,-0.5333183015958087
RGI60-08.00279,2006,-1.5492088887660933
RGI60-08.00279,2007,-0.24952107182037375
RGI60-08.00279,2008,-0.5718265459223448
RGI60-08.00279,2009,-0.6947846826950944
RGI60-08.00279,2010,-0.6914461429282304
RGI60-08.00279,2011,-1.168316042874636
RGI60-08.00279,2012,0.09003818340089231
RGI60-08.00279,2013,-1.6281248998683153
RGI60-08.00279,2014,-0.8883027162035307
RGI60-08.00279,2015,0.18452980084666826
RGI60-08.00279,2016,-0.6855085581191774
RGI60-08.00279,2017,-0.3784802651349022
RGI60-08.00279,2018,-1.605888277437343
RGI60-08.00279,2019,-0.5777756952809963
RGI60-08.00279,2020,-0.9744601834701694
RGI60-08.00279,2021,-1.124018456360846
RGI60-08.00279,2022,-0.6523466031289403
RGI60-08.00279,2023,-0.45109824802729936
RGI60-08.00279,2024,-2.1600473895628776
RGI60-08.00280,2000,1.709905552656277
RGI60-08.00280,2001,-0.1506922123031711
RGI60-08.00280,2002,-1.110605326369706
RGI60-08.00280,2003,0.6476360648555439
RGI60-08.00280,2004,-1.2521209961291044
RGI60-08.00280,2005,-1.0883322760313316
RGI60-08.00280,2006,-0.8756835918694414
RGI60-08.00280,2007,0.20709799294107784
RGI60-08.00280,2008,-0.591172921160241
RGI60-08.00280,2009,-0.5547238404948274
RGI60-08.00280,2010,-0.42771032880733856
RGI60-08.00280,2011,-1.854891950880815
RGI60-08.00280,2012,-0.1739403814798176
RGI60-08.00280,2013,-1.5701146812967557
RGI60-08.00280,2014,-0.7468819923965422
RGI60-08.00280,2015,0.31879838477949424
RGI60-08.00280,2016,-0.6837910348656997
RGI60-08.00280,2017,-0.22168345597832695
RGI60-08.00280,2018,-1.1030987919335964
RGI60-08.00280,2019,-0.29399421323569286
RGI60-08.00280,2020,-0.9281794058821444
RGI60-08.00280,2021,-1.2769059076901983
RGI60-08.00280,2022,-1.1296617723567282
RGI60-08.00280,2023,-1.3144246564039406
RGI60-08.00280,2024,-0.4419770652447482
RGI60-08.00281,2000,0.08796863106255426
RGI60-08.00281,2001,-0.7319137772506459
RGI60-08.00281,2002,-0.944981875557837
RGI60-08.00281,2003,-1.2301842646911143
RGI60-08.00281,2004,-0.3826859903699523
RGI60-08.00281,2005,-0.26314461144271234
RGI60-08.00281,2006,-1.2242112915428285
RGI60-08.00281,2007,0.14379457231625326
RGI60-08.00281,2008,-0.5288991017916942
RGI60-08.00281,2009,-0.35927757468132143
RGI60-08.00281,2010,-0.6102930386671019
RGI60-08.00281,2011,-1.0574107526354395
RGI60-08.00281,2012,0.12958072077998473
RGI60-08.00281,2013,-1.1145820584677972
RGI60-08.00281,2014,-0.6997824332410079
RGI60-08.00281,2015,0.35182049547060545
RGI60-08.00281,2016,-0.44296019721964636
RGI60-08.00281,2017,-0.029058842430819687
RGI60-08.00281,2018,-0.8255234660250825
RGI60-08.00281,2019,-0.2628551436143971
RGI60-08.00281,2020,0.323487185589276
RGI60-08.00281,2021,-0.7753382560121946
RGI60-08.00281,2022,-0.42899438232806714
RGI60-08.00281,2023,-0.5667343280938129
RGI60-08.00281,2024,-1.72524933385465
RGI60-08.00283,2000,0.036996115799921986
RGI60-08.00283,2001,-0.5594748634203951
RGI60-08.00283,2002,-0.8749193757080551
RGI60-08.00283,2003,-0.6204167129113073
RGI60-08.00283,2004,-0.15946635331555442
RGI60-08.00283,2005,-0.35150130178734496
RGI60-08.00283,2006,-0.873133667806485
RGI60-08.00283,2007,0.7161533718272429
RGI60-08.00283,2008,-0.36836807300122554
RGI60-08.00283,2009,-0.010898214353950691
RGI60-08.00283,2010,-0.5080817777950595
RGI60-08.00283,2011,-0.9325666114722788
RGI60-08.00283,2012,0.6346442232668011
RGI60-08.00283,2013,-0.8473035890646525
RGI60-08.00283,2014,-0.5572669327092943
RGI60-08.00283,2015,0.5826200711640538
RGI60-08.00283,2016,-0.5074942318190983
RGI60-08.00283,2017,0.4472330285435576
RGI60-08.00283,2018,-0.020032892965387017
RGI60-08.00283,2019,0.23857778752850398
RGI60-08.00283,2020,0.4585322471428266
RGI60-08.00283,2021,-0.6544583822674725
RGI60-08.00283,2022,-0.2819177705316771
RGI60-08.00283,2023,-0.6810140516795609
RGI60-08.00283,2024,-1.6618062494687353
RGI60-08.00284,2000,-0.1063869713593742
RGI60-08.00284,2001,0.28432303085379257
RGI60-08.00284,2002,-0.9941089241264134
RGI60-08.00284,2003,0.7684391026902115
RGI60-08.00284,2004,-0.7897848970176244
RGI60-08.00284,2005,0.844188106833786
RGI60-08.00284,2006,-1.4153179893738317
RGI60-08.00284,2007,0.2579398351091839
RGI60-08.00284,2008,-0.5428007567708715
RGI60-08.00284,2009,-0.6651602889505069
RGI60-08.00284,2010,-1.8271115054757514
RGI60-08.00284,2011,-0.10799313170020436
RGI60-08.00284,2012,-0.8639068589175614
RGI60-08.00284,2013,0.2384687435813671
RGI60-08.00284,2014,-1.1298942981626543
RGI60-08.00284,2015,0.9596858117867286
RGI60-08.00284,2016,-1.0383868151942814
RGI60-08.00284,2017,-1.1964240396488612
RGI60-08.00284,2018,-0.15018024395101082
RGI60-08.00284,2019,-1.0316879102061192
RGI60-08.00284,2020,-0.018156477630171863
RGI60-08.00284,2021,-0.7279713473714402
RGI60-08.00284,2022,-0.7512729533891505
RGI60-08.00284,2023,-1.252502731768491
RGI60-08.00284,2024,-2.6128225925739206
RGI60-08.00285,2000,-0.01046382788516137
RGI60-08.00285,2001,-0.7019072541572274
RGI60-08.00285,2002,-0.7723958591789046
RGI60-08.00285,2003,-0.728430615669492
RGI60-08.00285,2004,-0.09052696360109153
RGI60-08.00285,2005,0.42404680442982534
RGI60-08.00285,2006,-0.704271205531321
RGI60-08.00285,2007,0.3134265329828285
RGI60-08.00285,2008,-0.555921882347336
RGI60-08.00285,2009,-0.4388182920400453
RGI60-08.00285,2010,-0.6264592032386674
RGI60-08.00285,2011,-0.8128018127898102
RGI60-08.00285,2012,0.31694444300375846
RGI60-08.00285,2013,-0.510196322748301
RGI60-08.00285,2014,-0.6594900487327224
RGI60-08.00285,2015,1.1011228637287886
RGI60-08.00285,2016,-0.37642644039827045
RGI60-08.00285,2017,0.4775975731849469
RGI60-08.00285,2018,-0.9946489010690429
RGI60-08.00285,2019,-0.21887958794275358
RGI60-08.00285,2020,-0.7429271884011985
RGI60-08.00285,2021,-0.7643649051847784
RGI60-08.00285,2022,-0.26177351808657096
RGI60-08.00285,2023,-0.3249464810706243
RGI60-08.00285,2024,-0.8616856833658946
RGI60-08.00286,2000,0.34862662711171033
RGI60-08.00286,2001,-0.6001046743003017
RGI60-08.00286,2002,-0.17890562670983262
RGI60-08.00286,2003,-1.0353791470001448
RGI60-08.00286,2004,-1.2098208885923039
RGI60-08.00286,2005,-0.8246422497517956
RGI60-08.00286,2006,-1.7908408102131743
RGI60-08.00286,2007,0.8045271143022463
RGI60-08.00286,2008,-0.4569905509651605
RGI60-08.00286,2009,-0.2254620772184427
RGI60-08.00286,2010,-0.38903896703547924
RGI60-08.00286,2011,-0.37442378112889313
RGI60-08.00286,2012,-0.16039000015590787
RGI60-08.00286,2013,-1.7083099293806576
RGI60-08.00286,2014,-0.6657035157568751
RGI60-08.00286,2015,0.7262387937033457
RGI60-08.00286,2016,-0.2858143310618037
RGI60-08.00286,2017,-0.17056345868070788
RGI60-08.00286,2018,-1.9606743593393101
RGI60-08.00286,2019,-0.9534281678265063
RGI60-08.00286,2020,0.30117689956477134
RGI60-08.00286,2021,-0.5609244695308379
RGI60-08.00286,2022,-1.0719680750111136
RGI60-08.00286,2023,-0.599432758183083
RGI60-08.00286,2024,-1.2552242764924908
RGI60-08.00287,2000,0.27321764391742187
RGI60-08.00287,2001,-0.3741050821918591
RGI60-08.00287,2002,-0.42025150900797814
RGI60-08.00287,2003,-0.44778879938541083
RGI60-08.00287,2004,-0.17642133704502444
RGI60-08.00287,2005,-0.0676844218617258
RGI60-08.00287,2006,-0.5660500786073172
RGI60-08.00287,2007,0.13035885259169783
RGI60-08.00287,2008,-0.2862740323830258
RGI60-08.00287,2009,-0.7195865329745637
RGI60-08.00287,2010,-0.1535664977005167
RGI60-08.00287,2011,-0.7153082337390639
RGI60-08.00287,2012,0.4599104289301167
RGI60-08.00287,2013,-0.6634943014805679
RGI60-08.00287,2014,-0.5432579426656385
RGI60-08.00287,2015,-0.011475964052521881
RGI60-08.00287,2016,-0.7285982144625145
RGI60-08.00287,2017,-0.3127897706532653
RGI60-08.00287,2018,-1.5588576231764142
RGI60-08.00287,2019,-0.27737658405181354
RGI60-08.00287,2020,-0.5688778193132906
RGI60-08.00287,2021,-0.669438254192129
RGI60-08.00287,2022,-0.21877679677549347
RGI60-08.00287,2023,-0.07646562146737246
RGI60-08.00287,2024,-1.6517582560964468
RGI60-08.00289,2000,0.12868026130712618
RGI60-08.00289,2001,0.057217988752487015
RGI60-08.00289,2002,-0.4885762809372115
RGI60-08.00289,2003,-0.3896241609622058
RGI60-08.00289,2004,0.126946205246867
RGI60-08.00289,2005,-0.6395189929219085
RGI60-08.00289,2006,-0.3627453827011007
RGI60-08.00289,2007,0.39291969102974694
RGI60-08.00289,2008,-0.09450328125038769
RGI60-08.00289,2009,-0.4937631023627496
RGI60-08.00289,2010,0.03646120801518707
RGI60-08.00289,2011,-0.48785634623956936
RGI60-08.00289,2012,0.5543356205027776
RGI60-08.00289,2013,-0.13249986860557175
RGI60-08.00289,2014,-0.29586881893166606
RGI60-08.00289,2015,0.4081258639868867
RGI60-08.00289,2016,-0.3495203360361019
RGI60-08.00289,2017,0.07913895491429024
RGI60-08.00289,2018,-1.1576760942478508
RGI60-08.00289,2019,-0.21957312855904546
RGI60-08.00289,2020,-0.5314475826542222
RGI60-08.00289,2021,-0.49692967563529467
RGI60-08.00289,2022,-0.18032100187701
RGI60-08.00289,2023,-0.47273421725586856
RGI60-08.00289,2024,-1.2985756760320948
RGI60-08.00290,2000,-0.34606444248844165
RGI60-08.00290,2001,-0.5790210150447493
RGI60-08.00290,2002,-1.3749478323421969
RGI60-08.00290,2003,-1.0042045337787222
RGI60-08.00290,2004,-0.5266296062486779
RGI60-08.00290,2005,-0.806922486955742
RGI60-08.00290,2006,-1.07411964187127
RGI60-08.00290,2007,0.15819587463250928
RGI60-08.00290,2008,-1.063570410823802
RGI60-08.00290,2009,-0.37337681032952225
RGI60-08.00290,2010,-0.4562128520208334
RGI60-08.00290,2011,-1.3812059331219613
RGI60-08.00290,2012,0.006004124615823447
RGI60-08.00290,2013,-0.658155351697673
RGI60-08.00290,2014,-0.8817916032915434
RGI60-08.00290,2015,-0.07057799478979476
RGI60-08.00290,2016,-0.8203779977233299
RGI60-08.00290,2017,-0.31112470321795554
RGI60-08.00290,2018,-1.3746705638164392
RGI60-08.00290,2019,-0.5190262196856767
RGI60-08.00290,2020,0.17844644558726452
RGI60-08.00290,2021,-1.440062240805612
RGI60-08.00290,2022,-0.488316196016108
RGI60-08.00290,2023,-0.9735226604524174
RGI60-08.00290,2024,-1.7006642627377373
RGI60-08.00291,2000,0.3336775903190582
RGI60-08.00291,2001,-0.8738168587921151
RGI60-08.00291,2002,-1.1645222323157713
RGI60-08.00291,2003,-1.230674447285231
RGI60-08.00291,2004,0.05476337494463479
RGI60-08.00291,2005,0.3918887855833181
RGI60-08.00291,2006,-1.0093583571149853
RGI60-08.00291,2007,-0.6473570780674858
RGI60-08.00291,2008,-0.20178902455365605
RGI60-08.00291,2009,-0.06355178534218825
RGI60-08.00291,2010,0.03187491912606932
RGI60-08.00291,2011,-1.5219381570774448
RGI60-08.00291,2012,0.0192691759942476
RGI60-08.00291,2013,-0.9394807787808308
RGI60-08.00291,2014,-0.8094802730211508
RGI60-08.00291,2015,0.21270613795712634
RGI60-08.00291,2016,-0.6351349109581678
RGI60-08.00291,2017,0.01699665775237813
RGI60-08.00291,2018,-1.8675063111492443
RGI60-08.00291,2019,-0.34976642721855944
RGI60-08.00291,2020,0.06652076200676249
RGI60-08.00291,2021,-1.181446813999598
RGI60-08.00291,2022,-0.5567080777010738
RGI60-08.00291,2023,-0.460347565077125
RGI60-08.00291,2024,-2.0429634282856863
RGI60-08.00292,2000,0.5757559169570822
RGI60-08.00292,2001,-0.6194357104665107
RGI60-08.00292,2002,-0.7995803809765334
RGI60-08.00292,2003,-0.9488922246862621
RGI60-08.00292,2004,-0.10282840335637583
RGI60-08.00292,2005,-0.4321614118445513
RGI60-08.00292,2006,-0.7677846416330785
RGI60-08.00292,2007,0.4096089306424763
RGI60-08.00292,2008,-0.5254648006777654
RGI60-08.00292,2009,-0.03419079597770974
RGI60-08.00292,2010,-0.2016779657086614
RGI60-08.00292,2011,-0.7937271724072863
RGI60-08.00292,2012,0.33266294024468235
RGI60-08.00292,2013,-1.0643608063635768
RGI60-08.00292,2014,-0.96322362566047
RGI60-08.00292,2015,0.08400631070979664
RGI60-08.00292,2016,-0.7079341983390077
RGI60-08.00292,2017,-0.06961860552973481
RGI60-08.00292,2018,-0.8329515337410022
RGI60-08.00292,2019,-0.1485018211855229
RGI60-08.00292,2020,-0.19414026972956308
RGI60-08.00292,2021,-0.21563723222532924
RGI60-08.00292,2022,-0.37145512673128583
RGI60-08.00292,2023,-0.4878485889673392
RGI60-08.00292,2024,-1.781783620445319
RGI60-08.00293,2000,-0.15207018028606745
RGI60-08.00293,2001,-0.725204876321833
RGI60-08.00293,2002,-1.4348256424981953
RGI60-08.00293,2003,-1.123084514110311
RGI60-08.00293,2004,-0.7303563681160413
RGI60-08.00293,2005,-0.1418072830062027
RGI60-08.00293,2006,-1.2542097437360527
RGI60-08.00293,2007,0.32962925614209626
RGI60-08.00293,2008,-0.696439644045359
RGI60-08.00293,2009,0.012063697261279094
RGI60-08.00293,2010,-0.6491722157104459
RGI60-08.00293,2011,-1.1239382521474655
RGI60-08.00293,2012,0.5108999852518857
RGI60-08.00293,2013,-1.5716538680936991
RGI60-08.00293,2014,-1.537545088909238
RGI60-08.00293,2015,0.5500194251004377
RGI60-08.00293,2016,-0.5845453436184002
RGI60-08.00293,2017,-0.29786217720645797
RGI60-08.00293,2018,-2.476412647249466
RGI60-08.00293,2019,-0.05588451870045963
RGI60-08.00293,2020,-0.2766615101983722
RGI60-08.00293,2021,1.787455591456058
RGI60-08.00293,2022,-1.062733974478157
RGI60-08.00293,2023,-1.030535846692004
RGI60-08.00293,2024,-1.6460867935272612
RGI60-08.00294,2000,-0.28735854014249174
RGI60-08.00294,2001,-1.2082322206358638
RGI60-08.00294,2002,-2.4066334134549265
RGI60-08.00294,2003,-1.6581221025451476
RGI60-08.00294,2004,-1.764882892793051
RGI60-08.00294,2005,-0.38955106688296876
RGI60-08.00294,2006,-1.5340054139954549
RGI60-08.00294,2007,0.18983950219652002
RGI60-08.00294,2008,-0.9198472124134998
RGI60-08.00294,2009,1.9608763999188095
RGI60-08.00294,2010,-0.778992702560862
RGI60-08.00294,2011,-1.3451384212545054
RGI60-08.00294,2012,-0.3736018010029408
RGI60-08.00294,2013,-1.897979765524097
RGI60-08.00294,2014,0.3441926844065075
RGI60-08.00294,2015,0.23263310505151114
RGI60-08.00294,2016,-1.7120331945072123
RGI60-08.00294,2017,-0.4161910109257519
RGI60-08.00294,2018,-2.7804493676045716
RGI60-08.00294,2019,0.10977743466998469
RGI60-08.00294,2020,-1.5009714835954964
RGI60-08.00294,2021,-0.7096577567848824
RGI60-08.00294,2022,-2.087128043413732
RGI60-08.00294,2023,-1.5110904904966116
RGI60-08.00294,2024,-2.0186549047092486
RGI60-08.00295,2000,0.5583149476825504
RGI60-08.00295,2001,-0.7806133819789292
RGI60-08.00295,2002,-0.7552988253812172
RGI60-08.00295,2003,-0.7708419282488053
RGI60-08.00295,2004,-0.07196163431093283
RGI60-08.00295,2005,0.060863458787460745
RGI60-08.00295,2006,-1.1785841852192325
RGI60-08.00295,2007,0.024718968359125182
RGI60-08.00295,2008,-0.7130860932202676
RGI60-08.00295,2009,-0.18482225495445687
RGI60-08.00295,2010,-0.7629446889201978
RGI60-08.00295,2011,-0.7630354020842546
RGI60-08.00295,2012,-0.014204415457578501
RGI60-08.00295,2013,-1.3550093135063306
RGI60-08.00295,2014,-1.290953756650534
RGI60-08.00295,2015,0.34851162719788414
RGI60-08.00295,2016,-0.9932191658551384
RGI60-08.00295,2017,0.24776571613374315
RGI60-08.00295,2018,-1.022925465783389
RGI60-08.00295,2019,-0.33407420658948606
RGI60-08.00295,2020,-0.10664551894091684
RGI60-08.00295,2021,-1.0619709827388413
RGI60-08.00295,2022,-0.6277135316806489
RGI60-08.00295,2023,-0.9302647753359112
RGI60-08.00295,2024,-0.2992753774175398
RGI60-08.00296,2000,0.48764431755330956
RGI60-08.00296,2001,-0.9093984481287858
RGI60-08.00296,2002,-0.8464104465014737
RGI60-08.00296,2003,-0.5488198269185555
RGI60-08.00296,2004,0.16978342296814497
RGI60-08.00296,2005,0.41405231549021543
RGI60-08.00296,2006,-1.108432583707551
RGI60-08.00296,2007,0.4765644747895192
RGI60-08.00296,2008,-0.10916363846532079
RGI60-08.00296,2009,-0.6990801888445488
RGI60-08.00296,2010,-0.4626602046616667
RGI60-08.00296,2011,-0.6493540913058918
RGI60-08.00296,2012,0.9241959141334153
RGI60-08.00296,2013,-0.8990124209835213
RGI60-08.00296,2014,-0.6581294179247031
RGI60-08.00296,2015,0.6668358277561539
RGI60-08.00296,2016,0.10145148745683996
RGI60-08.00296,2017,0.3449218710133067
RGI60-08.00296,2018,-1.0082740323981845
RGI60-08.00296,2019,-0.46421433132068446
RGI60-08.00296,2020,0.5101804803391374
RGI60-08.00296,2021,-0.0690155432733286
RGI60-08.00296,2022,-0.020539384896020196
RGI60-08.00296,2023,-0.4479727590574288
RGI60-08.00296,2024,-0.4146420879266365
RGI60-08.00297,2000,0.423723652309292
RGI60-08.00297,2001,-1.3024966628116401
RGI60-08.00297,2002,-1.4771772424569634
RGI60-08.00297,2003,-1.1945628597504832
RGI60-08.00297,2004,-0.4167384490109303
RGI60-08.00297,2005,-0.3518130555459166
RGI60-08.00297,2006,-1.6879792992195375
RGI60-08.00297,2007,-0.10028994802640989
RGI60-08.00297,2008,-0.6063035102200132
RGI60-08.00297,2009,-0.836412128547184
RGI60-08.00297,2010,-1.1181308347633383
RGI60-08.00297,2011,-1.4187794147282329
RGI60-08.00297,2012,0.5782262894583421
RGI60-08.00297,2013,-1.3545884740970973
RGI60-08.00297,2014,-1.2255989660735433
RGI60-08.00297,2015,0.08097300646366035
RGI60-08.00297,2016,-0.5426679443102351
RGI60-08.00297,2017,-0.3741414598041567
RGI60-08.00297,2018,-1.3501778819498749
RGI60-08.00297,2019,-1.238264816915737
RGI60-08.00297,2020,0.0940692774153743
RGI60-08.00297,2021,-1.1268172464339334
RGI60-08.00297,2022,-0.916997142438958
RGI60-08.00297,2023,-1.498047373948563
RGI60-08.00297,2024,-1.594951249759828
RGI60-08.00298,2000,0.12711039436847793
RGI60-08.00298,2001,-0.5759942423295682
RGI60-08.00298,2002,-1.6968178296393814
RGI60-08.00298,2003,-2.0397810549124253
RGI60-08.00298,2004,-0.34889121023905556
RGI60-08.00298,2005,-0.34294722117524745
RGI60-08.00298,2006,-2.2335912803380604
RGI60-08.00298,2007,0.15206163600233746
RGI60-08.00298,2008,-0.818581988089096
RGI60-08.00298,2009,-1.2166550300778436
RGI60-08.00298,2010,-1.56119028025641
RGI60-08.00298,2011,-2.355392904311205
RGI60-08.00298,2012,0.4472908509302054
RGI60-08.00298,2013,-1.3212488516373397
RGI60-08.00298,2014,-1.831399480137517
RGI60-08.00298,2015,0.15922061028635337
RGI60-08.00298,2016,-1.0054547091192816
RGI60-08.00298,2017,-0.4424596253609907
RGI60-08.00298,2018,-1.8618576519127599
RGI60-08.00298,2019,-1.8698201320511842
RGI60-08.00298,2020,-0.12369543516323023
RGI60-08.00298,2021,-2.21223520996336
RGI60-08.00298,2022,-1.1676426361522096
RGI60-08.00298,2023,-1.582919283805785
RGI60-08.00298,2024,-2.1394662412617285
RGI60-08.00300,2000,0.5498507286996781
RGI60-08.00300,2001,-0.6756759172896712
RGI60-08.00300,2002,-1.0720173311217547
RGI60-08.00300,2003,-1.6738366578602144
RGI60-08.00300,2004,-0.36397141026812235
RGI60-08.00300,2005,0.16785892335253982
RGI60-08.00300,2006,-2.116494407827557
RGI60-08.00300,2007,0.5189416668774769
RGI60-08.00300,2008,-0.4617443007890948
RGI60-08.00300,2009,-0.5477236077385925
RGI60-08.00300,2010,-1.4689348749011581
RGI60-08.00300,2011,-2.455327692981596
RGI60-08.00300,2012,0.9734421911069728
RGI60-08.00300,2013,-0.6929951583055993
RGI60-08.00300,2014,-1.6273834656498
RGI60-08.00300,2015,0.47603452170180094
RGI60-08.00300,2016,-0.399715029998927
RGI60-08.00300,2017,-0.6717557871758173
RGI60-08.00300,2018,-1.8462273185982312
RGI60-08.00300,2019,-1.1915250712323422
RGI60-08.00300,2020,-0.19171375012111014
RGI60-08.00300,2021,-1.979909875013297
RGI60-08.00300,2022,-1.0254361185949241
RGI60-08.00300,2023,-1.045549536362394
RGI60-08.00300,2024,-1.7668251046974657
RGI60-08.00301,2000,0.4533311894661765
RGI60-08.00301,2001,-0.783245311361632
RGI60-08.00301,2002,-1.4825741216594286
RGI60-08.00301,2003,-0.11200606492633852
RGI60-08.00301,2004,-0.618569875599306
RGI60-08.00301,2005,-0.39286084303992613
RGI60-08.00301,2006,-1.0319220608236113
RGI60-08.00301,2007,0.5634603756374137
RGI60-08.00301,2008,0.38876282993044403
RGI60-08.00301,2009,-0.30835320878791633
RGI60-08.00301,2010,-0.9775558487176563
RGI60-08.00301,2011,-0.6092361880291937
RGI60-08.00301,2012,0.6873965932541366
RGI60-08.00301,2013,-0.9705027942915692
RGI60-08.00301,2014,-1.954830100664014
RGI60-08.00301,2015,0.007710563435686046
RGI60-08.00301,2016,-1.2688272910365823
RGI60-08.00301,2017,1.8507453206740159
RGI60-08.00301,2018,-1.7360115660498197
RGI60-08.00301,2019,-0.4696115974108775
RGI60-08.00301,2020,0.0533586555377048
RGI60-08.00301,2021,-1.6812367207127408
RGI60-08.00301,2022,-1.4002359369954478
RGI60-08.00301,2023,2.915722253886196
RGI60-08.00301,2024,-0.2879129598218773
RGI60-08.00303,2000,0.3537630275707645
RGI60-08.00303,2001,0.6066197019208628
RGI60-08.00303,2002,-1.6336315200021312
RGI60-08.00303,2003,-0.6095598469558948
RGI60-08.00303,2004,-0.27587220242996124
RGI60-08.00303,2005,0.7111481274640625
RGI60-08.00303,2006,-1.7445620004969191
RGI60-08.00303,2007,-0.6186510065329358
RGI60-08.00303,2008,-0.8182608028989139
RGI60-08.00303,2009,-1.081036000474773
RGI60-08.00303,2010,0.36317248736858887
RGI60-08.00303,2011,-0.9891047006137867
RGI60-08.00303,2012,0.5267437790290515
RGI60-08.00303,2013,2.06262805101393
RGI60-08.00303,2014,-0.6388054402121903
RGI60-08.00303,2015,0.15135545299328818
RGI60-08.00303,2016,-0.7109968322110918
RGI60-08.00303,2017,-0.7541532699901309
RGI60-08.00303,2018,0.4311315419856613
RGI60-08.00303,2019,-0.032928546527473485
RGI60-08.00303,2020,0.48741011191255923
RGI60-08.00303,2021,-0.5960180114799092
RGI60-08.00303,2022,-0.18510166598815825
RGI60-08.00303,2023,-1.4678740429295565
RGI60-08.00303,2024,1.9264083794310431
RGI60-08.00306,2000,1.174819195383457
RGI60-08.00306,2001,-0.8465507319635392
RGI60-08.00306,2002,-1.4970304235263756
RGI60-08.00306,2003,1.4049144974411534
RGI60-08.00306,2004,-0.8773302645855741
RGI60-08.00306,2005,-0.5474292808713903
RGI60-08.00306,2006,1.1291092652736814
RGI60-08.00306,2007,1.2178613434471757
RGI60-08.00306,2008,-0.6918769353925316
RGI60-08.00306,2009,-1.2836188191788178
RGI60-08.00306,2010,-0.3713506167732328
RGI60-08.00306,2011,-1.9149066108882302
RGI60-08.00306,2012,1.0930632292416818
RGI60-08.00306,2013,-1.7965283121711715
RGI60-08.00306,2014,-0.036080436025427765
RGI60-08.00306,2015,-0.8125769340349971
RGI60-08.00306,2016,-0.20575478677377412
RGI60-08.00306,2017,-0.4769686788144944
RGI60-08.00306,2018,-0.5966277239582074
RGI60-08.00306,2019,0.6635630241706234
RGI60-08.00306,2020,-0.48086053817052643
RGI60-08.00306,2021,0.434555107770836
RGI60-08.00306,2022,-0.8969152567680039
RGI60-08.00306,2023,0.9492345059933369
RGI60-08.00306,2024,-0.8683095447809706
RGI60-08.00307,2000,0.5054193067049593
RGI60-08.00307,2001,-0.8745853493146302
RGI60-08.00307,2002,-1.0464968922518612
RGI60-08.00307,2003,-0.8366620270932147
RGI60-08.00307,2004,-0.2045824917952922
RGI60-08.00307,2005,0.3124047826867895
RGI60-08.00307,2006,-0.9289358921252918
RGI60-08.00307,2007,0.20242637565853216
RGI60-08.00307,2008,-0.5022344560017409
RGI60-08.00307,2009,0.12199848709317324
RGI60-08.00307,2010,-0.5920621746352182
RGI60-08.00307,2011,-0.6183300812427031
RGI60-08.00307,2012,0.37433547803956424
RGI60-08.00307,2013,-1.000852774166308
RGI60-08.00307,2014,-0.3886963948812157
RGI60-08.00307,2015,0.43876339489289196
RGI60-08.00307,2016,0.29476076620815217
RGI60-08.00307,2017,-0.18547130812815943
RGI60-08.00307,2018,-1.0402798801586162
RGI60-08.00307,2019,0.010781130510173487
RGI60-08.00307,2020,0.2950110126463412
RGI60-08.00307,2021,0.5150099679324791
RGI60-08.00307,2022,-0.25260340661840064
RGI60-08.00307,2023,-0.23633223725058736
RGI60-08.00307,2024,-1.6555179985010104
RGI60-08.00310,2000,-0.26208658239960564
RGI60-08.00310,2001,1.6240856175987055
RGI60-08.00310,2002,-1.279364848793961
RGI60-08.00310,2003,-0.9455622908918854
RGI60-08.00310,2004,0.08125852528426453
RGI60-08.00310,2005,-0.5358496624268694
RGI60-08.00310,2006,-1.8058964526130263
RGI60-08.00310,2007,0.9773517371656125
RGI60-08.00310,2008,-0.931354758644194
RGI60-08.00310,2009,-1.828794301274569
RGI60-08.00310,2010,1.6769447738929069
RGI60-08.00310,2011,-1.381615395542076
RGI60-08.00310,2012,1.790836214127813
RGI60-08.00310,2013,2.6158622603383597
RGI60-08.00310,2014,-1.721384414352789
RGI60-08.00310,2015,-1.2369070565605629
RGI60-08.00310,2016,-1.6066883300707926
RGI60-08.00310,2017,-0.34729904479456336
RGI60-08.00310,2018,-1.5306809409490332
RGI60-08.00310,2019,1.4304449509062618
RGI60-08.00310,2020,3.0626084526027597
RGI60-08.00310,2021,-0.8507342602942162
RGI60-08.00310,2022,0.034915391210574964
RGI60-08.00310,2023,-2.0153894299300084
RGI60-08.00310,2024,-2.2035937145575
RGI60-08.00312,2000,-0.08369029665940264
RGI60-08.00312,2001,-0.28976270425715117
RGI60-08.00312,2002,-1.5905425524256143
RGI60-08.00312,2003,-1.4170293123241455
RGI60-08.00312,2004,-0.40715673253027657
RGI60-08.00312,2005,-0.2622767680142897
RGI60-08.00312,2006,-1.8017446724767114
RGI60-08.00312,2007,0.25098970021261213
RGI60-08.00312,2008,-0.5972751800700226
RGI60-08.00312,2009,0.010202961387390741
RGI60-08.00312,2010,-1.020078327663041
RGI60-08.00312,2011,-1.3215531487119176
RGI60-08.00312,2012,0.677742625392751
RGI60-08.00312,2013,-0.5558152594308998
RGI60-08.00312,2014,-1.579939405576952
RGI60-08.00312,2015,-0.0727552710071876
RGI60-08.00312,2016,-0.7771491158305763
RGI60-08.00312,2017,-0.5974894685865577
RGI60-08.00312,2018,-0.3729835344341854
RGI60-08.00312,2019,-0.5833935369938243
RGI60-08.00312,2020,0.0248438779048058
RGI60-08.00312,2021,-1.570079963676341
RGI60-08.00312,2022,-0.8172019967516133
RGI60-08.00312,2023,-0.9380266616348716
RGI60-08.00312,2024,-1.333177920967021
RGI60-08.00313,2000,-1.1721415059436784
RGI60-08.00313,2001,-1.2469184455064652
RGI60-08.00313,2002,1.3726436053871358
RGI60-08.00313,2003,-0.015655386517665737
RGI60-08.00313,2004,-0.4016967227613598
RGI60-08.00313,2005,-0.4013842079857355
RGI60-08.00313,2006,-2.0497980036242236
RGI60-08.00313,2007,-0.3504065699172318
RGI60-08.00313,2008,-3.074189551880197
RGI60-08.00313,2009,0.8625989817158466
RGI60-08.00313,2010,-0.6770211574505732
RGI60-08.00313,2011,0.9557855619521076
RGI60-08.00313,2012,0.009965618676940458
RGI60-08.00313,2013,-3.2586370013070165
RGI60-08.00313,2014,-0.7394581643469245
RGI60-08.00313,2015,-0.9840221781610903
RGI60-08.00313,2016,0.8139652998582245
RGI60-08.00313,2017,-1.3149950082138908
RGI60-08.00313,2018,1.6443300810975119
RGI60-08.00313,2019,-0.5010652450717129
RGI60-08.00313,2020,-0.04977422593319386
RGI60-08.00313,2021,-2.2150226878762074
RGI60-08.00313,2022,-1.1135567189806008
RGI60-08.00313,2023,-1.0497880528334878
RGI60-08.00313,2024,-1.076921919615079
RGI60-08.00314,2000,-0.4149372030041281
RGI60-08.00314,2001,-0.34282031802757496
RGI60-08.00314,2002,-0.9872864543337196
RGI60-08.00314,2003,-0.5662181839620736
RGI60-08.00314,2004,-0.4569931323620921
RGI60-08.00314,2005,-0.1588194209695924
RGI60-08.00314,2006,-1.1151530696933727
RGI60-08.00314,2007,0.14787882689354886
RGI60-08.00314,2008,-0.4890333858253647
RGI60-08.00314,2009,-0.18607361615412915
RGI60-08.00314,2010,-0.4079768539977139
RGI60-08.00314,2011,-0.9103049420783322
RGI60-08.00314,2012,0.4089010736863588
RGI60-08.00314,2013,-0.5823301029214313
RGI60-08.00314,2014,-1.243851708608801
RGI60-08.00314,2015,0.2548014778062589
RGI60-08.00314,2016,-0.6829011616609396
RGI60-08.00314,2017,-0.18964193487004
RGI60-08.00314,2018,-0.7023290187456269
RGI60-08.00314,2019,-0.7362108711712234
RGI60-08.00314,2020,0.23322752628693927
RGI60-08.00314,2021,-1.429281455502842
RGI60-08.00314,2022,-0.4813587029830881
RGI60-08.00314,2023,-0.7595198032713671
RGI60-08.00314,2024,-0.9941695456600572
RGI60-08.00316,2000,-0.9738704018734182
RGI60-08.00316,2001,-2.1082773161469044
RGI60-08.00316,2002,-1.8003195153068021
RGI60-08.00316,2003,-0.09548300847058167
RGI60-08.00316,2004,-0.2544828543988878
RGI60-08.00316,2005,-0.7733686503541618
RGI60-08.00316,2006,-0.21282624246703652
RGI60-08.00316,2007,-0.5409701785734078
RGI60-08.00316,2008,-0.9985684290841546
RGI60-08.00316,2009,-1.567702195960064
RGI60-08.00316,2010,0.9095116845559275
RGI60-08.00316,2011,0.019027065384859987
RGI60-08.00316,2012,-0.1513781669708113
RGI60-08.00316,2013,-1.1155336120086385
RGI60-08.00316,2014,-1.9705747302714347
RGI60-08.00316,2015,-0.4800618708293942
RGI60-08.00316,2016,-0.6087950413430208
RGI60-08.00316,2017,-1.104216290607072
RGI60-08.00316,2018,0.528125765673539
RGI60-08.00316,2019,-1.145736010948538
RGI60-08.00316,2020,-0.6685908708031589
RGI60-08.00316,2021,2.818856071755077
RGI60-08.00316,2022,-1.4010203307346458
RGI60-08.00316,2023,-1.0566608574677836
RGI60-08.00316,2024,-0.352211442461495
RGI60-08.00317,2000,0.7779502051815633
RGI60-08.00317,2001,-0.8759337958018183
RGI60-08.00317,2002,-0.9795457637753391
RGI60-08.00317,2003,-1.1772556591705516
RGI60-08.00317,2004,0.08597667853830315
RGI60-08.00317,2005,0.012727387782655142
RGI60-08.00317,2006,-1.3160811392410148
RGI60-08.00317,2007,1.3482869501180161
RGI60-08.00317,2008,-0.1620345712327037
RGI60-08.00317,2009,0.30798821988008407
RGI60-08.00317,2010,-1.0639725716238693
RGI60-08.00317,2011,-0.9845517384767366
RGI60-08.00317,2012,0.7501189680236123
RGI60-08.00317,2013,-0.7218989865392703
RGI60-08.00317,2014,-1.4799555781259706
RGI60-08.00317,2015,0.2774625849645709
RGI60-08.00317,2016,-1.0776391200386974
RGI60-08.00317,2017,-0.4511604748299288
RGI60-08.00317,2018,-0.8295756117658646
RGI60-08.00317,2019,-0.5635059838670434
RGI60-08.00317,2020,0.009683383772798426
RGI60-08.00317,2021,-1.5711762268706377
RGI60-08.00317,2022,0.09252142557527077
RGI60-08.00317,2023,-0.8464551559647404
RGI60-08.00317,2024,-0.9218163739594606
RGI60-08.00318,2000,-0.09667980299592616
RGI60-08.00318,2001,-0.8995176950977748
RGI60-08.00318,2002,-1.2197079045562345
RGI60-08.00318,2003,-1.1033950651157598
RGI60-08.00318,2004,-0.20890158985114216
RGI60-08.00318,2005,-0.35811883985690773
RGI60-08.00318,2006,-1.4322377682949647
RGI60-08.00318,2007,0.25800881259462793
RGI60-08.00318,2008,-0.6014333587417131
RGI60-08.00318,2009,-0.5367916626606344
RGI60-08.00318,2010,-1.0282265311415286
RGI60-08.00318,2011,-0.9060413459297681
RGI60-08.00318,2012,0.17047003534367444
RGI60-08.00318,2013,-0.43883708478712186
RGI60-08.00318,2014,-1.7575317203597804
RGI60-08.00318,2015,-0.011735162708067737
RGI60-08.00318,2016,-1.0508057646366242
RGI60-08.00318,2017,-0.9043361267642483
RGI60-08.00318,2018,-2.197633095418101
RGI60-08.00318,2019,-1.0253483290220093
RGI60-08.00318,2020,-0.18717378478173896
RGI60-08.00318,2021,-1.7807914794793436
RGI60-08.00318,2022,-0.7286059970378432
RGI60-08.00318,2023,-1.068386897737592
RGI60-08.00318,2024,-1.773402026849792
RGI60-08.00319,2000,0.1249735806872988
RGI60-08.00319,2001,-0.19726123120590633
RGI60-08.00319,2002,-0.7615358152811526
RGI60-08.00319,2003,-0.5547687431504769
RGI60-08.00319,2004,-1.0188697227965413
RGI60-08.00319,2005,0.2964895913559731
RGI60-08.00319,2006,-0.4069449400604126
RGI60-08.00319,2007,0.529739793265939
RGI60-08.00319,2008,-0.07607559304960093
RGI60-08.00319,2009,-0.09133461300114701
RGI60-08.00319,2010,-0.5704905820973414
RGI60-08.00319,2011,-0.6225983228338462
RGI60-08.00319,2012,0.8656755400244094
RGI60-08.00319,2013,-0.032120744772664536
RGI60-08.00319,2014,-0.4740519521628197
RGI60-08.00319,2015,0.47054383903350516
RGI60-08.00319,2016,0.06841016073367556
RGI60-08.00319,2017,0.32420067733369473
RGI60-08.00319,2018,0.05101486697794183
RGI60-08.00319,2019,-0.01089578900052536
RGI60-08.00319,2020,0.6192052935142247
RGI60-08.00319,2021,-0.6318673394848981
RGI60-08.00319,2022,-0.18880560521389386
RGI60-08.00319,2023,-0.12505093414284868
RGI60-08.00319,2024,-0.6006481052467088
RGI60-08.00320,2000,-0.16158936959419123
RGI60-08.00320,2001,-0.414262324101953
RGI60-08.00320,2002,-0.8339798111585957
RGI60-08.00320,2003,-0.934706479519516
RGI60-08.00320,2004,-0.2703532927815918
RGI60-08.00320,2005,-0.4382533224930741
RGI60-08.00320,2006,-1.1495624776276836
RGI60-08.00320,2007,0.20675939473106597
RGI60-08.00320,2008,-0.48775089263055493
RGI60-08.00320,2009,-0.2204049211828574
RGI60-08.00320,2010,-0.6312979871472079
RGI60-08.00320,2011,-0.8032899237731562
RGI60-08.00320,2012,0.49647149745284047
RGI60-08.00320,2013,-0.45705376435922807
RGI60-08.00320,2014,-0.7866759164734991
RGI60-08.00320,2015,0.33751956918242254
RGI60-08.00320,2016,-0.6325889679756261
RGI60-08.00320,2017,-0.4561342928221185
RGI60-08.00320,2018,-0.10802934220816418
RGI60-08.00320,2019,-1.1986173755173284
RGI60-08.00320,2020,-0.09034452118516495
RGI60-08.00320,2021,-1.1217947698217219
RGI60-08.00320,2022,-0.3739997738381785
RGI60-08.00320,2023,-0.8608443904888956
RGI60-08.00320,2024,-0.6655853346403025
RGI60-08.00321,2000,-0.003779306492479928
RGI60-08.00321,2001,-0.7223012218796403
RGI60-08.00321,2002,-0.8657670152220586
RGI60-08.00321,2003,-1.1870667888056945
RGI60-08.00321,2004,-0.6310965969356328
RGI60-08.00321,2005,-0.09004536030715687
RGI60-08.00321,2006,-1.3094852638788392
RGI60-08.00321,2007,0.2378233760594064
RGI60-08.00321,2008,-0.15992022874234424
RGI60-08.00321,2009,-0.14982686752522445
RGI60-08.00321,2010,-0.9380723040428169
RGI60-08.00321,2011,-0.20727939424055442
RGI60-08.00321,2012,0.17796876314556453
RGI60-08.00321,2013,-0.31894249743782127
RGI60-08.00321,2014,-0.7719121603655651
RGI60-08.00321,2015,0.03444897853794293
RGI60-08.00321,2016,-0.5939170861469183
RGI60-08.00321,2017,-0.7298629114576295
RGI60-08.00321,2018,-1.0628395372293267
RGI60-08.00321,2019,-0.9676265770332098
RGI60-08.00321,2020,0.23947672718535218
RGI60-08.00321,2021,-1.0412321486281404
RGI60-08.00321,2022,-0.29559797225630624
RGI60-08.00321,2023,-0.6311321510876448
RGI60-08.00321,2024,-1.35488483348713
RGI60-08.00322,2000,0.02777603407973439
RGI60-08.00322,2001,-0.6843918541914554
RGI60-08.00322,2002,-1.2297957348825772
RGI60-08.00322,2003,-1.0537068880766256
RGI60-08.00322,2004,0.032159148357350675
RGI60-08.00322,2005,-0.020587399114530225
RGI60-08.00322,2006,-1.791505102373503
RGI60-08.00322,2007,0.35338444022029625
RGI60-08.00322,2008,-0.4832586318181159
RGI60-08.00322,2009,-0.34087372914276487
RGI60-08.00322,2010,-0.9823220064068009
RGI60-08.00322,2011,-0.9107277833725803
RGI60-08.00322,2012,0.343736603362242
RGI60-08.00322,2013,-0.635008473448722
RGI60-08.00322,2014,-1.7586319420818137
RGI60-08.00322,2015,0.042758943831935126
RGI60-08.00322,2016,-0.8416140325552597
RGI60-08.00322,2017,-0.5125153479975945
RGI60-08.00322,2018,-0.8234332292879739
RGI60-08.00322,2019,-0.9090430151012403
RGI60-08.00322,2020,0.2497154146123446
RGI60-08.00322,2021,-1.4977643928407012
RGI60-08.00322,2022,-0.4086828393076979
RGI60-08.00322,2023,-1.2324079190997805
RGI60-08.00322,2024,-1.2843281486104678
RGI60-08.00323,2000,0.2175942422522289
RGI60-08.00323,2001,-0.39705545640949524
RGI60-08.00323,2002,-0.9460106152111105
RGI60-08.00323,2003,-0.6091614413008084
RGI60-08.00323,2004,0.2927435899719709
RGI60-08.00323,2005,-0.4114681044624051
RGI60-08.00323,2006,-1.1116314499815645
RGI60-08.00323,2007,0.21936299056903186
RGI60-08.00323,2008,-0.4637697160840977
RGI60-08.00323,2009,-0.5185471776402274
RGI60-08.00323,2010,-0.26006409102301253
RGI60-08.00323,2011,-0.9698984750507158
RGI60-08.00323,2012,0.33117388812580106
RGI60-08.00323,2013,-0.5870567337108474
RGI60-08.00323,2014,-1.0565705894821762
RGI60-08.00323,2015,-0.6203766984264643
RGI60-08.00323,2016,-0.7242684809327268
RGI60-08.00323,2017,-0.572050281022506
RGI60-08.00323,2018,-1.2897846787747325
RGI60-08.00323,2019,-0.7350607214061333
RGI60-08.00323,2020,0.19043110457656287
RGI60-08.00323,2021,-1.251567703116661
RGI60-08.00323,2022,-0.39588336229908394
RGI60-08.00323,2023,-0.9541006621676273
RGI60-08.00323,2024,-0.7650980329934103
RGI60-08.00324,2000,0.05765351958650217
RGI60-08.00324,2001,-0.11075061467549957
RGI60-08.00324,2002,-0.3832617167699142
RGI60-08.00324,2003,-0.5285752278280231
RGI60-08.00324,2004,-0.3596166285750759
RGI60-08.00324,2005,-0.5212255172700291
RGI60-08.00324,2006,-0.9500895271872913
RGI60-08.00324,2007,0.022920221070930558
RGI60-08.00324,2008,-0.22937972213393906
RGI60-08.00324,2009,0.02525145020300884
RGI60-08.00324,2010,-0.05094837925749368
RGI60-08.00324,2011,-0.3848112951863273
RGI60-08.00324,2012,0.6510483557985559
RGI60-08.00324,2013,-0.27978684916595437
RGI60-08.00324,2014,-0.741142358011075
RGI60-08.00324,2015,0.4373355564265261
RGI60-08.00324,2016,-0.5959097750313447
RGI60-08.00324,2017,-0.29369950302580805
RGI60-08.00324,2018,-0.30785371080811497
RGI60-08.00324,2019,-0.6645582781596493
RGI60-08.00324,2020,0.1412930343272682
RGI60-08.00324,2021,-1.072928562803757
RGI60-08.00324,2022,-0.18998048894041655
RGI60-08.00324,2023,-0.5584587247940648
RGI60-08.00324,2024,-0.7263643550004715
RGI60-08.00325,2000,-1.001164037379808
RGI60-08.00325,2001,-0.927104366855747
RGI60-08.00325,2002,-1.3562081549807845
RGI60-08.00325,2003,-0.25551351757364726
RGI60-08.00325,2004,0.15737252192819434
RGI60-08.00325,2005,-0.7227195571821534
RGI60-08.00325,2006,0.3726371176984988
RGI60-08.00325,2007,0.45671495729270123
RGI60-08.00325,2008,-0.49592852199892135
RGI60-08.00325,2009,-1.0098924234707214
RGI60-08.00325,2010,-0.011328082964434771
RGI60-08.00325,2011,-0.9883061616404749
RGI60-08.00325,2012,-0.5833407776378283
RGI60-08.00325,2013,-0.5545045704461431
RGI60-08.00325,2014,-1.4322991005995493
RGI60-08.00325,2015,0.8283476079821912
RGI60-08.00325,2016,-1.5063942909508856
RGI60-08.00325,2017,-0.05060578360149953
RGI60-08.00325,2018,1.9104999381505905
RGI60-08.00325,2019,-1.1500627957695735
RGI60-08.00325,2020,0.47941071883276815
RGI60-08.00325,2021,-1.7038826660718285
RGI60-08.00325,2022,-0.641922191060535
RGI60-08.00325,2023,-1.604819538559786
RGI60-08.00325,2024,0.4614546198254839
RGI60-08.00327,2000,0.19565608981453342
RGI60-08.00327,2001,-0.8234771516513355
RGI60-08.00327,2002,-1.350528881790405
RGI60-08.00327,2003,-1.2809062093908108
RGI60-08.00327,2004,-0.6174630785336711
RGI60-08.00327,2005,-0.405350771440678
RGI60-08.00327,2006,-1.1897405107570989
RGI60-08.00327,2007,0.5117458357442156
RGI60-08.00327,2008,-0.5875913492342885
RGI60-08.00327,2009,-0.7967894343533037
RGI60-08.00327,2010,0.16276836984032417
RGI60-08.00327,2011,-2.378853646403378
RGI60-08.00327,2012,1.0508450136729306
RGI60-08.00327,2013,-0.9763413610232645
RGI60-08.00327,2014,-0.41148479906046026
RGI60-08.00327,2015,0.3562631274346234
RGI60-08.00327,2016,-0.507380523218847
RGI60-08.00327,2017,-0.20167560250906286
RGI60-08.00327,2018,0.1660703315425105
RGI60-08.00327,2019,-0.5216654486825435
RGI60-08.00327,2020,-0.6274003281278631
RGI60-08.00327,2021,-0.8745113713072793
RGI60-08.00327,2022,-1.1681430147224756
RGI60-08.00327,2023,-1.4505531434697407
RGI60-08.00327,2024,-0.09557348367047602
RGI60-08.00329,2000,0.5071510470844817
RGI60-08.00329,2001,0.9373863024705235
RGI60-08.00329,2002,-0.6943704454965975
RGI60-08.00329,2003,-1.4324330188768917
RGI60-08.00329,2004,-2.603942222156354
RGI60-08.00329,2005,0.35574779540553814
RGI60-08.00329,2006,-1.099723639032538
RGI60-08.00329,2007,1.2710868347977708
RGI60-08.00329,2008,0.049293406988827004
RGI60-08.00329,2009,-0.6550268213312569
RGI60-08.00329,2010,0.22386008517981204
RGI60-08.00329,2011,-0.5648995403855498
RGI60-08.00329,2012,0.5893106310040769
RGI60-08.00329,2013,-0.0730889676968361
RGI60-08.00329,2014,-1.56097919700645
RGI60-08.00329,2015,0.8163716256760954
RGI60-08.00329,2016,-0.7027040697622805
RGI60-08.00329,2017,-0.8567551963358566
RGI60-08.00329,2018,-0.39496830941397487
RGI60-08.00329,2019,-0.870116301112534
RGI60-08.00329,2020,-0.5618697907887743
RGI60-08.00329,2021,-1.5660855547809764
RGI60-08.00329,2022,-0.7052269398725265
RGI60-08.00329,2023,-0.6956954641365798
RGI60-08.00329,2024,1.2162563751189
RGI60-08.00331,2000,0.2924170836101643
RGI60-08.00331,2001,-0.38501038389765946
RGI60-08.00331,2002,-1.5850791437464236
RGI60-08.00331,2003,-1.3618861458291789
RGI60-08.00331,2004,-0.25708120173209476
RGI60-08.00331,2005,-0.5502642203424317
RGI60-08.00331,2006,-1.9799755197128541
RGI60-08.00331,2007,0.20513456364941451
RGI60-08.00331,2008,-0.7753045349526831
RGI60-08.00331,2009,-0.3096116043714891
RGI60-08.00331,2010,-1.0221099847259723
RGI60-08.00331,2011,-1.091336509363432
RGI60-08.00331,2012,0.5235876383499276
RGI60-08.00331,2013,-0.5085726641077735
RGI60-08.00331,2014,-2.0035289237783918
RGI60-08.00331,2015,0.2771166094427977
RGI60-08.00331,2016,-0.8401034522778639
RGI60-08.00331,2017,-0.5365472654609168
RGI60-08.00331,2018,-0.7960787677350925
RGI60-08.00331,2019,-1.0073655730180584
RGI60-08.00331,2020,-0.03878086005258652
RGI60-08.00331,2021,-1.898071317651774
RGI60-08.00331,2022,-0.32020771037442847
RGI60-08.00331,2023,-0.7513414161550664
RGI60-08.00331,2024,-1.3505226478781323
RGI60-08.00332,2000,0.1058518756542024
RGI60-08.00332,2001,-0.3670798517608906
RGI60-08.00332,2002,-1.2073398001047662
RGI60-08.00332,2003,-1.487419901443399
RGI60-08.00332,2004,-0.6696400597915055
RGI60-08.00332,2005,-0.06756821235897925
RGI60-08.00332,2006,-2.0363038028412355
RGI60-08.00332,2007,0.3076788793537627
RGI60-08.00332,2008,-0.23422603359181488
RGI60-08.00332,2009,-0.31524651338236315
RGI60-08.00332,2010,-1.0686831067717866
RGI60-08.00332,2011,-1.0046771381097621
RGI60-08.00332,2012,0.5103889498443644
RGI60-08.00332,2013,-0.6743539801136578
RGI60-08.00332,2014,-2.087131762016102
RGI60-08.00332,2015,0.2636294777353876
RGI60-08.00332,2016,-1.1170032949795505
RGI60-08.00332,2017,-0.41013718397916565
RGI60-08.00332,2018,-1.6056644911807165
RGI60-08.00332,2019,-0.8606740501620325
RGI60-08.00332,2020,0.12711055109645275
RGI60-08.00332,2021,-1.797626708218306
RGI60-08.00332,2022,-0.2730733011812415
RGI60-08.00332,2023,-1.1992678775677965
RGI60-08.00332,2024,-1.4984986539930378
RGI60-08.00333,2000,0.0020182876615930656
RGI60-08.00333,2001,-0.3704055968286398
RGI60-08.00333,2002,-1.2825756720365866
RGI60-08.00333,2003,-0.7598480280559144
RGI60-08.00333,2004,-0.8392703323809834
RGI60-08.00333,2005,-0.5047819361454292
RGI60-08.00333,2006,-0.6833914967295771
RGI60-08.00333,2007,-1.147095481991858
RGI60-08.00333,2008,-0.35590868063166536
RGI60-08.00333,2009,-0.9626515518852566
RGI60-08.00333,2010,-1.2524608410627192
RGI60-08.00333,2011,-1.0091353201080326
RGI60-08.00333,2012,-0.13696688180742433
RGI60-08.00333,2013,-1.624767671428914
RGI60-08.00333,2014,-0.950700772093272
RGI60-08.00333,2015,-0.8742159298846962
RGI60-08.00333,2016,-0.8856439558290928
RGI60-08.00333,2017,-1.0357752252341064
RGI60-08.00333,2018,-1.4984777985078264
RGI60-08.00333,2019,-0.9777451150196002
RGI60-08.00333,2020,-1.07317329801028
RGI60-08.00333,2021,-0.747105408348931
RGI60-08.00333,2022,-1.8747257402543887
RGI60-08.00333,2023,-0.9777888927776185
RGI60-08.00333,2024,-1.920318074538398
RGI60-08.00335,2000,0.7632988474928306
RGI60-08.00335,2001,-0.6125362965602708
RGI60-08.00335,2002,-0.6779490388397709
RGI60-08.00335,2003,-0.23109933746425082
RGI60-08.00335,2004,-0.42387521623775104
RGI60-08.00335,2005,-0.40732948809791936
RGI60-08.00335,2006,-1.0004702167653772
RGI60-08.00335,2007,-0.013350768541149027
RGI60-08.00335,2008,0.0025355462538872997
RGI60-08.00335,2009,-0.5347172743684657
RGI60-08.00335,2010,-0.1584861245335321
RGI60-08.00335,2011,-1.0234492178945014
RGI60-08.00335,2012,-0.07793211885095769
RGI60-08.00335,2013,-1.621887087528223
RGI60-08.00335,2014,-0.5499793739051927
RGI60-08.00335,2015,-0.020668305251458297
RGI60-08.00335,2016,-1.1094757117943856
RGI60-08.00335,2017,-0.46270811440583737
RGI60-08.00335,2018,-1.2827395992969843
RGI60-08.00335,2019,-0.5732811034106907
RGI60-08.00335,2020,0.194764331810224
RGI60-08.00335,2021,-0.6387540177372528
RGI60-08.00335,2022,-0.6149142585848493
RGI60-08.00335,2023,-0.4926901945001837
RGI60-08.00335,2024,-1.726757851842815
RGI60-08.00340,2000,0.3147124074047793
RGI60-08.00340,2001,-0.4400818449505994
RGI60-08.00340,2002,-0.618679686430588
RGI60-08.00340,2003,-0.8352534544474484
RGI60-08.00340,2004,-0.004680276633678981
RGI60-08.00340,2005,0.03197347694791647
RGI60-08.00340,2006,-0.780685496146964
RGI60-08.00340,2007,0.2013481908396048
RGI60-08.00340,2008,-0.12546762267071143
RGI60-08.00340,2009,0.588736513103997
RGI60-08.00340,2010,-0.3299022536417124
RGI60-08.00340,2011,-0.4503422182125098
RGI60-08.00340,2012,0.580499204732815
RGI60-08.00340,2013,-0.8380542158894442
RGI60-08.00340,2014,-0.7648582203905414
RGI60-08.00340,2015,0.7012883991273873
RGI60-08.00340,2016,0.006052993587094768
RGI60-08.00340,2017,0.24672482495038134
RGI60-08.00340,2018,-0.5733659126840115
RGI60-08.00340,2019,0.301835191404229
RGI60-08.00340,2020,0.2717363910232693
RGI60-08.00340,2021,-0.526741317578635
RGI60-08.00340,2022,-0.43188620059067967
RGI60-08.00340,2023,-0.06321055444455159
RGI60-08.00340,2024,-1.7207512022579226
RGI60-08.00342,2000,0.19588542567040645
RGI60-08.00342,2001,0.7594292964849739
RGI60-08.00342,2002,-1.7980449221442594
RGI60-08.00342,2003,-1.6702934554656812
RGI60-08.00342,2004,-0.6439514073972679
RGI60-08.00342,2005,-0.7533059244370183
RGI60-08.00342,2006,-1.8957381777570124
RGI60-08.00342,2007,-0.7888153606988733
RGI60-08.00342,2008,-0.8500380490574727
RGI60-08.00342,2009,-1.4848961714613145
RGI60-08.00342,2010,-0.7839198338043443
RGI60-08.00342,2011,-2.0105599497707085
RGI60-08.00342,2012,-1.2317577322401123
RGI60-08.00342,2013,-0.6013550480953147
RGI60-08.00342,2014,-1.5136080609449611
RGI60-08.00342,2015,-0.1823658622538855
RGI60-08.00342,2016,-0.7838151673785823
RGI60-08.00342,2017,-0.766956898804374
RGI60-08.00342,2018,-1.286281071759048
RGI60-08.00342,2019,-1.5824116286851586
RGI60-08.00342,2020,-0.8684134508989819
RGI60-08.00342,2021,-1.3936182037955727
RGI60-08.00342,2022,-1.4337101106988284
RGI60-08.00342,2023,-1.641802995045091
RGI60-08.00342,2024,-1.4091252367784828
RGI60-08.00350,2000,-0.12820393837117472
RGI60-08.00350,2001,-1.240496320591067
RGI60-08.00350,2002,-0.8197380392862997
RGI60-08.00350,2003,-0.7825378936456782
RGI60-08.00350,2004,-0.5573534491913791
RGI60-08.00350,2005,-0.346956649432629
RGI60-08.00350,2006,-2.39611399911156
RGI60-08.00350,2007,-0.9244382144575538
RGI60-08.00350,2008,-0.478916216971831
RGI60-08.00350,2009,-0.14379070927548354
RGI60-08.00350,2010,-1.625305480360527
RGI60-08.00350,2011,-0.4781007715028655
RGI60-08.00350,2012,0.9927754951938401
RGI60-08.00350,2013,-0.8176223937674434
RGI60-08.00350,2014,-1.675907046772575
RGI60-08.00350,2015,0.5719191056322777
RGI60-08.00350,2016,-0.5046806902888017
RGI60-08.00350,2017,1.240168710101341
RGI60-08.00350,2018,-1.49109656802008
RGI60-08.00350,2019,-0.35410492988052367
RGI60-08.00350,2020,-0.18396450341577664
RGI60-08.00350,2021,-1.4062735576526868
RGI60-08.00350,2022,-0.10383523067678535
RGI60-08.00350,2023,-1.2726788690862798
RGI60-08.00350,2024,-1.7865224494545806
RGI60-08.00352,2000,0.20106924961831324
RGI60-08.00352,2001,0.6687223114206389
RGI60-08.00352,2002,-1.2016137252191519
RGI60-08.00352,2003,-1.0093216685573698
RGI60-08.00352,2004,0.12996596294120805
RGI60-08.00352,2005,-0.5553005014154602
RGI60-08.00352,2006,-1.0350380436376894
RGI60-08.00352,2007,-0.5004753355588308
RGI60-08.00352,2008,-0.3829734955897639
RGI60-08.00352,2009,-0.5273715417048144
RGI60-08.00352,2010,1.1663875726341997
RGI60-08.00352,2011,-0.805070788362664
RGI60-08.00352,2012,-0.22298742222179913
RGI60-08.00352,2013,-0.16368197750916783
RGI60-08.00352,2014,-0.6883045333155003
RGI60-08.00352,2015,0.48119824119537086
RGI60-08.00352,2016,0.13286221415303578
RGI60-08.00352,2017,-0.8328783105079844
RGI60-08.00352,2018,-0.8767648191514346
RGI60-08.00352,2019,-0.4834233892111284
RGI60-08.00352,2020,-1.0274226446713437
RGI60-08.00352,2021,-1.4775209780848464
RGI60-08.00352,2022,0.3205875757782289
RGI60-08.00352,2023,-0.934001500864394
RGI60-08.00352,2024,-0.8489704963701912
RGI60-08.00365,2000,0.08991741528323016
RGI60-08.00365,2001,-0.5449957901070894
RGI60-08.00365,2002,-1.4466774387265742
RGI60-08.00365,2003,-0.22746691812652378
RGI60-08.00365,2004,-0.22821363034558223
RGI60-08.00365,2005,0.9457590584911668
RGI60-08.00365,2006,-1.7739768887086373
RGI60-08.00365,2007,0.5956288536833076
RGI60-08.00365,2008,-0.4737381161152784
RGI60-08.00365,2009,0.38827361621936335
RGI60-08.00365,2010,-0.13604894646034646
RGI60-08.00365,2011,-1.2145344567927623
RGI60-08.00365,2012,-0.15135438929288625
RGI60-08.00365,2013,-1.7635422582412654
RGI60-08.00365,2014,0.8611635807668199
RGI60-08.00365,2015,0.5469658655735428
RGI60-08.00365,2016,-0.5993953833148393
RGI60-08.00365,2017,-0.04308103786559997
RGI60-08.00365,2018,-1.8518651536457627
RGI60-08.00365,2019,-0.34481798227427335
RGI60-08.00365,2020,-0.10266875227826033
RGI60-08.00365,2021,0.08634801497080463
RGI60-08.00365,2022,-0.9892853754362201
RGI60-08.00365,2023,-0.7535391468139653
RGI60-08.00365,2024,-1.261043318289346
RGI60-08.00368,2000,0.8104925998620105
RGI60-08.00368,2001,-0.5401601797985841
RGI60-08.00368,2002,-2.2686584769235933
RGI60-08.00368,2003,-1.5409352296429215
RGI60-08.00368,2004,-0.35792032156287656
RGI60-08.00368,2005,0.17201450342535418
RGI60-08.00368,2006,-2.4982005113374397
RGI60-08.00368,2007,0.8323681022829899
RGI60-08.00368,2008,-0.466895328999158
RGI60-08.00368,2009,-0.47286741201210514
RGI60-08.00368,2010,-1.7038488737073623
RGI60-08.00368,2011,-1.3375229265297275
RGI60-08.00368,2012,0.8133558867372837
RGI60-08.00368,2013,-1.0671409675971246
RGI60-08.00368,2014,-1.6343454782186355
RGI60-08.00368,2015,0.7107674701078095
RGI60-08.00368,2016,-0.5179061402000774
RGI60-08.00368,2017,-0.23724770915361015
RGI60-08.00368,2018,-1.1340969083836492
RGI60-08.00368,2019,-1.0428520983485803
RGI60-08.00368,2020,0.8341275597565672
RGI60-08.00368,2021,-1.9046312696536882
RGI60-08.00368,2022,-0.8775376922440797
RGI60-08.00368,2023,-1.510604469701569
RGI60-08.00368,2024,-1.4749079354978871
RGI60-08.00372,2000,0.9686916551294927
RGI60-08.00372,2001,-0.3200525408179938
RGI60-08.00372,2002,-0.5924451524096557
RGI60-08.00372,2003,0.4257260888901026
RGI60-08.00372,2004,0.076812716086044
RGI60-08.00372,2005,1.1131616604988228
RGI60-08.00372,2006,-1.0310425865768296
RGI60-08.00372,2007,0.07167011985658804
RGI60-08.00372,2008,0.1743191983476538
RGI60-08.00372,2009,0.27131501950050574
RGI60-08.00372,2010,-0.4107209510857889
RGI60-08.00372,2011,-1.225313482009481
RGI60-08.00372,2012,0.3277993234951627
RGI60-08.00372,2013,-1.7026091984834058
RGI60-08.00372,2014,-0.5682215062174273
RGI60-08.00372,2015,0.6052977010396301
RGI60-08.00372,2016,-0.12816348062484587
RGI60-08.00372,2017,0.17882330507151412
RGI60-08.00372,2018,-0.9608864845244611
RGI60-08.00372,2019,0.522538594834384
RGI60-08.00372,2020,0.22539886746595766
RGI60-08.00372,2021,-0.05573898617700177
RGI60-08.00372,2022,-0.6781818873568255
RGI60-08.00372,2023,-0.03498372470589983
RGI60-08.00372,2024,-0.6347659665392276
RGI60-08.00386,2000,0.23494957097139935
RGI60-08.00386,2001,-1.6585924471571123
RGI60-08.00386,2002,-1.4007714062354206
RGI60-08.00386,2003,-1.9360397557598896
RGI60-08.00386,2004,-0.2162690998082909
RGI60-08.00386,2005,-0.8640770220233357
RGI60-08.00386,2006,-2.481656683383755
RGI60-08.00386,2007,0.7584081336779303
RGI60-08.00386,2008,-0.4560632087447116
RGI60-08.00386,2009,-0.1960016370387473
RGI60-08.00386,2010,-0.00071798349074359
RGI60-08.00386,2011,-2.033393226021434
RGI60-08.00386,2012,0.6948622816702952
RGI60-08.00386,2013,-1.0880275322518298
RGI60-08.00386,2014,-1.2894579322623656
RGI60-08.00386,2015,0.3240401797951473
RGI60-08.00386,2016,-2.2051484503616523
RGI60-08.00386,2017,-0.9516769123407265
RGI60-08.00386,2018,-0.5521100924060172
RGI60-08.00386,2019,-0.33165677682872247
RGI60-08.00386,2020,-0.4193056342259642
RGI60-08.00386,2021,-0.9161353774462493
RGI60-08.00386,2022,-0.6625706227882429
RGI60-08.00386,2023,0.1857083596829433
RGI60-08.00386,2024,-2.163854396142791
RGI60-08.00391,2000,-0.0836453222774183
RGI60-08.00391,2001,-0.5086274156047268
RGI60-08.00391,2002,-0.7575442172342748
RGI60-08.00391,2003,0.08872932121520816
RGI60-08.00391,2004,-0.47100357229934586
RGI60-08.00391,2005,-0.49289851323728207
RGI60-08.00391,2006,-1.3071817617709587
RGI60-08.00391,2007,0.6790928184059422
RGI60-08.00391,2008,0.4002477461607941
RGI60-08.00391,2009,-0.3082610815516276
RGI60-08.00391,2010,0.12727700591658248
RGI60-08.00391,2011,-1.1735658228750883
RGI60-08.00391,2012,1.6429377458564773
RGI60-08.00391,2013,0.07012505188042392
RGI60-08.00391,2014,-1.1386209078949017
RGI60-08.00391,2015,0.6567334760339638
RGI60-08.00391,2016,0.11757887112196785
RGI60-08.00391,2017,0.6369584337865577
RGI60-08.00391,2018,-1.2182558027549717
RGI60-08.00391,2019,-0.09377605287732058
RGI60-08.00391,2020,0.5707715436906411
RGI60-08.00391,2021,-1.8879049232829062
RGI60-08.00391,2022,-0.067898204777044
RGI60-08.00391,2023,-0.987024125119683
RGI60-08.00391,2024,0.4911132151269742
RGI60-08.00398,2000,0.003792985784081604
RGI60-08.00398,2001,-0.6362354372010732
RGI60-08.00398,2002,-0.6221329456059559
RGI60-08.00398,2003,-0.7624771409550279
RGI60-08.00398,2004,0.09587142015222155
RGI60-08.00398,2005,0.04907082845092353
RGI60-08.00398,2006,-1.3948405698679283
RGI60-08.00398,2007,0.4612231090384907
RGI60-08.00398,2008,-0.5628926647480967
RGI60-08.00398,2009,-0.25853668001171076
RGI60-08.00398,2010,-0.7583397310424242
RGI60-08.00398,2011,0.09927814906390442
RGI60-08.00398,2012,0.6847643538651342
RGI60-08.00398,2013,-0.021727315698453098
RGI60-08.00398,2014,-0.8572124583392233
RGI60-08.00398,2015,0.5030240254937794
RGI60-08.00398,2016,-0.6590260640049239
RGI60-08.00398,2017,-0.4861208822159672
RGI60-08.00398,2018,-0.7995513403130534
RGI60-08.00398,2019,-0.7454316418447056
RGI60-08.00398,2020,0.24129543897314648
RGI60-08.00398,2021,-0.8930010179860806
RGI60-08.00398,2022,0.0329331776361147
RGI60-08.00398,2023,-1.6481456868486457
RGI60-08.00398,2024,-1.2027452259469396
RGI60-08.00399,2000,0.9424299140575909
RGI60-08.00399,2001,-0.1983590957870588
RGI60-08.00399,2002,-1.2941699868359535
RGI60-08.00399,2003,-1.6064382850073924
RGI60-08.00399,2004,-0.5514495209938816
RGI60-08.00399,2005,-0.6182537761189455
RGI60-08.00399,2006,-1.7209791473448255
RGI60-08.00399,2007,-0.854430961343698
RGI60-08.00399,2008,-0.45797520607687425
RGI60-08.00399,2009,-0.796508501641112
RGI60-08.00399,2010,-0.17996341746572087
RGI60-08.00399,2011,-1.8692860464057834
RGI60-08.00399,2012,0.9130693934654328
RGI60-08.00399,2013,-0.44271415432261574
RGI60-08.00399,2014,-1.6020400473942031
RGI60-08.00399,2015,0.6710593527034121
RGI60-08.00399,2016,-0.7329493337054489
RGI60-08.00399,2017,-0.8527565435813069
RGI60-08.00399,2018,-1.8825108838196227
RGI60-08.00399,2019,-1.8473737523819893
RGI60-08.00399,2020,-0.8693723163210226
RGI60-08.00399,2021,-1.5700161763578886
RGI60-08.00399,2022,-1.1581095052402433
RGI60-08.00399,2023,-1.7025360206324347
RGI60-08.00399,2024,-1.5250996663249143
RGI60-08.00405,2000,0.8365210082850676
RGI60-08.00405,2001,-0.009835492277056046
RGI60-08.00405,2002,-0.778470109574438
RGI60-08.00405,2003,-1.5351544748805195
RGI60-08.00405,2004,-0.12153754783523155
RGI60-08.00405,2005,0.38452838468512057
RGI60-08.00405,2006,-1.4681841041716497
RGI60-08.00405,2007,0.3389578407260732
RGI60-08.00405,2008,1.5856510699082882
RGI60-08.00405,2009,-0.6638929837228053
RGI60-08.00405,2010,0.28562365644468674
RGI60-08.00405,2011,-0.5204967147208334
RGI60-08.00405,2012,1.2622991233586085
RGI60-08.00405,2013,-0.6623152106350143
RGI60-08.00405,2014,-1.616060477918284
RGI60-08.00405,2015,0.5348177928613289
RGI60-08.00405,2016,-1.4605060139244463
RGI60-08.00405,2017,0.3356247965375139
RGI60-08.00405,2018,-2.451269781003087
RGI60-08.00405,2019,-1.3345007621433165
RGI60-08.00405,2020,0.06593932941757796
RGI60-08.00405,2021,-2.3013911766640596
RGI60-08.00405,2022,-0.5781778447661219
RGI60-08.00405,2023,-1.5828571232784463
RGI60-08.00405,2024,-1.0617050204030554
RGI60-08.00415,2000,0.5712065256922416
RGI60-08.00415,2001,-0.24327756688617533
RGI60-08.00415,2002,-1.2269531151946031
RGI60-08.00415,2003,-0.7027726819823918
RGI60-08.00415,2004,-0.7082474227282758
RGI60-08.00415,2005,0.2357593273761429
RGI60-08.00415,2006,-1.0433797154496323
RGI60-08.00415,2007,1.0956171628542375
RGI60-08.00415,2008,-0.2181979384149158
RGI60-08.00415,2009,0.7399675789752278
RGI60-08.00415,2010,-0.2533526994509842
RGI60-08.00415,2011,-1.403813243792149
RGI60-08.00415,2012,1.0032042829866346
RGI60-08.00415,2013,-1.841368113342329
RGI60-08.00415,2014,0.26504082238988713
RGI60-08.00415,2015,0.7044500144419772
RGI60-08.00415,2016,-1.0952704730314762
RGI60-08.00415,2017,0.2217406390727184
RGI60-08.00415,2018,-0.3015557491899855
RGI60-08.00415,2019,-0.3901976343261381
RGI60-08.00415,2020,0.2746015415232758
RGI60-08.00415,2021,-0.8935336280752537
RGI60-08.00415,2022,-0.8137862782309377
RGI60-08.00415,2023,-0.614911646842399
RGI60-08.00415,2024,-1.8556199399143132
RGI60-08.00416,2000,0.6329078960782164
RGI60-08.00416,2001,-0.9962867200858989
RGI60-08.00416,2002,-1.122461805660811
RGI60-08.00416,2003,-1.1430549440902418
RGI60-08.00416,2004,-0.2569686295587142
RGI60-08.00416,2005,-0.278215228673113
RGI60-08.00416,2006,-1.4687959059051805
RGI60-08.00416,2007,0.2687720849362134
RGI60-08.00416,2008,-0.10689416521564277
RGI60-08.00416,2009,-0.45462599784424423
RGI60-08.00416,2010,-0.6624663974167223
RGI60-08.00416,2011,-1.0391323855453165
RGI60-08.00416,2012,0.6466629869128773
RGI60-08.00416,2013,-1.6436248740968544
RGI60-08.00416,2014,-1.3080221632733249
RGI60-08.00416,2015,-0.4703885235826246
RGI60-08.00416,2016,-0.773897360704256
RGI60-08.00416,2017,-0.8478147899347
RGI60-08.00416,2018,-1.9469020450020889
RGI60-08.00416,2019,-0.37869103133757837
RGI60-08.00416,2020,-0.4071487002673301
RGI60-08.00416,2021,-0.8863788434420103
RGI60-08.00416,2022,-0.7214459375670881
RGI60-08.00416,2023,-1.1315975685331783
RGI60-08.00416,2024,0.7701815408842907
RGI60-08.00418,2000,0.17311280423741648
RGI60-08.00418,2001,-0.7473794689836166
RGI60-08.00418,2002,-1.101337871521176
RGI60-08.00418,2003,-1.1161443444039967
RGI60-08.00418,2004,-0.5132820300851461
RGI60-08.00418,2005,-0.18235753580573755
RGI60-08.00418,2006,-1.6692750640059906
RGI60-08.00418,2007,-0.043416079338946534
RGI60-08.00418,2008,-0.47667064335466364
RGI60-08.00418,2009,-0.19342556952368967
RGI60-08.00418,2010,-0.7738787573954691
RGI60-08.00418,2011,-0.9796844681233661
RGI60-08.00418,2012,1.1998402246150992
RGI60-08.00418,2013,-0.5050898897917991
RGI60-08.00418,2014,-1.5652675001534537
RGI60-08.00418,2015,0.6364950805892835
RGI60-08.00418,2016,-0.5797170183022416
RGI60-08.00418,2017,-0.8205568646624304
RGI60-08.00418,2018,-0.8117398619360823
RGI60-08.00418,2019,-0.5471251420539986
RGI60-08.00418,2020,0.006586714750566602
RGI60-08.00418,2021,-1.8365645435066427
RGI60-08.00418,2022,-0.5284060794122906
RGI60-08.00418,2023,-0.8327918951663477
RGI60-08.00418,2024,-0.8150205082916935
RGI60-08.00419,2000,-0.561390084783346
RGI60-08.00419,2001,-1.1639887151934172
RGI60-08.00419,2002,-2.107630327157793
RGI60-08.00419,2003,-1.6510183723646201
RGI60-08.00419,2004,-1.8992705286386533
RGI60-08.00419,2005,-0.14373178904327266
RGI60-08.00419,2006,-1.6556471082985584
RGI60-08.00419,2007,-1.0252021797415554
RGI60-08.00419,2008,-1.0290306325280192
RGI60-08.00419,2009,-0.9459109818405234
RGI60-08.00419,2010,-2.018569257053699
RGI60-08.00419,2011,-1.5674063792851534
RGI60-08.00419,2012,0.721579996259617
RGI60-08.00419,2013,-1.2363512105343024
RGI60-08.00419,2014,-1.446435363957151
RGI60-08.00419,2015,-0.18689009832079984
RGI60-08.00419,2016,-1.008137402918109
RGI60-08.00419,2017,-0.6745746262072922
RGI60-08.00419,2018,-1.6692092493658106
RGI60-08.00419,2019,0.3884143109724547
RGI60-08.00419,2020,-0.22288843904630595
RGI60-08.00419,2021,-1.6415398182250014
RGI60-08.00419,2022,-0.804157441290676
RGI60-08.00419,2023,-1.153382638353438
RGI60-08.00419,2024,-1.2402777549369917
RGI60-08.00423,2000,0.604606893693599
RGI60-08.00423,2001,-0.0441579859481972
RGI60-08.00423,2002,-0.7770509502666191
RGI60-08.00423,2003,-0.7847355444961877
RGI60-08.00423,2004,-0.3812096205943317
RGI60-08.00423,2005,-0.24560527974466467
RGI60-08.00423,2006,-1.6087687199660363
RGI60-08.00423,2007,-0.03187348075688845
RGI60-08.00423,2008,0.02695031654215696
RGI60-08.00423,2009,0.3984053259709748
RGI60-08.00423,2010,-0.14105792378476092
RGI60-08.00423,2011,-0.6623066333880917
RGI60-08.00423,2012,0.8437879771974717
RGI60-08.00423,2013,-0.5743251651459911
RGI60-08.00423,2014,-0.9858421855840784
RGI60-08.00423,2015,0.7628303489968862
RGI60-08.00423,2016,-0.7485721851912078
RGI60-08.00423,2017,-0.48776200469312947
RGI60-08.00423,2018,-0.7238197308872367
RGI60-08.00423,2019,-0.5260934519536742
RGI60-08.00423,2020,-0.25090579924217793
RGI60-08.00423,2021,-1.3303354875674005
RGI60-08.00423,2022,-0.344766509704014
RGI60-08.00423,2023,-1.6469621347333858
RGI60-08.00423,2024,-0.5723532467790686
RGI60-08.00424,2000,0.11535790155199277
RGI60-08.00424,2001,-0.7203368962134957
RGI60-08.00424,2002,-1.7238616563508946
RGI60-08.00424,2003,-1.4013354224572416
RGI60-08.00424,2004,-0.9644996053515774
RGI60-08.00424,2005,-0.36981864817463284
RGI60-08.00424,2006,-1.6428888408072364
RGI60-08.00424,2007,0.3668973440861245
RGI60-08.00424,2008,-0.4888765899369552
RGI60-08.00424,2009,-0.19754674777402825
RGI60-08.00424,2010,-0.8525218854742902
RGI60-08.00424,2011,-1.2566822363020367
RGI60-08.00424,2012,0.4338388125358901
RGI60-08.00424,2013,-1.0525870135557045
RGI60-08.00424,2014,-1.0019968032068767
RGI60-08.00424,2015,-0.58836215071786
RGI60-08.00424,2016,-1.5900023283174152
RGI60-08.00424,2017,-0.3035981408811181
RGI60-08.00424,2018,-1.341445216854424
RGI60-08.00424,2019,-0.5198338757982068
RGI60-08.00424,2020,-0.7812116885063646
RGI60-08.00424,2021,-1.2937166040827663
RGI60-08.00424,2022,-1.1778215625491042
RGI60-08.00424,2023,-1.7890898072125132
RGI60-08.00424,2024,-3.057568218725484
RGI60-08.00427,2000,-0.2554966312240497
RGI60-08.00427,2001,-0.5202835249565708
RGI60-08.00427,2002,-1.2077167751732651
RGI60-08.00427,2003,-1.9801649620013069
RGI60-08.00427,2004,-0.7849118900543385
RGI60-08.00427,2005,0.39347307437588364
RGI60-08.00427,2006,-1.5955723302563836
RGI60-08.00427,2007,0.5110309593601219
RGI60-08.00427,2008,-0.7142137884318532
RGI60-08.00427,2009,0.7443021701985539
RGI60-08.00427,2010,-1.1558553044902995
RGI60-08.00427,2011,-0.9417635541087626
RGI60-08.00427,2012,0.1768443463007754
RGI60-08.00427,2013,-0.8393619359138638
RGI60-08.00427,2014,-1.0821078561270865
RGI60-08.00427,2015,-0.15741209066451167
RGI60-08.00427,2016,-0.779964579516135
RGI60-08.00427,2017,-0.6863975724210003
RGI60-08.00427,2018,-1.288739545148939
RGI60-08.00427,2019,-1.265688209746976
RGI60-08.00427,2020,-0.24772277006598126
RGI60-08.00427,2021,-0.9334336216372885
RGI60-08.00427,2022,-0.34690808815160656
RGI60-08.00427,2023,-1.154427050365491
RGI60-08.00427,2024,-1.3485314721127484
RGI60-08.00430,2000,0.12797923880313583
RGI60-08.00430,2001,-0.25141720991260313
RGI60-08.00430,2002,-0.5643137957366349
RGI60-08.00430,2003,-0.19606032281892852
RGI60-08.00430,2004,-0.3050437987305371
RGI60-08.00430,2005,0.7580549866556825
RGI60-08.00430,2006,-0.965561133475979
RGI60-08.00430,2007,0.6975806300483742
RGI60-08.00430,2008,-0.5774174212968568
RGI60-08.00430,2009,-0.16547029843718433
RGI60-08.00430,2010,-0.46088667536892136
RGI60-08.00430,2011,-0.7754295540752125
RGI60-08.00430,2012,0.9829491808195441
RGI60-08.00430,2013,-0.35938021569234513
RGI60-08.00430,2014,-1.429287572793269
RGI60-08.00430,2015,0.43279517620817237
RGI60-08.00430,2016,-0.2835586547653702
RGI60-08.00430,2017,-0.28506645961176014
RGI60-08.00430,2018,-0.4036418694401652
RGI60-08.00430,2019,0.04867576962085243
RGI60-08.00430,2020,1.550522298972244
RGI60-08.00430,2021,-1.052210092544265
RGI60-08.00430,2022,-0.41014379645871213
RGI60-08.00430,2023,-0.44192580594669006
RGI60-08.00430,2024,-1.6152970991629583
RGI60-08.00432,2000,0.0012789273385630517
RGI60-08.00432,2001,-0.4338797040863741
RGI60-08.00432,2002,-1.2139688860859494
RGI60-08.00432,2003,-1.3747391285037378
RGI60-08.00432,2004,0.1654027454719571
RGI60-08.00432,2005,0.04764701040282304
RGI60-08.00432,2006,-1.182469312769828
RGI60-08.00432,2007,0.06885803372617261
RGI60-08.00432,2008,-0.506937931419751
RGI60-08.00432,2009,-0.4965416117058238
RGI60-08.00432,2010,-0.8647432751886193
RGI60-08.00432,2011,-0.7851346598301997
RGI60-08.00432,2012,0.1696622388120772
RGI60-08.00432,2013,-0.5034160571974322
RGI60-08.00432,2014,-1.786038901605537
RGI60-08.00432,2015,-0.31401652424736376
RGI60-08.00432,2016,-0.717837884416253
RGI60-08.00432,2017,-0.3135347291176162
RGI60-08.00432,2018,-0.8454863934009277
RGI60-08.00432,2019,-0.9856039561761814
RGI60-08.00432,2020,0.027023315238884016
RGI60-08.00432,2021,-1.3096149881080663
RGI60-08.00432,2022,-0.40765081676693393
RGI60-08.00432,2023,-0.8974940977392107
RGI60-08.00432,2024,-1.6586233147924652
RGI60-08.00433,2000,0.6060367334516243
RGI60-08.00433,2001,-2.01428606978946
RGI60-08.00433,2002,-2.076144171799504
RGI60-08.00433,2003,0.9151049242895497
RGI60-08.00433,2004,-0.004259375604647397
RGI60-08.00433,2005,-0.5388092669098709
RGI60-08.00433,2006,-2.609927054576014
RGI60-08.00433,2007,0.02699947831477756
RGI60-08.00433,2008,-0.7175166847840422
RGI60-08.00433,2009,0.4466092667102286
RGI60-08.00433,2010,-0.4001472166879874
RGI60-08.00433,2011,-0.6505683712307927
RGI60-08.00433,2012,0.38079311501678403
RGI60-08.00433,2013,-2.6462730432223305
RGI60-08.00433,2014,-2.156637933174664
RGI60-08.00433,2015,-1.0293094516619838
RGI60-08.00433,2016,0.8739701756772706
RGI60-08.00433,2017,-0.47336866492338664
RGI60-08.00433,2018,-0.2921922465689547
RGI60-08.00433,2019,-0.23547414252659943
RGI60-08.00433,2020,1.3871441396745625
RGI60-08.00433,2021,-0.9422830270589133
RGI60-08.00433,2022,1.7213940616941794
RGI60-08.00433,2023,1.4321824996864343
RGI60-08.00433,2024,-1.1051181669818395
RGI60-08.00434,2000,-0.6655081252163613
RGI60-08.00434,2001,-0.9189973281068615
RGI60-08.00434,2002,-1.5578682351559783
RGI60-08.00434,2003,-1.1864268426814437
RGI60-08.00434,2004,-0.5276117871223285
RGI60-08.00434,2005,-0.7634188849597431
RGI60-08.00434,2006,-1.4315836677454423
RGI60-08.00434,2007,-0.20976195533261044
RGI60-08.00434,2008,-0.9873504274200583
RGI60-08.00434,2009,-0.6962772713950514
RGI60-08.00434,2010,-1.0838247171618074
RGI60-08.00434,2011,-1.1640571568775586
RGI60-08.00434,2012,0.027288558029586296
RGI60-08.00434,2013,-0.8078310041220228
RGI60-08.00434,2014,-1.332147296294849
RGI60-08.00434,2015,-0.09583482173822533
RGI60-08.00434,2016,-0.6019970522082578
RGI60-08.00434,2017,-0.8123742345601354
RGI60-08.00434,2018,-0.7819096888616262
RGI60-08.00434,2019,-1.0831080610692092
RGI60-08.00434,2020,-0.29888242754053707
RGI60-08.00434,2021,-1.465754671261025
RGI60-08.00434,2022,-0.7373791647536507
RGI60-08.00434,2023,-1.1242048494769332
RGI60-08.00434,2024,-1.142439973067733
RGI60-08.00435,2000,0.10269626691302547
RGI60-08.00435,2001,-0.9923132007307972
RGI60-08.00435,2002,-1.9518117612452541
RGI60-08.00435,2003,-1.9002080120995974
RGI60-08.00435,2004,-0.6309460986208867
RGI60-08.00435,2005,-0.9753585685761468
RGI60-08.00435,2006,-2.224604688833562
RGI60-08.00435,2007,1.1944056834985752
RGI60-08.00435,2008,-1.0255148473117974
RGI60-08.00435,2009,-1.1278559239725034
RGI60-08.00435,2010,-0.71953489907071
RGI60-08.00435,2011,-2.1043751611150725
RGI60-08.00435,2012,-0.4255076376110025
RGI60-08.00435,2013,-0.5803990680570479
RGI60-08.00435,2014,-1.9007058389695963
RGI60-08.00435,2015,0.33787041969681975
RGI60-08.00435,2016,-0.8112331165150678
RGI60-08.00435,2017,-0.9863291178699184
RGI60-08.00435,2018,-0.3368842265171529
RGI60-08.00435,2019,-0.37219020299229855
RGI60-08.00435,2020,0.3056271140252834
RGI60-08.00435,2021,0.2433455290878973
RGI60-08.00435,2022,-0.6376135522075536
RGI60-08.00435,2023,-2.1254542479421947
RGI60-08.00435,2024,-1.1585797241176554
RGI60-08.00437,2000,0.6595297559039235
RGI60-08.00437,2001,-0.02899881158809481
RGI60-08.00437,2002,-1.0693258430004862
RGI60-08.00437,2003,-1.072081520064377
RGI60-08.00437,2004,-0.6591860728168872
RGI60-08.00437,2005,0.5592088424619255
RGI60-08.00437,2006,-1.7800346583892046
RGI60-08.00437,2007,1.4172110328267173
RGI60-08.00437,2008,-0.445476475233767
RGI60-08.00437,2009,-0.04046344063198004
RGI60-08.00437,2010,-1.2950962661442935
RGI60-08.00437,2011,-1.9051281396935156
RGI60-08.00437,2012,3.269526853902313
RGI60-08.00437,2013,-0.8067434671659655
RGI60-08.00437,2014,-1.3128890109798588
RGI60-08.00437,2015,0.9029378393059617
RGI60-08.00437,2016,-0.36877231784337305
RGI60-08.00437,2017,-0.461948518808979
RGI60-08.00437,2018,-1.0698167194559083
RGI60-08.00437,2019,-0.8833530625841504
RGI60-08.00437,2020,0.6816453452103364
RGI60-08.00437,2021,-1.38963117895309
RGI60-08.00437,2022,-1.0671116717931302
RGI60-08.00437,2023,-1.283690412092405
RGI60-08.00437,2024,-0.8031616370675916
RGI60-08.00440,2000,0.10025202723495841
RGI60-08.00440,2001,-0.47204780391884604
RGI60-08.00440,2002,-0.9283995214605025
RGI60-08.00440,2003,-0.8922637514604326
RGI60-08.00440,2004,-0.2080435410245221
RGI60-08.00440,2005,-0.26288708914574643
RGI60-08.00440,2006,-1.239183102328627
RGI60-08.00440,2007,0.3406164501856404
RGI60-08.00440,2008,-0.32625436273541264
RGI60-08.00440,2009,-0.2794653887045311
RGI60-08.00440,2010,-0.48745526891771507
RGI60-08.00440,2011,-0.17439693793442518
RGI60-08.00440,2012,0.505627827882366
RGI60-08.00440,2013,-0.11975794570296439
RGI60-08.00440,2014,-0.9915499708994007
RGI60-08.00440,2015,0.36285453018172203
RGI60-08.00440,2016,-0.43541594805001826
RGI60-08.00440,2017,-0.4780851739904705
RGI60-08.00440,2018,-1.305104250989261
RGI60-08.00440,2019,-0.5756407782218137
RGI60-08.00440,2020,0.17559356194765735
RGI60-08.00440,2021,-1.0479481064565266
RGI60-08.00440,2022,-0.06519759565223443
RGI60-08.00440,2023,-0.6814938493015259
RGI60-08.00440,2024,-1.2136521028466563
RGI60-08.00441,2000,-0.2625446384413699
RGI60-08.00441,2001,-2.622306504045773
RGI60-08.00441,2002,-0.7879896353454275
RGI60-08.00441,2003,-2.1634576954389138
RGI60-08.00441,2004,-0.8365331603160966
RGI60-08.00441,2005,-0.5287312860730671
RGI60-08.00441,2006,-2.4981053219109173
RGI60-08.00441,2007,0.7277675418526484
RGI60-08.00441,2008,-1.0239517734411858
RGI60-08.00441,2009,-1.9267159987373432
RGI60-08.00441,2010,-1.191158352015409
RGI60-08.00441,2011,0.1600730898850855
RGI60-08.00441,2012,-0.2568551492920117
RGI60-08.00441,2013,-1.8761430435773052
RGI60-08.00441,2014,-1.9001686914604154
RGI60-08.00441,2015,-0.7407409718368687
RGI60-08.00441,2016,1.9672852870747761
RGI60-08.00441,2017,-2.099425737459476
RGI60-08.00441,2018,1.6268099682961827
RGI60-08.00441,2019,-1.5530079277171123
RGI60-08.00441,2020,-1.246794960858029
RGI60-08.00441,2021,0.9541863399363562
RGI60-08.00441,2022,-1.6838579489715761
RGI60-08.00441,2023,0.031913455642860855
RGI60-08.00441,2024,-2.5533984247878525
RGI60-08.00442,2000,-1.0629350520165977
RGI60-08.00442,2001,-1.1001235209469562
RGI60-08.00442,2002,-0.3697952810659934
RGI60-08.00442,2003,1.0342871865741312
RGI60-08.00442,2004,0.35848657207190193
RGI60-08.00442,2005,0.09186518597638826
RGI60-08.00442,2006,-1.49498953589235
RGI60-08.00442,2007,0.5667785448104878
RGI60-08.00442,2008,-0.8884773160837836
RGI60-08.00442,2009,0.47714248989852137
RGI60-08.00442,2010,-1.130729918926815
RGI60-08.00442,2011,-1.1829458744559516
RGI60-08.00442,2012,0.09658759594743638
RGI60-08.00442,2013,-1.8964572882227104
RGI60-08.00442,2014,1.4576092670583805
RGI60-08.00442,2015,0.2728489910275246
RGI60-08.00442,2016,-0.6324473647829408
RGI60-08.00442,2017,-0.7355589882966747
RGI60-08.00442,2018,-1.4424872869984267
RGI60-08.00442,2019,-0.8739584056755738
RGI60-08.00442,2020,0.5545615069846667
RGI60-08.00442,2021,-1.5713322387260655
RGI60-08.00442,2022,-1.6895936664864073
RGI60-08.00442,2023,-1.5001786704058797
RGI60-08.00442,2024,-1.9378052928776763
RGI60-08.00444,2000,0.18435296054200367
RGI60-08.00444,2001,-1.187851239457623
RGI60-08.00444,2002,-1.3651325781266674
RGI60-08.00444,2003,-0.765239169471653
RGI60-08.00444,2004,-1.1060506831241004
RGI60-08.00444,2005,-0.23536779926879792
RGI60-08.00444,2006,-1.7431127748038917
RGI60-08.00444,2007,0.014749426436063806
RGI60-08.00444,2008,-1.502569349044988
RGI60-08.00444,2009,-0.537220479675441
RGI60-08.00444,2010,-0.8916061087059519
RGI60-08.00444,2011,-1.7614262550569117
RGI60-08.00444,2012,0.01498713253707773
RGI60-08.00444,2013,-1.3862538144427081
RGI60-08.00444,2014,-1.3495898482818425
RGI60-08.00444,2015,0.19365447769917743
RGI60-08.00444,2016,-1.3847355031519963
RGI60-08.00444,2017,-0.4589472338673705
RGI60-08.00444,2018,-0.32499627650040974
RGI60-08.00444,2019,-1.1556448842339628
RGI60-08.00444,2020,0.22881996437616448
RGI60-08.00444,2021,0.3044026108222201
RGI60-08.00444,2022,-0.869245178768918
RGI60-08.00444,2023,-1.5211539087451968
RGI60-08.00444,2024,0.04525780827731252
RGI60-08.00445,2000,0.439444447943573
RGI60-08.00445,2001,-0.3407624056866491
RGI60-08.00445,2002,-0.3387469140557743
RGI60-08.00445,2003,-0.19056380700778697
RGI60-08.00445,2004,-0.46376559998392874
RGI60-08.00445,2005,-0.2615727229578753
RGI60-08.00445,2006,-0.6910349694740086
RGI60-08.00445,2007,0.044039554846610096
RGI60-08.00445,2008,0.06959240954680174
RGI60-08.00445,2009,0.08637817624125083
RGI60-08.00445,2010,0.18325209017969746
RGI60-08.00445,2011,-0.9427025670360429
RGI60-08.00445,2012,0.856790409980736
RGI60-08.00445,2013,-0.7241964226861948
RGI60-08.00445,2014,-1.0219524926766952
RGI60-08.00445,2015,0.07423980221427429
RGI60-08.00445,2016,-0.1665775667561509
RGI60-08.00445,2017,-0.21199014491815746
RGI60-08.00445,2018,-0.6154552549216783
RGI60-08.00445,2019,-0.5595160227920115
RGI60-08.00445,2020,-0.2553226223580733
RGI60-08.00445,2021,-0.5774692782167282
RGI60-08.00445,2022,-0.6585556918605187
RGI60-08.00445,2023,-1.2410549141738174
RGI60-08.00445,2024,-2.405391468031827
RGI60-08.00446,2000,-0.1499785030499785
RGI60-08.00446,2001,-1.3900395545129205
RGI60-08.00446,2002,-1.5344875623772583
RGI60-08.00446,2003,-0.7643774137509796
RGI60-08.00446,2004,-1.0918654397754055
RGI60-08.00446,2005,-0.7546887979461296
RGI60-08.00446,2006,-1.716446718277942
RGI60-08.00446,2007,-0.9708375674723714
RGI60-08.00446,2008,-0.8268862131313761
RGI60-08.00446,2009,-1.077323320433765
RGI60-08.00446,2010,-0.9913371621300601
RGI60-08.00446,2011,-1.4154257310857727
RGI60-08.00446,2012,-0.8885925889175873
RGI60-08.00446,2013,-1.9262556783148583
RGI60-08.00446,2014,-1.0984185018947612
RGI60-08.00446,2015,-1.0320265700421922
RGI60-08.00446,2016,-1.1729405080090243
RGI60-08.00446,2017,-0.946990083587352
RGI60-08.00446,2018,-2.2618397451231558
RGI60-08.00446,2019,-0.7644423401671067
RGI60-08.00446,2020,-0.667367987920482
RGI60-08.00446,2021,-0.9611924048663254
RGI60-08.00446,2022,-1.8985208491616485
RGI60-08.00446,2023,-1.9024319364043345
RGI60-08.00446,2024,-2.190154363318501
RGI60-08.00447,2000,-0.3246204724149467
RGI60-08.00447,2001,-2.1560803821248964
RGI60-08.00447,2002,-0.4735609252518773
RGI60-08.00447,2003,0.2684922517875895
RGI60-08.00447,2004,-1.3248947496812464
RGI60-08.00447,2005,-0.665496210445109
RGI60-08.00447,2006,-2.9777428721222567
RGI60-08.00447,2007,-0.3259843090302074
RGI60-08.00447,2008,0.014289092084596278
RGI60-08.00447,2009,0.5586818931692737
RGI60-08.00447,2010,-0.6713328767825053
RGI60-08.00447,2011,0.8148537289380707
RGI60-08.00447,2012,-0.9595714076836094
RGI60-08.00447,2013,-0.7895533600618908
RGI60-08.00447,2014,-0.5823889978642329
RGI60-08.00447,2015,-0.9700764102034484
RGI60-08.00447,2016,-0.464966983742304
RGI60-08.00447,2017,-0.31557270824918415
RGI60-08.00447,2018,0.23469580554948255
RGI60-08.00447,2019,1.201129894128702
RGI60-08.00447,2020,-2.4677226210436465
RGI60-08.00447,2021,-1.15591336767539
RGI60-08.00447,2022,-0.19483103559208004
RGI60-08.00447,2023,-1.3828823289409073
RGI60-08.00447,2024,-0.9077099715172228
RGI60-08.00449,2000,0.2743962853456441
RGI60-08.00449,2001,-0.46667529734919705
RGI60-08.00449,2002,-1.904364798425917
RGI60-08.00449,2003,-1.4958530919411528
RGI60-08.00449,2004,-0.6653759389882142
RGI60-08.00449,2005,-0.42470169314427797
RGI60-08.00449,2006,-1.8409857990097849
RGI60-08.00449,2007,-0.3536735236055017
RGI60-08.00449,2008,-0.7570031179230591
RGI60-08.00449,2009,-0.20321892863645963
RGI60-08.00449,2010,-0.5327820335520113
RGI60-08.00449,2011,-1.4824747906688978
RGI60-08.00449,2012,0.5586695247213895
RGI60-08.00449,2013,-0.6837640492348624
RGI60-08.00449,2014,-1.87996683693915
RGI60-08.00449,2015,0.26303477694567645
RGI60-08.00449,2016,-0.6023137337250759
RGI60-08.00449,2017,-0.4856113442618565
RGI60-08.00449,2018,-0.8944081345900387
RGI60-08.00449,2019,-1.6053274750172566
RGI60-08.00449,2020,-0.05906003609138766
RGI60-08.00449,2021,-1.6967469474405013
RGI60-08.00449,2022,-0.9933366434865324
RGI60-08.00449,2023,-1.3488974366809066
RGI60-08.00449,2024,-1.1905522926875982
RGI60-08.00450,2000,0.5154351489026107
RGI60-08.00450,2001,-0.9026311682932711
RGI60-08.00450,2002,-0.9809077700395412
RGI60-08.00450,2003,-0.7992851842815775
RGI60-08.00450,2004,-1.3605092385183024
RGI60-08.00450,2005,0.60052742742578
RGI60-08.00450,2006,-1.1606157152307386
RGI60-08.00450,2007,-0.5939610589845912
RGI60-08.00450,2008,-0.15722822332378028
RGI60-08.00450,2009,-0.12065653394764841
RGI60-08.00450,2010,-0.49102057857152875
RGI60-08.00450,2011,-1.3801855743466747
RGI60-08.00450,2012,-0.9145922883094748
RGI60-08.00450,2013,-1.3627237211731251
RGI60-08.00450,2014,-1.2690091277530877
RGI60-08.00450,2015,0.2023074152930776
RGI60-08.00450,2016,-0.5219642274835723
RGI60-08.00450,2017,-0.4690768518997742
RGI60-08.00450,2018,-1.352953126868596
RGI60-08.00450,2019,-0.6442496025961724
RGI60-08.00450,2020,0.018095056978521984
RGI60-08.00450,2021,-1.026380113223513
RGI60-08.00450,2022,-1.0860665713995175
RGI60-08.00450,2023,-1.2325397619124288
RGI60-08.00450,2024,-1.7018449571155707
RGI60-08.00452,2000,0.7097347270466188
RGI60-08.00452,2001,-1.5266841072034556
RGI60-08.00452,2002,-0.970011833283608
RGI60-08.00452,2003,-1.1105643652965704
RGI60-08.00452,2004,-0.47485961540753174
RGI60-08.00452,2005,-0.8099118444639133
RGI60-08.00452,2006,-1.5293262749012397
RGI60-08.00452,2007,-0.7728747450249789
RGI60-08.00452,2008,-0.4476157452924894
RGI60-08.00452,2009,-0.3194695260805543
RGI60-08.00452,2010,-0.6606699110279395
RGI60-08.00452,2011,-1.1804933504623514
RGI60-08.00452,2012,0.07641262524847015
RGI60-08.00452,2013,-1.030867898560696
RGI60-08.00452,2014,-1.1084914022192307
RGI60-08.00452,2015,0.20955488768243657
RGI60-08.00452,2016,0.03575706942926604
RGI60-08.00452,2017,-0.21754022235774256
RGI60-08.00452,2018,-0.7189215115126928
RGI60-08.00452,2019,-0.28985695631180325
RGI60-08.00452,2020,-0.41139773291388715
RGI60-08.00452,2021,-0.5022535349299924
RGI60-08.00452,2022,-0.6318272638578998
RGI60-08.00452,2023,-1.254081641450247
RGI60-08.00452,2024,-2.398081780870318
RGI60-08.00453,2000,-0.21068395635674175
RGI60-08.00453,2001,-0.5845415189942094
RGI60-08.00453,2002,-1.5138094402800446
RGI60-08.00453,2003,0.32699083123615413
RGI60-08.00453,2004,-0.6821506413648716
RGI60-08.00453,2005,-0.9479737362726322
RGI60-08.00453,2006,-1.4810876264877115
RGI60-08.00453,2007,-0.5361278404971894
RGI60-08.00453,2008,-0.946523659273069
RGI60-08.00453,2009,0.14776239535590485
RGI60-08.00453,2010,-1.4769447654886043
RGI60-08.00453,2011,-1.532619296294094
RGI60-08.00453,2012,-0.45606308647901184
RGI60-08.00453,2013,-2.418347427578637
RGI60-08.00453,2014,-0.19007812078393094
RGI60-08.00453,2015,-0.8016086153042704
RGI60-08.00453,2016,-0.7752472263947952
RGI60-08.00453,2017,-0.8739606492123604
RGI60-08.00453,2018,0.3781389129656093
RGI60-08.00453,2019,-1.4966245324954859
RGI60-08.00453,2020,-1.005303512746485
RGI60-08.00453,2021,-0.7789301433380649
RGI60-08.00453,2022,-0.3916682311011423
RGI60-08.00453,2023,-1.1605324346174122
RGI60-08.00453,2024,-1.4582353258545746
RGI60-08.00455,2000,-0.14063680470833528
RGI60-08.00455,2001,-1.013576956612336
RGI60-08.00455,2002,-0.7344801149802688
RGI60-08.00455,2003,-0.5241403853959814
RGI60-08.00455,2004,-0.42374171696753854
RGI60-08.00455,2005,-0.3205353073687578
RGI60-08.00455,2006,-0.832005765376868
RGI60-08.00455,2007,-0.07076104488589086
RGI60-08.00455,2008,-0.39533310710721153
RGI60-08.00455,2009,-0.5691100382428146
RGI60-08.00455,2010,-1.067372129173946
RGI60-08.00455,2011,-1.2895147265781093
RGI60-08.00455,2012,-0.054901817911848894
RGI60-08.00455,2013,-1.8209466222755364
RGI60-08.00455,2014,-0.842969604573603
RGI60-08.00455,2015,-0.22646952435150158
RGI60-08.00455,2016,-1.1559786503008254
RGI60-08.00455,2017,-0.7817002575617052
RGI60-08.00455,2018,-1.3549043930533609
RGI60-08.00455,2019,-0.7883210325735655
RGI60-08.00455,2020,-0.6176347971532548
RGI60-08.00455,2021,-0.6136072929876872
RGI60-08.00455,2022,-1.1002543269680987
RGI60-08.00455,2023,-1.1506870055023932
RGI60-08.00455,2024,-2.270316735488872
RGI60-08.00456,2000,0.583795991011735
RGI60-08.00456,2001,-0.9150256764777305
RGI60-08.00456,2002,-0.9724045137448207
RGI60-08.00456,2003,-1.799572041130601
RGI60-08.00456,2004,-0.9858879252427653
RGI60-08.00456,2005,-0.945368086027502
RGI60-08.00456,2006,-1.25643240124684
RGI60-08.00456,2007,0.371250959380099
RGI60-08.00456,2008,-1.5715544504919339
RGI60-08.00456,2009,1.4798387254574252
RGI60-08.00456,2010,-1.2058043799780427
RGI60-08.00456,2011,-0.22361229145779915
RGI60-08.00456,2012,1.107724654343951
RGI60-08.00456,2013,-1.9698379277113516
RGI60-08.00456,2014,-1.950105877871316
RGI60-08.00456,2015,0.017671026286558367
RGI60-08.00456,2016,-1.660154434564785
RGI60-08.00456,2017,-0.18720132131843692
RGI60-08.00456,2018,-1.456572514330927
RGI60-08.00456,2019,-1.2486475148849183
RGI60-08.00456,2020,-0.6065566784088994
RGI60-08.00456,2021,-1.9548832250243005
RGI60-08.00456,2022,-0.4197875432860257
RGI60-08.00456,2023,-1.52661658014208
RGI60-08.00456,2024,-2.2596727166092743
RGI60-08.00458,2000,0.623441521244394
RGI60-08.00458,2001,-0.5981298171689963
RGI60-08.00458,2002,-1.624112957579976
RGI60-08.00458,2003,-1.0824775400115398
RGI60-08.00458,2004,-0.3666590133402372
RGI60-08.00458,2005,-0.16035617683105552
RGI60-08.00458,2006,-1.5984307290093678
RGI60-08.00458,2007,0.12048736936557025
RGI60-08.00458,2008,-0.3821807306331038
RGI60-08.00458,2009,0.16521504049996427
RGI60-08.00458,2010,-1.4871501688719275
RGI60-08.00458,2011,-2.032083577900685
RGI60-08.00458,2012,0.5878223391854858
RGI60-08.00458,2013,-0.7669478923905058
RGI60-08.00458,2014,-1.3420111067157174
RGI60-08.00458,2015,0.34450730597331325
RGI60-08.00458,2016,-0.9536118446956545
RGI60-08.00458,2017,-0.3467979435630614
RGI60-08.00458,2018,-2.238269222221213
RGI60-08.00458,2019,-1.0963548553356823
RGI60-08.00458,2020,0.16501722305136857
RGI60-08.00458,2021,-1.6087352352786755
RGI60-08.00458,2022,-0.39233299377450365
RGI60-08.00458,2023,-1.7970000582531591
RGI60-08.00458,2024,-1.3073633933813134
RGI60-08.00461,2000,1.5797776328978461
RGI60-08.00461,2001,-0.8939127561053383
RGI60-08.00461,2002,-1.4212738775437375
RGI60-08.00461,2003,-0.5722147254922643
RGI60-08.00461,2004,0.1579237715331041
RGI60-08.00461,2005,0.09413457802356728
RGI60-08.00461,2006,-1.5149227996834238
RGI60-08.00461,2007,0.19330904353376843
RGI60-08.00461,2008,1.4180418533540018
RGI60-08.00461,2009,-0.12290879612639208
RGI60-08.00461,2010,0.04246308895360765
RGI60-08.00461,2011,-0.7274093095471182
RGI60-08.00461,2012,0.20581543083854148
RGI60-08.00461,2013,-1.1703604231861955
RGI60-08.00461,2014,-0.366816330888941
RGI60-08.00461,2015,0.3611222707574552
RGI60-08.00461,2016,-0.20588248817182733
RGI60-08.00461,2017,-0.6062064086560327
RGI60-08.00461,2018,0.4143579999095437
RGI60-08.00461,2019,-0.45233775440016294
RGI60-08.00461,2020,0.2748260253328963
RGI60-08.00461,2021,1.717636197647875
RGI60-08.00461,2022,-1.001677400755883
RGI60-08.00461,2023,0.3765202302325934
RGI60-08.00461,2024,-1.638476413825948
RGI60-08.00463,2000,1.5454909168402162
RGI60-08.00463,2001,-1.1401785988885835
RGI60-08.00463,2002,-1.4855294763751679
RGI60-08.00463,2003,-1.0232468352139321
RGI60-08.00463,2004,-0.1541531032335276
RGI60-08.00463,2005,-0.3954921239506043
RGI60-08.00463,2006,-1.4662828892614677
RGI60-08.00463,2007,-0.030121883966721885
RGI60-08.00463,2008,-0.7086319293969818
RGI60-08.00463,2009,-1.0720464846404967
RGI60-08.00463,2010,0.2461873273690488
RGI60-08.00463,2011,-1.916091380739818
RGI60-08.00463,2012,-0.22356547273899274
RGI60-08.00463,2013,-2.147935640477061
RGI60-08.00463,2014,-1.2320271275671406
RGI60-08.00463,2015,-0.5072358179148861
RGI60-08.00463,2016,-1.2982974280653625
RGI60-08.00463,2017,-0.2718043615023815
RGI60-08.00463,2018,-1.049062481505334
RGI60-08.00463,2019,-1.1079752087708021
RGI60-08.00463,2020,-0.8210216052613586
RGI60-08.00463,2021,-0.9860468209084772
RGI60-08.00463,2022,-0.8557544398280421
RGI60-08.00463,2023,-1.523018297353277
RGI60-08.00463,2024,-0.4097379844299986
RGI60-08.00474,2000,-0.03874950817081502
RGI60-08.00474,2001,-1.1607637805999147
RGI60-08.00474,2002,-1.1892488488803992
RGI60-08.00474,2003,-1.6433706203562388
RGI60-08.00474,2004,-0.4390204023263588
RGI60-08.00474,2005,-0.4517084269958995
RGI60-08.00474,2006,-1.9204374032616514
RGI60-08.00474,2007,0.3143856777538634
RGI60-08.00474,2008,-0.4543111610268933
RGI60-08.00474,2009,-0.44363897312106576
RGI60-08.00474,2010,-1.289416476742034
RGI60-08.00474,2011,-0.9149537289027952
RGI60-08.00474,2012,0.2697120241908818
RGI60-08.00474,2013,-0.39636996077959613
RGI60-08.00474,2014,-1.7264261479123149
RGI60-08.00474,2015,0.2236564789152159
RGI60-08.00474,2016,-0.1325323728767832
RGI60-08.00474,2017,-1.449471117162184
RGI60-08.00474,2018,-0.6045138941488238
RGI60-08.00474,2019,-0.5414213575961836
RGI60-08.00474,2020,-0.14064839150063424
RGI60-08.00474,2021,-1.2750359768486026
RGI60-08.00474,2022,-0.33312717056481944
RGI60-08.00474,2023,-1.2912340699011637
RGI60-08.00474,2024,-2.0475350046733407
RGI60-08.00476,2000,-0.8626421955291992
RGI60-08.00476,2001,-1.2658772772961868
RGI60-08.00476,2002,-2.2107828571699026
RGI60-08.00476,2003,-1.939032948568355
RGI60-08.00476,2004,-0.34692597282759174
RGI60-08.00476,2005,-0.5281401178803681
RGI60-08.00476,2006,-1.2520007832949835
RGI60-08.00476,2007,-0.2158950769193948
RGI60-08.00476,2008,-1.1936404254777644
RGI60-08.00476,2009,-1.2472995257857618
RGI60-08.00476,2010,-2.4261233053179057
RGI60-08.00476,2011,0.4546474459205283
RGI60-08.00476,2012,0.03438975598016736
RGI60-08.00476,2013,-0.9484892936412921
RGI60-08.00476,2014,-1.9907333736133586
RGI60-08.00476,2015,-0.0645834613395978
RGI60-08.00476,2016,-1.0976915653646704
RGI60-08.00476,2017,-1.1577746792726231
RGI60-08.00476,2018,-1.2591737390570685
RGI60-08.00476,2019,-0.8303306035446849
RGI60-08.00476,2020,-0.449601372782677
RGI60-08.00476,2021,-1.9291132108336977
RGI60-08.00476,2022,-1.1520887887389824
RGI60-08.00476,2023,-2.019357796296526
RGI60-08.00476,2024,-2.7309492620893314
RGI60-08.00477,2000,-0.010320284533696211
RGI60-08.00477,2001,-1.1154669238808146
RGI60-08.00477,2002,-1.5456157320319286
RGI60-08.00477,2003,-1.8326498950184262
RGI60-08.00477,2004,0.2670720960916966
RGI60-08.00477,2005,0.08167927370266526
RGI60-08.00477,2006,-1.8982638222820902
RGI60-08.00477,2007,0.11394478941669839
RGI60-08.00477,2008,-0.11933692140108698
RGI60-08.00477,2009,-0.5597472201029786
RGI60-08.00477,2010,-0.9175938287904806
RGI60-08.00477,2011,-0.381305668297462
RGI60-08.00477,2012,0.73944566364084
RGI60-08.00477,2013,-0.5271212203830868
RGI60-08.00477,2014,-1.6035169809098304
RGI60-08.00477,2015,0.5150767164581886
RGI60-08.00477,2016,0.16820067496979862
RGI60-08.00477,2017,-0.3782749133469941
RGI60-08.00477,2018,-0.41886397279068804
RGI60-08.00477,2019,-0.4009418305103291
RGI60-08.00477,2020,-0.001582463971151693
RGI60-08.00477,2021,-1.1342255377768535
RGI60-08.00477,2022,0.10559704904791156
RGI60-08.00477,2023,-1.4928714020215033
RGI60-08.00477,2024,-2.101588887299643
RGI60-08.00480,2000,-0.3749722308050854
RGI60-08.00480,2001,-1.225090840563563
RGI60-08.00480,2002,-0.8511927381917729
RGI60-08.00480,2003,-0.8516939957101181
RGI60-08.00480,2004,-0.6915494298554435
RGI60-08.00480,2005,-0.05039746304950171
RGI60-08.00480,2006,-1.1162808456241595
RGI60-08.00480,2007,0.5080749793725116
RGI60-08.00480,2008,-0.13196112670444943
RGI60-08.00480,2009,-0.24619223781842164
RGI60-08.00480,2010,-0.5490153923316928
RGI60-08.00480,2011,-0.7553462924218373
RGI60-08.00480,2012,0.9246461182581828
RGI60-08.00480,2013,-1.062176013037437
RGI60-08.00480,2014,-1.635167962478631
RGI60-08.00480,2015,0.5069022094818486
RGI60-08.00480,2016,-0.32221204042829943
RGI60-08.00480,2017,-0.32548818338665775
RGI60-08.00480,2018,-1.2305460444845577
RGI60-08.00480,2019,-0.8614404702209115
RGI60-08.00480,2020,-0.41019701990722385
RGI60-08.00480,2021,-1.4621906246897425
RGI60-08.00480,2022,-0.4243958992972208
RGI60-08.00480,2023,-1.6264761491143522
RGI60-08.00480,2024,-1.6214328609889987
RGI60-08.00482,2000,0.1710381752698752
RGI60-08.00482,2001,-0.9871556948224806
RGI60-08.00482,2002,-2.0254782331542636
RGI60-08.00482,2003,-1.9535538057596713
RGI60-08.00482,2004,-0.3065266634842611
RGI60-08.00482,2005,0.48028185702665105
RGI60-08.00482,2006,-2.207543773287322
RGI60-08.00482,2007,-0.0018840609054767699
RGI60-08.00482,2008,-0.621276326273136
RGI60-08.00482,2009,0.11722448009127462
RGI60-08.00482,2010,-0.9843794439012321
RGI60-08.00482,2011,-0.9053668964313382
RGI60-08.00482,2012,0.7328681573289916
RGI60-08.00482,2013,0.06386576893892693
RGI60-08.00482,2014,-2.085569946244106
RGI60-08.00482,2015,0.6928837941883453
RGI60-08.00482,2016,-0.5666761972760767
RGI60-08.00482,2017,-0.6917169707816893
RGI60-08.00482,2018,-1.0988600188496727
RGI60-08.00482,2019,-0.7888742016733488
RGI60-08.00482,2020,0.41592074587419814
RGI60-08.00482,2021,-1.743372981487283
RGI60-08.00482,2022,-0.12673238378064877
RGI60-08.00482,2023,-1.123907868795011
RGI60-08.00482,2024,-1.215221582136611
RGI60-08.00483,2000,0.22635929774227725
RGI60-08.00483,2001,-0.8717823714452414
RGI60-08.00483,2002,-1.6265331392318605
RGI60-08.00483,2003,-1.317951592409694
RGI60-08.00483,2004,-0.29105509900951376
RGI60-08.00483,2005,0.1986926302114722
RGI60-08.00483,2006,-2.0627061020855946
RGI60-08.00483,2007,0.17964477073010054
RGI60-08.00483,2008,-0.6645821776891647
RGI60-08.00483,2009,-0.8398668652420154
RGI60-08.00483,2010,-1.0894577788692126
RGI60-08.00483,2011,-0.9255366466172956
RGI60-08.00483,2012,0.7761981275466565
RGI60-08.00483,2013,-0.6262367837834546
RGI60-08.00483,2014,-2.249891649253782
RGI60-08.00483,2015,0.5585220184804931
RGI60-08.00483,2016,-0.9514195505283616
RGI60-08.00483,2017,-0.50346262963298
RGI60-08.00483,2018,-0.8741018228363774
RGI60-08.00483,2019,-0.8681326360764323
RGI60-08.00483,2020,0.19426429812445678
RGI60-08.00483,2021,-1.628068846017723
RGI60-08.00483,2022,-0.5625700818712267
RGI60-08.00483,2023,-2.370661444628555
RGI60-08.00483,2024,-1.3286019726601557
RGI60-08.00485,2000,0.6357559355479955
RGI60-08.00485,2001,-0.8214549191661777
RGI60-08.00485,2002,-0.8802181694226663
RGI60-08.00485,2003,-1.4323781333056784
RGI60-08.00485,2004,-0.26069405584199357
RGI60-08.00485,2005,-0.030058084327733214
RGI60-08.00485,2006,-1.8161476251797404
RGI60-08.00485,2007,0.9016991362643122
RGI60-08.00485,2008,-0.3343002959375251
RGI60-08.00485,2009,-0.3506555739115303
RGI60-08.00485,2010,-1.0371797789580093
RGI60-08.00485,2011,-0.7832528969529315
RGI60-08.00485,2012,0.8718997639877105
RGI60-08.00485,2013,-0.15301446366098947
RGI60-08.00485,2014,-1.3311323228299243
RGI60-08.00485,2015,0.7273794996716726
RGI60-08.00485,2016,-0.32389253383096006
RGI60-08.00485,2017,-0.3069187066906518
RGI60-08.00485,2018,-0.0763016867158337
RGI60-08.00485,2019,-0.8498350887393522
RGI60-08.00485,2020,0.1428288517694264
RGI60-08.00485,2021,-1.4445983280671006
RGI60-08.00485,2022,-0.19522433570180092
RGI60-08.00485,2023,-2.0474602308165135
RGI60-08.00485,2024,-0.8549004604176151
RGI60-08.00492,2000,-0.07808204617951675
RGI60-08.00492,2001,-0.9492737623464113
RGI60-08.00492,2002,-0.37081042346956367
RGI60-08.00492,2003,-1.2824691601111207
RGI60-08.00492,2004,-0.08605411390110862
RGI60-08.00492,2005,0.09938033678577485
RGI60-08.00492,2006,-1.19450665049586
RGI60-08.00492,2007,0.1783379495160049
RGI60-08.00492,2008,-0.4991018983376242
RGI60-08.00492,2009,-0.18411803705447016
RGI60-08.00492,2010,-0.19265188911113618
RGI60-08.00492,2011,-0.43242232406382003
RGI60-08.00492,2012,0.4731841490580291
RGI60-08.00492,2013,-0.38246114673458365
RGI60-08.00492,2014,-1.5886921228181385
RGI60-08.00492,2015,-0.23689090959613424
RGI60-08.00492,2016,-1.4948784287801877
RGI60-08.00492,2017,-0.4411793983184583
RGI60-08.00492,2018,-1.4308733044657589
RGI60-08.00492,2019,-0.8163368195759082
RGI60-08.00492,2020,0.3450774191513897
RGI60-08.00492,2021,-1.7061683552391051
RGI60-08.00492,2022,-0.7982751974752631
RGI60-08.00492,2023,-1.0940154927175396
RGI60-08.00492,2024,-1.2312436320274975
RGI60-08.00497,2000,0.23663865446991583
RGI60-08.00497,2001,-0.9088658319323641
RGI60-08.00497,2002,-1.1220192882920745
RGI60-08.00497,2003,-1.3093814913942914
RGI60-08.00497,2004,0.12022973666330361
RGI60-08.00497,2005,0.2784814358619355
RGI60-08.00497,2006,-1.2320046406472658
RGI60-08.00497,2007,-0.5236264906417853
RGI60-08.00497,2008,-0.7060587933120218
RGI60-08.00497,2009,0.5737901221983857
RGI60-08.00497,2010,-0.6418901600326745
RGI60-08.00497,2011,-0.41191922688377086
RGI60-08.00497,2012,0.7108092081161728
RGI60-08.00497,2013,-0.8907992106771558
RGI60-08.00497,2014,-1.4312127535014398
RGI60-08.00497,2015,0.4945613633534358
RGI60-08.00497,2016,-0.8430131747024542
RGI60-08.00497,2017,-1.0209813266569525
RGI60-08.00497,2018,-1.002051161640997
RGI60-08.00497,2019,-0.7970869703479182
RGI60-08.00497,2020,0.12784733171255624
RGI60-08.00497,2021,-1.1838327806957885
RGI60-08.00497,2022,0.09345119033661209
RGI60-08.00497,2023,-0.6618175126229157
RGI60-08.00497,2024,-1.2769688909215193
RGI60-08.00499,2000,0.09117746534116844
RGI60-08.00499,2001,-0.7671329739753681
RGI60-08.00499,2002,-0.48438271203719513
RGI60-08.00499,2003,-1.0855247970068298
RGI60-08.00499,2004,0.40698586776211726
RGI60-08.00499,2005,0.36699189835575013
RGI60-08.00499,2006,-1.0058756156461097
RGI60-08.00499,2007,0.008841619129271339
RGI60-08.00499,2008,-0.17158619627265836
RGI60-08.00499,2009,-0.7504341845556485
RGI60-08.00499,2010,-0.4606192320457133
RGI60-08.00499,2011,-0.4140502510677573
RGI60-08.00499,2012,0.6417120549450774
RGI60-08.00499,2013,-0.8124532292804645
RGI60-08.00499,2014,-1.6126659311553864
RGI60-08.00499,2015,0.5365462336934002
RGI60-08.00499,2016,-1.3050099994812903
RGI60-08.00499,2017,-0.34055397799169174
RGI60-08.00499,2018,-0.013803737936385563
RGI60-08.00499,2019,-0.6326623007742953
RGI60-08.00499,2020,0.42978844466874516
RGI60-08.00499,2021,-1.0649015199883145
RGI60-08.00499,2022,-0.4466751207675004
RGI60-08.00499,2023,-1.1505665088374686
RGI60-08.00499,2024,-1.3778748527401459
RGI60-08.00501,2000,-0.006405227896948917
RGI60-08.00501,2001,-0.38277307821006296
RGI60-08.00501,2002,-0.5078829857424474
RGI60-08.00501,2003,-0.8701818135089605
RGI60-08.00501,2004,0.05898781504233025
RGI60-08.00501,2005,0.19590486802731533
RGI60-08.00501,2006,-1.419301397205218
RGI60-08.00501,2007,-0.010703288366016916
RGI60-08.00501,2008,0.0016473485807256272
RGI60-08.00501,2009,-0.21117242436673023
RGI60-08.00501,2010,-0.4398666287279526
RGI60-08.00501,2011,-0.4519530445791291
RGI60-08.00501,2012,0.5686230807865679
RGI60-08.00501,2013,-0.5369409278118609
RGI60-08.00501,2014,-1.126836177128495
RGI60-08.00501,2015,0.18972335867071966
RGI60-08.00501,2016,-1.6009145775159164
RGI60-08.00501,2017,-0.5056052138303672
RGI60-08.00501,2018,-0.6581382946122107
RGI60-08.00501,2019,-0.5966113916053388
RGI60-08.00501,2020,0.43780499133241746
RGI60-08.00501,2021,-1.1343472594618307
RGI60-08.00501,2022,-0.2779382994713201
RGI60-08.00501,2023,-0.8422711384436896
RGI60-08.00501,2024,-1.185399567682368
RGI60-08.00502,2000,0.10977901436374227
RGI60-08.00502,2001,-0.5973805509375812
RGI60-08.00502,2002,-0.53204808627576
RGI60-08.00502,2003,-1.0760583497164578
RGI60-08.00502,2004,-0.10676326139739706
RGI60-08.00502,2005,0.24596141041892106
RGI60-08.00502,2006,-1.2981328645557721
RGI60-08.00502,2007,0.6789687009846205
RGI60-08.00502,2008,0.008970685633377828
RGI60-08.00502,2009,0.5320722993120941
RGI60-08.00502,2010,-0.2765105895961337
RGI60-08.00502,2011,-0.7671088057286666
RGI60-08.00502,2012,1.2377965502529857
RGI60-08.00502,2013,-0.944304882047565
RGI60-08.00502,2014,-2.06860130937836
RGI60-08.00502,2015,0.3900394478704049
RGI60-08.00502,2016,-0.9357695566216017
RGI60-08.00502,2017,-0.2615002664103234
RGI60-08.00502,2018,-0.9510334970304711
RGI60-08.00502,2019,-0.6244760891400531
RGI60-08.00502,2020,0.20677917688216285
RGI60-08.00502,2021,-1.4574862193758076
RGI60-08.00502,2022,0.00700856577233222
RGI60-08.00502,2023,-0.5528794601765008
RGI60-08.00502,2024,-0.9184258728294687
RGI60-08.00521,2000,0.12087004011717328
RGI60-08.00521,2001,-1.4984368353817605
RGI60-08.00521,2002,-1.0620462888768414
RGI60-08.00521,2003,-1.4186341757959906
RGI60-08.00521,2004,-0.17995087540123744
RGI60-08.00521,2005,-0.0687933698793195
RGI60-08.00521,2006,-1.3120685395988958
RGI60-08.00521,2007,0.8055901879634163
RGI60-08.00521,2008,-0.4457068671635165
RGI60-08.00521,2009,-0.44858895668828414
RGI60-08.00521,2010,-0.8372372021503335
RGI60-08.00521,2011,-1.3615057866075375
RGI60-08.00521,2012,-0.3908401416540782
RGI60-08.00521,2013,-1.308771943584992
RGI60-08.00521,2014,-2.3608589604527177
RGI60-08.00521,2015,0.30390667813696826
RGI60-08.00521,2016,-1.4134106719938868
RGI60-08.00521,2017,-0.6910293455363243
RGI60-08.00521,2018,-1.7592190424489145
RGI60-08.00521,2019,-0.5297679030029134
RGI60-08.00521,2020,0.058856118218332365
RGI60-08.00521,2021,-1.5232604644667176
RGI60-08.00521,2022,0.08466267601728028
RGI60-08.00521,2023,-1.5000711569035141
RGI60-08.00521,2024,-1.5250722090112223
RGI60-08.00522,2000,-0.7123131901171958
RGI60-08.00522,2001,-0.5870626513642521
RGI60-08.00522,2002,-1.3915514790548222
RGI60-08.00522,2003,-1.0893982374107893
RGI60-08.00522,2004,-0.03651734009954044
RGI60-08.00522,2005,-0.8620354143921538
RGI60-08.00522,2006,-1.7528972914591145
RGI60-08.00522,2007,1.2492413418798334
RGI60-08.00522,2008,-0.6430348975168092
RGI60-08.00522,2009,-0.36219082500832933
RGI60-08.00522,2010,-1.8176387089037513
RGI60-08.00522,2011,-1.3694637240807626
RGI60-08.00522,2012,0.14903261985312077
RGI60-08.00522,2013,-1.7807388161060356
RGI60-08.00522,2014,-1.637687252733601
RGI60-08.00522,2015,-0.6693542467715843
RGI60-08.00522,2016,-0.5213244286441184
RGI60-08.00522,2017,-2.1731572353154576
RGI60-08.00522,2018,-2.0043685029930876
RGI60-08.00522,2019,-1.7531397197615466
RGI60-08.00522,2020,-0.897961163472116
RGI60-08.00522,2021,-2.2874140507580005
RGI60-08.00522,2022,-0.8862593385316495
RGI60-08.00522,2023,-1.574223004178156
RGI60-08.00522,2024,-2.0799178631537165
RGI60-08.00538,2000,0.04533255495551458
RGI60-08.00538,2001,-1.2715606919115758
RGI60-08.00538,2002,-1.0831596326479924
RGI60-08.00538,2003,-0.5897444373482784
RGI60-08.00538,2004,-0.5011603306964193
RGI60-08.00538,2005,0.18858382607271928
RGI60-08.00538,2006,-0.9446668516507464
RGI60-08.00538,2007,-0.15655099094898545
RGI60-08.00538,2008,-0.25504657024194194
RGI60-08.00538,2009,-0.8795129911056266
RGI60-08.00538,2010,-1.0965945606414156
RGI60-08.00538,2011,-0.45871544665074987
RGI60-08.00538,2012,0.595904659734346
RGI60-08.00538,2013,-1.0431122709043956
RGI60-08.00538,2014,-1.0899218004271365
RGI60-08.00538,2015,0.47155176713415226
RGI60-08.00538,2016,-0.7163055811759759
RGI60-08.00538,2017,-0.8907352917198995
RGI60-08.00538,2018,-0.9146080392015494
RGI60-08.00538,2019,-0.8888773206240466
RGI60-08.00538,2020,0.1483230033326629
RGI60-08.00538,2021,-1.5188428220252301
RGI60-08.00538,2022,0.24351570858257066
RGI60-08.00538,2023,-0.9905538291565534
RGI60-08.00538,2024,-1.4186701300303048
RGI60-08.00542,2000,-0.025374783096032694
RGI60-08.00542,2001,-0.9069507025046416
RGI60-08.00542,2002,-2.0429135420497673
RGI60-08.00542,2003,-1.0669228099912684
RGI60-08.00542,2004,-0.36980695798373825
RGI60-08.00542,2005,0.29554144537925797
RGI60-08.00542,2006,-1.22024037965394
RGI60-08.00542,2007,0.4457795203432269
RGI60-08.00542,2008,-0.1541942973918588
RGI60-08.00542,2009,-0.35445435234621236
RGI60-08.00542,2010,-0.8358953629110017
RGI60-08.00542,2011,-1.1648915532384359
RGI60-08.00542,2012,0.5158331931399092
RGI60-08.00542,2013,-0.8606883389617531
RGI60-08.00542,2014,-1.834229549983115
RGI60-08.00542,2015,0.9445864616405766
RGI60-08.00542,2016,-0.4623169337019336
RGI60-08.00542,2017,-0.4070246846919321
RGI60-08.00542,2018,-1.2016969171462768
RGI60-08.00542,2019,-0.9367394548510715
RGI60-08.00542,2020,0.24985561777067022
RGI60-08.00542,2021,-1.619620496311479
RGI60-08.00542,2022,-0.3187761531189167
RGI60-08.00542,2023,-1.3907242669032018
RGI60-08.00542,2024,-1.367203990948909
RGI60-08.00543,2000,-0.9464781538490205
RGI60-08.00543,2001,-1.3419713673395308
RGI60-08.00543,2002,-0.15673282029578156
RGI60-08.00543,2003,0.5447686344237991
RGI60-08.00543,2004,-0.6501774325466214
RGI60-08.00543,2005,0.2608845733509665
RGI60-08.00543,2006,-0.9944645678407167
RGI60-08.00543,2007,0.6222536530177608
RGI60-08.00543,2008,-0.778733500245266
RGI60-08.00543,2009,1.3675093634968525
RGI60-08.00543,2010,1.4225366712228358
RGI60-08.00543,2011,-1.0581481013449567
RGI60-08.00543,2012,0.003119214265326631
RGI60-08.00543,2013,-2.438875365717521
RGI60-08.00543,2014,-1.028876592538649
RGI60-08.00543,2015,-0.2417375725065291
RGI60-08.00543,2016,2.639772577194884
RGI60-08.00543,2017,-1.313780235356049
RGI60-08.00543,2018,-0.8094093964780619
RGI60-08.00543,2019,-0.9230595809137241
RGI60-08.00543,2020,0.21393063820908953
RGI60-08.00543,2021,-2.514010758523402
RGI60-08.00543,2022,1.7877910038003102
RGI60-08.00543,2023,0.24593567055992704
RGI60-08.00543,2024,-0.34355908540939756
RGI60-08.00548,2000,-0.07315382818501293
RGI60-08.00548,2001,0.3364342282550007
RGI60-08.00548,2002,-0.004837583235411058
RGI60-08.00548,2003,-1.5752904059465602
RGI60-08.00548,2004,-0.4703419243940397
RGI60-08.00548,2005,-0.4898552659678958
RGI60-08.00548,2006,-2.246230258407988
RGI60-08.00548,2007,0.7540375836082777
RGI60-08.00548,2008,-1.6240906656603324
RGI60-08.00548,2009,1.8680629064961
RGI60-08.00548,2010,-1.7106513950380267
RGI60-08.00548,2011,-1.891453042795157
RGI60-08.00548,2012,-0.13030883905396862
RGI60-08.00548,2013,-0.7007822034659678
RGI60-08.00548,2014,-0.870429881062712
RGI60-08.00548,2015,-0.048427907297270145
RGI60-08.00548,2016,1.2388185490949852
RGI60-08.00548,2017,-1.7023781467441443
RGI60-08.00548,2018,-0.012807630823877814
RGI60-08.00548,2019,-1.027614289375998
RGI60-08.00548,2020,-0.2331991330296303
RGI60-08.00548,2021,-2.7874420776648807
RGI60-08.00548,2022,0.03223955635300002
RGI60-08.00548,2023,1.718923122302864
RGI60-08.00548,2024,3.1663986580771684
RGI60-08.00549,2000,0.2071002568521938
RGI60-08.00549,2001,-1.2502439926307096
RGI60-08.00549,2002,-1.1980934764539648
RGI60-08.00549,2003,-0.9943786054093288
RGI60-08.00549,2004,0.19299352274041248
RGI60-08.00549,2005,0.03555907261772118
RGI60-08.00549,2006,-1.3964569297218299
RGI60-08.00549,2007,0.7003290243785962
RGI60-08.00549,2008,-0.6069518985804506
RGI60-08.00549,2009,-0.22104825614290025
RGI60-08.00549,2010,-1.298791600119624
RGI60-08.00549,2011,-1.8677575785345113
RGI60-08.00549,2012,0.35231185436014
RGI60-08.00549,2013,-1.3199365239932443
RGI60-08.00549,2014,-2.085513777067977
RGI60-08.00549,2015,0.35390158149102935
RGI60-08.00549,2016,-0.3424666147193871
RGI60-08.00549,2017,-0.4582030860739709
RGI60-08.00549,2018,-1.3512598781038112
RGI60-08.00549,2019,-0.7563930948883837
RGI60-08.00549,2020,0.3407310339247902
RGI60-08.00549,2021,-1.5454594695927324
RGI60-08.00549,2022,0.06133957379850685
RGI60-08.00549,2023,-2.171618472827117
RGI60-08.00549,2024,-0.645542311444081
RGI60-08.00550,2000,0.4685916524539334
RGI60-08.00550,2001,-1.0037295997788982
RGI60-08.00550,2002,-0.9134833098456363
RGI60-08.00550,2003,-1.6097784123523446
RGI60-08.00550,2004,0.11455157379334757
RGI60-08.00550,2005,0.2940019133187982
RGI60-08.00550,2006,-1.436361892546339
RGI60-08.00550,2007,1.1762541469735868
RGI60-08.00550,2008,-0.20201517604135527
RGI60-08.00550,2009,-1.5249712231448722
RGI60-08.00550,2010,-1.4186603034075376
RGI60-08.00550,2011,-1.2261978617234521
RGI60-08.00550,2012,0.7442846129574664
RGI60-08.00550,2013,-1.1736409101223546
RGI60-08.00550,2014,-2.2505361400923385
RGI60-08.00550,2015,0.06211240547923225
RGI60-08.00550,2016,-0.16193407827346273
RGI60-08.00550,2017,-0.4673422442374814
RGI60-08.00550,2018,-0.21678054818997222
RGI60-08.00550,2019,-0.04376460522031289
RGI60-08.00550,2020,0.13943746726914252
RGI60-08.00550,2021,-2.2206432607485294
RGI60-08.00550,2022,0.9361789000430322
RGI60-08.00550,2023,-1.8342473164775392
RGI60-08.00550,2024,-0.8894222188275647
RGI60-08.00552,2000,-0.44905050514719347
RGI60-08.00552,2001,-1.532212273536922
RGI60-08.00552,2002,-2.987070079684784
RGI60-08.00552,2003,-1.5025208739790954
RGI60-08.00552,2004,-0.0877838101996784
RGI60-08.00552,2005,-0.8688048916264506
RGI60-08.00552,2006,-2.5983006898319227
RGI60-08.00552,2007,0.9853233528962333
RGI60-08.00552,2008,-1.1354906410859726
RGI60-08.00552,2009,1.21333057498937
RGI60-08.00552,2010,-2.0098340323830697
RGI60-08.00552,2011,-2.0643345804809075
RGI60-08.00552,2012,0.6310840075622723
RGI60-08.00552,2013,-1.626460358620101
RGI60-08.00552,2014,-3.048944998621733
RGI60-08.00552,2015,-0.30230484435937766
RGI60-08.00552,2016,-2.3716713687629385
RGI60-08.00552,2017,-1.760301726473751
RGI60-08.00552,2018,-1.3653633888051075
RGI60-08.00552,2019,-1.0815888718488638
RGI60-08.00552,2020,-0.4022157658438289
RGI60-08.00552,2021,-2.4084918790032024
RGI60-08.00552,2022,-0.5285844897160664
RGI60-08.00552,2023,-2.312986867248074
RGI60-08.00552,2024,-1.9695627305204737
RGI60-08.00554,2000,0.6407140187175043
RGI60-08.00554,2001,-0.7253373936896499
RGI60-08.00554,2002,-1.1446783744982933
RGI60-08.00554,2003,-1.2004935648948076
RGI60-08.00554,2004,0.07757093116436342
RGI60-08.00554,2005,0.007564147385545783
RGI60-08.00554,2006,-2.126108963269664
RGI60-08.00554,2007,-0.716736864774183
RGI60-08.00554,2008,-0.40551505266465043
RGI60-08.00554,2009,-0.3449561730047422
RGI60-08.00554,2010,-1.2562109637769094
RGI60-08.00554,2011,-1.0842891406586925
RGI60-08.00554,2012,0.5072626692975101
RGI60-08.00554,2013,-1.3677141952053968
RGI60-08.00554,2014,-2.2060445370534305
RGI60-08.00554,2015,0.3903011986922523
RGI60-08.00554,2016,-2.1072922414862814
RGI60-08.00554,2017,-0.22654111459931758
RGI60-08.00554,2018,-1.3668265661670902
RGI60-08.00554,2019,-0.6346678195140595
RGI60-08.00554,2020,-0.813822825189627
RGI60-08.00554,2021,-2.515624179722813
RGI60-08.00554,2022,-0.8841483402028183
RGI60-08.00554,2023,-1.9143376448177665
RGI60-08.00554,2024,-1.8228278755599305
RGI60-08.00560,2000,0.9532913917336674
RGI60-08.00560,2001,-0.6351825099993924
RGI60-08.00560,2002,-0.6467323214887191
RGI60-08.00560,2003,-1.5137919196800982
RGI60-08.00560,2004,0.18793066963625216
RGI60-08.00560,2005,-0.3469137095154511
RGI60-08.00560,2006,-1.7478622312375085
RGI60-08.00560,2007,0.4826078610322557
RGI60-08.00560,2008,-0.2541540138975598
RGI60-08.00560,2009,-0.36398796693164315
RGI60-08.00560,2010,0.6060615953033088
RGI60-08.00560,2011,-2.936759958572595
RGI60-08.00560,2012,0.6849626325794114
RGI60-08.00560,2013,-0.7586201041126424
RGI60-08.00560,2014,-1.9540418776508461
RGI60-08.00560,2015,-0.25469182984227784
RGI60-08.00560,2016,-1.4188639971774146
RGI60-08.00560,2017,-0.400970545103985
RGI60-08.00560,2018,-1.051886645794556
RGI60-08.00560,2019,-0.42109451928021524
RGI60-08.00560,2020,-0.336482217634854
RGI60-08.00560,2021,-1.9980957062552935
RGI60-08.00560,2022,-0.6444542438215667
RGI60-08.00560,2023,-0.012896556563582795
RGI60-08.00560,2024,-1.8032940259042913
RGI60-08.00568,2000,1.0511925358746432
RGI60-08.00568,2001,-0.22564960995200406
RGI60-08.00568,2002,-1.6721515354530734
RGI60-08.00568,2003,-1.4555815302511497
RGI60-08.00568,2004,-0.6888826417611404
RGI60-08.00568,2005,-0.00029225536837573785
RGI60-08.00568,2006,-1.5729807186684985
RGI60-08.00568,2007,0.613503808247056
RGI60-08.00568,2008,-0.6580894014734279
RGI60-08.00568,2009,-0.37322905650581945
RGI60-08.00568,2010,-0.5964449016753589
RGI60-08.00568,2011,-2.176402328444628
RGI60-08.00568,2012,0.31438138904303414
RGI60-08.00568,2013,-1.5077236931248492
RGI60-08.00568,2014,-1.5333986000210738
RGI60-08.00568,2015,-0.23121694045904612
RGI60-08.00568,2016,-1.288092905948493
RGI60-08.00568,2017,-0.9512782343949758
RGI60-08.00568,2018,-0.7198583539624412
RGI60-08.00568,2019,-0.7948050257003815
RGI60-08.00568,2020,-0.6171727976243653
RGI60-08.00568,2021,-1.8464174493771224
RGI60-08.00568,2022,-1.111842012775751
RGI60-08.00568,2023,-1.3418820336201769
RGI60-08.00568,2024,-1.7179250746929098
RGI60-08.00582,2000,0.27575000441754915
RGI60-08.00582,2001,-0.5241669313142546
RGI60-08.00582,2002,-0.373735624221454
RGI60-08.00582,2003,-1.5493127733413385
RGI60-08.00582,2004,0.8302324615488462
RGI60-08.00582,2005,-0.08086674923749532
RGI60-08.00582,2006,0.6200138313964366
RGI60-08.00582,2007,1.1470393178896408
RGI60-08.00582,2008,-0.9961994601884465
RGI60-08.00582,2009,0.334691492398392
RGI60-08.00582,2010,0.023977027114107596
RGI60-08.00582,2011,-3.0844734960071785
RGI60-08.00582,2012,0.27348282616821384
RGI60-08.00582,2013,-0.41134668859240997
RGI60-08.00582,2014,-1.2776247987491436
RGI60-08.00582,2015,0.22779910564977757
RGI60-08.00582,2016,-2.1254848381593296
RGI60-08.00582,2017,-0.6364113483443677
RGI60-08.00582,2018,-0.8666221168055208
RGI60-08.00582,2019,-0.6358412416220194
RGI60-08.00582,2020,-0.051397624254353624
RGI60-08.00582,2021,-0.7878864886648898
RGI60-08.00582,2022,-0.5078377684053265
RGI60-08.00582,2023,0.10608977422320798
RGI60-08.00582,2024,-2.245837111709523
RGI60-08.00588,2000,-0.5764276052037292
RGI60-08.00588,2001,-0.7358943794350836
RGI60-08.00588,2002,-1.0141342735613348
RGI60-08.00588,2003,0.6192792889919447
RGI60-08.00588,2004,-0.919446813311332
RGI60-08.00588,2005,-0.4562308371792808
RGI60-08.00588,2006,-1.5368635360792569
RGI60-08.00588,2007,-1.2072561646220543
RGI60-08.00588,2008,-0.890045123155404
RGI60-08.00588,2009,-1.3622014230224457
RGI60-08.00588,2010,-1.5363152823493706
RGI60-08.00588,2011,-1.9019995362461173
RGI60-08.00588,2012,-1.4824456100188466
RGI60-08.00588,2013,-2.4890381117956086
RGI60-08.00588,2014,-1.0274808078542093
RGI60-08.00588,2015,-0.4022074543039763
RGI60-08.00588,2016,-1.4750548935269205
RGI60-08.00588,2017,-0.5630323302439338
RGI60-08.00588,2018,-2.65425846085121
RGI60-08.00588,2019,-0.6404466462318305
RGI60-08.00588,2020,-1.1585604076616858
RGI60-08.00588,2021,0.1520896085625545
RGI60-08.00588,2022,-0.37279742681088646
RGI60-08.00588,2023,-1.9003108834163416
RGI60-08.00588,2024,-2.1092653810992807
RGI60-08.00590,2000,-0.6134955321009795
RGI60-08.00590,2001,-0.7184798588401211
RGI60-08.00590,2002,-0.8896856427122684
RGI60-08.00590,2003,-0.6102102668844552
RGI60-08.00590,2004,-1.616273329680617
RGI60-08.00590,2005,-0.9862231332787241
RGI60-08.00590,2006,0.19660598298795695
RGI60-08.00590,2007,-1.5454301834892537
RGI60-08.00590,2008,-1.4593605748478664
RGI60-08.00590,2009,-1.6001349013805162
RGI60-08.00590,2010,-1.0723282004366195
RGI60-08.00590,2011,-2.5292845082563487
RGI60-08.00590,2012,-0.9629185072171864
RGI60-08.00590,2013,-2.281279840421849
RGI60-08.00590,2014,-0.3531705267525572
RGI60-08.00590,2015,-0.5437287982872406
RGI60-08.00590,2016,-1.9393859463717056
RGI60-08.00590,2017,-1.2008602517455564
RGI60-08.00590,2018,-2.0339127818074583
RGI60-08.00590,2019,-1.322243198476633
RGI60-08.00590,2020,-1.3839258823215204
RGI60-08.00590,2021,-1.2815729225173706
RGI60-08.00590,2022,-1.5302698567472872
RGI60-08.00590,2023,-0.3914611092522847
RGI60-08.00590,2024,-1.4758211674754467
RGI60-08.00605,2000,1.0955030432267243
RGI60-08.00605,2001,-1.369541385896665
RGI60-08.00605,2002,-0.1974843346520423
RGI60-08.00605,2003,-0.4762723712132602
RGI60-08.00605,2004,-0.35949541381124345
RGI60-08.00605,2005,-0.1383986092537196
RGI60-08.00605,2006,-0.7527747094955223
RGI60-08.00605,2007,-0.45121212420057205
RGI60-08.00605,2008,0.49793005085006614
RGI60-08.00605,2009,-0.8387286751192027
RGI60-08.00605,2010,-1.684718501248358
RGI60-08.00605,2011,-2.0919711371471994
RGI60-08.00605,2012,-1.4146078343494612
RGI60-08.00605,2013,-2.71420872213195
RGI60-08.00605,2014,-1.1594981480657283
RGI60-08.00605,2015,-0.6844778061333108
RGI60-08.00605,2016,-1.1829877102958979
RGI60-08.00605,2017,0.3042034862711527
RGI60-08.00605,2018,-1.3269637906924103
RGI60-08.00605,2019,-0.452795306641398
RGI60-08.00605,2020,0.2203577522391429
RGI60-08.00605,2021,-0.10604707362831634
RGI60-08.00605,2022,-1.3772178228535843
RGI60-08.00605,2023,-0.7031051790830174
RGI60-08.00605,2024,-2.7472479073113525
RGI60-08.00608,2000,-0.8343035850219844
RGI60-08.00608,2001,-0.8555325357326102
RGI60-08.00608,2002,-1.0558794641818812
RGI60-08.00608,2003,1.1862861595712575
RGI60-08.00608,2004,-1.7611289216183987
RGI60-08.00608,2005,-0.44663779240827267
RGI60-08.00608,2006,-1.7456555430802956
RGI60-08.00608,2007,-0.6559314137719211
RGI60-08.00608,2008,-1.217876118612858
RGI60-08.00608,2009,-1.087153173832701
RGI60-08.00608,2010,-0.6063375196898084
RGI60-08.00608,2011,-1.124499417282417
RGI60-08.00608,2012,-0.7604663694126574
RGI60-08.00608,2013,-1.1804862419404507
RGI60-08.00608,2014,-0.7207557206586693
RGI60-08.00608,2015,-0.350415900997934
RGI60-08.00608,2016,-0.6418732344275355
RGI60-08.00608,2017,-0.9123327685875624
RGI60-08.00608,2018,-0.9589360157133736
RGI60-08.00608,2019,-0.42988442259992465
RGI60-08.00608,2020,-0.34467787586094417
RGI60-08.00608,2021,-0.5063570226053078
RGI60-08.00608,2022,-0.9125324471729769
RGI60-08.00608,2023,-0.01348762992252528
RGI60-08.00608,2024,-1.2811595593339935
RGI60-08.00611,2000,0.30215727900618483
RGI60-08.00611,2001,-1.2924531578719936
RGI60-08.00611,2002,-0.48165062094439304
RGI60-08.00611,2003,-0.393191208222426
RGI60-08.00611,2004,-0.14115606116154855
RGI60-08.00611,2005,-0.5151517213128145
RGI60-08.00611,2006,-0.7589993420805969
RGI60-08.00611,2007,-0.8185410004897392
RGI60-08.00611,2008,0.7758127818535298
RGI60-08.00611,2009,-1.0102581429296875
RGI60-08.00611,2010,-0.5462669457834148
RGI60-08.00611,2011,-1.2405523431460863
RGI60-08.00611,2012,-0.2606161298027926
RGI60-08.00611,2013,-1.9851110190559442
RGI60-08.00611,2014,-0.8380930458005267
RGI60-08.00611,2015,-1.032876567151318
RGI60-08.00611,2016,-0.8665428697771118
RGI60-08.00611,2017,-0.2990652889016052
RGI60-08.00611,2018,-1.527409111837244
RGI60-08.00611,2019,-0.3221354845904728
RGI60-08.00611,2020,-0.47925838589632386
RGI60-08.00611,2021,-0.3487921369730191
RGI60-08.00611,2022,-1.81365663983176
RGI60-08.00611,2023,-1.5313483697053063
RGI60-08.00611,2024,-1.0431673456616535
RGI60-08.00613,2000,-0.14971144822279625
RGI60-08.00613,2001,-1.7072578726015557
RGI60-08.00613,2002,-1.187461262796886
RGI60-08.00613,2003,1.3559525845298195
RGI60-08.00613,2004,-1.1914001915841208
RGI60-08.00613,2005,-1.1609434505363696
RGI60-08.00613,2006,-1.3237714401688716
RGI60-08.00613,2007,-1.3353842649625227
RGI60-08.00613,2008,-1.432291999495986
RGI60-08.00613,2009,-0.8953538379686227
RGI60-08.00613,2010,-1.0543654716771302
RGI60-08.00613,2011,-2.2021374757587378
RGI60-08.00613,2012,-0.10859019825116534
RGI60-08.00613,2013,-2.4286175177322606
RGI60-08.00613,2014,-1.5188555508999095
RGI60-08.00613,2015,-1.4239047330045864
RGI60-08.00613,2016,-1.3124938799341193
RGI60-08.00613,2017,-0.5844033226873467
RGI60-08.00613,2018,-1.2490870524048179
RGI60-08.00613,2019,-0.4797216138420126
RGI60-08.00613,2020,-0.9426988918680616
RGI60-08.00613,2021,-0.140280681733844
RGI60-08.00613,2022,-1.4882349006217641
RGI60-08.00613,2023,-1.484669885741654
RGI60-08.00613,2024,-2.859117277929918
RGI60-08.00630,2000,-0.010959861378435243
RGI60-08.00630,2001,0.0771309338504709
RGI60-08.00630,2002,-0.1720034022132266
RGI60-08.00630,2003,0.05594813607577462
RGI60-08.00630,2004,-0.7551874417433267
RGI60-08.00630,2005,-0.6060363315063336
RGI60-08.00630,2006,-0.8999847817329965
RGI60-08.00630,2007,0.7753637202384805
RGI60-08.00630,2008,-0.2393023026439221
RGI60-08.00630,2009,0.03160708684274963
RGI60-08.00630,2010,-0.5507262386168048
RGI60-08.00630,2011,-1.571353032000649
RGI60-08.00630,2012,0.2396509966525889
RGI60-08.00630,2013,-1.1070642830673219
RGI60-08.00630,2014,-0.7710155178112277
RGI60-08.00630,2015,0.5976402714307274
RGI60-08.00630,2016,-0.6726269028793278
RGI60-08.00630,2017,-0.5058914657579904
RGI60-08.00630,2018,1.4996032794256298
RGI60-08.00630,2019,0.22750713683514315
RGI60-08.00630,2020,0.6386518767942738
RGI60-08.00630,2021,-0.034540096404746645
RGI60-08.00630,2022,-0.6189242475226765
RGI60-08.00630,2023,-0.12704124687873478
RGI60-08.00630,2024,0.32965169661338933
RGI60-08.00639,2000,0.09214090153385934
RGI60-08.00639,2001,-0.6285292257134869
RGI60-08.00639,2002,-1.1576229075197726
RGI60-08.00639,2003,-0.7399477849725544
RGI60-08.00639,2004,-0.3357017377999136
RGI60-08.00639,2005,0.8278962748162189
RGI60-08.00639,2006,-0.6934890740452919
RGI60-08.00639,2007,0.46660632692559795
RGI60-08.00639,2008,-0.733587074426961
RGI60-08.00639,2009,0.19559701396937318
RGI60-08.00639,2010,-0.3780518318582972
RGI60-08.00639,2011,-1.5642678784049697
RGI60-08.00639,2012,1.5143765310283934
RGI60-08.00639,2013,-1.0992814601957197
RGI60-08.00639,2014,-0.9670782216903959
RGI60-08.00639,2015,0.7088311134879057
RGI60-08.00639,2016,-0.6275409095216764
RGI60-08.00639,2017,-0.26734455029484505
RGI60-08.00639,2018,-1.2793505985399192
RGI60-08.00639,2019,-0.5450549067775416
RGI60-08.00639,2020,-0.003946917405540429
RGI60-08.00639,2021,0.6498232314879118
RGI60-08.00639,2022,-0.4202424406027999
RGI60-08.00639,2023,-0.6989928811756175
RGI60-08.00639,2024,-0.2012876018789822
RGI60-08.00640,2000,0.3255465110570087
RGI60-08.00640,2001,0.35075514820490283
RGI60-08.00640,2002,-1.0546347524728286
RGI60-08.00640,2003,-1.4131704278647694
RGI60-08.00640,2004,-0.24636337433220168
RGI60-08.00640,2005,-0.21395629176649517
RGI60-08.00640,2006,-1.409490675548072
RGI60-08.00640,2007,-0.44345344001066817
RGI60-08.00640,2008,-0.2075386572073839
RGI60-08.00640,2009,-0.613927025188023
RGI60-08.00640,2010,-0.36200431044296855
RGI60-08.00640,2011,-1.664240826049252
RGI60-08.00640,2012,0.3176232154363344
RGI60-08.00640,2013,-1.0490550191791024
RGI60-08.00640,2014,-1.6911009617167885
RGI60-08.00640,2015,0.5337214859978571
RGI60-08.00640,2016,-0.3127523461661542
RGI60-08.00640,2017,-0.2873836736038432
RGI60-08.00640,2018,0.3077876131619337
RGI60-08.00640,2019,-0.6186621923094938
RGI60-08.00640,2020,0.0016187973501053388
RGI60-08.00640,2021,-1.3680348265562206
RGI60-08.00640,2022,-1.1598518052803426
RGI60-08.00640,2023,-1.0516996847749454
RGI60-08.00640,2024,-1.5040632261153664
RGI60-08.00651,2000,-0.7687658884486611
RGI60-08.00651,2001,-0.14877812203178736
RGI60-08.00651,2002,-1.064757498119255
RGI60-08.00651,2003,0.6670181641525398
RGI60-08.00651,2004,-0.6096100601835592
RGI60-08.00651,2005,-0.9338429507368209
RGI60-08.00651,2006,0.3840209403414222
RGI60-08.00651,2007,0.7985939378651031
RGI60-08.00651,2008,-0.3558116380602565
RGI60-08.00651,2009,-1.074842795805891
RGI60-08.00651,2010,-1.707170795859966
RGI60-08.00651,2011,-2.2707131708845814
RGI60-08.00651,2012,-0.537384125507487
RGI60-08.00651,2013,-1.464746102341558
RGI60-08.00651,2014,-1.1155705966385852
RGI60-08.00651,2015,1.4829296203370013
RGI60-08.00651,2016,-0.5310832806395704
RGI60-08.00651,2017,-1.2898368759229881
RGI60-08.00651,2018,1.9687167817643276
RGI60-08.00651,2019,-0.8373655432794215
RGI60-08.00651,2020,-1.5709486664091372
RGI60-08.00651,2021,-0.7642802760773306
RGI60-08.00651,2022,-1.3219078916430158
RGI60-08.00651,2023,2.232506396225033
RGI60-08.00651,2024,1.4459482319189956
RGI60-08.00657,2000,-0.23388373938003104
RGI60-08.00657,2001,-1.2551265250582129
RGI60-08.00657,2002,-0.941167060236672
RGI60-08.00657,2003,0.30056327637084923
RGI60-08.00657,2004,-0.8844005918682738
RGI60-08.00657,2005,-0.2130818729379188
RGI60-08.00657,2006,-2.7668501176468805
RGI60-08.00657,2007,-0.2886299694682889
RGI60-08.00657,2008,-0.6693977124079095
RGI60-08.00657,2009,-0.7541487556662767
RGI60-08.00657,2010,-0.9709237024178135
RGI60-08.00657,2011,-1.4300034297034578
RGI60-08.00657,2012,-1.08990669177873
RGI60-08.00657,2013,-1.7162780819013534
RGI60-08.00657,2014,-1.0445629062069843
RGI60-08.00657,2015,0.15981460184158958
RGI60-08.00657,2016,-0.7806658425051002
RGI60-08.00657,2017,-0.9199153777043045
RGI60-08.00657,2018,-0.8821396308218189
RGI60-08.00657,2019,-0.6341958705024004
RGI60-08.00657,2020,0.10769713321445307
RGI60-08.00657,2021,-1.1669591595314044
RGI60-08.00657,2022,-0.8962190549901935
RGI60-08.00657,2023,-1.2101536818665657
RGI60-08.00657,2024,-0.9016917075893313
RGI60-08.00658,2000,-0.1430218041982586
RGI60-08.00658,2001,-0.7354795687416074
RGI60-08.00658,2002,-1.2935251846467501
RGI60-08.00658,2003,-0.04506501911780092
RGI60-08.00658,2004,-0.18687046612325336
RGI60-08.00658,2005,-0.5088764216835828
RGI60-08.00658,2006,-1.9413320281554283
RGI60-08.00658,2007,-0.10263614903522728
RGI60-08.00658,2008,-0.2410967976172349
RGI60-08.00658,2009,-0.5942997783219192
RGI60-08.00658,2010,-0.16612243957037104
RGI60-08.00658,2011,-1.7830319223818532
RGI60-08.00658,2012,0.039921518027192626
RGI60-08.00658,2013,-1.274948998975205
RGI60-08.00658,2014,-0.9102533221390354
RGI60-08.00658,2015,0.2853012447445448
RGI60-08.00658,2016,-0.4166117326239163
RGI60-08.00658,2017,-0.3245815781587891
RGI60-08.00658,2018,1.3850589991072555
RGI60-08.00658,2019,-0.48422855038876733
RGI60-08.00658,2020,0.2710521542421243
RGI60-08.00658,2021,-0.5287453523882132
RGI60-08.00658,2022,-0.6963456358758371
RGI60-08.00658,2023,-0.18025921853508242
RGI60-08.00658,2024,-0.3618219121130992
RGI60-08.00672,2000,-0.7719292943163565
RGI60-08.00672,2001,3.0532537531161204
RGI60-08.00672,2002,-2.160220025125958
RGI60-08.00672,2003,0.7705559553130992
RGI60-08.00672,2004,-1.1936211122372564
RGI60-08.00672,2005,-0.5720364432797214
RGI60-08.00672,2006,-1.8985901892495667
RGI60-08.00672,2007,2.168535256888092
RGI60-08.00672,2008,0.6387754274349435
RGI60-08.00672,2009,0.26397515623891527
RGI60-08.00672,2010,-1.6161673900729328
RGI60-08.00672,2011,0.8151899959575002
RGI60-08.00672,2012,0.4569978536571618
RGI60-08.00672,2013,-1.654874760708977
RGI60-08.00672,2014,-0.44057481763824474
RGI60-08.00672,2015,0.37251475913371385
RGI60-08.00672,2016,0.9465802265465333
RGI60-08.00672,2017,-0.05994736665695227
RGI60-08.00672,2018,0.8755913024363693
RGI60-08.00672,2019,-0.46430828743648217
RGI60-08.00672,2020,0.05861647489458312
RGI60-08.00672,2021,-2.6904125117960245
RGI60-08.00672,2022,0.05312390863487737
RGI60-08.00672,2023,-0.006797331397553171
RGI60-08.00672,2024,-1.1990807502566951
RGI60-08.00680,2000,-0.1245234901427924
RGI60-08.00680,2001,-0.7169922675869427
RGI60-08.00680,2002,1.666371072485155
RGI60-08.00680,2003,-0.6742212173174267
RGI60-08.00680,2004,-0.3714168936859393
RGI60-08.00680,2005,0.20303524913296078
RGI60-08.00680,2006,-0.9054817573576768
RGI60-08.00680,2007,0.36811722047481965
RGI60-08.00680,2008,-0.357654184248086
RGI60-08.00680,2009,-0.012218557873101998
RGI60-08.00680,2010,-0.6949175506188213
RGI60-08.00680,2011,-1.835399161864121
RGI60-08.00680,2012,-0.1451429396641224
RGI60-08.00680,2013,-1.1271496036216095
RGI60-08.00680,2014,-1.234398677224187
RGI60-08.00680,2015,0.5070487298836599
RGI60-08.00680,2016,-0.4651310683602381
RGI60-08.00680,2017,-0.14997279144644993
RGI60-08.00680,2018,-0.5446744775320658
RGI60-08.00680,2019,-0.4151776334330326
RGI60-08.00680,2020,-0.053350799037722496
RGI60-08.00680,2021,-0.5663653692099411
RGI60-08.00680,2022,-0.7911101526985609
RGI60-08.00680,2023,-1.6740766886309264
RGI60-08.00680,2024,-1.4906845095475894
RGI60-08.00708,2000,0.42596508609704187
RGI60-08.00708,2001,-0.6567088523391298
RGI60-08.00708,2002,-1.5846134842329
RGI60-08.00708,2003,-0.9649826929970352
RGI60-08.00708,2004,-1.1490222537307184
RGI60-08.00708,2005,-0.10206858888055736
RGI60-08.00708,2006,-1.8471447202067042
RGI60-08.00708,2007,0.5052487208576553
RGI60-08.00708,2008,-0.9316474777102741
RGI60-08.00708,2009,-1.4131772174416555
RGI60-08.00708,2010,-1.1938602116426904
RGI60-08.00708,2011,-2.2368200031712653
RGI60-08.00708,2012,0.42708788854678037
RGI60-08.00708,2013,-0.47248599938377805
RGI60-08.00708,2014,-1.4998444747462496
RGI60-08.00708,2015,0.5665136500847905
RGI60-08.00708,2016,-0.6498265227314439
RGI60-08.00708,2017,-0.5706662923333539
RGI60-08.00708,2018,-1.9621507011926889
RGI60-08.00708,2019,-2.039595852845821
RGI60-08.00708,2020,-0.4279576084942212
RGI60-08.00708,2021,-1.4862582897341925
RGI60-08.00708,2022,-1.3276903697998659
RGI60-08.00708,2023,-1.5312146940556235
RGI60-08.00708,2024,-1.693113826314548
RGI60-08.00709,2000,0.2565472627093758
RGI60-08.00709,2001,-0.25485947362369776
RGI60-08.00709,2002,-0.7948132463469766
RGI60-08.00709,2003,-0.26529754220963264
RGI60-08.00709,2004,-1.1915737224118148
RGI60-08.00709,2005,-0.12848090524548755
RGI60-08.00709,2006,-1.746966144764687
RGI60-08.00709,2007,1.0698111218570707
RGI60-08.00709,2008,0.13209937958716084
RGI60-08.00709,2009,-0.01065893264742196
RGI60-08.00709,2010,-1.6477397996777774
RGI60-08.00709,2011,-0.70352244234019
RGI60-08.00709,2012,1.7204990768587716
RGI60-08.00709,2013,-1.4149137244375156
RGI60-08.00709,2014,-0.9678871829383882
RGI60-08.00709,2015,1.5014097758976415
RGI60-08.00709,2016,-0.3064576859941411
RGI60-08.00709,2017,-0.03049548448136602
RGI60-08.00709,2018,-1.4962124018270897
RGI60-08.00709,2019,-1.064987927963841
RGI60-08.00709,2020,0.9223660217728357
RGI60-08.00709,2021,-1.370343457015669
RGI60-08.00709,2022,-0.2189189231047572
RGI60-08.00709,2023,-0.16022329790133646
RGI60-08.00709,2024,-1.0731855908615087
RGI60-08.00716,2000,-0.5734233314113673
RGI60-08.00716,2001,-2.302402201903104
RGI60-08.00716,2002,-2.071463053031193
RGI60-08.00716,2003,-2.359348025653874
RGI60-08.00716,2004,-0.3220561954197714
RGI60-08.00716,2005,-0.9743361588011767
RGI60-08.00716,2006,-2.100719942216102
RGI60-08.00716,2007,-1.003278630445545
RGI60-08.00716,2008,-1.5398529667187515
RGI60-08.00716,2009,-1.9325570469832034
RGI60-08.00716,2010,-1.5503947567358562
RGI60-08.00716,2011,-1.86259171211
RGI60-08.00716,2012,-0.11052007467869673
RGI60-08.00716,2013,-2.4891512813835264
RGI60-08.00716,2014,-2.894521460295633
RGI60-08.00716,2015,-1.2676987778038566
RGI60-08.00716,2016,-2.1516843255170595
RGI60-08.00716,2017,-1.651282812673059
RGI60-08.00716,2018,-2.142817196908414
RGI60-08.00716,2019,-1.7282000493098115
RGI60-08.00716,2020,-1.6448712075640068
RGI60-08.00716,2021,-2.036014115482274
RGI60-08.00716,2022,-1.0066033534641932
RGI60-08.00716,2023,-2.5572351752127847
RGI60-08.00716,2024,-1.9624447007062675
RGI60-08.00720,2000,1.1950676158976161
RGI60-08.00720,2001,-0.8474729224786738
RGI60-08.00720,2002,-2.006316838938745
RGI60-08.00720,2003,-1.6971132223047822
RGI60-08.00720,2004,-0.21259368032369463
RGI60-08.00720,2005,0.04701402579050562
RGI60-08.00720,2006,-1.2721932553925301
RGI60-08.00720,2007,0.16615761832088283
RGI60-08.00720,2008,-0.2470554819073829
RGI60-08.00720,2009,-0.9844359485918752
RGI60-08.00720,2010,-1.1967535272964671
RGI60-08.00720,2011,-1.7401163868684284
RGI60-08.00720,2012,-0.6600323897017889
RGI60-08.00720,2013,-1.4525819696076596
RGI60-08.00720,2014,-2.2648490999940316
RGI60-08.00720,2015,-0.2559670045177952
RGI60-08.00720,2016,-2.2213689026219248
RGI60-08.00720,2017,-0.6585105979026162
RGI60-08.00720,2018,-1.6795215541578172
RGI60-08.00720,2019,-0.8555564774027908
RGI60-08.00720,2020,-0.3487467114423981
RGI60-08.00720,2021,-1.944731547214597
RGI60-08.00720,2022,0.12558903373616515
RGI60-08.00720,2023,-1.7126238821318296
RGI60-08.00720,2024,0.28642230218247344
RGI60-08.00733,2000,0.7129640231495297
RGI60-08.00733,2001,-1.0113372788013961
RGI60-08.00733,2002,-0.8291567808870006
RGI60-08.00733,2003,0.33678793799978796
RGI60-08.00733,2004,0.1336709654271525
RGI60-08.00733,2005,-0.17489593171116488
RGI60-08.00733,2006,-0.0495875958684725
RGI60-08.00733,2007,0.5490045116587876
RGI60-08.00733,2008,0.3177765756371185
RGI60-08.00733,2009,-0.1089536381057687
RGI60-08.00733,2010,-1.1325024449637393
RGI60-08.00733,2011,-0.5077657460692014
RGI60-08.00733,2012,1.5833777816149106
RGI60-08.00733,2013,-1.2186586618899904
RGI60-08.00733,2014,-0.47420990435911436
RGI60-08.00733,2015,0.25968335297189876
RGI60-08.00733,2016,-0.18760960815569822
RGI60-08.00733,2017,0.9994220300108719
RGI60-08.00733,2018,-0.15673093566169452
RGI60-08.00733,2019,0.1978213480031735
RGI60-08.00733,2020,0.5439019147408252
RGI60-08.00733,2021,0.47613906228150693
RGI60-08.00733,2022,-0.2760868462516355
RGI60-08.00733,2023,-0.05563377806325197
RGI60-08.00733,2024,-2.447616070207736
RGI60-08.00736,2000,0.07861404105869285
RGI60-08.00736,2001,-1.0412242026781213
RGI60-08.00736,2002,-0.8384172083225736
RGI60-08.00736,2003,-0.19216567175601523
RGI60-08.00736,2004,0.13727258014423505
RGI60-08.00736,2005,0.2104431622053461
RGI60-08.00736,2006,-0.46402084494717494
RGI60-08.00736,2007,0.08981722743678622
RGI60-08.00736,2008,-0.17149200921461039
RGI60-08.00736,2009,-0.5575414815413602
RGI60-08.00736,2010,-0.38585924012239337
RGI60-08.00736,2011,-1.9877937137436343
RGI60-08.00736,2012,0.36348655424102316
RGI60-08.00736,2013,-1.7146229425007686
RGI60-08.00736,2014,-0.5678243497914276
RGI60-08.00736,2015,0.138993939176824
RGI60-08.00736,2016,-0.800330586519219
RGI60-08.00736,2017,-0.9406918902719876
RGI60-08.00736,2018,-0.7214828124366421
RGI60-08.00736,2019,-0.4521605504169808
RGI60-08.00736,2020,0.028395391438295503
RGI60-08.00736,2021,-0.04309126147552195
RGI60-08.00736,2022,-1.209213548276536
RGI60-08.00736,2023,-0.01152082053421516
RGI60-08.00736,2024,-1.791516234046751
RGI60-08.00742,2000,1.5230062132853905
RGI60-08.00742,2001,1.655766698145617
RGI60-08.00742,2002,-1.6453309070942463
RGI60-08.00742,2003,-0.006278500078249705
RGI60-08.00742,2004,-0.7397686076087379
RGI60-08.00742,2005,0.6014946187513863
RGI60-08.00742,2006,0.723163327106892
RGI60-08.00742,2007,-2.4471938488487703
RGI60-08.00742,2008,-1.31155876799993
RGI60-08.00742,2009,-1.6738595783934467
RGI60-08.00742,2010,-1.8313053242796045
RGI60-08.00742,2011,-1.4919200058363438
RGI60-08.00742,2012,-1.224572439184752
RGI60-08.00742,2013,-1.7063242454786973
RGI60-08.00742,2014,-1.4131232732104553
RGI60-08.00742,2015,-1.7928037416657376
RGI60-08.00742,2016,1.7365601115186091
RGI60-08.00742,2017,-2.361122793308539
RGI60-08.00742,2018,-1.368275415974296
RGI60-08.00742,2019,-0.9185535198460928
RGI60-08.00742,2020,-1.0188685519919018
RGI60-08.00742,2021,-0.5937478939212399
RGI60-08.00742,2022,-1.993705016006597
RGI60-08.00742,2023,2.0929238305537075
RGI60-08.00742,2024,0.056542858047508804
RGI60-08.00747,2000,0.005409885532456915
RGI60-08.00747,2001,-0.7457653639728982
RGI60-08.00747,2002,-1.240357879957016
RGI60-08.00747,2003,0.6911361418581754
RGI60-08.00747,2004,0.47908207463643976
RGI60-08.00747,2005,1.2085712168482976
RGI60-08.00747,2006,-1.1822056180475136
RGI60-08.00747,2007,0.03336143412973791
RGI60-08.00747,2008,-0.505052840589931
RGI60-08.00747,2009,0.8901250076473033
RGI60-08.00747,2010,0.43910949016861217
RGI60-08.00747,2011,-1.3586931116393697
RGI60-08.00747,2012,0.10807341273428062
RGI60-08.00747,2013,-2.5873766751436027
RGI60-08.00747,2014,-0.991100555727854
RGI60-08.00747,2015,-1.223880837743706
RGI60-08.00747,2016,0.5787548158654974
RGI60-08.00747,2017,-0.9706170425037426
RGI60-08.00747,2018,-0.45356641517039137
RGI60-08.00747,2019,-0.19320713892477764
RGI60-08.00747,2020,-0.9035038240006048
RGI60-08.00747,2021,0.21786638334908098
RGI60-08.00747,2022,0.09312806686027009
RGI60-08.00747,2023,-1.3637097372313813
RGI60-08.00747,2024,0.21791953420031146
RGI60-08.00752,2000,0.9812649550902851
RGI60-08.00752,2001,-1.1231349523914496
RGI60-08.00752,2002,-1.3610243385433685
RGI60-08.00752,2003,-1.4959323911928415
RGI60-08.00752,2004,0.11805657951782034
RGI60-08.00752,2005,-1.2405954842962041
RGI60-08.00752,2006,-1.361341967880366
RGI60-08.00752,2007,0.4828907850967923
RGI60-08.00752,2008,-0.7873975593436344
RGI60-08.00752,2009,-1.1116343906943662
RGI60-08.00752,2010,-0.49496183203249106
RGI60-08.00752,2011,-1.7775520655657329
RGI60-08.00752,2012,-0.018263786034012408
RGI60-08.00752,2013,0.16540072336731848
RGI60-08.00752,2014,-0.48403822855803286
RGI60-08.00752,2015,0.06303360683320414
RGI60-08.00752,2016,-0.018563773978692855
RGI60-08.00752,2017,0.4884381516158357
RGI60-08.00752,2018,-0.48493630190411524
RGI60-08.00752,2019,-0.16320772910594644
RGI60-08.00752,2020,-1.1250174135355544
RGI60-08.00752,2021,-0.6419425333401602
RGI60-08.00752,2022,-1.4811969898619486
RGI60-08.00752,2023,-0.8503236192546353
RGI60-08.00752,2024,-1.2352475007986023
RGI60-08.00753,2000,0.178767484520032
RGI60-08.00753,2001,-0.35477008699341506
RGI60-08.00753,2002,-0.1735002546693849
RGI60-08.00753,2003,1.0310590847164784
RGI60-08.00753,2004,-1.9861832941272337
RGI60-08.00753,2005,1.7927726026073123
RGI60-08.00753,2006,-0.42330644464313033
RGI60-08.00753,2007,-0.42061046782141265
RGI60-08.00753,2008,-0.5214435486902198
RGI60-08.00753,2009,-0.13882326868773726
RGI60-08.00753,2010,-1.5363410089136371
RGI60-08.00753,2011,-1.5506329778983838
RGI60-08.00753,2012,0.8064001101544007
RGI60-08.00753,2013,-1.8175091896476077
RGI60-08.00753,2014,-1.9051861757470574
RGI60-08.00753,2015,-1.0024433280621678
RGI60-08.00753,2016,-1.298594571912235
RGI60-08.00753,2017,-0.887659830135124
RGI60-08.00753,2018,-0.6315650738562967
RGI60-08.00753,2019,-0.2551297601931752
RGI60-08.00753,2020,0.1429626316042698
RGI60-08.00753,2021,-0.5733623382995955
RGI60-08.00753,2022,0.1345185970149798
RGI60-08.00753,2023,1.2894028395886572
RGI60-08.00753,2024,-2.4362708620896445
RGI60-08.00756,2000,0.7109831396248862
RGI60-08.00756,2001,-1.078945805721248
RGI60-08.00756,2002,-1.583902442171217
RGI60-08.00756,2003,-0.6823906144154803
RGI60-08.00756,2004,0.20992083170635206
RGI60-08.00756,2005,-0.03716375700333108
RGI60-08.00756,2006,-1.5825364835655755
RGI60-08.00756,2007,-0.07126394134035169
RGI60-08.00756,2008,-0.32649858294251133
RGI60-08.00756,2009,0.053733201790158946
RGI60-08.00756,2010,-0.7950148003595932
RGI60-08.00756,2011,-1.1509027695693466
RGI60-08.00756,2012,0.8632686076029876
RGI60-08.00756,2013,-1.8128950262929584
RGI60-08.00756,2014,-0.9236301177734165
RGI60-08.00756,2015,1.0812401237579263
RGI60-08.00756,2016,-0.2541174270232782
RGI60-08.00756,2017,-0.6766435979118031
RGI60-08.00756,2018,-0.15329643533958126
RGI60-08.00756,2019,-0.20924410305261668
RGI60-08.00756,2020,0.5513846803226987
RGI60-08.00756,2021,-0.7960124909409605
RGI60-08.00756,2022,-0.43111736501382825
RGI60-08.00756,2023,-1.44793008447046
RGI60-08.00756,2024,-2.075351583493731
RGI60-08.00767,2000,-0.013554299857205798
RGI60-08.00767,2001,-0.5835082393701587
RGI60-08.00767,2002,-1.525227991101539
RGI60-08.00767,2003,-0.992797227558349
RGI60-08.00767,2004,-0.34013825936838255
RGI60-08.00767,2005,-0.7384058005592146
RGI60-08.00767,2006,-1.592984573970449
RGI60-08.00767,2007,0.34228401623867044
RGI60-08.00767,2008,-0.36648483401294457
RGI60-08.00767,2009,-0.5544983550557909
RGI60-08.00767,2010,0.45142778871390143
RGI60-08.00767,2011,-1.4859082877107288
RGI60-08.00767,2012,-0.24507150778316372
RGI60-08.00767,2013,-1.5258985579543722
RGI60-08.00767,2014,-0.6448631818667082
RGI60-08.00767,2015,0.8672122445482883
RGI60-08.00767,2016,-1.18687000591532
RGI60-08.00767,2017,-0.017809721809235013
RGI60-08.00767,2018,-1.530650550854038
RGI60-08.00767,2019,0.0911473452467223
RGI60-08.00767,2020,-0.19321576684728897
RGI60-08.00767,2021,-1.3414753787122669
RGI60-08.00767,2022,-1.0852491942260154
RGI60-08.00767,2023,-1.763172599756079
RGI60-08.00767,2024,1.1286271400473806
RGI60-08.00771,2000,0.28679011823978484
RGI60-08.00771,2001,-1.1837747079447423
RGI60-08.00771,2002,-1.5472897041982812
RGI60-08.00771,2003,-1.3618915068408737
RGI60-08.00771,2004,-0.24731123823453122
RGI60-08.00771,2005,-0.42069482789330365
RGI60-08.00771,2006,-1.0610541743020976
RGI60-08.00771,2007,-0.09598005873487003
RGI60-08.00771,2008,-0.2750283822750561
RGI60-08.00771,2009,-0.16059901524621956
RGI60-08.00771,2010,-0.7171476361463348
RGI60-08.00771,2011,-1.450572028302366
RGI60-08.00771,2012,0.04178518066333614
RGI60-08.00771,2013,-1.019196179189279
RGI60-08.00771,2014,-1.272072084528566
RGI60-08.00771,2015,0.17999670161701475
RGI60-08.00771,2016,-1.1848883424177608
RGI60-08.00771,2017,-0.42644872688318514
RGI60-08.00771,2018,-1.1228714721296615
RGI60-08.00771,2019,-0.9971519152529975
RGI60-08.00771,2020,-0.3289583875991999
RGI60-08.00771,2021,-1.2484167543855302
RGI60-08.00771,2022,0.040548977667902
RGI60-08.00771,2023,-1.6889990198263338
RGI60-08.00771,2024,-0.9075575280043606
RGI60-08.00778,2000,-0.14432246645425162
RGI60-08.00778,2001,-1.1198070487643752
RGI60-08.00778,2002,-0.784212271476882
RGI60-08.00778,2003,-1.168466523263556
RGI60-08.00778,2004,-0.6367015823120162
RGI60-08.00778,2005,0.06363326635509792
RGI60-08.00778,2006,-1.3400459935548494
RGI60-08.00778,2007,0.11456683993731898
RGI60-08.00778,2008,-0.1571487401283005
RGI60-08.00778,2009,-0.8133679682184556
RGI60-08.00778,2010,-0.6243086713028156
RGI60-08.00778,2011,-0.9234858304083171
RGI60-08.00778,2012,0.18064354256488224
RGI60-08.00778,2013,-1.1344863404855023
RGI60-08.00778,2014,-1.6676558839460176
RGI60-08.00778,2015,0.43828193451635655
RGI60-08.00778,2016,-1.318104295004059
RGI60-08.00778,2017,-0.07725028256948552
RGI60-08.00778,2018,-1.687659660145287
RGI60-08.00778,2019,-0.3856020253394951
RGI60-08.00778,2020,-0.15726490205040755
RGI60-08.00778,2021,-1.4476670103589615
RGI60-08.00778,2022,-0.03429715509309095
RGI60-08.00778,2023,-1.4994600985412325
RGI60-08.00778,2024,-2.0503876687277813
RGI60-08.00779,2000,0.056607988690652755
RGI60-08.00779,2001,-1.6299570449631813
RGI60-08.00779,2002,-1.9763505758344069
RGI60-08.00779,2003,-2.1714846026868155
RGI60-08.00779,2004,-0.30586589697787037
RGI60-08.00779,2005,-0.5490929978722529
RGI60-08.00779,2006,-1.5524211375173076
RGI60-08.00779,2007,0.058407815230195004
RGI60-08.00779,2008,-0.743657148985042
RGI60-08.00779,2009,-1.1347509110344485
RGI60-08.00779,2010,-1.047227153177088
RGI60-08.00779,2011,-2.130640967932982
RGI60-08.00779,2012,-0.19995933840352476
RGI60-08.00779,2013,-2.528889905539029
RGI60-08.00779,2014,-2.257397476594118
RGI60-08.00779,2015,0.05463368181452655
RGI60-08.00779,2016,-1.5338151791540233
RGI60-08.00779,2017,-0.9501511597931208
RGI60-08.00779,2018,-2.2646332020206668
RGI60-08.00779,2019,-1.6248547872494985
RGI60-08.00779,2020,-0.11926184759584557
RGI60-08.00779,2021,-2.1261610012238696
RGI60-08.00779,2022,-0.36905149675037296
RGI60-08.00779,2023,-2.465316260460779
RGI60-08.00779,2024,-0.9895368459337455
RGI60-08.00781,2000,0.571567665264086
RGI60-08.00781,2001,-2.2812436015646176
RGI60-08.00781,2002,-2.024998439265336
RGI60-08.00781,2003,-2.5705489449759917
RGI60-08.00781,2004,-0.1984991395148702
RGI60-08.00781,2005,-0.34460095230191407
RGI60-08.00781,2006,-2.3289380722764377
RGI60-08.00781,2007,0.40190808476672935
RGI60-08.00781,2008,-0.4973698441463573
RGI60-08.00781,2009,-1.011684681669926
RGI60-08.00781,2010,-1.5095212602118933
RGI60-08.00781,2011,1.7336960446025393
RGI60-08.00781,2012,0.7394130314607708
RGI60-08.00781,2013,-0.3798330373703043
RGI60-08.00781,2014,-1.7812156916357829
RGI60-08.00781,2015,0.2714514945242408
RGI60-08.00781,2016,-0.12564363559347203
RGI60-08.00781,2017,-0.43415119346610004
RGI60-08.00781,2018,-0.9181296547289358
RGI60-08.00781,2019,-1.6015581718964262
RGI60-08.00781,2020,0.18895754879483118
RGI60-08.00781,2021,-1.7637899127251295
RGI60-08.00781,2022,-0.8787453018065627
RGI60-08.00781,2023,-0.006426239695611735
RGI60-08.00781,2024,-1.9286852874046587
RGI60-08.00790,2000,-0.11834385152096427
RGI60-08.00790,2001,-2.002791085154789
RGI60-08.00790,2002,-1.7072418242115504
RGI60-08.00790,2003,-1.719489453609764
RGI60-08.00790,2004,-1.1687724476722883
RGI60-08.00790,2005,-0.4527142073944779
RGI60-08.00790,2006,-1.527761453742832
RGI60-08.00790,2007,0.019182118337164433
RGI60-08.00790,2008,-0.7872416806720911
RGI60-08.00790,2009,1.6550933293707746
RGI60-08.00790,2010,-1.8827048446124819
RGI60-08.00790,2011,-0.5037050117619585
RGI60-08.00790,2012,0.4180141287975301
RGI60-08.00790,2013,-1.7959671205902077
RGI60-08.00790,2014,-1.0475775548950834
RGI60-08.00790,2015,0.46954178953784176
RGI60-08.00790,2016,-0.029432959309525164
RGI60-08.00790,2017,-0.6936154591963638
RGI60-08.00790,2018,-0.8113112078483035
RGI60-08.00790,2019,-0.6046612038506232
RGI60-08.00790,2020,0.26737941479177896
RGI60-08.00790,2021,-0.093982943783675
RGI60-08.00790,2022,-0.03173214134798874
RGI60-08.00790,2023,0.03480165146361214
RGI60-08.00790,2024,-1.5285832473874916
RGI60-08.00791,2000,0.3773478326280703
RGI60-08.00791,2001,-1.2833482077881007
RGI60-08.00791,2002,-1.8783266951499682
RGI60-08.00791,2003,-0.022034262353945233
RGI60-08.00791,2004,-0.6085691696292913
RGI60-08.00791,2005,-0.432433270247202
RGI60-08.00791,2006,-1.879934556221242
RGI60-08.00791,2007,1.3931281066811472
RGI60-08.00791,2008,-0.8347552110156818
RGI60-08.00791,2009,-0.4786169086232139
RGI60-08.00791,2010,-0.39261999068344344
RGI60-08.00791,2011,-0.7219267718667556
RGI60-08.00791,2012,0.7740001004718506
RGI60-08.00791,2013,-0.5190484590536881
RGI60-08.00791,2014,0.1820321246543885
RGI60-08.00791,2015,0.3825149814926269
RGI60-08.00791,2016,-0.8569418627905889
RGI60-08.00791,2017,-0.9526241747278228
RGI60-08.00791,2018,-0.796096776891331
RGI60-08.00791,2019,0.5548531711141893
RGI60-08.00791,2020,0.7311433146465574
RGI60-08.00791,2021,-1.930834991823747
RGI60-08.00791,2022,-0.0738568890762189
RGI60-08.00791,2023,0.8396262370748142
RGI60-08.00791,2024,1.8065481797220069
RGI60-08.00797,2000,0.5996414144030695
RGI60-08.00797,2001,-0.6276452772058929
RGI60-08.00797,2002,-1.088937764719035
RGI60-08.00797,2003,-1.337694986727699
RGI60-08.00797,2004,-1.203112025481916
RGI60-08.00797,2005,0.33620738891479
RGI60-08.00797,2006,-1.4736174909157365
RGI60-08.00797,2007,0.5212285768289551
RGI60-08.00797,2008,0.18273798864548002
RGI60-08.00797,2009,-0.05162976161633065
RGI60-08.00797,2010,-0.5695151301165073
RGI60-08.00797,2011,-1.212469513308033
RGI60-08.00797,2012,1.230098339617497
RGI60-08.00797,2013,-0.6991580579236925
RGI60-08.00797,2014,-1.660549735117867
RGI60-08.00797,2015,0.820434136457941
RGI60-08.00797,2016,0.06864385100837245
RGI60-08.00797,2017,-0.11936220701023761
RGI60-08.00797,2018,-0.7135373866429441
RGI60-08.00797,2019,-0.2341623590902177
RGI60-08.00797,2020,0.5706367731715418
RGI60-08.00797,2021,-1.385924310930079
RGI60-08.00797,2022,-0.14854580013955232
RGI60-08.00797,2023,-1.5703307543048088
RGI60-08.00797,2024,-0.6698237609678461
RGI60-08.00799,2000,1.117261147618584
RGI60-08.00799,2001,-0.4237684488718547
RGI60-08.00799,2002,-0.9392048585816214
RGI60-08.00799,2003,-0.5103188530594104
RGI60-08.00799,2004,-0.5474872189961547
RGI60-08.00799,2005,0.21049187991600893
RGI60-08.00799,2006,-1.211411261420522
RGI60-08.00799,2007,0.2596165622877503
RGI60-08.00799,2008,0.2174677107444265
RGI60-08.00799,2009,0.22513584965838973
RGI60-08.00799,2010,-0.48444737263587845
RGI60-08.00799,2011,-1.0762560254422002
RGI60-08.00799,2012,0.7115659247602212
RGI60-08.00799,2013,-0.2426832617236615
RGI60-08.00799,2014,-1.5410149013893117
RGI60-08.00799,2015,0.8239061130358128
RGI60-08.00799,2016,-0.6687855620472747
RGI60-08.00799,2017,-0.6677722518512214
RGI60-08.00799,2018,-0.9193311907207354
RGI60-08.00799,2019,-0.29116398128133997
RGI60-08.00799,2020,-0.5226946746614538
RGI60-08.00799,2021,-1.5812539223953528
RGI60-08.00799,2022,-0.12089358644644232
RGI60-08.00799,2023,1.1213284965750798
RGI60-08.00799,2024,-0.6037869203579092
RGI60-08.00800,2000,0.8879485058869536
RGI60-08.00800,2001,-0.297241937198599
RGI60-08.00800,2002,-2.0572733375262082
RGI60-08.00800,2003,-0.04476423234558535
RGI60-08.00800,2004,-1.1805379159008127
RGI60-08.00800,2005,0.3848910840587429
RGI60-08.00800,2006,-1.6872584331141294
RGI60-08.00800,2007,0.887279626341769
RGI60-08.00800,2008,-0.5041403370268995
RGI60-08.00800,2009,-0.12279925395686708
RGI60-08.00800,2010,-1.0621158071206322
RGI60-08.00800,2011,-1.392371692198846
RGI60-08.00800,2012,1.2821991807074535
RGI60-08.00800,2013,-0.7560193839569009
RGI60-08.00800,2014,-1.713085100365035
RGI60-08.00800,2015,0.5396438340625629
RGI60-08.00800,2016,-0.300806271928158
RGI60-08.00800,2017,0.19587927603704475
RGI60-08.00800,2018,-0.36326312674547323
RGI60-08.00800,2019,-0.9425646777103824
RGI60-08.00800,2020,-0.10182826150056029
RGI60-08.00800,2021,-2.2210001371621004
RGI60-08.00800,2022,-0.6837211876028308
RGI60-08.00800,2023,-0.27706131552859814
RGI60-08.00800,2024,2.147490126480786
RGI60-08.00808,2000,1.452340444056289
RGI60-08.00808,2001,-0.5277647755683301
RGI60-08.00808,2002,-2.0122126789238783
RGI60-08.00808,2003,-0.9928542187329514
RGI60-08.00808,2004,0.5560163944594743
RGI60-08.00808,2005,0.09791585335690767
RGI60-08.00808,2006,-2.4361097714145132
RGI60-08.00808,2007,-0.4571411645984296
RGI60-08.00808,2008,-0.38423357222386656
RGI60-08.00808,2009,-0.13424137670271152
RGI60-08.00808,2010,0.8661395453477096
RGI60-08.00808,2011,-2.2079987234995304
RGI60-08.00808,2012,1.367218407685171
RGI60-08.00808,2013,0.3810080944376843
RGI60-08.00808,2014,-1.654837143855618
RGI60-08.00808,2015,0.1592718077558632
RGI60-08.00808,2016,0.20584350560424264
RGI60-08.00808,2017,-0.4974816825129341
RGI60-08.00808,2018,-1.1860947885547748
RGI60-08.00808,2019,-0.5698841561158153
RGI60-08.00808,2020,0.28256530953743836
RGI60-08.00808,2021,-1.6860095271189222
RGI60-08.00808,2022,-0.41902475183220683
RGI60-08.00808,2023,-1.0560878841833206
RGI60-08.00808,2024,0.8130912082227364
RGI60-08.00811,2000,0.6007308795906545
RGI60-08.00811,2001,-0.9161753664319272
RGI60-08.00811,2002,-1.3462781853299846
RGI60-08.00811,2003,-0.874163832017538
RGI60-08.00811,2004,-0.5870415056026211
RGI60-08.00811,2005,-0.0960868801505183
RGI60-08.00811,2006,-1.4189006031677756
RGI60-08.00811,2007,-0.16001852555052853
RGI60-08.00811,2008,-0.3350862964357322
RGI60-08.00811,2009,-0.8487353414051725
RGI60-08.00811,2010,-0.8992381067788158
RGI60-08.00811,2011,-1.1199268108578218
RGI60-08.00811,2012,1.042143429096815
RGI60-08.00811,2013,-0.41800283723265047
RGI60-08.00811,2014,-1.3355153305396918
RGI60-08.00811,2015,1.0218679141532594
RGI60-08.00811,2016,-0.5955343296837793
RGI60-08.00811,2017,-0.7844260509023702
RGI60-08.00811,2018,-1.9510565425247604
RGI60-08.00811,2019,-0.41025567822904063
RGI60-08.00811,2020,-0.28038915693908145
RGI60-08.00811,2021,-1.1386329459146791
RGI60-08.00811,2022,-0.1343238396538522
RGI60-08.00811,2023,-1.5340689639382163
RGI60-08.00811,2024,-1.1109695680524219
RGI60-08.00814,2000,0.5297114370585607
RGI60-08.00814,2001,-0.8054056226256332
RGI60-08.00814,2002,-1.0844942147491714
RGI60-08.00814,2003,-1.0883540679712362
RGI60-08.00814,2004,-1.0429778936413394
RGI60-08.00814,2005,-0.16717557545381256
RGI60-08.00814,2006,-1.3333732142902148
RGI60-08.00814,2007,-0.13189731492585094
RGI60-08.00814,2008,-0.3176594503718392
RGI60-08.00814,2009,1.016809905190579
RGI60-08.00814,2010,-0.32433379487645136
RGI60-08.00814,2011,-0.726794767304787
RGI60-08.00814,2012,0.2702804925923809
RGI60-08.00814,2013,-0.8674796791349748
RGI60-08.00814,2014,-1.7965426793730328
RGI60-08.00814,2015,0.616358508368078
RGI60-08.00814,2016,-0.35030257559945144
RGI60-08.00814,2017,-0.6894122997197025
RGI60-08.00814,2018,-0.9137838501295992
RGI60-08.00814,2019,-0.3228733430425067
RGI60-08.00814,2020,0.1672391730196437
RGI60-08.00814,2021,-1.0189439081583347
RGI60-08.00814,2022,-0.4764143038174862
RGI60-08.00814,2023,-1.5145624660464077
RGI60-08.00814,2024,-1.4907467379682935
RGI60-08.00816,2000,0.03200570798289204
RGI60-08.00816,2001,-0.7178486446013747
RGI60-08.00816,2002,-2.4627272895454184
RGI60-08.00816,2003,-1.7476286804058958
RGI60-08.00816,2004,-0.393248099377407
RGI60-08.00816,2005,-0.2270982484504725
RGI60-08.00816,2006,-1.4331182262658875
RGI60-08.00816,2007,-0.5892328113348737
RGI60-08.00816,2008,-0.2503998840902953
RGI60-08.00816,2009,0.53743508834464
RGI60-08.00816,2010,0.9668654982004358
RGI60-08.00816,2011,-0.8399028046069323
RGI60-08.00816,2012,0.6218241147387772
RGI60-08.00816,2013,-0.2462187920844453
RGI60-08.00816,2014,-1.4098172463426766
RGI60-08.00816,2015,0.019718388665338926
RGI60-08.00816,2016,-0.7310989368554719
RGI60-08.00816,2017,-0.2774200073280345
RGI60-08.00816,2018,-0.8123688391912871
RGI60-08.00816,2019,-0.37002028745159654
RGI60-08.00816,2020,-0.1115820047349465
RGI60-08.00816,2021,-1.1145254606235504
RGI60-08.00816,2022,-0.8802970497816384
RGI60-08.00816,2023,-0.5116603030167324
RGI60-08.00816,2024,-1.6124635734204058
RGI60-08.00818,2000,0.2978777427251479
RGI60-08.00818,2001,-0.0020076503978149196
RGI60-08.00818,2002,-1.1800470165061525
RGI60-08.00818,2003,-0.5470207593672064
RGI60-08.00818,2004,-0.03245821994170983
RGI60-08.00818,2005,-0.4943980043552894
RGI60-08.00818,2006,-1.4589444406774805
RGI60-08.00818,2007,-0.1010303273545961
RGI60-08.00818,2008,-0.14260645465821659
RGI60-08.00818,2009,-0.7304321364520965
RGI60-08.00818,2010,-0.05335701588390379
RGI60-08.00818,2011,-0.9048633991171599
RGI60-08.00818,2012,0.2531042407497436
RGI60-08.00818,2013,-0.2572801853161897
RGI60-08.00818,2014,-1.4683517424914694
RGI60-08.00818,2015,0.3241301855885991
RGI60-08.00818,2016,-0.9808414517453452
RGI60-08.00818,2017,-0.7567708405221267
RGI60-08.00818,2018,-1.1879079092996265
RGI60-08.00818,2019,-0.23479461497711052
RGI60-08.00818,2020,-0.21927645657857664
RGI60-08.00818,2021,-1.6423098325910388
RGI60-08.00818,2022,-0.5901573846023228
RGI60-08.00818,2023,-1.1626348387905345
RGI60-08.00818,2024,-0.811182908718094
RGI60-08.00819,2000,0.5912266390339103
RGI60-08.00819,2001,-0.8672646083434004
RGI60-08.00819,2002,-1.8132297605464973
RGI60-08.00819,2003,-0.7999619687934734
RGI60-08.00819,2004,-0.18947567614303218
RGI60-08.00819,2005,-0.33846506837337237
RGI60-08.00819,2006,-1.2496082328927474
RGI60-08.00819,2007,-0.055533895386078
RGI60-08.00819,2008,-0.21125446411265225
RGI60-08.00819,2009,-0.2400029853042947
RGI60-08.00819,2010,-0.36867573184893876
RGI60-08.00819,2011,-1.1036870996472508
RGI60-08.00819,2012,0.6854806995430198
RGI60-08.00819,2013,-0.05103848347482043
RGI60-08.00819,2014,-2.5747315388562817
RGI60-08.00819,2015,0.3302054517259456
RGI60-08.00819,2016,-0.9907280390945552
RGI60-08.00819,2017,-0.40210840698162137
RGI60-08.00819,2018,-1.7828468273017222
RGI60-08.00819,2019,-0.6966000032021361
RGI60-08.00819,2020,0.3647748415244273
RGI60-08.00819,2021,-2.0713258702363313
RGI60-08.00819,2022,-1.1468074684361746
RGI60-08.00819,2023,-0.7051308938683017
RGI60-08.00819,2024,-2.0477472178827805
RGI60-08.00821,2000,0.59007715259042
RGI60-08.00821,2001,-0.09477418097830026
RGI60-08.00821,2002,-0.9577855973305076
RGI60-08.00821,2003,-1.4445109720917717
RGI60-08.00821,2004,0.6924997725663566
RGI60-08.00821,2005,-0.42342778262256725
RGI60-08.00821,2006,-1.3527063124941818
RGI60-08.00821,2007,0.12341835034722781
RGI60-08.00821,2008,-0.25553026216801994
RGI60-08.00821,2009,-1.0045043690795294
RGI60-08.00821,2010,1.560304454043762
RGI60-08.00821,2011,-0.02805674970320532
RGI60-08.00821,2012,0.6953119311061626
RGI60-08.00821,2013,0.2526219072176838
RGI60-08.00821,2014,-1.6079020728132718
RGI60-08.00821,2015,0.21184854784417156
RGI60-08.00821,2016,-0.934158183497287
RGI60-08.00821,2017,-0.6459129117991961
RGI60-08.00821,2018,-2.316378353151621
RGI60-08.00821,2019,-0.43303436798631545
RGI60-08.00821,2020,-0.5524091343796778
RGI60-08.00821,2021,-1.4853218795734568
RGI60-08.00821,2022,0.2936109471602077
RGI60-08.00821,2023,1.2127454047286876
RGI60-08.00821,2024,1.426289388126435
RGI60-08.00824,2000,0.5739675719109059
RGI60-08.00824,2001,0.00730030494222722
RGI60-08.00824,2002,-2.507969967000014
RGI60-08.00824,2003,-0.9114297899567914
RGI60-08.00824,2004,-0.9035182930435569
RGI60-08.00824,2005,-0.3870373982285573
RGI60-08.00824,2006,-2.8270154482949312
RGI60-08.00824,2007,0.7871320446385355
RGI60-08.00824,2008,-0.6262860253041654
RGI60-08.00824,2009,-0.8218935818249208
RGI60-08.00824,2010,-0.23643593976673472
RGI60-08.00824,2011,-1.7238080359024948
RGI60-08.00824,2012,1.0480065860277399
RGI60-08.00824,2013,-0.576631203017195
RGI60-08.00824,2014,-2.293780190503735
RGI60-08.00824,2015,0.7624780333433097
RGI60-08.00824,2016,-1.0186689107092257
RGI60-08.00824,2017,-0.8713027965763105
RGI60-08.00824,2018,-1.4957796821989215
RGI60-08.00824,2019,-0.7775272785351695
RGI60-08.00824,2020,-0.6780634341313544
RGI60-08.00824,2021,-3.310526128080107
RGI60-08.00824,2022,-0.8476066951147446
RGI60-08.00824,2023,-2.5007517803995816
RGI60-08.00824,2024,-1.995393329714683
RGI60-08.00827,2000,0.09829299459661489
RGI60-08.00827,2001,-1.285699872515913
RGI60-08.00827,2002,-1.824880093574156
RGI60-08.00827,2003,-2.1710145878807037
RGI60-08.00827,2004,-1.706639406283767
RGI60-08.00827,2005,-0.4415697786765689
RGI60-08.00827,2006,-2.0406599605873534
RGI60-08.00827,2007,-0.13057689386174898
RGI60-08.00827,2008,-0.9284987120331331
RGI60-08.00827,2009,-0.625564343026211
RGI60-08.00827,2010,-1.2289308104286665
RGI60-08.00827,2011,-1.3935122104241273
RGI60-08.00827,2012,0.9067221560462584
RGI60-08.00827,2013,-1.337687653586835
RGI60-08.00827,2014,-1.7037487164607605
RGI60-08.00827,2015,0.2936736519714356
RGI60-08.00827,2016,-0.9361895944934194
RGI60-08.00827,2017,-0.918377046526853
RGI60-08.00827,2018,-1.769314115848855
RGI60-08.00827,2019,-0.5648250064052285
RGI60-08.00827,2020,0.14033040054142631
RGI60-08.00827,2021,-2.3671170764571707
RGI60-08.00827,2022,-1.3207788533827594
RGI60-08.00827,2023,-1.6602635541461335
RGI60-08.00827,2024,-1.599966832844213
RGI60-08.00828,2000,0.8901065878435397
RGI60-08.00828,2001,-0.5627465023340752
RGI60-08.00828,2002,-1.2568553680026584
RGI60-08.00828,2003,-1.4487794157473464
RGI60-08.00828,2004,-1.085301171359735
RGI60-08.00828,2005,0.32565350026607986
RGI60-08.00828,2006,-2.263027823508307
RGI60-08.00828,2007,0.5203443696234586
RGI60-08.00828,2008,-0.2553528170379787
RGI60-08.00828,2009,0.10721176309911873
RGI60-08.00828,2010,-0.7878730778732341
RGI60-08.00828,2011,-0.7590818777151922
RGI60-08.00828,2012,1.015989391430897
RGI60-08.00828,2013,-0.5134740229036109
RGI60-08.00828,2014,-2.6995975022935648
RGI60-08.00828,2015,0.09253786725641522
RGI60-08.00828,2016,-0.7165944023199193
RGI60-08.00828,2017,-0.07508804330824886
RGI60-08.00828,2018,-0.9927583047313921
RGI60-08.00828,2019,-0.25731315038424996
RGI60-08.00828,2020,0.22500410530524695
RGI60-08.00828,2021,-1.7261649062426399
RGI60-08.00828,2022,-0.16567678143944564
RGI60-08.00828,2023,-1.8003521913025222
RGI60-08.00828,2024,-1.594840752015968
RGI60-08.00830,2000,-0.02011815307382625
RGI60-08.00830,2001,-0.713340166767874
RGI60-08.00830,2002,-3.1020062331551768
RGI60-08.00830,2003,-2.2817479962063225
RGI60-08.00830,2004,0.6626051449785625
RGI60-08.00830,2005,0.23891045111863518
RGI60-08.00830,2006,-1.952699221113075
RGI60-08.00830,2007,-0.08907620158639207
RGI60-08.00830,2008,-0.612370687827714
RGI60-08.00830,2009,-0.9092747600206565
RGI60-08.00830,2010,1.010041399293483
RGI60-08.00830,2011,-0.8551587485026259
RGI60-08.00830,2012,0.9356061527539162
RGI60-08.00830,2013,-0.8101389174331738
RGI60-08.00830,2014,-2.5313084342508203
RGI60-08.00830,2015,0.1571809899241895
RGI60-08.00830,2016,-1.3272425631043492
RGI60-08.00830,2017,-0.1287774308081625
RGI60-08.00830,2018,-1.8697425521601332
RGI60-08.00830,2019,-0.9364420720584861
RGI60-08.00830,2020,-0.08000840382772911
RGI60-08.00830,2021,-2.4394270935218567
RGI60-08.00830,2022,-0.6038967975640819
RGI60-08.00830,2023,-1.3634996407997577
RGI60-08.00830,2024,-2.0952871510459503
RGI60-08.00835,2000,0.7726083823887013
RGI60-08.00835,2001,-0.9760111346730955
RGI60-08.00835,2002,-1.7706824462497381
RGI60-08.00835,2003,-1.6593875545058512
RGI60-08.00835,2004,-0.5869162066143209
RGI60-08.00835,2005,-0.1602224730312204
RGI60-08.00835,2006,-2.3004985002712646
RGI60-08.00835,2007,0.15852484433434377
RGI60-08.00835,2008,-0.21503222992023946
RGI60-08.00835,2009,-0.10665616101847764
RGI60-08.00835,2010,-0.8161466266097451
RGI60-08.00835,2011,-1.1710267243200734
RGI60-08.00835,2012,0.842826226371375
RGI60-08.00835,2013,-0.4288465127048354
RGI60-08.00835,2014,-2.06402488093134
RGI60-08.00835,2015,0.6700878009116218
RGI60-08.00835,2016,-0.7333967165901845
RGI60-08.00835,2017,-0.42971567548593664
RGI60-08.00835,2018,-1.4520957471664624
RGI60-08.00835,2019,-0.8555876639132383
RGI60-08.00835,2020,0.12878450763563332
RGI60-08.00835,2021,-2.4961542693723437
RGI60-08.00835,2022,-0.8989739216184891
RGI60-08.00835,2023,-2.3775149276639436
RGI60-08.00835,2024,-1.6540436462696797
RGI60-08.00837,2000,1.383396504773175
RGI60-08.00837,2001,-0.24370128167863495
RGI60-08.00837,2002,-1.1529502998708918
RGI60-08.00837,2003,-1.9788678214170035
RGI60-08.00837,2004,-0.9947633795340158
RGI60-08.00837,2005,-0.010845177040531007
RGI60-08.00837,2006,-1.4814718857793499
RGI60-08.00837,2007,-0.019287076063424502
RGI60-08.00837,2008,0.24868026322746373
RGI60-08.00837,2009,-0.6524804920864805
RGI60-08.00837,2010,1.1861838735483108
RGI60-08.00837,2011,-0.8692631162269935
RGI60-08.00837,2012,0.04810640203541
RGI60-08.00837,2013,0.30294883184767485
RGI60-08.00837,2014,-1.4098179458866726
RGI60-08.00837,2015,-0.1796125937733255
RGI60-08.00837,2016,-1.0452803695261386
RGI60-08.00837,2017,-0.6462800317773283
RGI60-08.00837,2018,-1.145043855570757
RGI60-08.00837,2019,-0.2372505492004887
RGI60-08.00837,2020,-0.625024666996963
RGI60-08.00837,2021,-0.04101111744322222
RGI60-08.00837,2022,-1.0981960488929041
RGI60-08.00837,2023,1.3340809291763311
RGI60-08.00837,2024,-1.0717215931357873
RGI60-08.00838,2000,-0.12170646070862123
RGI60-08.00838,2001,-0.251017710782524
RGI60-08.00838,2002,-1.9221465606988297
RGI60-08.00838,2003,-0.8731529715267066
RGI60-08.00838,2004,-0.4178043287821218
RGI60-08.00838,2005,-0.6784799476044889
RGI60-08.00838,2006,-0.7865698363344508
RGI60-08.00838,2007,0.08162502374912572
RGI60-08.00838,2008,-0.7595068710251427
RGI60-08.00838,2009,0.08128647021323954
RGI60-08.00838,2010,-0.16034504780260717
RGI60-08.00838,2011,-1.6087012365340363
RGI60-08.00838,2012,0.6689396710095444
RGI60-08.00838,2013,-0.5056881087162112
RGI60-08.00838,2014,-0.5600732848885972
RGI60-08.00838,2015,-0.12267778115242228
RGI60-08.00838,2016,-0.5948236218674989
RGI60-08.00838,2017,-0.633772926229435
RGI60-08.00838,2018,-0.7686029527625108
RGI60-08.00838,2019,-0.849881517555708
RGI60-08.00838,2020,-0.43692862476177774
RGI60-08.00838,2021,-1.5305112326697947
RGI60-08.00838,2022,-0.8300417304346677
RGI60-08.00838,2023,-0.8445885195743252
RGI60-08.00838,2024,-1.3766914260257037
RGI60-08.00842,2000,-0.7038408315730672
RGI60-08.00842,2001,0.4233257378724269
RGI60-08.00842,2002,-0.9432218970136687
RGI60-08.00842,2003,-0.9244206524479166
RGI60-08.00842,2004,0.5523962327059105
RGI60-08.00842,2005,-1.1188423471778135
RGI60-08.00842,2006,-1.8592018085877564
RGI60-08.00842,2007,0.09161675522393065
RGI60-08.00842,2008,0.12007883244948303
RGI60-08.00842,2009,-0.674828126278763
RGI60-08.00842,2010,-0.1620947448397248
RGI60-08.00842,2011,-1.4398771134321682
RGI60-08.00842,2012,0.38608756451917214
RGI60-08.00842,2013,-0.24476983231793437
RGI60-08.00842,2014,-1.2050010834090954
RGI60-08.00842,2015,0.579709433483287
RGI60-08.00842,2016,-0.7656902896586908
RGI60-08.00842,2017,-0.8097097244255722
RGI60-08.00842,2018,-1.6414502710601466
RGI60-08.00842,2019,-0.2245658340318839
RGI60-08.00842,2020,0.33458295382251413
RGI60-08.00842,2021,-1.5297465983163843
RGI60-08.00842,2022,-0.5318141144965399
RGI60-08.00842,2023,-1.5753622732612484
RGI60-08.00842,2024,-0.13245521124520548
RGI60-08.00843,2000,0.9011870506655704
RGI60-08.00843,2001,0.009893938028896848
RGI60-08.00843,2002,-1.2422148603093965
RGI60-08.00843,2003,-0.8496138023192072
RGI60-08.00843,2004,-0.11777644742119549
RGI60-08.00843,2005,0.5519709383092393
RGI60-08.00843,2006,-1.2159243087882576
RGI60-08.00843,2007,-0.08172575311542275
RGI60-08.00843,2008,0.21786851214857675
RGI60-08.00843,2009,0.11202424368387806
RGI60-08.00843,2010,0.09568371764369024
RGI60-08.00843,2011,-0.9999291857701438
RGI60-08.00843,2012,1.6604300093110922
RGI60-08.00843,2013,-0.1181973391985405
RGI60-08.00843,2014,-1.1099899800114053
RGI60-08.00843,2015,0.8956237329941332
RGI60-08.00843,2016,0.2510265056940232
RGI60-08.00843,2017,-0.4681056073447558
RGI60-08.00843,2018,-1.5437326393598279
RGI60-08.00843,2019,-0.9241987248409417
RGI60-08.00843,2020,-0.5252086269796333
RGI60-08.00843,2021,-1.6140531408137797
RGI60-08.00843,2022,-0.15978146899789697
RGI60-08.00843,2023,1.0565794008693346
RGI60-08.00843,2024,-0.5333391836282735
RGI60-08.00845,2000,0.2910684372567215
RGI60-08.00845,2001,0.04070791228110898
RGI60-08.00845,2002,-1.3166270337081172
RGI60-08.00845,2003,-1.284388561224817
RGI60-08.00845,2004,0.3499129667549101
RGI60-08.00845,2005,-0.1677515208166115
RGI60-08.00845,2006,-1.6017889657703366
RGI60-08.00845,2007,0.3825713599730022
RGI60-08.00845,2008,-0.42863149926412614
RGI60-08.00845,2009,0.37870301097767745
RGI60-08.00845,2010,0.18005548903850177
RGI60-08.00845,2011,-0.2337933117935179
RGI60-08.00845,2012,0.7042820904748944
RGI60-08.00845,2013,-0.7967355816742432
RGI60-08.00845,2014,-0.9497628483097798
RGI60-08.00845,2015,0.6807653361699105
RGI60-08.00845,2016,0.0757004963662799
RGI60-08.00845,2017,-1.6567477064988747
RGI60-08.00845,2018,-1.7005632657568226
RGI60-08.00845,2019,-0.820276804475756
RGI60-08.00845,2020,-0.15533125756403413
RGI60-08.00845,2021,-1.1410585578512187
RGI60-08.00845,2022,-0.8037898957552906
RGI60-08.00845,2023,-1.2381511956985891
RGI60-08.00845,2024,-1.2215501227709542
RGI60-08.00849,2000,-0.09433452377357776
RGI60-08.00849,2001,-0.6972103744181191
RGI60-08.00849,2002,-1.4510617422123562
RGI60-08.00849,2003,-1.6163072754686323
RGI60-08.00849,2004,0.08938093122468704
RGI60-08.00849,2005,-0.45405055000792705
RGI60-08.00849,2006,-1.8223278267847898
RGI60-08.00849,2007,0.13157193854747384
RGI60-08.00849,2008,-0.5357901024513334
RGI60-08.00849,2009,1.018726317739093
RGI60-08.00849,2010,0.17224730708195218
RGI60-08.00849,2011,0.17138808742032624
RGI60-08.00849,2012,1.1123314628010965
RGI60-08.00849,2013,-0.7928603027759908
RGI60-08.00849,2014,-0.23413600657726105
RGI60-08.00849,2015,-0.22441089247484686
RGI60-08.00849,2016,0.04811322872738599
RGI60-08.00849,2017,-0.4705199648333007
RGI60-08.00849,2018,-0.3648689133398146
RGI60-08.00849,2019,-0.7349807984240708
RGI60-08.00849,2020,-0.12348976913884385
RGI60-08.00849,2021,-1.040596758626325
RGI60-08.00849,2022,-0.3994750433025606
RGI60-08.00849,2023,0.5335876442934413
RGI60-08.00849,2024,0.4769181820996296
RGI60-08.00850,2000,0.048194695169233526
RGI60-08.00850,2001,-0.12781555280438472
RGI60-08.00850,2002,-0.5491780168137728
RGI60-08.00850,2003,-0.49309279752993956
RGI60-08.00850,2004,0.15888071615242932
RGI60-08.00850,2005,-0.15990559649843067
RGI60-08.00850,2006,-1.0634609673495756
RGI60-08.00850,2007,-0.08849163320688067
RGI60-08.00850,2008,-0.05864399352718472
RGI60-08.00850,2009,0.34925507781980686
RGI60-08.00850,2010,0.03987929679359453
RGI60-08.00850,2011,-0.6262558506650848
RGI60-08.00850,2012,0.344309403544718
RGI60-08.00850,2013,-0.3314879683079119
RGI60-08.00850,2014,-1.0335474228899095
RGI60-08.00850,2015,0.42706709190836273
RGI60-08.00850,2016,-0.24467384999560587
RGI60-08.00850,2017,-0.4392888539635055
RGI60-08.00850,2018,-0.48434205406347525
RGI60-08.00850,2019,-0.7591017237724893
RGI60-08.00850,2020,-0.4749609964843191
RGI60-08.00850,2021,-0.5087244787581421
RGI60-08.00850,2022,-0.5568164453842697
RGI60-08.00850,2023,-0.6436967483148115
RGI60-08.00850,2024,-0.9508321940377293
RGI60-08.00854,2000,0.7182970981150508
RGI60-08.00854,2001,0.1431385668789047
RGI60-08.00854,2002,-0.6265332342314824
RGI60-08.00854,2003,-0.910019748610915
RGI60-08.00854,2004,-0.4720153607339804
RGI60-08.00854,2005,-0.34705893791374953
RGI60-08.00854,2006,-1.088243717220302
RGI60-08.00854,2007,-0.2260094788423827
RGI60-08.00854,2008,0.3184232560306657
RGI60-08.00854,2009,-0.24695403323364654
RGI60-08.00854,2010,-0.3008979208101522
RGI60-08.00854,2011,-1.5420160105261975
RGI60-08.00854,2012,-0.4142796126739202
RGI60-08.00854,2013,-0.3337872235609972
RGI60-08.00854,2014,-1.2191724669667696
RGI60-08.00854,2015,-0.15172463131752567
RGI60-08.00854,2016,-0.16816805489054004
RGI60-08.00854,2017,-1.1172986907761384
RGI60-08.00854,2018,-0.4106980332909575
RGI60-08.00854,2019,-0.5072817654249633
RGI60-08.00854,2020,-0.15139022165677768
RGI60-08.00854,2021,-1.140875333806859
RGI60-08.00854,2022,-0.15799429562693307
RGI60-08.00854,2023,-1.3487701361365774
RGI60-08.00854,2024,-0.0202555579035007
RGI60-08.00855,2000,0.9420736056873468
RGI60-08.00855,2001,0.3255247579246867
RGI60-08.00855,2002,-1.2188713462515604
RGI60-08.00855,2003,-0.8682731141042727
RGI60-08.00855,2004,0.9915941302414749
RGI60-08.00855,2005,-0.6363636757320636
RGI60-08.00855,2006,-2.4242808778161584
RGI60-08.00855,2007,0.11000276845612106
RGI60-08.00855,2008,-0.09600334648136322
RGI60-08.00855,2009,-0.5592162449599991
RGI60-08.00855,2010,0.5727966737893223
RGI60-08.00855,2011,0.459510329134868
RGI60-08.00855,2012,1.1069477064902138
RGI60-08.00855,2013,0.40458663934956984
RGI60-08.00855,2014,-1.6865378360790153
RGI60-08.00855,2015,0.4246522764173981
RGI60-08.00855,2016,-0.5732433230004677
RGI60-08.00855,2017,-1.435534509299408
RGI60-08.00855,2018,-1.5683902027520813
RGI60-08.00855,2019,-0.7762744110146238
RGI60-08.00855,2020,-1.0637110394105163
RGI60-08.00855,2021,-0.224088935162072
RGI60-08.00855,2022,1.3231409369726053
RGI60-08.00855,2023,-0.32535667997256185
RGI60-08.00855,2024,-0.14619617161698503
RGI60-08.00860,2000,-0.2503594584082122
RGI60-08.00860,2001,0.08018867339563296
RGI60-08.00860,2002,-1.4651590088571327
RGI60-08.00860,2003,-0.9367127897978798
RGI60-08.00860,2004,-0.09388900031707575
RGI60-08.00860,2005,-0.4466033295403935
RGI60-08.00860,2006,-1.4460991235606073
RGI60-08.00860,2007,-0.144140978145764
RGI60-08.00860,2008,-0.5022123709425335
RGI60-08.00860,2009,-0.46339047928256205
RGI60-08.00860,2010,-0.11137391418548959
RGI60-08.00860,2011,-0.8019064134910626
RGI60-08.00860,2012,0.5581329610498341
RGI60-08.00860,2013,-0.7069933691230933
RGI60-08.00860,2014,-1.7774185771665896
RGI60-08.00860,2015,0.20696625067165098
RGI60-08.00860,2016,-0.8707683175822247
RGI60-08.00860,2017,-0.5887271614021018
RGI60-08.00860,2018,-0.7155901730644039
RGI60-08.00860,2019,-1.0060434202499893
RGI60-08.00860,2020,-0.5471941181503241
RGI60-08.00860,2021,-1.4286522103495471
RGI60-08.00860,2022,-0.5984655041226568
RGI60-08.00860,2023,-1.6718236638554669
RGI60-08.00860,2024,-1.3920469640159792
RGI60-08.00861,2000,0.30286874820487936
RGI60-08.00861,2001,0.07782303089561543
RGI60-08.00861,2002,-1.3272396380038298
RGI60-08.00861,2003,-0.7713544593050847
RGI60-08.00861,2004,-0.03352966028777543
RGI60-08.00861,2005,-0.08609005570019174
RGI60-08.00861,2006,-0.40717649993277544
RGI60-08.00861,2007,-0.7370092916830172
RGI60-08.00861,2008,-0.4154815461495556
RGI60-08.00861,2009,0.15072449628097434
RGI60-08.00861,2010,0.5118485136475819
RGI60-08.00861,2011,-0.9126890047895748
RGI60-08.00861,2012,0.7689460148661293
RGI60-08.00861,2013,-0.8698925881453948
RGI60-08.00861,2014,-1.3805914261704344
RGI60-08.00861,2015,0.4207951845209202
RGI60-08.00861,2016,0.19175607725303795
RGI60-08.00861,2017,-0.907447290888133
RGI60-08.00861,2018,-1.4390936420578442
RGI60-08.00861,2019,-0.9789669625555253
RGI60-08.00861,2020,-0.3862428455256598
RGI60-08.00861,2021,-1.499780160935396
RGI60-08.00861,2022,-1.0348243690912298
RGI60-08.00861,2023,-0.9053857481399472
RGI60-08.00861,2024,-0.15796377709490397
RGI60-08.00864,2000,-0.7192925883982332
RGI60-08.00864,2001,-0.469286323303639
RGI60-08.00864,2002,-1.3194973410149422
RGI60-08.00864,2003,-1.2589650995994948
RGI60-08.00864,2004,-0.2626751219846235
RGI60-08.00864,2005,-0.5378255099111565
RGI60-08.00864,2006,-1.3837954177701406
RGI60-08.00864,2007,-0.5623343304956002
RGI60-08.00864,2008,-0.3657410295257176
RGI60-08.00864,2009,-1.0201295831459558
RGI60-08.00864,2010,-0.4335968687524518
RGI60-08.00864,2011,-0.613559100782584
RGI60-08.00864,2012,0.5161788693585134
RGI60-08.00864,2013,-1.0649442363119321
RGI60-08.00864,2014,-1.2200741221560154
RGI60-08.00864,2015,0.36303250505847573
RGI60-08.00864,2016,-1.1513738293928797
RGI60-08.00864,2017,-0.8243069398499697
RGI60-08.00864,2018,-1.6847339071659704
RGI60-08.00864,2019,-0.6770800248556875
RGI60-08.00864,2020,-0.9516112816011166
RGI60-08.00864,2021,-1.3859145167081897
RGI60-08.00864,2022,-0.7956091416122186
RGI60-08.00864,2023,-1.1424387181753068
RGI60-08.00864,2024,-1.1757246960439116
RGI60-08.00869,2000,-0.1513904281475934
RGI60-08.00869,2001,-0.24897265020588866
RGI60-08.00869,2002,-1.330801413455439
RGI60-08.00869,2003,-1.709519854818819
RGI60-08.00869,2004,-0.5721823259139325
RGI60-08.00869,2005,-0.5109911513149836
RGI60-08.00869,2006,-1.9949617124430346
RGI60-08.00869,2007,-0.7798886431463345
RGI60-08.00869,2008,-0.6514353892775422
RGI60-08.00869,2009,-0.18594533223101783
RGI60-08.00869,2010,-1.0899143584140272
RGI60-08.00869,2011,-1.4592708242346244
RGI60-08.00869,2012,-0.08582860923519864
RGI60-08.00869,2013,-1.0150055503520374
RGI60-08.00869,2014,-1.6072422071876094
RGI60-08.00869,2015,0.22462950775289436
RGI60-08.00869,2016,-1.0390080248637281
RGI60-08.00869,2017,-1.210331235507914
RGI60-08.00869,2018,-1.655065045675315
RGI60-08.00869,2019,-1.1521747513278546
RGI60-08.00869,2020,-0.31155192426212464
RGI60-08.00869,2021,-1.927419587943235
RGI60-08.00869,2022,-1.1601438508360085
RGI60-08.00869,2023,-1.7209415571744169
RGI60-08.00869,2024,-1.623805503815138
RGI60-08.00872,2000,0.35102238861830604
RGI60-08.00872,2001,-0.6723717066017499
RGI60-08.00872,2002,-1.3754361004233209
RGI60-08.00872,2003,-0.965109259439778
RGI60-08.00872,2004,-0.057913639920114446
RGI60-08.00872,2005,-0.4980284835365307
RGI60-08.00872,2006,-2.3991886486774305
RGI60-08.00872,2007,-0.05932537093011281
RGI60-08.00872,2008,-0.17185967672297525
RGI60-08.00872,2009,0.21507270918151755
RGI60-08.00872,2010,-0.3933954628143003
RGI60-08.00872,2011,-1.0175918187472683
RGI60-08.00872,2012,0.30336645258637385
RGI60-08.00872,2013,-0.7749683842842658
RGI60-08.00872,2014,-0.47033879016215624
RGI60-08.00872,2015,-0.12277638563974574
RGI60-08.00872,2016,-1.267060333345451
RGI60-08.00872,2017,-0.08986923846738948
RGI60-08.00872,2018,-1.172661031384545
RGI60-08.00872,2019,-1.1732672192890663
RGI60-08.00872,2020,-0.8023802191486349
RGI60-08.00872,2021,-1.5364207321666443
RGI60-08.00872,2022,-1.205825559754027
RGI60-08.00872,2023,-1.2707720476891236
RGI60-08.00872,2024,-1.6776830078077558
RGI60-08.00873,2000,-0.4438233599670335
RGI60-08.00873,2001,-0.07533296065863193
RGI60-08.00873,2002,-1.6896648653587043
RGI60-08.00873,2003,-1.2908366076611495
RGI60-08.00873,2004,-0.5606098749568178
RGI60-08.00873,2005,-0.8302686210371664
RGI60-08.00873,2006,-2.1611492090612807
RGI60-08.00873,2007,-0.22171439374409818
RGI60-08.00873,2008,-0.48425484678970404
RGI60-08.00873,2009,-0.076432465970237
RGI60-08.00873,2010,0.19454840056181633
RGI60-08.00873,2011,-1.3751920885046804
RGI60-08.00873,2012,0.46252416694358867
RGI60-08.00873,2013,-0.6795402734268527
RGI60-08.00873,2014,-1.67957683046172
RGI60-08.00873,2015,0.1378540833308931
RGI60-08.00873,2016,-1.1796187178140567
RGI60-08.00873,2017,-0.7538225701471697
RGI60-08.00873,2018,-2.244518708512283
RGI60-08.00873,2019,-1.335570256764709
RGI60-08.00873,2020,-0.7460828293699872
RGI60-08.00873,2021,-2.009051254043815
RGI60-08.00873,2022,-1.0880968093335892
RGI60-08.00873,2023,-1.4004534654776828
RGI60-08.00873,2024,-1.4161897633258889
RGI60-08.00874,2000,0.5687595015691698
RGI60-08.00874,2001,-1.5345067878897887
RGI60-08.00874,2002,-0.8113118183911837
RGI60-08.00874,2003,-1.1725765255715725
RGI60-08.00874,2004,0.2193382002994151
RGI60-08.00874,2005,-0.5604643161614836
RGI60-08.00874,2006,-1.4316696995295133
RGI60-08.00874,2007,-0.9299576041598436
RGI60-08.00874,2008,-0.6911431392443925
RGI60-08.00874,2009,-0.4775421199351136
RGI60-08.00874,2010,-0.009427830485184918
RGI60-08.00874,2011,-0.9837542536434356
RGI60-08.00874,2012,0.17698162268160555
RGI60-08.00874,2013,-0.673694300534918
RGI60-08.00874,2014,-0.4121162682969368
RGI60-08.00874,2015,0.2183510659661103
RGI60-08.00874,2016,-1.4703794028198136
RGI60-08.00874,2017,-0.6661211138848031
RGI60-08.00874,2018,-1.2603333140709319
RGI60-08.00874,2019,-0.7864318958973925
RGI60-08.00874,2020,-1.449563084539602
RGI60-08.00874,2021,-1.4876865732211826
RGI60-08.00874,2022,-1.067927201566802
RGI60-08.00874,2023,-2.2221074759276522
RGI60-08.00874,2024,-0.9319872190054079
RGI60-08.00875,2000,0.2581183201960122
RGI60-08.00875,2001,-0.5671206911228542
RGI60-08.00875,2002,-1.7069013266498927
RGI60-08.00875,2003,-1.2138039456309606
RGI60-08.00875,2004,-0.37142886649979495
RGI60-08.00875,2005,-0.44728895441444394
RGI60-08.00875,2006,-1.8660990557332635
RGI60-08.00875,2007,0.045145275572820553
RGI60-08.00875,2008,-0.8196273990116525
RGI60-08.00875,2009,0.18214537897573901
RGI60-08.00875,2010,0.5319586514480948
RGI60-08.00875,2011,-0.8427067598567297
RGI60-08.00875,2012,0.813322436524799
RGI60-08.00875,2013,-0.9151704901458857
RGI60-08.00875,2014,-1.520147074115176
RGI60-08.00875,2015,0.11506063185585402
RGI60-08.00875,2016,-0.7880780995759527
RGI60-08.00875,2017,-0.9917671592888841
RGI60-08.00875,2018,-1.4851683554308266
RGI60-08.00875,2019,-1.38854251709699
RGI60-08.00875,2020,-0.6264699127724906
RGI60-08.00875,2021,-1.6080849343632406
RGI60-08.00875,2022,-0.9053935494834678
RGI60-08.00875,2023,-1.3299787503115355
RGI60-08.00875,2024,-0.99693563604128
RGI60-08.00876,2000,-0.12699715954138768
RGI60-08.00876,2001,-0.5334087978410906
RGI60-08.00876,2002,-1.5251391547510877
RGI60-08.00876,2003,-1.2892845878536487
RGI60-08.00876,2004,-0.1717934813356291
RGI60-08.00876,2005,-0.25404073333798005
RGI60-08.00876,2006,-1.902548344204579
RGI60-08.00876,2007,0.37147559866100255
RGI60-08.00876,2008,-0.22834408575429566
RGI60-08.00876,2009,0.08824929472935228
RGI60-08.00876,2010,-0.05946479075353722
RGI60-08.00876,2011,-0.8749155526991611
RGI60-08.00876,2012,0.6221983602650136
RGI60-08.00876,2013,-0.6596683784925726
RGI60-08.00876,2014,-1.0890073215451501
RGI60-08.00876,2015,0.33375232386346454
RGI60-08.00876,2016,-0.9281815895765482
RGI60-08.00876,2017,-0.395719771525002
RGI60-08.00876,2018,-0.8246184941082255
RGI60-08.00876,2019,-0.8378433341989534
RGI60-08.00876,2020,-0.500126096609953
RGI60-08.00876,2021,-1.6725828700486776
RGI60-08.00876,2022,-0.8487126292633023
RGI60-08.00876,2023,-1.4843730992463389
RGI60-08.00876,2024,-0.9639964170974233
RGI60-08.00877,2000,0.3830148490092158
RGI60-08.00877,2001,0.5906911129870956
RGI60-08.00877,2002,-1.4636822774896696
RGI60-08.00877,2003,-0.987488018099506
RGI60-08.00877,2004,-0.6606731967564456
RGI60-08.00877,2005,-0.9163632210934767
RGI60-08.00877,2006,-0.22380954064160152
RGI60-08.00877,2007,-0.4766929955265545
RGI60-08.00877,2008,-0.7110579619452827
RGI60-08.00877,2009,-1.489603468742624
RGI60-08.00877,2010,0.10554613118941958
RGI60-08.00877,2011,-1.990132773130529
RGI60-08.00877,2012,0.6950401558294182
RGI60-08.00877,2013,-1.5295844009121002
RGI60-08.00877,2014,-0.5991876724747298
RGI60-08.00877,2015,-0.401226209242057
RGI60-08.00877,2016,-0.19162211763622494
RGI60-08.00877,2017,-0.6303790916558818
RGI60-08.00877,2018,0.12991281109790775
RGI60-08.00877,2019,-1.4199021147663788
RGI60-08.00877,2020,-0.9129558654058942
RGI60-08.00877,2021,-0.5633433227261855
RGI60-08.00877,2022,-0.6798575042469289
RGI60-08.00877,2023,-0.9762732044237498
RGI60-08.00877,2024,-1.8755979437973767
RGI60-08.00878,2000,0.2619179047882152
RGI60-08.00878,2001,-0.5220146025071312
RGI60-08.00878,2002,-0.590838154521871
RGI60-08.00878,2003,-1.1667388318595584
RGI60-08.00878,2004,-0.44095780059409395
RGI60-08.00878,2005,0.5460733334462144
RGI60-08.00878,2006,-1.146489841903066
RGI60-08.00878,2007,0.5108354278842164
RGI60-08.00878,2008,-0.22723830501577635
RGI60-08.00878,2009,0.7786505387155862
RGI60-08.00878,2010,-1.1824110202943463
RGI60-08.00878,2011,-1.7036170994100988
RGI60-08.00878,2012,0.3232789197608895
RGI60-08.00878,2013,-1.1183476176579021
RGI60-08.00878,2014,-1.8563018811129464
RGI60-08.00878,2015,-0.1134844952925202
RGI60-08.00878,2016,-1.2039346120105243
RGI60-08.00878,2017,-0.611483632835596
RGI60-08.00878,2018,-0.3357528847740142
RGI60-08.00878,2019,-0.7902453448056759
RGI60-08.00878,2020,-0.49795981787248733
RGI60-08.00878,2021,-1.4180963826518629
RGI60-08.00878,2022,-0.10913986558881122
RGI60-08.00878,2023,-0.9872685791777515
RGI60-08.00878,2024,-1.3924996029499628
RGI60-08.00891,2000,-0.3024742646967948
RGI60-08.00891,2001,-0.07282282754976677
RGI60-08.00891,2002,-1.7544481061806911
RGI60-08.00891,2003,-1.4666488942174956
RGI60-08.00891,2004,0.8688942938656035
RGI60-08.00891,2005,-0.1139674434052319
RGI60-08.00891,2006,-1.3736795333622096
RGI60-08.00891,2007,0.9901724443168138
RGI60-08.00891,2008,-0.7353008319145898
RGI60-08.00891,2009,-0.5457991126931603
RGI60-08.00891,2010,-1.225943260456655
RGI60-08.00891,2011,-1.4770208377500909
RGI60-08.00891,2012,-0.16104713369587864
RGI60-08.00891,2013,-1.74516819575706
RGI60-08.00891,2014,-1.7007111756973958
RGI60-08.00891,2015,-0.6896146009093338
RGI60-08.00891,2016,-1.659075271680006
RGI60-08.00891,2017,-0.9983465148408099
RGI60-08.00891,2018,-0.23782375919300114
RGI60-08.00891,2019,-0.4803749741822523
RGI60-08.00891,2020,-0.296230195990921
RGI60-08.00891,2021,-1.657158408505713
RGI60-08.00891,2022,-0.3046110493729834
RGI60-08.00891,2023,-1.4579863269275533
RGI60-08.00891,2024,-1.6078852278193914
RGI60-08.00896,2000,1.491777852645317
RGI60-08.00896,2001,-1.102489084695509
RGI60-08.00896,2002,-1.4556691902254437
RGI60-08.00896,2003,0.022300121556438235
RGI60-08.00896,2004,0.22254767027987477
RGI60-08.00896,2005,-0.3890471375323322
RGI60-08.00896,2006,-2.0099861240000227
RGI60-08.00896,2007,0.4852784118822068
RGI60-08.00896,2008,-0.852420204205514
RGI60-08.00896,2009,1.7317674897798154
RGI60-08.00896,2010,-0.8445375822859975
RGI60-08.00896,2011,-2.138698453962137
RGI60-08.00896,2012,-0.2946414926964998
RGI60-08.00896,2013,-1.205368058233017
RGI60-08.00896,2014,-1.8555316462359235
RGI60-08.00896,2015,-0.6195084163608356
RGI60-08.00896,2016,-2.176501744722982
RGI60-08.00896,2017,-1.1653881178324326
RGI60-08.00896,2018,-1.5556280330762395
RGI60-08.00896,2019,-0.8967562600787684
RGI60-08.00896,2020,-0.04148958186722107
RGI60-08.00896,2021,1.3150962709969067
RGI60-08.00896,2022,0.2420180519541616
RGI60-08.00896,2023,-1.3018052861899756
RGI60-08.00896,2024,1.074505433132693
RGI60-08.00900,2000,0.20332465613646877
RGI60-08.00900,2001,-1.3289011268023248
RGI60-08.00900,2002,-1.5251666904132368
RGI60-08.00900,2003,-1.022749860001939
RGI60-08.00900,2004,-0.9487826280490321
RGI60-08.00900,2005,-0.6402226171110514
RGI60-08.00900,2006,-2.195582884849684
RGI60-08.00900,2007,-0.007924867876004438
RGI60-08.00900,2008,-0.6890420802761505
RGI60-08.00900,2009,-1.1995877351046764
RGI60-08.00900,2010,-1.1569619515794676
RGI60-08.00900,2011,-1.5372598148805243
RGI60-08.00900,2012,-0.35740135937190154
RGI60-08.00900,2013,-0.9683148870129161
RGI60-08.00900,2014,-2.5407332231526087
RGI60-08.00900,2015,-0.3509866805302033
RGI60-08.00900,2016,-0.8219782479374906
RGI60-08.00900,2017,-0.9536060923122184
RGI60-08.00900,2018,-2.2994364050374774
RGI60-08.00900,2019,-0.9187855038375523
RGI60-08.00900,2020,-0.5616749032555786
RGI60-08.00900,2021,-2.8500245777037136
RGI60-08.00900,2022,-0.4974363308016624
RGI60-08.00900,2023,-2.167898496101331
RGI60-08.00900,2024,-2.667391831310063
RGI60-08.00904,2000,0.3555204088753866
RGI60-08.00904,2001,-0.6822641687857971
RGI60-08.00904,2002,-1.3488435262289016
RGI60-08.00904,2003,-1.9501441892530051
RGI60-08.00904,2004,-0.62349912139951
RGI60-08.00904,2005,-0.26378601963954285
RGI60-08.00904,2006,-1.780595847024042
RGI60-08.00904,2007,1.2392475395540221
RGI60-08.00904,2008,-0.5447188475059728
RGI60-08.00904,2009,-1.4562155675322188
RGI60-08.00904,2010,-0.7784193928326236
RGI60-08.00904,2011,-1.6216132875558746
RGI60-08.00904,2012,0.7924189349411531
RGI60-08.00904,2013,-0.906920355197254
RGI60-08.00904,2014,-2.3755004310959205
RGI60-08.00904,2015,0.17681467782911053
RGI60-08.00904,2016,-1.3856352416249023
RGI60-08.00904,2017,-1.2758851238327038
RGI60-08.00904,2018,-1.8880787868595297
RGI60-08.00904,2019,-0.31678165483186227
RGI60-08.00904,2020,-0.8111147062667698
RGI60-08.00904,2021,-2.3084054526514195
RGI60-08.00904,2022,-0.3275356338200657
RGI60-08.00904,2023,-2.039771554430586
RGI60-08.00904,2024,-2.157579079355478
RGI60-08.00919,2000,-0.5154901703626575
RGI60-08.00919,2001,-0.7309705938616609
RGI60-08.00919,2002,-1.8652173248746122
RGI60-08.00919,2003,-2.096396526847395
RGI60-08.00919,2004,-0.30718823936920214
RGI60-08.00919,2005,-0.5011470362859858
RGI60-08.00919,2006,-1.7245137090372635
RGI60-08.00919,2007,0.810705525595953
RGI60-08.00919,2008,-0.9059771658728015
RGI60-08.00919,2009,-0.8402684026212448
RGI60-08.00919,2010,-1.3104577432181055
RGI60-08.00919,2011,-2.3822048087225456
RGI60-08.00919,2012,0.5046591351057781
RGI60-08.00919,2013,-1.551312560969893
RGI60-08.00919,2014,-2.1433320416413304
RGI60-08.00919,2015,-0.5902682939046088
RGI60-08.00919,2016,-0.9519793752882445
RGI60-08.00919,2017,-0.46499619824918426
RGI60-08.00919,2018,-1.8020643616521155
RGI60-08.00919,2019,-0.8532801079228691
RGI60-08.00919,2020,-0.5661584275579077
RGI60-08.00919,2021,-1.8548457655008854
RGI60-08.00919,2022,-0.6278448662826531
RGI60-08.00919,2023,-2.2258216334446908
RGI60-08.00919,2024,-3.431193047809917
RGI60-08.00920,2000,-0.39490120122707106
RGI60-08.00920,2001,-1.2813701360901952
RGI60-08.00920,2002,-1.6553744887736408
RGI60-08.00920,2003,-1.2943940314235558
RGI60-08.00920,2004,-0.9098647603061507
RGI60-08.00920,2005,-0.7969196102070031
RGI60-08.00920,2006,-2.082153534242441
RGI60-08.00920,2007,0.12870487831154387
RGI60-08.00920,2008,-0.42789689743167647
RGI60-08.00920,2009,-0.8787959837049538
RGI60-08.00920,2010,-1.1039157811544993
RGI60-08.00920,2011,-1.5011513530810425
RGI60-08.00920,2012,-0.010402498829363394
RGI60-08.00920,2013,-1.4414846263660896
RGI60-08.00920,2014,-3.0938312838016087
RGI60-08.00920,2015,-0.48790379472662193
RGI60-08.00920,2016,-1.6790701297198156
RGI60-08.00920,2017,-0.8997832475629587
RGI60-08.00920,2018,-2.289940749460862
RGI60-08.00920,2019,-0.697550770202001
RGI60-08.00920,2020,-0.7854856086134119
RGI60-08.00920,2021,-2.7678381949592685
RGI60-08.00920,2022,-0.9055560928877284
RGI60-08.00920,2023,-1.6917712033612804
RGI60-08.00920,2024,-2.746159839676039
RGI60-08.00925,2000,-0.6701202450983221
RGI60-08.00925,2001,-0.8410130465661965
RGI60-08.00925,2002,-1.571871584795457
RGI60-08.00925,2003,-2.0669696309373133
RGI60-08.00925,2004,-0.3712420377854607
RGI60-08.00925,2005,-0.28377022862935
RGI60-08.00925,2006,-1.448125413895136
RGI60-08.00925,2007,0.5314504460572171
RGI60-08.00925,2008,-1.0931187613167728
RGI60-08.00925,2009,-0.5985483041659502
RGI60-08.00925,2010,-1.3772696966264801
RGI60-08.00925,2011,-1.996126512311609
RGI60-08.00925,2012,0.16216741852726346
RGI60-08.00925,2013,-1.6613104080797751
RGI60-08.00925,2014,-2.2836675063755996
RGI60-08.00925,2015,-0.9430382931257065
RGI60-08.00925,2016,-1.2542447151604494
RGI60-08.00925,2017,-1.5497573726725542
RGI60-08.00925,2018,-2.0242671472824645
RGI60-08.00925,2019,-1.0981569597598795
RGI60-08.00925,2020,-0.5816077995942952
RGI60-08.00925,2021,-1.9337190028485174
RGI60-08.00925,2022,-0.4260164318555262
RGI60-08.00925,2023,-2.124844576015222
RGI60-08.00925,2024,-1.3868945998501154
RGI60-08.00926,2000,-0.077686775633102
RGI60-08.00926,2001,-0.7113238813998247
RGI60-08.00926,2002,-1.5997329368166684
RGI60-08.00926,2003,-1.3221175399998455
RGI60-08.00926,2004,-0.29906743201414954
RGI60-08.00926,2005,-0.03506728413730065
RGI60-08.00926,2006,-1.0315722527149631
RGI60-08.00926,2007,0.2932492320844008
RGI60-08.00926,2008,-0.5171687860679173
RGI60-08.00926,2009,-0.9479982371838165
RGI60-08.00926,2010,-1.6300647927615346
RGI60-08.00926,2011,-1.2760256643825878
RGI60-08.00926,2012,0.13950464497492687
RGI60-08.00926,2013,-0.9718436204211133
RGI60-08.00926,2014,-1.3788705376840937
RGI60-08.00926,2015,-0.6531181659910688
RGI60-08.00926,2016,-1.5113238576991963
RGI60-08.00926,2017,-0.9330234580135938
RGI60-08.00926,2018,-0.7303526111706089
RGI60-08.00926,2019,-1.2152960429679516
RGI60-08.00926,2020,-0.11416738171040508
RGI60-08.00926,2021,-1.249395824792611
RGI60-08.00926,2022,-0.7816033072450426
RGI60-08.00926,2023,-1.6430763585547026
RGI60-08.00926,2024,-0.16704271702670137
RGI60-08.00934,2000,0.8830625439172538
RGI60-08.00934,2001,-1.3261943609730649
RGI60-08.00934,2002,0.9821141883597421
RGI60-08.00934,2003,0.24124094681017927
RGI60-08.00934,2004,0.06117212675993894
RGI60-08.00934,2005,-0.3339737489709454
RGI60-08.00934,2006,0.014980234883076704
RGI60-08.00934,2007,-0.8093130263666988
RGI60-08.00934,2008,0.47092613582719267
RGI60-08.00934,2009,-0.054947108520769866
RGI60-08.00934,2010,0.6669034919706661
RGI60-08.00934,2011,-1.5031682255665935
RGI60-08.00934,2012,0.7148974755886205
RGI60-08.00934,2013,-2.121918366208753
RGI60-08.00934,2014,-0.7194569901070653
RGI60-08.00934,2015,-1.277031466880881
RGI60-08.00934,2016,0.89412468066515
RGI60-08.00934,2017,-0.4216216150062155
RGI60-08.00934,2018,-1.39436075003049
RGI60-08.00934,2019,-0.9189361661503279
RGI60-08.00934,2020,-0.2246445709353389
RGI60-08.00934,2021,1.347980827792532
RGI60-08.00934,2022,-0.5424336534753931
RGI60-08.00934,2023,0.39395707642583644
RGI60-08.00934,2024,-0.8414276937422834
RGI60-08.00953,2000,0.510705981225136
RGI60-08.00953,2001,-0.04357526789708849
RGI60-08.00953,2002,-1.6919482616802262
RGI60-08.00953,2003,-1.1726554831150804
RGI60-08.00953,2004,-0.3957534430840538
RGI60-08.00953,2005,-0.3727342523492154
RGI60-08.00953,2006,-1.6500612741096905
RGI60-08.00953,2007,-0.24860255860665065
RGI60-08.00953,2008,-0.1565609173395719
RGI60-08.00953,2009,-0.21305716235804706
RGI60-08.00953,2010,0.4075889350194406
RGI60-08.00953,2011,-1.6085823502807717
RGI60-08.00953,2012,0.7454020840302669
RGI60-08.00953,2013,-0.271732283949087
RGI60-08.00953,2014,-1.1649345555103947
RGI60-08.00953,2015,0.7802045765908461
RGI60-08.00953,2016,-0.2573356573935881
RGI60-08.00953,2017,-0.913027376507279
RGI60-08.00953,2018,-1.2899126623370223
RGI60-08.00953,2019,-1.5832280703479311
RGI60-08.00953,2020,-0.23942145557189942
RGI60-08.00953,2021,-1.4069301216271084
RGI60-08.00953,2022,-1.0510094493777553
RGI60-08.00953,2023,-1.629777948808342
RGI60-08.00953,2024,-1.3295455383513508
RGI60-08.00955,2000,-0.8636648153076886
RGI60-08.00955,2001,0.037138960693028356
RGI60-08.00955,2002,-1.009167908409096
RGI60-08.00955,2003,-1.28666326254654
RGI60-08.00955,2004,-0.6092690985404383
RGI60-08.00955,2005,-0.4830510978517511
RGI60-08.00955,2006,-1.3641005730618831
RGI60-08.00955,2007,-0.7223318894791293
RGI60-08.00955,2008,-0.42204651533802917
RGI60-08.00955,2009,-0.8447949628801635
RGI60-08.00955,2010,-0.3353983085387132
RGI60-08.00955,2011,-1.7856459823500406
RGI60-08.00955,2012,-0.56683330527399
RGI60-08.00955,2013,-0.4773282977922701
RGI60-08.00955,2014,-1.5472620182141585
RGI60-08.00955,2015,0.27006204885825624
RGI60-08.00955,2016,-0.5643508603896901
RGI60-08.00955,2017,-0.7913113644538686
RGI60-08.00955,2018,-1.4087677885916556
RGI60-08.00955,2019,-0.9598129605321756
RGI60-08.00955,2020,0.35782825438228427
RGI60-08.00955,2021,-1.6393067661222547
RGI60-08.00955,2022,-0.7053283081747556
RGI60-08.00955,2023,-1.1261075678337429
RGI60-08.00955,2024,-1.124608603247427
RGI60-08.00956,2000,0.876595330336224
RGI60-08.00956,2001,0.08871029110258105
RGI60-08.00956,2002,-0.875771189857711
RGI60-08.00956,2003,-0.9334711072809113
RGI60-08.00956,2004,-0.47669930314384107
RGI60-08.00956,2005,0.5160269278812988
RGI60-08.00956,2006,-1.5480538840954732
RGI60-08.00956,2007,0.1576590925619626
RGI60-08.00956,2008,-0.251705101523682
RGI60-08.00956,2009,0.03985374477308751
RGI60-08.00956,2010,0.4238470284804581
RGI60-08.00956,2011,-0.8954696333347866
RGI60-08.00956,2012,0.843027922325969
RGI60-08.00956,2013,-0.4215510604295595
RGI60-08.00956,2014,-0.9264874410917034
RGI60-08.00956,2015,0.33041149367409717
RGI60-08.00956,2016,-0.7651401226504759
RGI60-08.00956,2017,-0.20412368560366456
RGI60-08.00956,2018,-0.7987028930862835
RGI60-08.00956,2019,-1.3729564090375868
RGI60-08.00956,2020,-0.5321340581333869
RGI60-08.00956,2021,-0.7242568075386251
RGI60-08.00956,2022,-0.8996318995629943
RGI60-08.00956,2023,-1.3184881814071425
RGI60-08.00956,2024,-1.2370714479575327
RGI60-08.00958,2000,0.13609715681870216
RGI60-08.00958,2001,-0.6398463581718898
RGI60-08.00958,2002,-1.269333907245636
RGI60-08.00958,2003,-1.3152452333339562
RGI60-08.00958,2004,-0.21398642868532758
RGI60-08.00958,2005,0.05581189934248765
RGI60-08.00958,2006,-1.8589161676937733
RGI60-08.00958,2007,0.19497950156383048
RGI60-08.00958,2008,-0.5883852079200064
RGI60-08.00958,2009,0.2564857034933985
RGI60-08.00958,2010,-0.20032769945491619
RGI60-08.00958,2011,-0.912445562112822
RGI60-08.00958,2012,0.9251667896026824
RGI60-08.00958,2013,-0.37015606515458055
RGI60-08.00958,2014,-1.452184687941608
RGI60-08.00958,2015,0.4167654998731196
RGI60-08.00958,2016,-0.4354459208659693
RGI60-08.00958,2017,-0.5958844057232643
RGI60-08.00958,2018,-1.2158567850813708
RGI60-08.00958,2019,-1.5708921213090812
RGI60-08.00958,2020,-0.5730631201114391
RGI60-08.00958,2021,-1.5064534876323403
RGI60-08.00958,2022,-0.8523419076040961
RGI60-08.00958,2023,-1.387983714919609
RGI60-08.00958,2024,-1.3084763338445455
RGI60-08.00960,2000,-0.6168763561599033
RGI60-08.00960,2001,0.2655507001854246
RGI60-08.00960,2002,-0.5579378467123843
RGI60-08.00960,2003,-1.0685404545932562
RGI60-08.00960,2004,0.07972074088957382
RGI60-08.00960,2005,-0.37727221944656614
RGI60-08.00960,2006,-0.8098536284032042
RGI60-08.00960,2007,-0.5744233516219307
RGI60-08.00960,2008,-0.2253287728551942
RGI60-08.00960,2009,-0.6088590127500693
RGI60-08.00960,2010,0.050169362333535084
RGI60-08.00960,2011,-1.0692234492655652
RGI60-08.00960,2012,-0.18740731438644176
RGI60-08.00960,2013,-0.343513005734731
RGI60-08.00960,2014,-1.076983304847205
RGI60-08.00960,2015,0.5597727432925341
RGI60-08.00960,2016,-1.1060800389364966
RGI60-08.00960,2017,-0.8575678214525635
RGI60-08.00960,2018,-1.057640120232905
RGI60-08.00960,2019,-1.3857068493026459
RGI60-08.00960,2020,-0.3526274118242132
RGI60-08.00960,2021,-1.0524851285719417
RGI60-08.00960,2022,-0.7600760272950078
RGI60-08.00960,2023,-0.8441775633659623
RGI60-08.00960,2024,-0.5502892778062155
RGI60-08.00963,2000,0.3922115616137437
RGI60-08.00963,2001,-0.5827869391058971
RGI60-08.00963,2002,-1.6857280935938572
RGI60-08.00963,2003,-2.2517468594257926
RGI60-08.00963,2004,-0.9757349220832588
RGI60-08.00963,2005,-0.858899395038364
RGI60-08.00963,2006,-2.0274781994640927
RGI60-08.00963,2007,0.16126631859201246
RGI60-08.00963,2008,-0.48562791747032064
RGI60-08.00963,2009,-0.33255563593369225
RGI60-08.00963,2010,-0.12080158529215768
RGI60-08.00963,2011,-0.6115360631385512
RGI60-08.00963,2012,0.7002343691929765
RGI60-08.00963,2013,-0.5489682121959898
RGI60-08.00963,2014,-0.957665307742518
RGI60-08.00963,2015,0.23412218733334023
RGI60-08.00963,2016,-2.121894315851251
RGI60-08.00963,2017,-0.8142097106629889
RGI60-08.00963,2018,-1.9232042884674239
RGI60-08.00963,2019,-1.8328969912659248
RGI60-08.00963,2020,-0.6943936582403326
RGI60-08.00963,2021,-1.8800186463463158
RGI60-08.00963,2022,-1.4283831295204639
RGI60-08.00963,2023,-1.8076037903205857
RGI60-08.00963,2024,-1.5711881550117393
RGI60-08.00966,2000,1.0716818570458653
RGI60-08.00966,2001,-0.20158079977259424
RGI60-08.00966,2002,-0.9635719446834967
RGI60-08.00966,2003,-1.3737746994217952
RGI60-08.00966,2004,-0.5446530926695266
RGI60-08.00966,2005,-0.18093399342553013
RGI60-08.00966,2006,-2.434538196835876
RGI60-08.00966,2007,0.6970573402326813
RGI60-08.00966,2008,-0.8103285130097905
RGI60-08.00966,2009,0.4834493786219022
RGI60-08.00966,2010,-0.6972441928834298
RGI60-08.00966,2011,-1.421936077119293
RGI60-08.00966,2012,1.1885597281691376
RGI60-08.00966,2013,-0.4897312142958842
RGI60-08.00966,2014,-1.2292187146224451
RGI60-08.00966,2015,0.4552299462645554
RGI60-08.00966,2016,-0.3443052572989913
RGI60-08.00966,2017,0.14466625677734724
RGI60-08.00966,2018,-2.233493609404311
RGI60-08.00966,2019,-1.7699342016685304
RGI60-08.00966,2020,0.6772063066132735
RGI60-08.00966,2021,-2.0912270904515284
RGI60-08.00966,2022,-0.5691821776667736
RGI60-08.00966,2023,-1.3893676691046242
RGI60-08.00966,2024,-1.167803119338286
RGI60-08.00967,2000,-0.3853939561813813
RGI60-08.00967,2001,-0.3136189702691624
RGI60-08.00967,2002,-1.034531897869734
RGI60-08.00967,2003,-0.9731600079736178
RGI60-08.00967,2004,-0.0665721834012446
RGI60-08.00967,2005,-0.6507843368310628
RGI60-08.00967,2006,-1.9813897187981189
RGI60-08.00967,2007,-0.45541768302733376
RGI60-08.00967,2008,-0.31544402285122564
RGI60-08.00967,2009,-1.3318843351492062
RGI60-08.00967,2010,0.01622065260132588
RGI60-08.00967,2011,-0.7642647615596401
RGI60-08.00967,2012,0.10693708337778929
RGI60-08.00967,2013,-0.6308703681965487
RGI60-08.00967,2014,-1.0187751296474914
RGI60-08.00967,2015,0.1665329316003581
RGI60-08.00967,2016,-1.055465634344229
RGI60-08.00967,2017,-0.5208019724678972
RGI60-08.00967,2018,-1.2831419804980349
RGI60-08.00967,2019,-1.555373708513531
RGI60-08.00967,2020,-0.7911940926060529
RGI60-08.00967,2021,-1.1452977096783454
RGI60-08.00967,2022,-0.9730924570484942
RGI60-08.00967,2023,-1.665098281011414
RGI60-08.00967,2024,-1.7861158349904334
RGI60-08.00973,2000,0.880358799217149
RGI60-08.00973,2001,-0.5141955727198876
RGI60-08.00973,2002,-0.9786016970451408
RGI60-08.00973,2003,-2.5150394296936605
RGI60-08.00973,2004,-0.35728627353355485
RGI60-08.00973,2005,-0.3130495393295114
RGI60-08.00973,2006,-1.7562578611628323
RGI60-08.00973,2007,0.12326819574330328
RGI60-08.00973,2008,-0.570102720238753
RGI60-08.00973,2009,-0.9814339128956353
RGI60-08.00973,2010,-0.4943674091301331
RGI60-08.00973,2011,-1.5648456014730976
RGI60-08.00973,2012,0.35025550172944786
RGI60-08.00973,2013,-0.5338549153768466
RGI60-08.00973,2014,-1.4542624654984344
RGI60-08.00973,2015,0.31271450465889805
RGI60-08.00973,2016,-1.0533322281207624
RGI60-08.00973,2017,0.05042716382187784
RGI60-08.00973,2018,-1.3673452500677692
RGI60-08.00973,2019,-1.5653492888846565
RGI60-08.00973,2020,-0.3725698054885248
RGI60-08.00973,2021,-2.11952401815574
RGI60-08.00973,2022,-0.585362126904369
RGI60-08.00973,2023,-0.8842353758832575
RGI60-08.00973,2024,-1.0409013973351975
RGI60-08.00975,2000,-0.12955230478922397
RGI60-08.00975,2001,-0.59830658293919
RGI60-08.00975,2002,-1.4780158052746595
RGI60-08.00975,2003,-1.3511579766183819
RGI60-08.00975,2004,-0.7146560831538129
RGI60-08.00975,2005,-0.599608744970288
RGI60-08.00975,2006,-1.3408352281271343
RGI60-08.00975,2007,-0.40820134404043024
RGI60-08.00975,2008,-0.5676320017142961
RGI60-08.00975,2009,-0.710958278575145
RGI60-08.00975,2010,-0.8054937841683161
RGI60-08.00975,2011,-1.143708381763219
RGI60-08.00975,2012,-0.18719624171140858
RGI60-08.00975,2013,-0.9188517896447164
RGI60-08.00975,2014,-0.9050224071008496
RGI60-08.00975,2015,0.2329026345207511
RGI60-08.00975,2016,-1.1078977688363167
RGI60-08.00975,2017,-0.980866044655296
RGI60-08.00975,2018,-0.718361844221409
RGI60-08.00975,2019,-1.2000800222166639
RGI60-08.00975,2020,-0.45474396966596825
RGI60-08.00975,2021,-1.4140079094463052
RGI60-08.00975,2022,-1.2189531411829657
RGI60-08.00975,2023,-1.1111228426544355
RGI60-08.00975,2024,-1.2817567540353325
RGI60-08.00981,2000,-0.050915723050253325
RGI60-08.00981,2001,0.7375236897034114
RGI60-08.00981,2002,-1.0960671915098443
RGI60-08.00981,2003,-1.2930119810618879
RGI60-08.00981,2004,-0.15992391134828932
RGI60-08.00981,2005,-0.223199221656906
RGI60-08.00981,2006,-2.1067612386156735
RGI60-08.00981,2007,0.14627102524330987
RGI60-08.00981,2008,0.1434783522283944
RGI60-08.00981,2009,0.030037488372037735
RGI60-08.00981,2010,0.06305614289143285
RGI60-08.00981,2011,-0.6679972006687789
RGI60-08.00981,2012,0.3077919595809154
RGI60-08.00981,2013,-0.327975651204029
RGI60-08.00981,2014,-1.5097896040116827
RGI60-08.00981,2015,0.5081021852362384
RGI60-08.00981,2016,-0.223649396030663
RGI60-08.00981,2017,-0.05708982976936311
RGI60-08.00981,2018,-1.3615175374057928
RGI60-08.00981,2019,-0.9621623569225808
RGI60-08.00981,2020,-0.4010617537857627
RGI60-08.00981,2021,-1.3807419502366547
RGI60-08.00981,2022,-0.7071230015807544
RGI60-08.00981,2023,-0.6422278339321976
RGI60-08.00981,2024,-1.3096526491586609
RGI60-08.00982,2000,0.5584008611595694
RGI60-08.00982,2001,-0.4917885542501542
RGI60-08.00982,2002,-1.0493716178190526
RGI60-08.00982,2003,-0.6591255451192045
RGI60-08.00982,2004,-0.3066429867759307
RGI60-08.00982,2005,0.10164595572870949
RGI60-08.00982,2006,-1.5706848426364752
RGI60-08.00982,2007,-0.5561101020731384
RGI60-08.00982,2008,-0.7052560086524248
RGI60-08.00982,2009,-0.21206259324462207
RGI60-08.00982,2010,-0.4958143882452311
RGI60-08.00982,2011,-1.3988838836238675
RGI60-08.00982,2012,0.7221971563776637
RGI60-08.00982,2013,-0.4786599266125594
RGI60-08.00982,2014,-1.3718542784742598
RGI60-08.00982,2015,0.4402080037559375
RGI60-08.00982,2016,-0.8994430589085758
RGI60-08.00982,2017,-0.7634323125029964
RGI60-08.00982,2018,-1.3067389226286028
RGI60-08.00982,2019,-1.3439829554547882
RGI60-08.00982,2020,-0.18317585395328878
RGI60-08.00982,2021,-1.4484143057953436
RGI60-08.00982,2022,-0.7976337536725809
RGI60-08.00982,2023,-0.9388967697925998
RGI60-08.00982,2024,-0.14902268292317056
RGI60-08.00986,2000,-0.019114182814583325
RGI60-08.00986,2001,-0.727024094526797
RGI60-08.00986,2002,-0.9020367641763523
RGI60-08.00986,2003,-1.2266512711937767
RGI60-08.00986,2004,-0.49875986026854424
RGI60-08.00986,2005,-0.7663020730689091
RGI60-08.00986,2006,-2.398968361173679
RGI60-08.00986,2007,-0.1825822164898333
RGI60-08.00986,2008,-1.4058098414552023
RGI60-08.00986,2009,-0.4289198338097105
RGI60-08.00986,2010,-1.460155444894892
RGI60-08.00986,2011,-0.6760280001039551
RGI60-08.00986,2012,0.36444195844990146
RGI60-08.00986,2013,-0.9219311482564906
RGI60-08.00986,2014,-1.6401202461243525
RGI60-08.00986,2015,0.12331795056319983
RGI60-08.00986,2016,-0.7716453685582244
RGI60-08.00986,2017,-0.1732118820504448
RGI60-08.00986,2018,-1.6573806303358412
RGI60-08.00986,2019,-1.5934186897115088
RGI60-08.00986,2020,-0.6774189492845378
RGI60-08.00986,2021,-2.1311572589324568
RGI60-08.00986,2022,-1.118861170671341
RGI60-08.00986,2023,-1.1849924255910171
RGI60-08.00986,2024,-1.2287488453701803
RGI60-08.00987,2000,0.1404531626925402
RGI60-08.00987,2001,-0.017345121544811715
RGI60-08.00987,2002,-1.7385894945215514
RGI60-08.00987,2003,-1.5922618876249173
RGI60-08.00987,2004,0.2539597514979331
RGI60-08.00987,2005,-0.2598304316434125
RGI60-08.00987,2006,-1.8909050149226279
RGI60-08.00987,2007,0.6823755657273345
RGI60-08.00987,2008,-0.006732167827790458
RGI60-08.00987,2009,0.02988246302921943
RGI60-08.00987,2010,0.2263745027537954
RGI60-08.00987,2011,-0.38905653267727736
RGI60-08.00987,2012,0.701395447369922
RGI60-08.00987,2013,-0.31472651600450385
RGI60-08.00987,2014,0.22381269291082878
RGI60-08.00987,2015,0.64607255754576
RGI60-08.00987,2016,-0.724024410660856
RGI60-08.00987,2017,-0.11515761725748519
RGI60-08.00987,2018,-0.9390044315132515
RGI60-08.00987,2019,-1.7755925173288494
RGI60-08.00987,2020,-0.9531394331383087
RGI60-08.00987,2021,-1.741273827875819
RGI60-08.00987,2022,-1.024692317010233
RGI60-08.00987,2023,-2.475316260458028
RGI60-08.00987,2024,-1.4350218459402988
RGI60-08.00993,2000,0.2664350176865545
RGI60-08.00993,2001,-0.6592938594927851
RGI60-08.00993,2002,-0.46489770448689927
RGI60-08.00993,2003,-1.0623528072642472
RGI60-08.00993,2004,-0.1534210641572057
RGI60-08.00993,2005,-0.07680773997693163
RGI60-08.00993,2006,-1.086255339284002
RGI60-08.00993,2007,-0.04228522514847066
RGI60-08.00993,2008,-0.6936840215021036
RGI60-08.00993,2009,0.17879489544121147
RGI60-08.00993,2010,-0.9588760398294196
RGI60-08.00993,2011,-1.030512076438459
RGI60-08.00993,2012,0.3743143006478243
RGI60-08.00993,2013,-1.0094815604405858
RGI60-08.00993,2014,-1.320822577408458
RGI60-08.00993,2015,0.06108925090144285
RGI60-08.00993,2016,-0.784279425009709
RGI60-08.00993,2017,-0.36548024041424787
RGI60-08.00993,2018,-0.046465215684662664
RGI60-08.00993,2019,-1.1120185681388453
RGI60-08.00993,2020,0.07259230615104434
RGI60-08.00993,2021,-1.4422902804389102
RGI60-08.00993,2022,-0.8829817561362765
RGI60-08.00993,2023,-0.4676921863442247
RGI60-08.00993,2024,-1.1776663202889954
RGI60-08.00997,2000,-0.17143435592527367
RGI60-08.00997,2001,-0.6541721187450914
RGI60-08.00997,2002,-0.4413372861364376
RGI60-08.00997,2003,-1.2078947524887709
RGI60-08.00997,2004,-0.40838187110985164
RGI60-08.00997,2005,-0.28542646737791494
RGI60-08.00997,2006,-1.3048327387433414
RGI60-08.00997,2007,-0.36800032590492127
RGI60-08.00997,2008,-0.401404878399143
RGI60-08.00997,2009,-0.7113363301492238
RGI60-08.00997,2010,-0.5943201573322456
RGI60-08.00997,2011,-1.1777632890168357
RGI60-08.00997,2012,0.431603179110134
RGI60-08.00997,2013,-0.5848859449280727
RGI60-08.00997,2014,-1.084947083801439
RGI60-08.00997,2015,0.3249359662322161
RGI60-08.00997,2016,-1.036758368072379
RGI60-08.00997,2017,-0.20092367596287736
RGI60-08.00997,2018,-1.031823359285571
RGI60-08.00997,2019,-1.3604961419629533
RGI60-08.00997,2020,-0.15698111812252696
RGI60-08.00997,2021,-1.420141150770534
RGI60-08.00997,2022,-0.9721144930562879
RGI60-08.00997,2023,-1.051364622819171
RGI60-08.00997,2024,-1.1985491769940255
RGI60-08.00999,2000,0.7022370670383982
RGI60-08.00999,2001,0.550884633846993
RGI60-08.00999,2002,-1.2268369487218744
RGI60-08.00999,2003,-1.5456309027797532
RGI60-08.00999,2004,-0.6086345525725378
RGI60-08.00999,2005,0.10795271602108647
RGI60-08.00999,2006,-2.482227027412492
RGI60-08.00999,2007,-0.485251411320324
RGI60-08.00999,2008,-0.4410911254135433
RGI60-08.00999,2009,0.316812790619096
RGI60-08.00999,2010,-0.022093547842735595
RGI60-08.00999,2011,-1.0963839514781437
RGI60-08.00999,2012,-0.19279193187292207
RGI60-08.00999,2013,0.3619098773876321
RGI60-08.00999,2014,0.2757771575925762
RGI60-08.00999,2015,0.989191337406935
RGI60-08.00999,2016,-0.33376576477050596
RGI60-08.00999,2017,-0.3238809524854651
RGI60-08.00999,2018,-0.7131860431640016
RGI60-08.00999,2019,-1.2230914200784233
RGI60-08.00999,2020,0.04380342576598706
RGI60-08.00999,2021,-1.0918905488813304
RGI60-08.00999,2022,-0.8865481442166883
RGI60-08.00999,2023,-0.8179051285154231
RGI60-08.00999,2024,-0.12028710321314662
RGI60-08.01007,2000,0.5747377989205765
RGI60-08.01007,2001,-0.6134639923852419
RGI60-08.01007,2002,-1.2905184894447297
RGI60-08.01007,2003,-1.5856611249012493
RGI60-08.01007,2004,-0.4689798649000079
RGI60-08.01007,2005,-0.47326602522626493
RGI60-08.01007,2006,-2.2608679135400505
RGI60-08.01007,2007,-0.6619301652039661
RGI60-08.01007,2008,-0.02802137653619896
RGI60-08.01007,2009,-0.408869166863931
RGI60-08.01007,2010,-0.09016763314235898
RGI60-08.01007,2011,-1.4242071778352918
RGI60-08.01007,2012,0.19692170005550824
RGI60-08.01007,2013,-0.9071726405947771
RGI60-08.01007,2014,-1.5523913596744685
RGI60-08.01007,2015,0.20510077548781436
RGI60-08.01007,2016,-0.540212990144634
RGI60-08.01007,2017,-0.8100303809898391
RGI60-08.01007,2018,-1.6453255659869508
RGI60-08.01007,2019,-1.591474407093942
RGI60-08.01007,2020,-0.4222254284248278
RGI60-08.01007,2021,-1.7055462697260393
RGI60-08.01007,2022,-0.8155137873516085
RGI60-08.01007,2023,-1.4677079548954142
RGI60-08.01007,2024,-0.6006200993020347
RGI60-08.01010,2000,1.2964474399824764
RGI60-08.01010,2001,1.852828525310106
RGI60-08.01010,2002,-1.58795048401542
RGI60-08.01010,2003,-2.1290093827449414
RGI60-08.01010,2004,-0.8856505405631974
RGI60-08.01010,2005,-0.9472340739361584
RGI60-08.01010,2006,-3.2898798197476786
RGI60-08.01010,2007,0.41609844769290283
RGI60-08.01010,2008,-0.5812577465777364
RGI60-08.01010,2009,-1.4677894963465739
RGI60-08.01010,2010,-0.49654632344537314
RGI60-08.01010,2011,-2.9020677129443886
RGI60-08.01010,2012,0.5804510418154003
RGI60-08.01010,2013,-0.8415138253338813
RGI60-08.01010,2014,-1.064439515881071
RGI60-08.01010,2015,1.0016954995163219
RGI60-08.01010,2016,-0.8063473909282225
RGI60-08.01010,2017,2.360591890768836
RGI60-08.01010,2018,-1.4310256233729344
RGI60-08.01010,2019,-1.5606009092484703
RGI60-08.01010,2020,-0.3693521145605697
RGI60-08.01010,2021,-2.1704537843788128
RGI60-08.01010,2022,-1.5773104979881554
RGI60-08.01010,2023,0.44589388172641153
RGI60-08.01010,2024,-1.9594295444476262
RGI60-08.01011,2000,-0.029137502056595266
RGI60-08.01011,2001,-0.3038272661628469
RGI60-08.01011,2002,-1.8350800742847693
RGI60-08.01011,2003,-1.3257311312437994
RGI60-08.01011,2004,-0.46414441539787105
RGI60-08.01011,2005,0.02108031849800418
RGI60-08.01011,2006,-2.560515717556873
RGI60-08.01011,2007,-0.08311732608881739
RGI60-08.01011,2008,-0.624452201497912
RGI60-08.01011,2009,-0.15190358372618218
RGI60-08.01011,2010,-0.5296613323418076
RGI60-08.01011,2011,-0.7936959053716173
RGI60-08.01011,2012,0.33751660277216544
RGI60-08.01011,2013,-0.7513551272128703
RGI60-08.01011,2014,-1.5883380672316734
RGI60-08.01011,2015,0.17148568540836695
RGI60-08.01011,2016,-0.6175325439159506
RGI60-08.01011,2017,-0.7668815422807136
RGI60-08.01011,2018,-1.5132634457005627
RGI60-08.01011,2019,-1.540145424607684
RGI60-08.01011,2020,-0.19678373906097446
RGI60-08.01011,2021,-1.6268126153090976
RGI60-08.01011,2022,-0.9702002592444667
RGI60-08.01011,2023,-1.4514389314018992
RGI60-08.01011,2024,-1.2047737241929355
RGI60-08.01012,2000,0.040417509071517865
RGI60-08.01012,2001,-0.32378521766757273
RGI60-08.01012,2002,-1.42094328084062
RGI60-08.01012,2003,-1.2821697033075674
RGI60-08.01012,2004,-0.2810459061950525
RGI60-08.01012,2005,-0.3215869528896082
RGI60-08.01012,2006,-2.136440231484018
RGI60-08.01012,2007,-0.3838977772468988
RGI60-08.01012,2008,-0.4370175987087945
RGI60-08.01012,2009,0.20703480899202542
RGI60-08.01012,2010,-0.42749441788761583
RGI60-08.01012,2011,-1.2860504519024254
RGI60-08.01012,2012,0.6020434077102595
RGI60-08.01012,2013,-0.7170126423113478
RGI60-08.01012,2014,-1.4551831430346307
RGI60-08.01012,2015,0.338689890421516
RGI60-08.01012,2016,-0.9543437172834502
RGI60-08.01012,2017,-0.9370097665699664
RGI60-08.01012,2018,-1.6928321789880232
RGI60-08.01012,2019,-1.4144726298777202
RGI60-08.01012,2020,-0.19114771558687638
RGI60-08.01012,2021,-1.6514755947018478
RGI60-08.01012,2022,-1.1893744875092884
RGI60-08.01012,2023,-1.5728874544004097
RGI60-08.01012,2024,-1.1639015613167205
RGI60-08.01013,2000,0.6422089550880625
RGI60-08.01013,2001,0.1348674095311494
RGI60-08.01013,2002,-2.0133766660377472
RGI60-08.01013,2003,-1.4926813355916981
RGI60-08.01013,2004,-0.6515634630050653
RGI60-08.01013,2005,-0.13920053811480337
RGI60-08.01013,2006,-2.5365333895190396
RGI60-08.01013,2007,0.26046205016137336
RGI60-08.01013,2008,-0.43005501215922604
RGI60-08.01013,2009,0.25724776414692396
RGI60-08.01013,2010,-0.6059007662088638
RGI60-08.01013,2011,-1.7586137637400716
RGI60-08.01013,2012,0.5495393459584779
RGI60-08.01013,2013,-0.45158794065902297
RGI60-08.01013,2014,-1.3904992688393218
RGI60-08.01013,2015,0.5090172090612082
RGI60-08.01013,2016,-0.7742142527672381
RGI60-08.01013,2017,-0.6716340125210143
RGI60-08.01013,2018,-1.6179446430960986
RGI60-08.01013,2019,-1.9214376816879764
RGI60-08.01013,2020,-0.0010515104663547659
RGI60-08.01013,2021,-2.0826874498966106
RGI60-08.01013,2022,-1.1088244849409143
RGI60-08.01013,2023,-2.042931687870176
RGI60-08.01013,2024,-1.1112872130106635
RGI60-08.01014,2000,-0.149053802987541
RGI60-08.01014,2001,-0.153075799731207
RGI60-08.01014,2002,-1.5189661684486282
RGI60-08.01014,2003,-1.0096843111725762
RGI60-08.01014,2004,0.11804590960483863
RGI60-08.01014,2005,-0.6113688819352514
RGI60-08.01014,2006,-1.910503712498462
RGI60-08.01014,2007,-0.4725127477750104
RGI60-08.01014,2008,-0.21565144457756602
RGI60-08.01014,2009,-1.1117920545678905
RGI60-08.01014,2010,0.1786762215376766
RGI60-08.01014,2011,-0.3047274007667426
RGI60-08.01014,2012,0.48350747069887845
RGI60-08.01014,2013,-0.272625264509174
RGI60-08.01014,2014,-1.1312435370202143
RGI60-08.01014,2015,0.010154265325733713
RGI60-08.01014,2016,-1.479054369099472
RGI60-08.01014,2017,-0.5486530406115506
RGI60-08.01014,2018,-1.4970675528339108
RGI60-08.01014,2019,-1.6951037786319358
RGI60-08.01014,2020,-0.5016017930133498
RGI60-08.01014,2021,-1.1733985175852126
RGI60-08.01014,2022,-1.1159746933095658
RGI60-08.01014,2023,-1.6812238758997018
RGI60-08.01014,2024,-1.4972869864266452
RGI60-08.01015,2000,0.026272550119112448
RGI60-08.01015,2001,-0.7367095341351599
RGI60-08.01015,2002,-1.0158606987794718
RGI60-08.01015,2003,-1.9602927280115932
RGI60-08.01015,2004,-0.4514421362971748
RGI60-08.01015,2005,-0.36902291182460384
RGI60-08.01015,2006,-1.9990349424739065
RGI60-08.01015,2007,-0.09090404961793264
RGI60-08.01015,2008,-0.7069782394156217
RGI60-08.01015,2009,-1.2824122080297395
RGI60-08.01015,2010,0.07785124984090219
RGI60-08.01015,2011,-1.400823931178965
RGI60-08.01015,2012,0.5651404880142828
RGI60-08.01015,2013,-0.6632201324546159
RGI60-08.01015,2014,-1.4829852737878189
RGI60-08.01015,2015,0.3236467519831384
RGI60-08.01015,2016,-1.0608350701805733
RGI60-08.01015,2017,-0.5162542860483788
RGI60-08.01015,2018,-1.7876154534528328
RGI60-08.01015,2019,-1.5695194442690572
RGI60-08.01015,2020,-0.14691151348276366
RGI60-08.01015,2021,-2.3808873585715173
RGI60-08.01015,2022,-0.6400919589504099
RGI60-08.01015,2023,-0.9541032420365523
RGI60-08.01015,2024,-1.7688601671744213
RGI60-08.01021,2000,0.2868617431734273
RGI60-08.01021,2001,-0.4121749666031018
RGI60-08.01021,2002,-0.9273017670901443
RGI60-08.01021,2003,-1.7025805930778928
RGI60-08.01021,2004,-0.4428455643888389
RGI60-08.01021,2005,-0.002457428483230051
RGI60-08.01021,2006,-1.624115399027818
RGI60-08.01021,2007,0.6101541126694665
RGI60-08.01021,2008,-0.7920824994346971
RGI60-08.01021,2009,-0.7139929133373054
RGI60-08.01021,2010,-0.7227610285263015
RGI60-08.01021,2011,-1.5730031494556695
RGI60-08.01021,2012,0.4801937665764431
RGI60-08.01021,2013,-1.3894704516439353
RGI60-08.01021,2014,-1.0644627839117444
RGI60-08.01021,2015,-0.2318645771098528
RGI60-08.01021,2016,-1.024285137686853
RGI60-08.01021,2017,-1.0227567108694777
RGI60-08.01021,2018,-1.1580589924573697
RGI60-08.01021,2019,-0.8360956593151063
RGI60-08.01021,2020,-0.4893143474181727
RGI60-08.01021,2021,-1.0722651491773236
RGI60-08.01021,2022,-1.4057777282069295
RGI60-08.01021,2023,-1.4564452031583817
RGI60-08.01021,2024,-2.329761587329066
RGI60-08.01026,2000,0.2245869973840937
RGI60-08.01026,2001,0.8700366565108615
RGI60-08.01026,2002,-0.269543265825101
RGI60-08.01026,2003,-0.23123728737419275
RGI60-08.01026,2004,-0.02786482448091182
RGI60-08.01026,2005,-0.2008711294546187
RGI60-08.01026,2006,-1.4135624114579277
RGI60-08.01026,2007,0.4549681193385416
RGI60-08.01026,2008,-0.27860467132146843
RGI60-08.01026,2009,0.3739432831081851
RGI60-08.01026,2010,-0.757088134306733
RGI60-08.01026,2011,-1.763419963532725
RGI60-08.01026,2012,1.4320289720308894
RGI60-08.01026,2013,-0.8800017866116632
RGI60-08.01026,2014,-1.109914643326686
RGI60-08.01026,2015,0.2350789345066962
RGI60-08.01026,2016,-1.5940883880101668
RGI60-08.01026,2017,0.05011476472006171
RGI60-08.01026,2018,-0.7476077139384301
RGI60-08.01026,2019,0.5671464920412901
RGI60-08.01026,2020,1.4324287818555883
RGI60-08.01026,2021,-0.1408873779498155
RGI60-08.01026,2022,-0.9438892050639285
RGI60-08.01026,2023,-1.5943116255283374
RGI60-08.01026,2024,-1.4536972816356009
RGI60-08.01034,2000,0.7161247525489511
RGI60-08.01034,2001,0.6357739555975312
RGI60-08.01034,2002,-0.9266891385561731
RGI60-08.01034,2003,-0.8551520410222941
RGI60-08.01034,2004,0.1747491153141172
RGI60-08.01034,2005,-0.8948923479783379
RGI60-08.01034,2006,-1.932056475919272
RGI60-08.01034,2007,0.0006234107121042554
RGI60-08.01034,2008,-0.5086426631802248
RGI60-08.01034,2009,-0.36140413223077983
RGI60-08.01034,2010,-0.49181486074399483
RGI60-08.01034,2011,-1.5295061119710947
RGI60-08.01034,2012,0.9084741669684655
RGI60-08.01034,2013,-2.054616640903934
RGI60-08.01034,2014,-1.3431145620092524
RGI60-08.01034,2015,-0.0243718719396826
RGI60-08.01034,2016,-0.7504736152197538
RGI60-08.01034,2017,-0.6256182182324536
RGI60-08.01034,2018,-1.304048035149267
RGI60-08.01034,2019,0.10025531391534315
RGI60-08.01034,2020,0.5092765844717486
RGI60-08.01034,2021,-1.0428430345693191
RGI60-08.01034,2022,-1.4836448487468041
RGI60-08.01034,2023,-1.1966609965519965
RGI60-08.01034,2024,-2.5556592425837126
RGI60-08.01040,2000,0.4203727779210189
RGI60-08.01040,2001,0.25472068035606754
RGI60-08.01040,2002,-1.1785776735734594
RGI60-08.01040,2003,0.6454899149405253
RGI60-08.01040,2004,0.7656725978453394
RGI60-08.01040,2005,-0.71557754828905
RGI60-08.01040,2006,-1.2384922412988244
RGI60-08.01040,2007,0.3066379938367537
RGI60-08.01040,2008,-0.6021865020576982
RGI60-08.01040,2009,-0.944896120439003
RGI60-08.01040,2010,-0.8795613297051512
RGI60-08.01040,2011,-0.7407759016077757
RGI60-08.01040,2012,0.9205587458064233
RGI60-08.01040,2013,-2.519439927733635
RGI60-08.01040,2014,-1.130103937773069
RGI60-08.01040,2015,-0.4280971537456507
RGI60-08.01040,2016,-0.4109858987999242
RGI60-08.01040,2017,-0.8659970005167279
RGI60-08.01040,2018,-2.4823649511061925
RGI60-08.01040,2019,-0.5918965240599754
RGI60-08.01040,2020,-0.2857696579183722
RGI60-08.01040,2021,-0.7170551023612831
RGI60-08.01040,2022,-0.8723246206326718
RGI60-08.01040,2023,-2.1999525420185737
RGI60-08.01040,2024,-1.7484891708556198
RGI60-08.01042,2000,0.3390053207439494
RGI60-08.01042,2001,-1.0414732624004401
RGI60-08.01042,2002,-1.6804855305900244
RGI60-08.01042,2003,-1.6269118730060597
RGI60-08.01042,2004,-0.4214821966208659
RGI60-08.01042,2005,-0.0106793380297725
RGI60-08.01042,2006,-1.7417611033122213
RGI60-08.01042,2007,0.4740827306221618
RGI60-08.01042,2008,-0.7214117566525055
RGI60-08.01042,2009,-1.3819963106435194
RGI60-08.01042,2010,-1.5819900367828201
RGI60-08.01042,2011,-0.9421650722042793
RGI60-08.01042,2012,0.6959415141035612
RGI60-08.01042,2013,-0.34113139052101205
RGI60-08.01042,2014,-1.524014714320777
RGI60-08.01042,2015,0.11896312952257515
RGI60-08.01042,2016,-0.5782120131712428
RGI60-08.01042,2017,-0.48964911730900645
RGI60-08.01042,2018,-1.4682886337891694
RGI60-08.01042,2019,-0.615240345638515
RGI60-08.01042,2020,0.1496066842550019
RGI60-08.01042,2021,-1.711210377529987
RGI60-08.01042,2022,-0.10434849450509986
RGI60-08.01042,2023,-1.3006375601101923
RGI60-08.01042,2024,-1.5290642851202616
RGI60-08.01046,2000,0.5580988463590228
RGI60-08.01046,2001,-1.1981373171792868
RGI60-08.01046,2002,-0.9729546839512775
RGI60-08.01046,2003,-1.8860576827814113
RGI60-08.01046,2004,-0.1474938981149418
RGI60-08.01046,2005,-0.3278156075610301
RGI60-08.01046,2006,-1.6818766782020989
RGI60-08.01046,2007,0.9297994039637048
RGI60-08.01046,2008,-0.6782243969690942
RGI60-08.01046,2009,0.05942840831717744
RGI60-08.01046,2010,-0.9281366390540907
RGI60-08.01046,2011,-0.2989909559415211
RGI60-08.01046,2012,0.7817000491795401
RGI60-08.01046,2013,-0.8408506368406098
RGI60-08.01046,2014,-1.9485294383927874
RGI60-08.01046,2015,0.46110728578598437
RGI60-08.01046,2016,-1.0919578823892797
RGI60-08.01046,2017,-0.32321469471993525
RGI60-08.01046,2018,-1.7031614048481942
RGI60-08.01046,2019,-0.869032076659873
RGI60-08.01046,2020,0.25958469954735486
RGI60-08.01046,2021,-1.832793883157474
RGI60-08.01046,2022,-0.7298125144530906
RGI60-08.01046,2023,-1.1689912147441288
RGI60-08.01046,2024,-1.3148561464396917
RGI60-08.01047,2000,-0.006959117961827743
RGI60-08.01047,2001,-0.052158029074256096
RGI60-08.01047,2002,-0.6147712930028679
RGI60-08.01047,2003,-0.6413117886981936
RGI60-08.01047,2004,-0.21521872860325003
RGI60-08.01047,2005,-0.5824751639968022
RGI60-08.01047,2006,-0.9774553499042814
RGI60-08.01047,2007,-0.6626159154521332
RGI60-08.01047,2008,-0.20732741771420315
RGI60-08.01047,2009,-0.03604916853714085
RGI60-08.01047,2010,-0.0490614428465837
RGI60-08.01047,2011,-0.3827337613041614
RGI60-08.01047,2012,0.6866351015233362
RGI60-08.01047,2013,0.0892916267511491
RGI60-08.01047,2014,-0.868508190152707
RGI60-08.01047,2015,0.2822292422690965
RGI60-08.01047,2016,-0.899597348459854
RGI60-08.01047,2017,-0.2542888692841964
RGI60-08.01047,2018,-0.4874252173138176
RGI60-08.01047,2019,-0.44709916823731954
RGI60-08.01047,2020,0.27087380506930403
RGI60-08.01047,2021,-1.1618964079859275
RGI60-08.01047,2022,-0.3101445712357959
RGI60-08.01047,2023,-0.8848369650632154
RGI60-08.01047,2024,-0.8886390010165375
RGI60-08.01049,2000,0.08968299634260268
RGI60-08.01049,2001,-0.5233350969996013
RGI60-08.01049,2002,-1.4898966011869599
RGI60-08.01049,2003,-1.5077510457005605
RGI60-08.01049,2004,-0.8449770037119168
RGI60-08.01049,2005,0.27596225693504084
RGI60-08.01049,2006,-1.9414753181725264
RGI60-08.01049,2007,0.0009293498398049715
RGI60-08.01049,2008,-0.48865936165882873
RGI60-08.01049,2009,-0.49775120512915016
RGI60-08.01049,2010,-1.2477475734000607
RGI60-08.01049,2011,-0.6819788165640471
RGI60-08.01049,2012,0.65902859246038
RGI60-08.01049,2013,-0.6840233070913364
RGI60-08.01049,2014,-2.041912022288993
RGI60-08.01049,2015,0.29676568867319375
RGI60-08.01049,2016,-1.3769002252646707
RGI60-08.01049,2017,-0.5252927309079652
RGI60-08.01049,2018,-2.312325424857379
RGI60-08.01049,2019,-1.061343151317005
RGI60-08.01049,2020,0.20502447179311578
RGI60-08.01049,2021,-1.8431662955710826
RGI60-08.01049,2022,-0.26212270298420515
RGI60-08.01049,2023,-1.5489682653951948
RGI60-08.01049,2024,-1.9268264979905028
RGI60-08.01051,2000,0.8212283282520155
RGI60-08.01051,2001,-0.4035170362344208
RGI60-08.01051,2002,-1.172890021806792
RGI60-08.01051,2003,-1.8386129414881789
RGI60-08.01051,2004,-0.02596396261601608
RGI60-08.01051,2005,0.378889413165711
RGI60-08.01051,2006,-2.634552583645772
RGI60-08.01051,2007,0.7288508465987605
RGI60-08.01051,2008,0.29423439421473785
RGI60-08.01051,2009,0.22719948842180637
RGI60-08.01051,2010,-0.1285530569749625
RGI60-08.01051,2011,-0.25841861755041484
RGI60-08.01051,2012,0.5325270240988741
RGI60-08.01051,2013,-0.8006121668430326
RGI60-08.01051,2014,-3.1093497167520843
RGI60-08.01051,2015,0.6336475857761855
RGI60-08.01051,2016,-1.0702937488053252
RGI60-08.01051,2017,-0.37089048739277997
RGI60-08.01051,2018,-2.14078597855245
RGI60-08.01051,2019,-0.4203367618658662
RGI60-08.01051,2020,0.8311857546102887
RGI60-08.01051,2021,-1.5810243433706335
RGI60-08.01051,2022,-0.26221602531483373
RGI60-08.01051,2023,-1.2083915757606687
RGI60-08.01051,2024,-1.805479550210638
RGI60-08.01052,2000,0.09462802906934442
RGI60-08.01052,2001,-0.5416575866309322
RGI60-08.01052,2002,-2.815813583117503
RGI60-08.01052,2003,-1.06804465782067
RGI60-08.01052,2004,-0.5326426310108244
RGI60-08.01052,2005,0.24859501725801225
RGI60-08.01052,2006,-1.6938109412644806
RGI60-08.01052,2007,-0.4001324301445422
RGI60-08.01052,2008,-0.03554689222228924
RGI60-08.01052,2009,-0.2529708692854396
RGI60-08.01052,2010,-1.4512830133766677
RGI60-08.01052,2011,0.2018455538262971
RGI60-08.01052,2012,0.6622910026848935
RGI60-08.01052,2013,-0.2432946009169369
RGI60-08.01052,2014,-1.2578981378028526
RGI60-08.01052,2015,0.3912787046445627
RGI60-08.01052,2016,-0.028667426638067817
RGI60-08.01052,2017,-0.4126345340933022
RGI60-08.01052,2018,-0.4513738510644866
RGI60-08.01052,2019,-0.5364671520941124
RGI60-08.01052,2020,0.3642745082573149
RGI60-08.01052,2021,-1.3673799394409567
RGI60-08.01052,2022,0.05602979567159938
RGI60-08.01052,2023,-1.0526329779460095
RGI60-08.01052,2024,-1.3957969227710791
RGI60-08.01058,2000,-0.4772469077891854
RGI60-08.01058,2001,-0.23664681986183675
RGI60-08.01058,2002,-0.951335979398693
RGI60-08.01058,2003,-0.9145158817593633
RGI60-08.01058,2004,0.057470752893965305
RGI60-08.01058,2005,-0.4393501424186898
RGI60-08.01058,2006,-1.187583746977373
RGI60-08.01058,2007,0.3054636520266121
RGI60-08.01058,2008,-0.24288704969745176
RGI60-08.01058,2009,-0.34516914748695227
RGI60-08.01058,2010,-0.5750424064864028
RGI60-08.01058,2011,-0.7085608752588297
RGI60-08.01058,2012,0.9556009846170219
RGI60-08.01058,2013,-1.0445468188532774
RGI60-08.01058,2014,-1.4028236058905281
RGI60-08.01058,2015,0.6469454465775506
RGI60-08.01058,2016,-0.8177817386950148
RGI60-08.01058,2017,-0.2713870335927185
RGI60-08.01058,2018,-0.6807927831930708
RGI60-08.01058,2019,-0.8095098987557474
RGI60-08.01058,2020,-0.0571836285118133
RGI60-08.01058,2021,-1.6089079530944972
RGI60-08.01058,2022,-0.2511672796732154
RGI60-08.01058,2023,-1.0935230258508886
RGI60-08.01058,2024,-0.96691529050706
RGI60-08.01059,2000,-0.024786485929936153
RGI60-08.01059,2001,-0.702965915627205
RGI60-08.01059,2002,-2.691078278441749
RGI60-08.01059,2003,-1.6326032895595797
RGI60-08.01059,2004,0.17108876090354008
RGI60-08.01059,2005,0.017577542431724824
RGI60-08.01059,2006,-1.39953254044396
RGI60-08.01059,2007,1.3874798893157914
RGI60-08.01059,2008,-0.24702259990979192
RGI60-08.01059,2009,-0.37362749684202373
RGI60-08.01059,2010,-0.9526687119810414
RGI60-08.01059,2011,-0.6242016869688787
RGI60-08.01059,2012,1.0666357384140897
RGI60-08.01059,2013,-0.3668537545515214
RGI60-08.01059,2014,-1.8432166356051416
RGI60-08.01059,2015,-0.5458537985505872
RGI60-08.01059,2016,-0.7818874320964535
RGI60-08.01059,2017,-0.4008405267327856
RGI60-08.01059,2018,-1.8513908465376183
RGI60-08.01059,2019,-0.7266519312868768
RGI60-08.01059,2020,0.8566443007081419
RGI60-08.01059,2021,-0.43902442987878365
RGI60-08.01059,2022,-0.2911118627025073
RGI60-08.01059,2023,-1.1220723605433534
RGI60-08.01059,2024,-0.6252546796692555
RGI60-08.01060,2000,-0.05795214105446589
RGI60-08.01060,2001,-0.9079407081044455
RGI60-08.01060,2002,-0.9205381154245624
RGI60-08.01060,2003,-0.8042255669552788
RGI60-08.01060,2004,0.28213638410909186
RGI60-08.01060,2005,-0.0913369041409886
RGI60-08.01060,2006,-1.2203660922440103
RGI60-08.01060,2007,0.3955434520372096
RGI60-08.01060,2008,-0.42351019706120896
RGI60-08.01060,2009,-0.08626154433978661
RGI60-08.01060,2010,-0.2413140316479349
RGI60-08.01060,2011,-0.5817366747201937
RGI60-08.01060,2012,0.8026375736028988
RGI60-08.01060,2013,-0.20991622103437846
RGI60-08.01060,2014,-1.2741812013977105
RGI60-08.01060,2015,0.30786268266647393
RGI60-08.01060,2016,-0.912949805312044
RGI60-08.01060,2017,-0.27246230641641167
RGI60-08.01060,2018,-0.8544367304735198
RGI60-08.01060,2019,-0.6539518520887229
RGI60-08.01060,2020,0.20557853470462378
RGI60-08.01060,2021,-1.1502253984393724
RGI60-08.01060,2022,-0.19789802421602723
RGI60-08.01060,2023,-0.9091064210145643
RGI60-08.01060,2024,-1.120596844140629
RGI60-08.01062,2000,0.5525768319042732
RGI60-08.01062,2001,-0.6766768031823045
RGI60-08.01062,2002,-1.2421235650204783
RGI60-08.01062,2003,-0.8735964537799108
RGI60-08.01062,2004,-0.13556190530877477
RGI60-08.01062,2005,-0.4575546900860343
RGI60-08.01062,2006,-1.4159499020958415
RGI60-08.01062,2007,0.2588663674629468
RGI60-08.01062,2008,-0.44190854997245177
RGI60-08.01062,2009,-0.9287537806635464
RGI60-08.01062,2010,-0.7688196096896618
RGI60-08.01062,2011,-0.6886726376836703
RGI60-08.01062,2012,0.6704764007231725
RGI60-08.01062,2013,-0.4654541657335349
RGI60-08.01062,2014,-1.1896808450151866
RGI60-08.01062,2015,0.1807479527005702
RGI60-08.01062,2016,-0.852465558913945
RGI60-08.01062,2017,-0.2649889065605418
RGI60-08.01062,2018,-1.5720850572854583
RGI60-08.01062,2019,-0.574375121799625
RGI60-08.01062,2020,-0.0846677065950483
RGI60-08.01062,2021,-1.3725027793930267
RGI60-08.01062,2022,-0.30560762784882267
RGI60-08.01062,2023,-1.2314024828747903
RGI60-08.01062,2024,-1.267272009235307
RGI60-08.01064,2000,-0.22460035742477052
RGI60-08.01064,2001,-1.429097820052097
RGI60-08.01064,2002,-1.427780362204133
RGI60-08.01064,2003,-1.9124691111359595
RGI60-08.01064,2004,0.006597408015765138
RGI60-08.01064,2005,-0.7720600523335852
RGI60-08.01064,2006,-1.3217538222591727
RGI60-08.01064,2007,0.20130503127256505
RGI60-08.01064,2008,-0.8078991197924055
RGI60-08.01064,2009,1.626246721069913
RGI60-08.01064,2010,-1.3714837504197752
RGI60-08.01064,2011,-0.7691735298179456
RGI60-08.01064,2012,-0.5397137370870435
RGI60-08.01064,2013,-1.2365762405096767
RGI60-08.01064,2014,-2.1878274900106724
RGI60-08.01064,2015,-0.3415140639210307
RGI60-08.01064,2016,-0.05497998136626081
RGI60-08.01064,2017,-0.4122815348111165
RGI60-08.01064,2018,-1.2788941568345855
RGI60-08.01064,2019,0.1913559696219952
RGI60-08.01064,2020,-0.42037416193448585
RGI60-08.01064,2021,-1.3473246997053667
RGI60-08.01064,2022,-0.5852551645831229
RGI60-08.01064,2023,-1.0089078825624802
RGI60-08.01064,2024,-0.9898328515059349
RGI60-08.01065,2000,-0.18097479266759264
RGI60-08.01065,2001,-0.9308561937059713
RGI60-08.01065,2002,-1.072167617428033
RGI60-08.01065,2003,-0.994752472068139
RGI60-08.01065,2004,0.28634770418463973
RGI60-08.01065,2005,-0.3320069407963806
RGI60-08.01065,2006,-2.366365897975384
RGI60-08.01065,2007,-0.12106828964354155
RGI60-08.01065,2008,-0.42331516154847926
RGI60-08.01065,2009,-0.4535147274900809
RGI60-08.01065,2010,-1.09741155444308
RGI60-08.01065,2011,-0.08215422930403277
RGI60-08.01065,2012,0.8161429271641019
RGI60-08.01065,2013,-0.4707726062768843
RGI60-08.01065,2014,-1.6187301560328977
RGI60-08.01065,2015,0.7314080928921947
RGI60-08.01065,2016,-0.8689373636364595
RGI60-08.01065,2017,-0.22553349596888256
RGI60-08.01065,2018,-1.1861190809229614
RGI60-08.01065,2019,-0.2241181443321354
RGI60-08.01065,2020,-0.29072366576761727
RGI60-08.01065,2021,-1.7717671330678202
RGI60-08.01065,2022,-0.9159027386802701
RGI60-08.01065,2023,-1.1359339713684806
RGI60-08.01065,2024,-0.8044492667497418
RGI60-08.01068,2000,-3.460421446880764
RGI60-08.01068,2001,-3.6016802886751025
RGI60-08.01068,2002,-3.473197726433593
RGI60-08.01068,2003,-2.169471911940943
RGI60-08.01068,2004,-3.610318072503746
RGI60-08.01068,2005,-2.9185630079619242
RGI60-08.01068,2006,-3.060098002472021
RGI60-08.01068,2007,-2.614184310737055
RGI60-08.01068,2008,-2.878416280334001
RGI60-08.01068,2009,-1.1690722984453932
RGI60-08.01068,2010,-3.561004493247121
RGI60-08.01068,2011,-3.2449039912238806
RGI60-08.01068,2012,-3.133394373415087
RGI60-08.01068,2013,-1.3107632407406147
RGI60-08.01068,2014,-3.734227650902098
RGI60-08.01068,2015,-2.6398233244167555
RGI60-08.01068,2016,-3.6148775747801887
RGI60-08.01068,2017,-3.839745083088764
RGI60-08.01068,2018,1.57357049054237
RGI60-08.01068,2019,-2.589407412343311
RGI60-08.01068,2020,-3.270440784564922
RGI60-08.01068,2021,-3.9551996087116805
RGI60-08.01068,2022,-3.9750060112378662
RGI60-08.01068,2023,-2.325364621708891
RGI60-08.01068,2024,-4.386147968142381
RGI60-08.01069,2000,0.022889275236973705
RGI60-08.01069,2001,-1.5134545719931354
RGI60-08.01069,2002,-0.9998238685613122
RGI60-08.01069,2003,-1.6953557321459995
RGI60-08.01069,2004,0.5360408804241154
RGI60-08.01069,2005,0.1840626119492651
RGI60-08.01069,2006,-1.792699087392252
RGI60-08.01069,2007,1.8738426568768327
RGI60-08.01069,2008,-0.4857755133511382
RGI60-08.01069,2009,-0.9046997451372586
RGI60-08.01069,2010,-1.3868216368412494
RGI60-08.01069,2011,-0.7145993821646186
RGI60-08.01069,2012,0.6481485560645891
RGI60-08.01069,2013,-0.3279563738075738
RGI60-08.01069,2014,-2.104264428646299
RGI60-08.01069,2015,-0.07688105556301456
RGI60-08.01069,2016,-0.14303024870355546
RGI60-08.01069,2017,0.15020872682998454
RGI60-08.01069,2018,-1.3394760136901296
RGI60-08.01069,2019,-0.8838550493842157
RGI60-08.01069,2020,0.17312681997918944
RGI60-08.01069,2021,-1.6128224861432159
RGI60-08.01069,2022,-0.058632418191022995
RGI60-08.01069,2023,-1.1473952241677496
RGI60-08.01069,2024,-0.8834779876467405
RGI60-08.01072,2000,0.14288422674937828
RGI60-08.01072,2001,-0.6506147501823152
RGI60-08.01072,2002,-1.3450215791765199
RGI60-08.01072,2003,-1.042817385855852
RGI60-08.01072,2004,-0.629163930142115
RGI60-08.01072,2005,-0.47553816645070446
RGI60-08.01072,2006,-1.32835752116618
RGI60-08.01072,2007,0.01794238120200231
RGI60-08.01072,2008,-0.4236128817398381
RGI60-08.01072,2009,-0.2734740846999451
RGI60-08.01072,2010,-1.0263579374161886
RGI60-08.01072,2011,-1.086223798547933
RGI60-08.01072,2012,0.2523586652278702
RGI60-08.01072,2013,-0.42996186534312075
RGI60-08.01072,2014,-1.6452788927123105
RGI60-08.01072,2015,0.42061454687456423
RGI60-08.01072,2016,-0.2819069962600924
RGI60-08.01072,2017,-0.8051953577858288
RGI60-08.01072,2018,-0.2196145802830875
RGI60-08.01072,2019,-0.7273600922917884
RGI60-08.01072,2020,-0.087342919559111
RGI60-08.01072,2021,-1.184003548729659
RGI60-08.01072,2022,-0.34891263895560154
RGI60-08.01072,2023,-1.0773618371575375
RGI60-08.01072,2024,-1.1285265805352234
RGI60-08.01075,2000,-0.3896957069647842
RGI60-08.01075,2001,-0.44763827832652514
RGI60-08.01075,2002,-0.8080252907774504
RGI60-08.01075,2003,-0.8921299712368955
RGI60-08.01075,2004,-0.11271665386864149
RGI60-08.01075,2005,-0.08039224264761091
RGI60-08.01075,2006,-1.0469141905872366
RGI60-08.01075,2007,-0.16177225313383642
RGI60-08.01075,2008,-0.17599106825021854
RGI60-08.01075,2009,0.024081623327495305
RGI60-08.01075,2010,-0.4126101498759368
RGI60-08.01075,2011,-1.123195736696459
RGI60-08.01075,2012,0.31473538762632725
RGI60-08.01075,2013,-1.1416642097990326
RGI60-08.01075,2014,-2.1486236219232886
RGI60-08.01075,2015,0.37228241001423934
RGI60-08.01075,2016,-1.0759304159397711
RGI60-08.01075,2017,-0.39764330847480767
RGI60-08.01075,2018,-1.5863087953202948
RGI60-08.01075,2019,-0.5436475271452756
RGI60-08.01075,2020,0.06936055491965198
RGI60-08.01075,2021,-1.7921528597293959
RGI60-08.01075,2022,-0.1296637771775857
RGI60-08.01075,2023,-0.7411989747901937
RGI60-08.01075,2024,-1.1941459067081905
RGI60-08.01076,2000,-0.1291173822481705
RGI60-08.01076,2001,0.6209957682721403
RGI60-08.01076,2002,-1.1082987235623993
RGI60-08.01076,2003,-1.8714714595148432
RGI60-08.01076,2004,-0.0568506606153113
RGI60-08.01076,2005,0.21246462702022406
RGI60-08.01076,2006,-1.4695042025076006
RGI60-08.01076,2007,-0.4896171536601414
RGI60-08.01076,2008,-0.5990075672319368
RGI60-08.01076,2009,-0.01726244550270334
RGI60-08.01076,2010,-0.741182737339966
RGI60-08.01076,2011,-1.3521489346788338
RGI60-08.01076,2012,0.7584626963492758
RGI60-08.01076,2013,-1.050031563581476
RGI60-08.01076,2014,-1.084404421214006
RGI60-08.01076,2015,0.6040125515384549
RGI60-08.01076,2016,-0.2566624446526296
RGI60-08.01076,2017,-0.0884335110227652
RGI60-08.01076,2018,-1.116267992615835
RGI60-08.01076,2019,-0.5636744432314876
RGI60-08.01076,2020,0.17448453128998298
RGI60-08.01076,2021,-1.6133449449594055
RGI60-08.01076,2022,-0.3699317543351813
RGI60-08.01076,2023,0.43141996090315793
RGI60-08.01076,2024,-0.7409799297663242
RGI60-08.01081,2000,-0.10972972076939325
RGI60-08.01081,2001,-0.9236744673738331
RGI60-08.01081,2002,-2.142157673799617
RGI60-08.01081,2003,-0.9848229909338322
RGI60-08.01081,2004,0.531985738953905
RGI60-08.01081,2005,-0.07490159944332153
RGI60-08.01081,2006,-1.2719674168727608
RGI60-08.01081,2007,0.6837816905113975
RGI60-08.01081,2008,-0.2660941456048874
RGI60-08.01081,2009,-1.815623378509327
RGI60-08.01081,2010,-0.6044170325556537
RGI60-08.01081,2011,-1.4331678741392349
RGI60-08.01081,2012,0.8063020475525019
RGI60-08.01081,2013,-0.6663724153268976
RGI60-08.01081,2014,-1.980468106714404
RGI60-08.01081,2015,-0.1835503283897566
RGI60-08.01081,2016,-0.9607885652512472
RGI60-08.01081,2017,-0.36723277963170553
RGI60-08.01081,2018,-1.676073747153226
RGI60-08.01081,2019,-0.5663272345486913
RGI60-08.01081,2020,0.2820632441633787
RGI60-08.01081,2021,-1.2679830627304258
RGI60-08.01081,2022,-0.02991259172664884
RGI60-08.01081,2023,-1.137191836409373
RGI60-08.01081,2024,-1.3627709696132324
RGI60-08.01082,2000,-0.2396317309680028
RGI60-08.01082,2001,-0.4073643493343653
RGI60-08.01082,2002,-0.9637852940089069
RGI60-08.01082,2003,-0.6818111194405596
RGI60-08.01082,2004,-0.027689231575031115
RGI60-08.01082,2005,-0.22160843106412742
RGI60-08.01082,2006,-1.598025865203287
RGI60-08.01082,2007,0.29982957488864775
RGI60-08.01082,2008,-0.33861239130371934
RGI60-08.01082,2009,-0.4578226447797515
RGI60-08.01082,2010,-0.7237723194536749
RGI60-08.01082,2011,-0.19738580476609635
RGI60-08.01082,2012,0.7459577707669955
RGI60-08.01082,2013,-0.7327303968467644
RGI60-08.01082,2014,-1.1632651694616285
RGI60-08.01082,2015,0.691228656398998
RGI60-08.01082,2016,-0.8074736574941904
RGI60-08.01082,2017,-0.5016339254900304
RGI60-08.01082,2018,-0.7649821488183572
RGI60-08.01082,2019,-0.8280215220461391
RGI60-08.01082,2020,0.16519329494965934
RGI60-08.01082,2021,-1.2207181429552456
RGI60-08.01082,2022,-0.4529565023351437
RGI60-08.01082,2023,-0.8543728939686113
RGI60-08.01082,2024,-0.8010350701473941
RGI60-08.01084,2000,0.2838345080011999
RGI60-08.01084,2001,-0.6509618376591669
RGI60-08.01084,2002,-0.8873669056667288
RGI60-08.01084,2003,-1.4314800586915224
RGI60-08.01084,2004,-0.27565608967035027
RGI60-08.01084,2005,0.07225877244293177
RGI60-08.01084,2006,-1.8106822714359412
RGI60-08.01084,2007,0.20254581998733268
RGI60-08.01084,2008,-0.36735065627684516
RGI60-08.01084,2009,-0.6971949206714773
RGI60-08.01084,2010,-1.3904473640602686
RGI60-08.01084,2011,-0.575031479941579
RGI60-08.01084,2012,0.3496813688135004
RGI60-08.01084,2013,-0.5721333934098783
RGI60-08.01084,2014,-1.699218389052675
RGI60-08.01084,2015,0.7659946669939589
RGI60-08.01084,2016,-0.22821023546528812
RGI60-08.01084,2017,-0.24600812168390856
RGI60-08.01084,2018,-0.9360412260787168
RGI60-08.01084,2019,-0.34593218647457713
RGI60-08.01084,2020,0.048515513161554225
RGI60-08.01084,2021,-1.214193703556006
RGI60-08.01084,2022,-0.5654641429290357
RGI60-08.01084,2023,-0.773376928414382
RGI60-08.01084,2024,-1.1580816245631733
RGI60-08.01086,2000,-0.041700019233424035
RGI60-08.01086,2001,-1.034110458684335
RGI60-08.01086,2002,-1.3206328657354303
RGI60-08.01086,2003,-1.5399324088675392
RGI60-08.01086,2004,0.2886600822656886
RGI60-08.01086,2005,-0.4901353865557553
RGI60-08.01086,2006,-1.3212532657226856
RGI60-08.01086,2007,0.7043824327055138
RGI60-08.01086,2008,-0.6363982233050735
RGI60-08.01086,2009,-0.6146120515044134
RGI60-08.01086,2010,-0.5475639201152486
RGI60-08.01086,2011,-1.0786561923968705
RGI60-08.01086,2012,0.4171068900000384
RGI60-08.01086,2013,-0.5766497150430081
RGI60-08.01086,2014,-1.975417636344614
RGI60-08.01086,2015,0.2533192497004191
RGI60-08.01086,2016,-1.0078212604433205
RGI60-08.01086,2017,-0.16455514827574996
RGI60-08.01086,2018,-1.6344029902124753
RGI60-08.01086,2019,-0.8010271122316986
RGI60-08.01086,2020,0.3843427592531784
RGI60-08.01086,2021,-1.5324072727009002
RGI60-08.01086,2022,-0.3967669838646571
RGI60-08.01086,2023,-1.099573657239399
RGI60-08.01086,2024,-1.289893862542144
RGI60-08.01091,2000,0.29154294920914536
RGI60-08.01091,2001,-0.8607756272670997
RGI60-08.01091,2002,-0.7409281496487863
RGI60-08.01091,2003,-0.7282124160556706
RGI60-08.01091,2004,0.39163159424582594
RGI60-08.01091,2005,0.1488070406524707
RGI60-08.01091,2006,-0.8782680790575601
RGI60-08.01091,2007,0.3195325173127447
RGI60-08.01091,2008,-0.18515315118211773
RGI60-08.01091,2009,0.07083106288956148
RGI60-08.01091,2010,-0.08081536516592691
RGI60-08.01091,2011,-0.3329562604308715
RGI60-08.01091,2012,0.4828376023716602
RGI60-08.01091,2013,-0.32100657237155106
RGI60-08.01091,2014,-0.8154155820151706
RGI60-08.01091,2015,-0.3556538519466024
RGI60-08.01091,2016,-0.5807848303112308
RGI60-08.01091,2017,-0.45002918865450914
RGI60-08.01091,2018,-0.21964137087255645
RGI60-08.01091,2019,-0.5426423217017533
RGI60-08.01091,2020,0.24137021104846268
RGI60-08.01091,2021,-1.1328139939608883
RGI60-08.01091,2022,-0.662755416197295
RGI60-08.01091,2023,-0.8506427112247289
RGI60-08.01091,2024,-0.9299392152151705
RGI60-08.01092,2000,0.1330002108553715
RGI60-08.01092,2001,-1.0217386997497226
RGI60-08.01092,2002,-0.9822389517080466
RGI60-08.01092,2003,-1.2695143665105288
RGI60-08.01092,2004,0.23327529704781746
RGI60-08.01092,2005,-0.07959736799322842
RGI60-08.01092,2006,-1.435027371935408
RGI60-08.01092,2007,1.0887211724498438
RGI60-08.01092,2008,-0.10082203508591742
RGI60-08.01092,2009,-0.6677588953539351
RGI60-08.01092,2010,-0.8268128082425454
RGI60-08.01092,2011,-1.0314099967460457
RGI60-08.01092,2012,0.7760792797266103
RGI60-08.01092,2013,-0.6717379664405403
RGI60-08.01092,2014,-1.130377841462225
RGI60-08.01092,2015,0.7696866259824349
RGI60-08.01092,2016,-0.525568552858955
RGI60-08.01092,2017,-0.5679277515962023
RGI60-08.01092,2018,-1.5618251627467603
RGI60-08.01092,2019,-0.6118048176320079
RGI60-08.01092,2020,0.14657630430148771
RGI60-08.01092,2021,-1.3388893259549477
RGI60-08.01092,2022,-0.37867361958991674
RGI60-08.01092,2023,-1.4602778957971447
RGI60-08.01092,2024,-1.0473684807494776
RGI60-08.01093,2000,0.4010218354409626
RGI60-08.01093,2001,-0.30501490143595084
RGI60-08.01093,2002,-1.0589140216126063
RGI60-08.01093,2003,-1.2325009938383797
RGI60-08.01093,2004,-0.7631854698638683
RGI60-08.01093,2005,0.21857969037155559
RGI60-08.01093,2006,-1.1186356965688167
RGI60-08.01093,2007,1.0024421255339198
RGI60-08.01093,2008,-0.13326942748804946
RGI60-08.01093,2009,-0.1849185110799602
RGI60-08.01093,2010,-0.9208703764464583
RGI60-08.01093,2011,-0.6258127904516431
RGI60-08.01093,2012,1.0815839685255584
RGI60-08.01093,2013,-0.06648961822570135
RGI60-08.01093,2014,-0.6553304061714355
RGI60-08.01093,2015,1.0067992038628932
RGI60-08.01093,2016,-0.09747259743510137
RGI60-08.01093,2017,0.2913254799946763
RGI60-08.01093,2018,-0.2750046375819781
RGI60-08.01093,2019,-0.5885328555296384
RGI60-08.01093,2020,0.7445973003639799
RGI60-08.01093,2021,-0.8300531035232346
RGI60-08.01093,2022,0.09773079373414986
RGI60-08.01093,2023,-0.5460137400212814
RGI60-08.01093,2024,-1.4484407849049508
RGI60-08.01095,2000,0.04633391491135125
RGI60-08.01095,2001,-0.021698495418116803
RGI60-08.01095,2002,-0.723858874546508
RGI60-08.01095,2003,-0.8518268987383119
RGI60-08.01095,2004,0.7871264931241786
RGI60-08.01095,2005,-0.6271971971147585
RGI60-08.01095,2006,-1.0378699515595122
RGI60-08.01095,2007,-0.7092139467159972
RGI60-08.01095,2008,-0.5262942313646652
RGI60-08.01095,2009,-0.44499208047224925
RGI60-08.01095,2010,-0.7074081543073263
RGI60-08.01095,2011,-0.39428377832645983
RGI60-08.01095,2012,0.4631837939288553
RGI60-08.01095,2013,-0.04429257816992088
RGI60-08.01095,2014,-1.1183748880030508
RGI60-08.01095,2015,0.26681579124210414
RGI60-08.01095,2016,-0.60425542878943
RGI60-08.01095,2017,-0.37364974644779614
RGI60-08.01095,2018,-1.0286277980446958
RGI60-08.01095,2019,-0.18711594518769759
RGI60-08.01095,2020,0.41902371141775735
RGI60-08.01095,2021,-1.1589827280195169
RGI60-08.01095,2022,-0.486840017536963
RGI60-08.01095,2023,-0.35889557871993877
RGI60-08.01095,2024,-1.0050835117666232
RGI60-08.01097,2000,-0.21799365963967213
RGI60-08.01097,2001,-0.7930102699874966
RGI60-08.01097,2002,-0.9566282684584007
RGI60-08.01097,2003,-0.47077142489432827
RGI60-08.01097,2004,-0.10687863947036902
RGI60-08.01097,2005,-0.26989925989086155
RGI60-08.01097,2006,-1.0621850075997517
RGI60-08.01097,2007,-0.6609999090236764
RGI60-08.01097,2008,-0.5284750072658511
RGI60-08.01097,2009,-0.17243625060169243
RGI60-08.01097,2010,-0.41717126278117556
RGI60-08.01097,2011,-0.6971296793483235
RGI60-08.01097,2012,0.4962125297478981
RGI60-08.01097,2013,-0.42414457251156096
RGI60-08.01097,2014,-1.0638536903648717
RGI60-08.01097,2015,0.20272600558710474
RGI60-08.01097,2016,-0.5462106405304317
RGI60-08.01097,2017,-0.3348494837899146
RGI60-08.01097,2018,-0.6471556728407094
RGI60-08.01097,2019,-0.4920458363359077
RGI60-08.01097,2020,0.264982515297437
RGI60-08.01097,2021,-1.1939766125701632
RGI60-08.01097,2022,-0.3777970794325205
RGI60-08.01097,2023,-0.71505874666361
RGI60-08.01097,2024,-0.8733935609743312
RGI60-08.01098,2000,0.18490417416604413
RGI60-08.01098,2001,-0.07372088098300517
RGI60-08.01098,2002,-0.5775253295904857
RGI60-08.01098,2003,-0.9814379307355721
RGI60-08.01098,2004,0.33374108670572655
RGI60-08.01098,2005,-0.12260903663645385
RGI60-08.01098,2006,-0.7901037440200618
RGI60-08.01098,2007,0.49086256001664075
RGI60-08.01098,2008,-0.2640395416479786
RGI60-08.01098,2009,-0.33647199646588755
RGI60-08.01098,2010,-0.41452683989139516
RGI60-08.01098,2011,-0.6527321330690457
RGI60-08.01098,2012,0.5071058001702085
RGI60-08.01098,2013,-0.056711148616994916
RGI60-08.01098,2014,-0.7760451048053181
RGI60-08.01098,2015,0.059219360045752095
RGI60-08.01098,2016,-0.28673899359384447
RGI60-08.01098,2017,-0.28760633869688235
RGI60-08.01098,2018,0.14921696637052487
RGI60-08.01098,2019,-0.2854809287219644
RGI60-08.01098,2020,0.5285178825402342
RGI60-08.01098,2021,-0.7394399730266076
RGI60-08.01098,2022,-0.21244541020102195
RGI60-08.01098,2023,-0.06279496376900678
RGI60-08.01098,2024,-0.6853872042356194
RGI60-08.01099,2000,0.08068299483728658
RGI60-08.01099,2001,-0.4994616875067501
RGI60-08.01099,2002,-0.764821482543261
RGI60-08.01099,2003,-0.7255198000401033
RGI60-08.01099,2004,0.0841691033088337
RGI60-08.01099,2005,-0.07159837238588551
RGI60-08.01099,2006,-1.1356938199111228
RGI60-08.01099,2007,0.41556424917351087
RGI60-08.01099,2008,-0.6210977557803812
RGI60-08.01099,2009,-0.34546260723959443
RGI60-08.01099,2010,-0.6863363556448419
RGI60-08.01099,2011,-0.7063539117911574
RGI60-08.01099,2012,0.6673373900241146
RGI60-08.01099,2013,-0.39446292208832584
RGI60-08.01099,2014,-0.8395746562487266
RGI60-08.01099,2015,0.5136911149444934
RGI60-08.01099,2016,-0.28197321260194447
RGI60-08.01099,2017,0.08851551312868527
RGI60-08.01099,2018,-0.3050133703652797
RGI60-08.01099,2019,-0.5648904112695596
RGI60-08.01099,2020,0.21278741115980193
RGI60-08.01099,2021,-1.1958530531132743
RGI60-08.01099,2022,0.057616507965698505
RGI60-08.01099,2023,-0.6651507359008358
RGI60-08.01099,2024,-0.8352901673401489
RGI60-08.01100,2000,0.13755844758903213
RGI60-08.01100,2001,-0.8985675088719163
RGI60-08.01100,2002,-1.2555468120835127
RGI60-08.01100,2003,-1.2384025715538491
RGI60-08.01100,2004,-0.08829926698623891
RGI60-08.01100,2005,-0.1657706252084416
RGI60-08.01100,2006,-1.430821113627961
RGI60-08.01100,2007,0.15256506781958057
RGI60-08.01100,2008,-0.6830691373887291
RGI60-08.01100,2009,-0.5421435698009491
RGI60-08.01100,2010,-1.103212507264201
RGI60-08.01100,2011,-0.8237055243575361
RGI60-08.01100,2012,0.6812108772007465
RGI60-08.01100,2013,-0.7129737398800485
RGI60-08.01100,2014,-0.8310215425998538
RGI60-08.01100,2015,0.3370576953499159
RGI60-08.01100,2016,-0.06284455806132305
RGI60-08.01100,2017,-0.14412430352675815
RGI60-08.01100,2018,-0.45290980236246775
RGI60-08.01100,2019,-0.367779504385491
RGI60-08.01100,2020,0.023446743034686524
RGI60-08.01100,2021,-1.2626796179672515
RGI60-08.01100,2022,0.06679654917915323
RGI60-08.01100,2023,-0.9022556325015791
RGI60-08.01100,2024,-0.8084835000506612
RGI60-08.01101,2000,-0.004188265540336578
RGI60-08.01101,2001,-1.403746544724374
RGI60-08.01101,2002,-1.1839731630782595
RGI60-08.01101,2003,-1.8690179395301734
RGI60-08.01101,2004,-0.6620128982352597
RGI60-08.01101,2005,-0.17326721851564825
RGI60-08.01101,2006,-0.97915320493223
RGI60-08.01101,2007,-0.2533567919711508
RGI60-08.01101,2008,-0.6402806231800222
RGI60-08.01101,2009,-0.19595227713273167
RGI60-08.01101,2010,-1.624433860347839
RGI60-08.01101,2011,0.5235534073838626
RGI60-08.01101,2012,0.26597006701337367
RGI60-08.01101,2013,-0.6983708138328342
RGI60-08.01101,2014,-1.7571577273917476
RGI60-08.01101,2015,0.5655056730459516
RGI60-08.01101,2016,-0.2810241066436687
RGI60-08.01101,2017,-0.1099530699670413
RGI60-08.01101,2018,-1.2278891384884438
RGI60-08.01101,2019,0.0013484960685694602
RGI60-08.01101,2020,0.001940244279320824
RGI60-08.01101,2021,-1.625962197468632
RGI60-08.01101,2022,-0.5140939772582613
RGI60-08.01101,2023,-1.483863334049968
RGI60-08.01101,2024,-1.329314030895047
RGI60-08.01102,2000,-0.06960871451236217
RGI60-08.01102,2001,-1.1735316075759368
RGI60-08.01102,2002,-1.3880012429639945
RGI60-08.01102,2003,-1.3774830433026142
RGI60-08.01102,2004,0.19490127306088423
RGI60-08.01102,2005,-0.09288399513340162
RGI60-08.01102,2006,-1.1070660451692573
RGI60-08.01102,2007,-0.19026618076009177
RGI60-08.01102,2008,-0.4220005222972767
RGI60-08.01102,2009,-0.36708903546686444
RGI60-08.01102,2010,-1.7599607604770011
RGI60-08.01102,2011,-0.8911525897812652
RGI60-08.01102,2012,0.29987768467609144
RGI60-08.01102,2013,-0.6321354333221083
RGI60-08.01102,2014,-1.796003509080615
RGI60-08.01102,2015,0.43086767989006947
RGI60-08.01102,2016,-0.17631726956950428
RGI60-08.01102,2017,-0.6396168803863264
RGI60-08.01102,2018,-0.7693806132263747
RGI60-08.01102,2019,-0.12144919460204823
RGI60-08.01102,2020,0.022659982404721113
RGI60-08.01102,2021,-1.2218051189966705
RGI60-08.01102,2022,-0.4672191205002256
RGI60-08.01102,2023,-1.7211934172717123
RGI60-08.01102,2024,-1.0565733632757301
RGI60-08.01103,2000,0.2202946281623654
RGI60-08.01103,2001,-0.21112050882484834
RGI60-08.01103,2002,-0.6919506979414857
RGI60-08.01103,2003,-0.4068932844418412
RGI60-08.01103,2004,0.34414188780973526
RGI60-08.01103,2005,0.17924265214187773
RGI60-08.01103,2006,-1.0037977495444346
RGI60-08.01103,2007,0.5001613809872019
RGI60-08.01103,2008,-0.39329577702092755
RGI60-08.01103,2009,-0.011770402265484536
RGI60-08.01103,2010,-0.6377938297081011
RGI60-08.01103,2011,-0.32185431410089366
RGI60-08.01103,2012,0.8654951725048612
RGI60-08.01103,2013,-0.6098106583508882
RGI60-08.01103,2014,-0.6718638406467922
RGI60-08.01103,2015,0.30872010433612157
RGI60-08.01103,2016,-0.6066374786106885
RGI60-08.01103,2017,0.18169585184449405
RGI60-08.01103,2018,-0.24578365628909488
RGI60-08.01103,2019,-0.7070794800411888
RGI60-08.01103,2020,0.2360407838472819
RGI60-08.01103,2021,-0.9907212230642755
RGI60-08.01103,2022,-0.18572124510105095
RGI60-08.01103,2023,-0.522554603042064
RGI60-08.01103,2024,-0.6306466563052839
RGI60-08.01104,2000,-0.018213071131539915
RGI60-08.01104,2001,-1.2934978461145663
RGI60-08.01104,2002,-1.0326338187543733
RGI60-08.01104,2003,-1.193380366604717
RGI60-08.01104,2004,0.04918133119235624
RGI60-08.01104,2005,-0.01866259377823548
RGI60-08.01104,2006,-1.451521156476446
RGI60-08.01104,2007,0.32514670228989395
RGI60-08.01104,2008,-0.33539827118337695
RGI60-08.01104,2009,-0.13961303514862472
RGI60-08.01104,2010,-0.6594683716738063
RGI60-08.01104,2011,-0.6898244516147066
RGI60-08.01104,2012,0.749262564314087
RGI60-08.01104,2013,-0.13387610528186483
RGI60-08.01104,2014,-1.5950071850826473
RGI60-08.01104,2015,-0.023169216549998428
RGI60-08.01104,2016,-0.7536714520962325
RGI60-08.01104,2017,-0.29814942925251964
RGI60-08.01104,2018,-1.1859168882791848
RGI60-08.01104,2019,-0.4863873387735052
RGI60-08.01104,2020,0.4426760251262676
RGI60-08.01104,2021,-1.3901783111441335
RGI60-08.01104,2022,-0.5167518925333362
RGI60-08.01104,2023,-0.7977217677432786
RGI60-08.01104,2024,-1.5856812816141406
RGI60-08.01105,2000,0.0714213933240393
RGI60-08.01105,2001,-1.2266113358029056
RGI60-08.01105,2002,-0.9630758020617338
RGI60-08.01105,2003,-1.2722321090635953
RGI60-08.01105,2004,0.055889348083209445
RGI60-08.01105,2005,-0.72016617492191
RGI60-08.01105,2006,-1.5257580771776529
RGI60-08.01105,2007,-0.1794822035015915
RGI60-08.01105,2008,-0.2175943274506093
RGI60-08.01105,2009,-0.3435556775662162
RGI60-08.01105,2010,-0.9520876845122408
RGI60-08.01105,2011,-0.6837334202984451
RGI60-08.01105,2012,0.49708336778980367
RGI60-08.01105,2013,-0.5750661463238111
RGI60-08.01105,2014,-1.1453457416802184
RGI60-08.01105,2015,0.14941292397799866
RGI60-08.01105,2016,-0.8073395682248176
RGI60-08.01105,2017,-0.39831522060634905
RGI60-08.01105,2018,-0.6637940315783135
RGI60-08.01105,2019,-0.627549512404632
RGI60-08.01105,2020,-0.0613988794097311
RGI60-08.01105,2021,-1.2541563589301794
RGI60-08.01105,2022,-0.16722093476629452
RGI60-08.01105,2023,-1.01922540431756
RGI60-08.01105,2024,-0.413541931916536
RGI60-08.01106,2000,-0.3464658660887015
RGI60-08.01106,2001,-0.6488708014007623
RGI60-08.01106,2002,-1.1138575423998196
RGI60-08.01106,2003,-1.0004971798146827
RGI60-08.01106,2004,-0.8275522556376016
RGI60-08.01106,2005,-0.7098497543893391
RGI60-08.01106,2006,-0.9521980567499928
RGI60-08.01106,2007,0.06426262754736067
RGI60-08.01106,2008,-0.5195643514219429
RGI60-08.01106,2009,-0.3086957538283818
RGI60-08.01106,2010,-0.426740392959856
RGI60-08.01106,2011,-0.9216559989396564
RGI60-08.01106,2012,0.2757104521887336
RGI60-08.01106,2013,-0.4082808407152572
RGI60-08.01106,2014,-0.8926602837959102
RGI60-08.01106,2015,0.007159335662106803
RGI60-08.01106,2016,-0.3729500901629242
RGI60-08.01106,2017,-0.2690032230274892
RGI60-08.01106,2018,-0.46043200196910067
RGI60-08.01106,2019,-0.4796580220967782
RGI60-08.01106,2020,0.05042328551840669
RGI60-08.01106,2021,-1.119788085135833
RGI60-08.01106,2022,-0.175269921481516
RGI60-08.01106,2023,-0.4787153475696478
RGI60-08.01106,2024,-0.49783237580736384
RGI60-08.01107,2000,-0.31244344356119974
RGI60-08.01107,2001,-0.13172594525517867
RGI60-08.01107,2002,-1.027764387216652
RGI60-08.01107,2003,-0.9725047850461702
RGI60-08.01107,2004,-0.9629594659990813
RGI60-08.01107,2005,-0.050226781311190294
RGI60-08.01107,2006,-1.5229869007681676
RGI60-08.01107,2007,0.22577493974401852
RGI60-08.01107,2008,-0.36066230760919893
RGI60-08.01107,2009,-0.08095153492304952
RGI60-08.01107,2010,-0.7644084942984877
RGI60-08.01107,2011,-0.6948238100005169
RGI60-08.01107,2012,0.5502000935644731
RGI60-08.01107,2013,-0.2948471790927733
RGI60-08.01107,2014,-0.919486699476491
RGI60-08.01107,2015,0.44469483794858644
RGI60-08.01107,2016,-0.46421725781258577
RGI60-08.01107,2017,-0.3464755109221458
RGI60-08.01107,2018,-0.4803608504197783
RGI60-08.01107,2019,-0.534724517544396
RGI60-08.01107,2020,-0.1672758638964742
RGI60-08.01107,2021,-1.04992946891148
RGI60-08.01107,2022,-0.3313941762102238
RGI60-08.01107,2023,-0.794882501162656
RGI60-08.01107,2024,-0.6690772040566684
RGI60-08.01108,2000,-0.01321344164804339
RGI60-08.01108,2001,-0.40832721768089864
RGI60-08.01108,2002,-0.6652871240029951
RGI60-08.01108,2003,-0.9782519508744423
RGI60-08.01108,2004,-0.25082174455552386
RGI60-08.01108,2005,-0.37710534528649586
RGI60-08.01108,2006,-0.9515479660110695
RGI60-08.01108,2007,-0.36067762490831706
RGI60-08.01108,2008,-0.526323398741002
RGI60-08.01108,2009,-1.0979944961962689
RGI60-08.01108,2010,-0.5537100921235936
RGI60-08.01108,2011,-0.6338974650110774
RGI60-08.01108,2012,0.3596371885910975
RGI60-08.01108,2013,-0.48358614636225683
RGI60-08.01108,2014,-1.4000019861741624
RGI60-08.01108,2015,0.0857653858590598
RGI60-08.01108,2016,-0.6906556183206467
RGI60-08.01108,2017,-0.29842029462897013
RGI60-08.01108,2018,-1.5618564355344624
RGI60-08.01108,2019,-1.4991242263899274
RGI60-08.01108,2020,-0.29508355790771645
RGI60-08.01108,2021,-1.4933345265328861
RGI60-08.01108,2022,-0.6901196602339144
RGI60-08.01108,2023,-1.0254637915653224
RGI60-08.01108,2024,-1.0808772440838625
RGI60-08.01110,2000,-0.32266659575882034
RGI60-08.01110,2001,-1.1490941857211285
RGI60-08.01110,2002,-1.274962290196343
RGI60-08.01110,2003,-1.1392404868706851
RGI60-08.01110,2004,0.3564507431100623
RGI60-08.01110,2005,-0.12728205472562382
RGI60-08.01110,2006,-1.3077193347789982
RGI60-08.01110,2007,0.7089620196462822
RGI60-08.01110,2008,-0.29053965553458877
RGI60-08.01110,2009,-0.6167970977845617
RGI60-08.01110,2010,-0.7991368119672769
RGI60-08.01110,2011,-1.090255543989001
RGI60-08.01110,2012,0.727326093524306
RGI60-08.01110,2013,-0.5020815782961285
RGI60-08.01110,2014,-1.3094444754481267
RGI60-08.01110,2015,-0.05588961832894912
RGI60-08.01110,2016,-0.8222548050840741
RGI60-08.01110,2017,-0.20787152016683408
RGI60-08.01110,2018,-1.9957968191249922
RGI60-08.01110,2019,-0.6586059825045066
RGI60-08.01110,2020,0.22682790202152103
RGI60-08.01110,2021,-1.3073144748182166
RGI60-08.01110,2022,0.12671119794178498
RGI60-08.01110,2023,-1.117856763106988
RGI60-08.01110,2024,-1.2563052680250189
RGI60-08.01111,2000,0.7835717434554879
RGI60-08.01111,2001,-1.3190063801032936
RGI60-08.01111,2002,-1.254568642331197
RGI60-08.01111,2003,-1.3189695916321118
RGI60-08.01111,2004,0.21051777479846479
RGI60-08.01111,2005,-0.4819197930830018
RGI60-08.01111,2006,-1.5080510985088573
RGI60-08.01111,2007,-0.19413873330205944
RGI60-08.01111,2008,-0.17889614888215566
RGI60-08.01111,2009,-1.3256837822338852
RGI60-08.01111,2010,-0.7477442552706919
RGI60-08.01111,2011,-0.9893804198312716
RGI60-08.01111,2012,0.8741916929675908
RGI60-08.01111,2013,-0.7454131317020378
RGI60-08.01111,2014,-1.3227433999038107
RGI60-08.01111,2015,0.25051206483631405
RGI60-08.01111,2016,-0.17666021534625742
RGI60-08.01111,2017,-0.5742113760070167
RGI60-08.01111,2018,-1.7466595753205487
RGI60-08.01111,2019,-0.6426467325996592
RGI60-08.01111,2020,-0.19740770085349946
RGI60-08.01111,2021,-2.0313868332623723
RGI60-08.01111,2022,-0.42811648726580476
RGI60-08.01111,2023,-1.1983424135599767
RGI60-08.01111,2024,-0.8415545103848003
RGI60-08.01112,2000,0.268829478075269
RGI60-08.01112,2001,-0.16423949933624535
RGI60-08.01112,2002,-0.5943703846431228
RGI60-08.01112,2003,-0.8687092808062686
RGI60-08.01112,2004,0.06398826360619986
RGI60-08.01112,2005,0.5652952319535511
RGI60-08.01112,2006,-1.2975477412413046
RGI60-08.01112,2007,0.5229780269853622
RGI60-08.01112,2008,0.1105352023170415
RGI60-08.01112,2009,0.3571191092729663
RGI60-08.01112,2010,-0.44980715134683086
RGI60-08.01112,2011,-0.8652807427813302
RGI60-08.01112,2012,0.9950550867199539
RGI60-08.01112,2013,-0.2752580188441012
RGI60-08.01112,2014,-2.1434158637809944
RGI60-08.01112,2015,0.5030793586879636
RGI60-08.01112,2016,-0.727770047281425
RGI60-08.01112,2017,-0.39504596851478996
RGI60-08.01112,2018,-1.6660042719603068
RGI60-08.01112,2019,-0.6517307870815991
RGI60-08.01112,2020,0.2643937168339199
RGI60-08.01112,2021,-1.2222414557925756
RGI60-08.01112,2022,0.3412282336111234
RGI60-08.01112,2023,-0.7125387322800943
RGI60-08.01112,2024,-0.7176694781869635
RGI60-08.01114,2000,-0.10297048508827983
RGI60-08.01114,2001,-0.4718656985198789
RGI60-08.01114,2002,-1.192498765822505
RGI60-08.01114,2003,-0.9267162779317524
RGI60-08.01114,2004,-0.9782792568188169
RGI60-08.01114,2005,-0.5057119819684167
RGI60-08.01114,2006,-0.9253257474056019
RGI60-08.01114,2007,-0.4534966964227144
RGI60-08.01114,2008,-0.4996881609676366
RGI60-08.01114,2009,-0.28384575770645937
RGI60-08.01114,2010,-0.5562666228000221
RGI60-08.01114,2011,-0.8930493525864597
RGI60-08.01114,2012,0.5230210650897393
RGI60-08.01114,2013,0.08662312867125865
RGI60-08.01114,2014,-0.6634329158897321
RGI60-08.01114,2015,0.5980951741740244
RGI60-08.01114,2016,-0.39911717761305
RGI60-08.01114,2017,-0.28012175588217947
RGI60-08.01114,2018,-0.7321888326656898
RGI60-08.01114,2019,-0.9811638818458316
RGI60-08.01114,2020,0.19940698558937553
RGI60-08.01114,2021,-1.2501832522211167
RGI60-08.01114,2022,0.03975717613993368
RGI60-08.01114,2023,-0.5894520461316924
RGI60-08.01114,2024,-0.5943585733310217
RGI60-08.01120,2000,0.1727206700314915
RGI60-08.01120,2001,-0.5672554790024675
RGI60-08.01120,2002,-0.9649907343150973
RGI60-08.01120,2003,-0.8935284028313708
RGI60-08.01120,2004,-0.9118398024303995
RGI60-08.01120,2005,-0.06600658256776137
RGI60-08.01120,2006,-1.4340801913941006
RGI60-08.01120,2007,0.7425060248452049
RGI60-08.01120,2008,-0.2393462403473791
RGI60-08.01120,2009,-0.818712129841773
RGI60-08.01120,2010,-0.9992016549236955
RGI60-08.01120,2011,-1.249600452341204
RGI60-08.01120,2012,1.034068818332895
RGI60-08.01120,2013,-0.24484238484194504
RGI60-08.01120,2014,-1.6052389287325373
RGI60-08.01120,2015,-0.19380241101009166
RGI60-08.01120,2016,-0.12001388361439186
RGI60-08.01120,2017,-0.47020229208075487
RGI60-08.01120,2018,-1.3270418873334644
RGI60-08.01120,2019,-0.7341920556011617
RGI60-08.01120,2020,0.3045461270253216
RGI60-08.01120,2021,-1.2209162323547182
RGI60-08.01120,2022,-0.0494595491258078
RGI60-08.01120,2023,-0.9204307508255465
RGI60-08.01120,2024,-1.030083739621672
RGI60-08.01121,2000,0.552369213832485
RGI60-08.01121,2001,-0.08245936453728708
RGI60-08.01121,2002,-1.2410071344972375
RGI60-08.01121,2003,-1.5329245816098804
RGI60-08.01121,2004,-0.7890110901700937
RGI60-08.01121,2005,-0.7319230904583716
RGI60-08.01121,2006,-1.6688281426818234
RGI60-08.01121,2007,-0.0036609558466144665
RGI60-08.01121,2008,0.017495934922461653
RGI60-08.01121,2009,-0.17101357593787075
RGI60-08.01121,2010,-1.1905676029892898
RGI60-08.01121,2011,-1.003939214849027
RGI60-08.01121,2012,0.814564212331996
RGI60-08.01121,2013,-0.29972066350291593
RGI60-08.01121,2014,-0.8732452737431582
RGI60-08.01121,2015,0.8348349127458818
RGI60-08.01121,2016,-0.2304428706878302
RGI60-08.01121,2017,-0.26889053559907483
RGI60-08.01121,2018,-0.4860421410347462
RGI60-08.01121,2019,-0.5189880356876102
RGI60-08.01121,2020,0.7071715206357287
RGI60-08.01121,2021,-0.9851905168796733
RGI60-08.01121,2022,-0.6815238670360202
RGI60-08.01121,2023,-1.36142756985463
RGI60-08.01121,2024,-1.086883688274213
RGI60-08.01122,2000,0.12098165887861423
RGI60-08.01122,2001,-0.8045535992188287
RGI60-08.01122,2002,-0.6767132153931358
RGI60-08.01122,2003,-1.0782105259699604
RGI60-08.01122,2004,0.4414508902331632
RGI60-08.01122,2005,0.44333025593147546
RGI60-08.01122,2006,-1.2450247496408613
RGI60-08.01122,2007,0.4080796417738589
RGI60-08.01122,2008,-0.3310501614657852
RGI60-08.01122,2009,-0.6101832749862636
RGI60-08.01122,2010,-0.6423139882606292
RGI60-08.01122,2011,-0.40425313321562983
RGI60-08.01122,2012,0.5233248185164318
RGI60-08.01122,2013,-0.733058208689561
RGI60-08.01122,2014,-1.145994259794254
RGI60-08.01122,2015,0.1028830038615699
RGI60-08.01122,2016,-0.9699444532701481
RGI60-08.01122,2017,-0.3249769980703456
RGI60-08.01122,2018,-1.5168539934924874
RGI60-08.01122,2019,-0.46901970772722834
RGI60-08.01122,2020,0.4387691296959555
RGI60-08.01122,2021,-1.222254860603274
RGI60-08.01122,2022,0.000540757505487488
RGI60-08.01122,2023,-1.117095128958295
RGI60-08.01122,2024,-1.5392887686376129
RGI60-08.01123,2000,-0.0009800132116821736
RGI60-08.01123,2001,-0.4382432476209327
RGI60-08.01123,2002,-1.02430698233584
RGI60-08.01123,2003,-0.8966083265272187
RGI60-08.01123,2004,0.3664583062851038
RGI60-08.01123,2005,-0.08000511511008951
RGI60-08.01123,2006,-1.1581396979711145
RGI60-08.01123,2007,0.2614774701723126
RGI60-08.01123,2008,-0.5486031518667682
RGI60-08.01123,2009,-0.6053102223684905
RGI60-08.01123,2010,-0.3927096344289659
RGI60-08.01123,2011,-0.926489274434343
RGI60-08.01123,2012,0.470632117653457
RGI60-08.01123,2013,-0.3959754140930168
RGI60-08.01123,2014,-1.4866410644994081
RGI60-08.01123,2015,-0.3373931276676659
RGI60-08.01123,2016,-0.686020273181235
RGI60-08.01123,2017,-0.4304015924700828
RGI60-08.01123,2018,-1.0014025124387
RGI60-08.01123,2019,-0.9058382438853352
RGI60-08.01123,2020,0.24088162530847668
RGI60-08.01123,2021,-1.0340497148366323
RGI60-08.01123,2022,-0.8602039442261802
RGI60-08.01123,2023,-0.7667725010983999
RGI60-08.01123,2024,-1.1864912328273496
RGI60-08.01124,2000,0.02049952212645248
RGI60-08.01124,2001,0.027944154456824633
RGI60-08.01124,2002,-0.7721397651638657
RGI60-08.01124,2003,-0.3710361295020683
RGI60-08.01124,2004,-0.4729492678679265
RGI60-08.01124,2005,-0.29846534796735563
RGI60-08.01124,2006,-0.8074972774898779
RGI60-08.01124,2007,0.22562780419248796
RGI60-08.01124,2008,-0.3940888802458584
RGI60-08.01124,2009,0.13588285938075206
RGI60-08.01124,2010,-0.16565456797834166
RGI60-08.01124,2011,-0.6273852144294169
RGI60-08.01124,2012,0.45045512106372804
RGI60-08.01124,2013,0.2002834851834422
RGI60-08.01124,2014,-0.7192581544553196
RGI60-08.01124,2015,0.37882405701529714
RGI60-08.01124,2016,0.09912684373137193
RGI60-08.01124,2017,-0.03267854850750826
RGI60-08.01124,2018,-0.6889652726829445
RGI60-08.01124,2019,-0.3390254208598863
RGI60-08.01124,2020,0.21469802437051988
RGI60-08.01124,2021,-0.773445719514225
RGI60-08.01124,2022,0.1701479116437583
RGI60-08.01124,2023,-0.11218171478465062
RGI60-08.01124,2024,-0.43717942209765215
RGI60-08.01125,2000,-0.1761253768477476
RGI60-08.01125,2001,-0.20050506284442182
RGI60-08.01125,2002,-0.581262307885981
RGI60-08.01125,2003,-1.5331139123529605
RGI60-08.01125,2004,-0.30152849322161485
RGI60-08.01125,2005,-0.6806309585542419
RGI60-08.01125,2006,-1.2215798272115554
RGI60-08.01125,2007,-0.3884852627740696
RGI60-08.01125,2008,-0.28229652383022796
RGI60-08.01125,2009,-0.5763830500307019
RGI60-08.01125,2010,-0.6446986684036404
RGI60-08.01125,2011,-0.8595800709326167
RGI60-08.01125,2012,0.5451254921899447
RGI60-08.01125,2013,-0.19806386373901336
RGI60-08.01125,2014,-1.0480271796642182
RGI60-08.01125,2015,0.4473478955964488
RGI60-08.01125,2016,-0.3575696248310782
RGI60-08.01125,2017,-0.3499695805374869
RGI60-08.01125,2018,-0.2674699928716303
RGI60-08.01125,2019,-0.5278836312531893
RGI60-08.01125,2020,0.2202450938730776
RGI60-08.01125,2021,-0.9075708352773328
RGI60-08.01125,2022,-0.07110808787775219
RGI60-08.01125,2023,-0.93503809716045
RGI60-08.01125,2024,-0.6680875801860285
RGI60-08.01126,2000,-0.18596591156854453
RGI60-08.01126,2001,-0.5493918138530505
RGI60-08.01126,2002,-1.0757657542739485
RGI60-08.01126,2003,-0.8479999732602106
RGI60-08.01126,2004,-0.7933765405139523
RGI60-08.01126,2005,-0.25065783102087935
RGI60-08.01126,2006,-1.0190310272501433
RGI60-08.01126,2007,0.2713637797530843
RGI60-08.01126,2008,-0.5961394603408989
RGI60-08.01126,2009,-0.41075209895515274
RGI60-08.01126,2010,-0.5688640519971674
RGI60-08.01126,2011,-0.9859122581601893
RGI60-08.01126,2012,0.41153146160955373
RGI60-08.01126,2013,-0.270960464712232
RGI60-08.01126,2014,-1.0275336832659814
RGI60-08.01126,2015,0.08810116816109842
RGI60-08.01126,2016,-0.2860028267684456
RGI60-08.01126,2017,-0.46149098867225213
RGI60-08.01126,2018,-0.13732364119339202
RGI60-08.01126,2019,-0.7392280837172867
RGI60-08.01126,2020,0.10961497859490582
RGI60-08.01126,2021,-1.0540307344901985
RGI60-08.01126,2022,-0.23615254628657098
RGI60-08.01126,2023,-0.4741487791298343
RGI60-08.01126,2024,-0.710069948365535
RGI60-08.01127,2000,-0.03429837190242774
RGI60-08.01127,2001,-0.26824202455736973
RGI60-08.01127,2002,-0.933115383304573
RGI60-08.01127,2003,-0.8813517096391834
RGI60-08.01127,2004,0.18349343170671673
RGI60-08.01127,2005,-0.13653493795135416
RGI60-08.01127,2006,-0.981380292642385
RGI60-08.01127,2007,0.23692929622807912
RGI60-08.01127,2008,-0.40113212767269707
RGI60-08.01127,2009,-0.18647464819466544
RGI60-08.01127,2010,-0.2086789739220669
RGI60-08.01127,2011,-0.738814074182517
RGI60-08.01127,2012,0.43141045735809114
RGI60-08.01127,2013,-0.2228604915638784
RGI60-08.01127,2014,-1.1361516110790548
RGI60-08.01127,2015,-0.17462235733863052
RGI60-08.01127,2016,-0.2874376577542586
RGI60-08.01127,2017,-0.35280778063958157
RGI60-08.01127,2018,-0.5965686564560433
RGI60-08.01127,2019,-0.8768620864922151
RGI60-08.01127,2020,0.35044135623461403
RGI60-08.01127,2021,-0.9921026188809698
RGI60-08.01127,2022,-0.7423200573779943
RGI60-08.01127,2023,-0.5651425014002065
RGI60-08.01127,2024,-0.7616183670933392
RGI60-08.01128,2000,-0.17416421347221778
RGI60-08.01128,2001,-0.23712569936611969
RGI60-08.01128,2002,-0.9618540297080347
RGI60-08.01128,2003,-0.8077086760567593
RGI60-08.01128,2004,-0.08120183294891359
RGI60-08.01128,2005,-0.2423656643144337
RGI60-08.01128,2006,-0.9459531041013209
RGI60-08.01128,2007,0.3250440825093333
RGI60-08.01128,2008,-0.3922065274244396
RGI60-08.01128,2009,-0.3949909863359755
RGI60-08.01128,2010,-0.4336465753490423
RGI60-08.01128,2011,-0.8236767838431509
RGI60-08.01128,2012,0.15644265356699721
RGI60-08.01128,2013,-0.46643392187002175
RGI60-08.01128,2014,-1.4425672941983352
RGI60-08.01128,2015,-0.06400951763499935
RGI60-08.01128,2016,-0.4446648088408404
RGI60-08.01128,2017,-0.36216047985660693
RGI60-08.01128,2018,-0.7047966458395749
RGI60-08.01128,2019,-0.9575599749155389
RGI60-08.01128,2020,-0.2904711693311628
RGI60-08.01128,2021,-1.1121235467894008
RGI60-08.01128,2022,-0.48571324011960215
RGI60-08.01128,2023,-0.4562052414453451
RGI60-08.01128,2024,-1.1639677713127696
RGI60-08.01129,2000,0.44629237283015794
RGI60-08.01129,2001,-0.3130939667844853
RGI60-08.01129,2002,-0.7574436107342706
RGI60-08.01129,2003,-1.6832508537740205
RGI60-08.01129,2004,-0.7310834134930255
RGI60-08.01129,2005,-0.0196305144014573
RGI60-08.01129,2006,-1.752575716033472
RGI60-08.01129,2007,0.46029271790255527
RGI60-08.01129,2008,-0.21869620284672475
RGI60-08.01129,2009,-1.0761350980823652
RGI60-08.01129,2010,-0.9341785282066615
RGI60-08.01129,2011,-0.983014063245026
RGI60-08.01129,2012,0.9090336539448773
RGI60-08.01129,2013,-0.24690785191779552
RGI60-08.01129,2014,-1.1874034331151948
RGI60-08.01129,2015,0.9306602987716504
RGI60-08.01129,2016,0.19754629895235237
RGI60-08.01129,2017,-0.5894464640292849
RGI60-08.01129,2018,-1.5748633661617384
RGI60-08.01129,2019,-0.6813022595760698
RGI60-08.01129,2020,0.09614716418092223
RGI60-08.01129,2021,-1.3141560864086672
RGI60-08.01129,2022,0.0723332502108553
RGI60-08.01129,2023,-1.2297079645604232
RGI60-08.01129,2024,-0.8761491267710997
RGI60-08.01130,2000,1.0785093031289823
RGI60-08.01130,2001,-0.4098636194910424
RGI60-08.01130,2002,-1.9618611703934916
RGI60-08.01130,2003,-1.4058579241138847
RGI60-08.01130,2004,0.8379173776224366
RGI60-08.01130,2005,-0.07983163833400708
RGI60-08.01130,2006,-1.334689499825979
RGI60-08.01130,2007,0.3894904911857192
RGI60-08.01130,2008,-0.3873732000899333
RGI60-08.01130,2009,-0.9848839359442331
RGI60-08.01130,2010,-0.9245684976442585
RGI60-08.01130,2011,-1.5440973429911973
RGI60-08.01130,2012,0.3194429626150549
RGI60-08.01130,2013,-1.142873021178222
RGI60-08.01130,2014,-1.5851110198043363
RGI60-08.01130,2015,-0.06845808222096184
RGI60-08.01130,2016,-1.0973602751930684
RGI60-08.01130,2017,-0.1183841944250873
RGI60-08.01130,2018,-1.5915341422142055
RGI60-08.01130,2019,-0.8421125706882786
RGI60-08.01130,2020,0.04993840364501967
RGI60-08.01130,2021,-1.215712608175284
RGI60-08.01130,2022,-0.7088581371819633
RGI60-08.01130,2023,-1.548631269190577
RGI60-08.01130,2024,-1.702103452556813
RGI60-08.01131,2000,0.007292380297262757
RGI60-08.01131,2001,-1.056255589852749
RGI60-08.01131,2002,-1.4458647953810297
RGI60-08.01131,2003,-1.3772464695697622
RGI60-08.01131,2004,-0.5899722467699037
RGI60-08.01131,2005,-0.44841986659395683
RGI60-08.01131,2006,-1.6392732399336696
RGI60-08.01131,2007,0.1356266876231479
RGI60-08.01131,2008,-0.8666705272299986
RGI60-08.01131,2009,-1.1790042994727463
RGI60-08.01131,2010,-0.9055335548699878
RGI60-08.01131,2011,-0.8193467558788228
RGI60-08.01131,2012,0.3153324010377192
RGI60-08.01131,2013,-0.956024059417828
RGI60-08.01131,2014,-1.658766712122088
RGI60-08.01131,2015,-0.31140274519446876
RGI60-08.01131,2016,-1.086862484707716
RGI60-08.01131,2017,-0.7920034563319812
RGI60-08.01131,2018,-0.9502822373012341
RGI60-08.01131,2019,-0.8129224283301947
RGI60-08.01131,2020,-0.06743864146810852
RGI60-08.01131,2021,-1.5967926219788313
RGI60-08.01131,2022,-0.42444928299029655
RGI60-08.01131,2023,-1.210173116485059
RGI60-08.01131,2024,-1.8367478157933959
RGI60-08.01133,2000,0.14081316745238265
RGI60-08.01133,2001,-0.4263409372825829
RGI60-08.01133,2002,-0.9148421328261713
RGI60-08.01133,2003,-1.1121265613395914
RGI60-08.01133,2004,-0.23737167869698653
RGI60-08.01133,2005,-0.38246973681897783
RGI60-08.01133,2006,-1.3386274676193872
RGI60-08.01133,2007,0.09771637856218623
RGI60-08.01133,2008,-0.36572881417323316
RGI60-08.01133,2009,-0.0408918471007772
RGI60-08.01133,2010,-0.8586999671203621
RGI60-08.01133,2011,-1.0745163295338418
RGI60-08.01133,2012,0.63924502220517
RGI60-08.01133,2013,-0.3325735761752654
RGI60-08.01133,2014,-1.1860172468076782
RGI60-08.01133,2015,0.45207249459408066
RGI60-08.01133,2016,-0.06080603415008301
RGI60-08.01133,2017,-0.18133347690028587
RGI60-08.01133,2018,-0.3297087159657611
RGI60-08.01133,2019,-0.6898925403028486
RGI60-08.01133,2020,0.3887639610676907
RGI60-08.01133,2021,-0.9157070278548649
RGI60-08.01133,2022,-0.16115121870822502
RGI60-08.01133,2023,-0.49253780197590635
RGI60-08.01133,2024,-0.6022826936060679
RGI60-08.01134,2000,0.12252669220527174
RGI60-08.01134,2001,-0.7465995527732183
RGI60-08.01134,2002,-1.165759513368521
RGI60-08.01134,2003,-1.2527462012750188
RGI60-08.01134,2004,0.22160935771555318
RGI60-08.01134,2005,-0.004030582772921121
RGI60-08.01134,2006,-1.7351762335212813
RGI60-08.01134,2007,0.5068747738878874
RGI60-08.01134,2008,-0.47804990334839004
RGI60-08.01134,2009,-0.09548112159516875
RGI60-08.01134,2010,0.7083100751482558
RGI60-08.01134,2011,-0.6444280589881318
RGI60-08.01134,2012,0.49215354657569815
RGI60-08.01134,2013,-0.1427275749858194
RGI60-08.01134,2014,-1.2592729532664075
RGI60-08.01134,2015,0.5443093463638615
RGI60-08.01134,2016,-0.16762651089832975
RGI60-08.01134,2017,-0.2684476154829973
RGI60-08.01134,2018,-2.2486178459478126
RGI60-08.01134,2019,-0.8181201236725217
RGI60-08.01134,2020,0.04946756136526842
RGI60-08.01134,2021,-1.4331389621652804
RGI60-08.01134,2022,-0.34717647215143616
RGI60-08.01134,2023,-1.6994509231754955
RGI60-08.01134,2024,-1.0925120455282864
RGI60-08.01135,2000,0.12593313546456297
RGI60-08.01135,2001,-1.501935275782074
RGI60-08.01135,2002,-2.5111814154956633
RGI60-08.01135,2003,-1.6391723252611534
RGI60-08.01135,2004,-1.5514978956684597
RGI60-08.01135,2005,0.031158439097601076
RGI60-08.01135,2006,-1.4221907717695554
RGI60-08.01135,2007,0.3540297228383761
RGI60-08.01135,2008,-0.4031507178973387
RGI60-08.01135,2009,-0.8344366003644832
RGI60-08.01135,2010,0.004855933094528253
RGI60-08.01135,2011,1.4580193625118354
RGI60-08.01135,2012,0.31472667309386737
RGI60-08.01135,2013,-0.7515279386296607
RGI60-08.01135,2014,-0.8585374973316038
RGI60-08.01135,2015,0.045700332297688884
RGI60-08.01135,2016,-0.11407871781762552
RGI60-08.01135,2017,-0.7079632889036803
RGI60-08.01135,2018,-0.8509666155309419
RGI60-08.01135,2019,-0.8727845379462198
RGI60-08.01135,2020,-0.14914638010693404
RGI60-08.01135,2021,-1.2754639643430103
RGI60-08.01135,2022,-0.13595851004282794
RGI60-08.01135,2023,-0.45227459916622936
RGI60-08.01135,2024,-1.5255972402595839
RGI60-08.01136,2000,0.6294481574693975
RGI60-08.01136,2001,-0.3327172401260744
RGI60-08.01136,2002,-2.8419334887387935
RGI60-08.01136,2003,-1.693319361716342
RGI60-08.01136,2004,-2.1074932165158806
RGI60-08.01136,2005,-0.7022225442813239
RGI60-08.01136,2006,-2.6137765546537235
RGI60-08.01136,2007,0.9993918874168446
RGI60-08.01136,2008,-0.6764951211157078
RGI60-08.01136,2009,-0.7670211835106054
RGI60-08.01136,2010,-1.8654822227031318
RGI60-08.01136,2011,-2.1170287891725836
RGI60-08.01136,2012,0.5790142484871093
RGI60-08.01136,2013,-0.2917419793553606
RGI60-08.01136,2014,-1.4863402562244015
RGI60-08.01136,2015,0.03916774433831427
RGI60-08.01136,2016,-0.31420482652464266
RGI60-08.01136,2017,-1.3081655157704986
RGI60-08.01136,2018,-2.6476559675560667
RGI60-08.01136,2019,-1.1716237697465222
RGI60-08.01136,2020,0.20591480923269367
RGI60-08.01136,2021,-1.6612532168781429
RGI60-08.01136,2022,-0.5952405894482689
RGI60-08.01136,2023,-1.9828545427068596
RGI60-08.01136,2024,-1.1152441590256081
RGI60-08.01137,2000,0.5479868056895357
RGI60-08.01137,2001,-1.322188351611769
RGI60-08.01137,2002,-2.1570194445567448
RGI60-08.01137,2003,-1.6973454093460523
RGI60-08.01137,2004,-1.9536971910778904
RGI60-08.01137,2005,-0.682846470788466
RGI60-08.01137,2006,-2.945832395526411
RGI60-08.01137,2007,0.6996761212957671
RGI60-08.01137,2008,-0.707094064831209
RGI60-08.01137,2009,-1.028115574253913
RGI60-08.01137,2010,0.0609046386067601
RGI60-08.01137,2011,-2.3794168728567597
RGI60-08.01137,2012,0.43654444930597036
RGI60-08.01137,2013,-0.008015063988937698
RGI60-08.01137,2014,-0.7682320295177094
RGI60-08.01137,2015,0.5413508542817843
RGI60-08.01137,2016,-0.4979785463791771
RGI60-08.01137,2017,-0.22179310010539266
RGI60-08.01137,2018,-2.822523347519081
RGI60-08.01137,2019,-2.1016650068202987
RGI60-08.01137,2020,0.6614738755703403
RGI60-08.01137,2021,-2.0256754623697764
RGI60-08.01137,2022,-0.8602041360037214
RGI60-08.01137,2023,0.28471143190279735
RGI60-08.01137,2024,-1.2238518719074492
RGI60-08.01138,2000,0.06514091368465236
RGI60-08.01138,2001,-0.923091443644714
RGI60-08.01138,2002,-2.0860788964621966
RGI60-08.01138,2003,-0.9945561413554418
RGI60-08.01138,2004,-1.058165886033958
RGI60-08.01138,2005,-0.39012033370776256
RGI60-08.01138,2006,-1.3761315244208725
RGI60-08.01138,2007,0.5139876434996732
RGI60-08.01138,2008,-0.6570304845777952
RGI60-08.01138,2009,-0.21655721327804278
RGI60-08.01138,2010,-1.6147392151789095
RGI60-08.01138,2011,-1.4974847952478152
RGI60-08.01138,2012,0.3909304707908753
RGI60-08.01138,2013,-0.36512246792986497
RGI60-08.01138,2014,-0.2908549331375809
RGI60-08.01138,2015,0.40707006492462205
RGI60-08.01138,2016,-0.137768140516922
RGI60-08.01138,2017,-0.8563799769894596
RGI60-08.01138,2018,-0.4963975298504324
RGI60-08.01138,2019,-1.0506501105680603
RGI60-08.01138,2020,-0.1147328792948128
RGI60-08.01138,2021,-0.9660091136132103
RGI60-08.01138,2022,-1.1558525593876572
RGI60-08.01138,2023,-0.7102321284277946
RGI60-08.01138,2024,-1.483498764270898
RGI60-08.01139,2000,0.2853294807620263
RGI60-08.01139,2001,-0.35880161532881555
RGI60-08.01139,2002,-0.8916721188955237
RGI60-08.01139,2003,-1.5420952943111241
RGI60-08.01139,2004,-0.7965449270991196
RGI60-08.01139,2005,-0.27230065004562076
RGI60-08.01139,2006,-1.8260308951476145
RGI60-08.01139,2007,0.2774523492663818
RGI60-08.01139,2008,-0.40020459142789633
RGI60-08.01139,2009,-0.15864062134904805
RGI60-08.01139,2010,-1.0977345000847534
RGI60-08.01139,2011,-0.8158272254059806
RGI60-08.01139,2012,0.4898006438954711
RGI60-08.01139,2013,0.008963943694010712
RGI60-08.01139,2014,-1.0154476010417006
RGI60-08.01139,2015,0.77089810479371
RGI60-08.01139,2016,-0.060509039058180836
RGI60-08.01139,2017,-0.14778026852618437
RGI60-08.01139,2018,-0.2658449318905922
RGI60-08.01139,2019,-0.832010242799428
RGI60-08.01139,2020,0.054424224216966965
RGI60-08.01139,2021,-0.8226045337952744
RGI60-08.01139,2022,0.21224896316306235
RGI60-08.01139,2023,-0.7808058751760192
RGI60-08.01139,2024,-0.4265182364461954
RGI60-08.01141,2000,0.8560164546431857
RGI60-08.01141,2001,-1.2978640521350293
RGI60-08.01141,2002,-1.4121156403549775
RGI60-08.01141,2003,-1.400117694441159
RGI60-08.01141,2004,-0.9878196051919788
RGI60-08.01141,2005,0.05937720364448307
RGI60-08.01141,2006,-1.970021334396938
RGI60-08.01141,2007,0.4986385949797466
RGI60-08.01141,2008,-0.18717559993032495
RGI60-08.01141,2009,0.1359241487026951
RGI60-08.01141,2010,-1.6709431195118205
RGI60-08.01141,2011,-1.9881676712745393
RGI60-08.01141,2012,0.7947858940647954
RGI60-08.01141,2013,-0.057017872054611785
RGI60-08.01141,2014,-0.2825383571611325
RGI60-08.01141,2015,0.9978173151217862
RGI60-08.01141,2016,0.18112358554170094
RGI60-08.01141,2017,-0.22640330223479896
RGI60-08.01141,2018,0.009589137506319234
RGI60-08.01141,2019,-0.4187880855173928
RGI60-08.01141,2020,0.44262794729925203
RGI60-08.01141,2021,-1.3157846944101594
RGI60-08.01141,2022,-0.5122332787774491
RGI60-08.01141,2023,-1.026505579555355
RGI60-08.01141,2024,-1.0986862884819946
RGI60-08.01142,2000,-0.13421069972088356
RGI60-08.01142,2001,-0.7366640006713367
RGI60-08.01142,2002,-0.9844488940670101
RGI60-08.01142,2003,-1.1012724440047368
RGI60-08.01142,2004,-0.32710644436853126
RGI60-08.01142,2005,-0.09940459951792624
RGI60-08.01142,2006,-1.4807396052395423
RGI60-08.01142,2007,0.1556962896777424
RGI60-08.01142,2008,-0.40822951334258256
RGI60-08.01142,2009,-0.007192095447815572
RGI60-08.01142,2010,-1.0432471908271006
RGI60-08.01142,2011,-0.6578335655872172
RGI60-08.01142,2012,0.4450250751468975
RGI60-08.01142,2013,-0.3093179742289157
RGI60-08.01142,2014,-0.9079894512430106
RGI60-08.01142,2015,0.3612193505316309
RGI60-08.01142,2016,-0.32025687072574616
RGI60-08.01142,2017,-0.2161748121103262
RGI60-08.01142,2018,-0.2951987988608335
RGI60-08.01142,2019,-0.5907537553927547
RGI60-08.01142,2020,0.2592542828934222
RGI60-08.01142,2021,-0.947022150041536
RGI60-08.01142,2022,-0.021247056246589013
RGI60-08.01142,2023,-0.4503279710582784
RGI60-08.01142,2024,-0.6743164706242314
RGI60-08.01145,2000,-0.31608075885538206
RGI60-08.01145,2001,-1.5565211219662898
RGI60-08.01145,2002,-3.0963305619732164
RGI60-08.01145,2003,0.6576214046749673
RGI60-08.01145,2004,-1.3511544088218805
RGI60-08.01145,2005,-0.9713449192825041
RGI60-08.01145,2006,-1.7210590281323443
RGI60-08.01145,2007,-0.5945793269781655
RGI60-08.01145,2008,-1.3433764435950617
RGI60-08.01145,2009,1.0530935733270084
RGI60-08.01145,2010,-0.1040235208045619
RGI60-08.01145,2011,0.718416486659885
RGI60-08.01145,2012,0.23767607654953404
RGI60-08.01145,2013,-1.791796918595737
RGI60-08.01145,2014,-0.4993016922147575
RGI60-08.01145,2015,-0.478175310957564
RGI60-08.01145,2016,-1.1473221443669908
RGI60-08.01145,2017,0.7425312826422046
RGI60-08.01145,2018,-1.4868605847787377
RGI60-08.01145,2019,-1.518212082530418
RGI60-08.01145,2020,-0.612429965304448
RGI60-08.01145,2021,-2.289853135426995
RGI60-08.01145,2022,-1.5739049297548933
RGI60-08.01145,2023,-1.719117018492752
RGI60-08.01145,2024,-0.004811160173606721
RGI60-08.01146,2000,0.8034752886839724
RGI60-08.01146,2001,-0.9996173388590939
RGI60-08.01146,2002,-0.9124339598697213
RGI60-08.01146,2003,-1.4251607712281653
RGI60-08.01146,2004,-0.5718901503683189
RGI60-08.01146,2005,0.3098387740255289
RGI60-08.01146,2006,-2.378334829302466
RGI60-08.01146,2007,0.7016914897960329
RGI60-08.01146,2008,0.026311641155783494
RGI60-08.01146,2009,0.05755552671881664
RGI60-08.01146,2010,-1.1685892659452832
RGI60-08.01146,2011,-1.5286292253697997
RGI60-08.01146,2012,1.3120157886743884
RGI60-08.01146,2013,-0.14982428275767867
RGI60-08.01146,2014,-1.5813190181345895
RGI60-08.01146,2015,0.7225717623445498
RGI60-08.01146,2016,-0.24906052881895668
RGI60-08.01146,2017,0.19384195467191662
RGI60-08.01146,2018,-1.2814351729165576
RGI60-08.01146,2019,-0.9593076825003601
RGI60-08.01146,2020,0.730463564970294
RGI60-08.01146,2021,-1.5426593595481184
RGI60-08.01146,2022,-0.3770254405531347
RGI60-08.01146,2023,-1.1398796422739235
RGI60-08.01146,2024,-0.804557443515783
RGI60-08.01147,2000,0.3464798457224496
RGI60-08.01147,2001,-0.6966818949645377
RGI60-08.01147,2002,-1.6748938034719485
RGI60-08.01147,2003,-1.3360335907336793
RGI60-08.01147,2004,-0.2680880774149633
RGI60-08.01147,2005,-0.09004520094066626
RGI60-08.01147,2006,-2.1934409836912203
RGI60-08.01147,2007,0.3424026719048867
RGI60-08.01147,2008,-0.34832522193165905
RGI60-08.01147,2009,-0.3273478711446468
RGI60-08.01147,2010,-1.209751542066415
RGI60-08.01147,2011,-1.5954867093790557
RGI60-08.01147,2012,0.5361210551096778
RGI60-08.01147,2013,-0.44901531151780194
RGI60-08.01147,2014,-1.3718661555039873
RGI60-08.01147,2015,0.318461728085321
RGI60-08.01147,2016,-0.7833276253143137
RGI60-08.01147,2017,-0.37501241157490456
RGI60-08.01147,2018,-1.0178648699841404
RGI60-08.01147,2019,-1.4960840311883865
RGI60-08.01147,2020,0.17425644557887943
RGI60-08.01147,2021,-1.347249832387619
RGI60-08.01147,2022,-0.5318329087007065
RGI60-08.01147,2023,-1.339646893036471
RGI60-08.01147,2024,-1.215107847299746
RGI60-08.01149,2000,0.013134969167610033
RGI60-08.01149,2001,-0.6085256736600935
RGI60-08.01149,2002,-1.778647912243885
RGI60-08.01149,2003,0.5296454986775161
RGI60-08.01149,2004,-0.32576791903170516
RGI60-08.01149,2005,-0.13886585358281814
RGI60-08.01149,2006,-2.121330451871151
RGI60-08.01149,2007,-0.6208116001789077
RGI60-08.01149,2008,0.7825911012935811
RGI60-08.01149,2009,0.7121393901274509
RGI60-08.01149,2010,-1.027245277907378
RGI60-08.01149,2011,0.42532521825735453
RGI60-08.01149,2012,0.5005502199158964
RGI60-08.01149,2013,-1.1228338025113063
RGI60-08.01149,2014,-0.5973129828105075
RGI60-08.01149,2015,-0.6546211979899277
RGI60-08.01149,2016,-0.5238504293440251
RGI60-08.01149,2017,-1.0387449968199223
RGI60-08.01149,2018,1.4221776408173368
RGI60-08.01149,2019,-0.5243059403051145
RGI60-08.01149,2020,-0.8642526512288253
RGI60-08.01149,2021,-0.6389077284384158
RGI60-08.01149,2022,-0.05298045670991047
RGI60-08.01149,2023,1.1511754067096367
RGI60-08.01149,2024,-1.7884848144748953
RGI60-08.01150,2000,0.0053957148819676615
RGI60-08.01150,2001,-1.0517214459576696
RGI60-08.01150,2002,-1.5599829522925042
RGI60-08.01150,2003,-1.3395777410057548
RGI60-08.01150,2004,-0.05641219637460093
RGI60-08.01150,2005,-0.12819702489097873
RGI60-08.01150,2006,-2.207922705687609
RGI60-08.01150,2007,0.41115450161934175
RGI60-08.01150,2008,-0.3490525176005801
RGI60-08.01150,2009,-0.26065894196221284
RGI60-08.01150,2010,-1.7992130233692403
RGI60-08.01150,2011,-0.8136952602831548
RGI60-08.01150,2012,0.456674562614235
RGI60-08.01150,2013,0.16913158158502606
RGI60-08.01150,2014,-1.059432203562892
RGI60-08.01150,2015,0.5544896258166468
RGI60-08.01150,2016,-0.4456595051394865
RGI60-08.01150,2017,0.17221788758078582
RGI60-08.01150,2018,-0.48161988998316146
RGI60-08.01150,2019,-0.6941184659881672
RGI60-08.01150,2020,-0.006385020396409313
RGI60-08.01150,2021,-1.3404222918733293
RGI60-08.01150,2022,-0.1418118787443844
RGI60-08.01150,2023,-0.7967764343661247
RGI60-08.01150,2024,-1.0805997067864554
RGI60-08.01151,2000,0.6376181671598694
RGI60-08.01151,2001,-0.46547583403325915
RGI60-08.01151,2002,-1.547109954082765
RGI60-08.01151,2003,-1.2224967888274296
RGI60-08.01151,2004,-0.575786189199602
RGI60-08.01151,2005,0.3842580954982334
RGI60-08.01151,2006,-1.9684512828123664
RGI60-08.01151,2007,-0.40896087847849794
RGI60-08.01151,2008,-0.36650953399497993
RGI60-08.01151,2009,-0.8519225949666203
RGI60-08.01151,2010,-1.0542856480644422
RGI60-08.01151,2011,-1.3953161099378306
RGI60-08.01151,2012,1.4378734826574617
RGI60-08.01151,2013,0.38972950253811856
RGI60-08.01151,2014,1.0186558376747468
RGI60-08.01151,2015,0.978203355493728
RGI60-08.01151,2016,-0.42250600638745933
RGI60-08.01151,2017,-0.5985069893644789
RGI60-08.01151,2018,-0.022901969713643278
RGI60-08.01151,2019,-0.7889086611587712
RGI60-08.01151,2020,-0.09617433774418621
RGI60-08.01151,2021,-0.9301652330536315
RGI60-08.01151,2022,0.07445713827311135
RGI60-08.01151,2023,1.9825799567381774
RGI60-08.01151,2024,-0.7598100465527386
RGI60-08.01152,2000,0.48238511420836394
RGI60-08.01152,2001,-0.7124153947845193
RGI60-08.01152,2002,-1.5678609590737707
RGI60-08.01152,2003,-1.4530716043593563
RGI60-08.01152,2004,-1.7626745534595833
RGI60-08.01152,2005,-0.10717831222361851
RGI60-08.01152,2006,-2.2287466937879663
RGI60-08.01152,2007,0.35381972034180875
RGI60-08.01152,2008,-0.29057870688301757
RGI60-08.01152,2009,-0.4073599143182549
RGI60-08.01152,2010,-1.4017907531386469
RGI60-08.01152,2011,-1.700933254833085
RGI60-08.01152,2012,0.7575060219803278
RGI60-08.01152,2013,-0.03261908433870708
RGI60-08.01152,2014,-1.5944590437585835
RGI60-08.01152,2015,0.391938533873488
RGI60-08.01152,2016,-0.4972826453531707
RGI60-08.01152,2017,-0.1727390322056791
RGI60-08.01152,2018,-1.1829894416165496
RGI60-08.01152,2019,-1.1244499962694976
RGI60-08.01152,2020,0.22861100851912908
RGI60-08.01152,2021,-1.6741589784407198
RGI60-08.01152,2022,-0.5583690544519111
RGI60-08.01152,2023,-1.0253245280650223
RGI60-08.01152,2024,-1.0727902524745574
RGI60-08.01153,2000,-0.2892253407499787
RGI60-08.01153,2001,0.2698116766865198
RGI60-08.01153,2002,-0.662167301459663
RGI60-08.01153,2003,-1.094371193327886
RGI60-08.01153,2004,-0.12337021321835617
RGI60-08.01153,2005,-0.21763993372198104
RGI60-08.01153,2006,-1.3748796203523619
RGI60-08.01153,2007,0.8012774782107066
RGI60-08.01153,2008,-0.5857398640530281
RGI60-08.01153,2009,-0.06033557218901464
RGI60-08.01153,2010,-1.3721156182260212
RGI60-08.01153,2011,-0.8277641528761774
RGI60-08.01153,2012,0.4590096478888313
RGI60-08.01153,2013,-0.14008101126820166
RGI60-08.01153,2014,-0.966025772807342
RGI60-08.01153,2015,0.22395986204331403
RGI60-08.01153,2016,-0.6761713464223496
RGI60-08.01153,2017,-0.568637778648724
RGI60-08.01153,2018,-0.010366929845016526
RGI60-08.01153,2019,-0.7075670156632725
RGI60-08.01153,2020,0.2581652534430518
RGI60-08.01153,2021,-0.9331449064947328
RGI60-08.01153,2022,-0.4504740356282253
RGI60-08.01153,2023,-0.758078910819876
RGI60-08.01153,2024,-1.1265384922436805
RGI60-08.01157,2000,0.5420918371061251
RGI60-08.01157,2001,-0.23431128003163526
RGI60-08.01157,2002,-1.632536204105015
RGI60-08.01157,2003,-1.2328765995774993
RGI60-08.01157,2004,-1.2851710598473702
RGI60-08.01157,2005,-0.19388139727997988
RGI60-08.01157,2006,-1.6944558081207122
RGI60-08.01157,2007,0.3749547923441562
RGI60-08.01157,2008,0.1796312980950917
RGI60-08.01157,2009,-0.3550648511167497
RGI60-08.01157,2010,-0.8265896738663915
RGI60-08.01157,2011,-1.1753671153157654
RGI60-08.01157,2012,0.4772102716577743
RGI60-08.01157,2013,-0.8648656136749954
RGI60-08.01157,2014,-1.403799463748772
RGI60-08.01157,2015,0.6557297886536041
RGI60-08.01157,2016,-0.4403294713386144
RGI60-08.01157,2017,-0.4047076962005123
RGI60-08.01157,2018,-0.7532559258423502
RGI60-08.01157,2019,-0.9338058277903802
RGI60-08.01157,2020,0.2996062443382148
RGI60-08.01157,2021,-1.0509073682829462
RGI60-08.01157,2022,-0.20478231354531173
RGI60-08.01157,2023,-1.0934483137945037
RGI60-08.01157,2024,-1.3805417471687185
RGI60-08.01158,2000,0.18672576718874812
RGI60-08.01158,2001,-0.9120368156881109
RGI60-08.01158,2002,-1.4501977513655777
RGI60-08.01158,2003,-0.9922952286100494
RGI60-08.01158,2004,-1.3033230869539005
RGI60-08.01158,2005,-0.34557744586233197
RGI60-08.01158,2006,-1.4259418060350635
RGI60-08.01158,2007,0.2063380415039212
RGI60-08.01158,2008,-0.802253942955188
RGI60-08.01158,2009,-0.31887361966336136
RGI60-08.01158,2010,-1.5564748723157966
RGI60-08.01158,2011,-1.1902440075371703
RGI60-08.01158,2012,-0.06513947166243006
RGI60-08.01158,2013,-0.43622283348960256
RGI60-08.01158,2014,-1.0717598357822276
RGI60-08.01158,2015,0.39534497028742654
RGI60-08.01158,2016,0.10771624816398906
RGI60-08.01158,2017,-0.7180794546407384
RGI60-08.01158,2018,0.09637620937909441
RGI60-08.01158,2019,-1.5256810639616203
RGI60-08.01158,2020,-0.01836082538986339
RGI60-08.01158,2021,-1.4139621122668886
RGI60-08.01158,2022,-0.9510444373526137
RGI60-08.01158,2023,-1.5167858574203665
RGI60-08.01158,2024,-1.0061207086850084
RGI60-08.01161,2000,-0.07365089713571327
RGI60-08.01161,2001,-1.0829375454137984
RGI60-08.01161,2002,-1.5635210438381295
RGI60-08.01161,2003,-1.5189562133799424
RGI60-08.01161,2004,-0.9905117924232377
RGI60-08.01161,2005,-0.3801393347070204
RGI60-08.01161,2006,-1.9825118420144436
RGI60-08.01161,2007,0.19922851588818002
RGI60-08.01161,2008,-1.0112428633849866
RGI60-08.01161,2009,-0.5490706551869872
RGI60-08.01161,2010,-1.6488861135786728
RGI60-08.01161,2011,-0.8238366329201597
RGI60-08.01161,2012,0.2880366635192052
RGI60-08.01161,2013,-0.6400492020783357
RGI60-08.01161,2014,-0.47373272015002343
RGI60-08.01161,2015,0.14158620915998266
RGI60-08.01161,2016,-0.6250996545524085
RGI60-08.01161,2017,-1.006832848348592
RGI60-08.01161,2018,-0.9594413997539148
RGI60-08.01161,2019,-1.492330629701001
RGI60-08.01161,2020,-0.1531304825077604
RGI60-08.01161,2021,-2.1326584076724133
RGI60-08.01161,2022,-1.019691351601841
RGI60-08.01161,2023,-1.2220771139069808
RGI60-08.01161,2024,-1.8984300064535042
RGI60-08.01162,2000,0.34337138853931465
RGI60-08.01162,2001,-0.555738094344235
RGI60-08.01162,2002,-1.7275352668331176
RGI60-08.01162,2003,-0.8808833099879498
RGI60-08.01162,2004,-0.028829308092402306
RGI60-08.01162,2005,0.019070691234922887
RGI60-08.01162,2006,-1.4548547198624084
RGI60-08.01162,2007,-0.08066187385175944
RGI60-08.01162,2008,-0.6592624712966642
RGI60-08.01162,2009,-0.37240674130988577
RGI60-08.01162,2010,-0.20147083590404405
RGI60-08.01162,2011,-0.751916291034082
RGI60-08.01162,2012,0.46171596710681745
RGI60-08.01162,2013,-0.5118104649260644
RGI60-08.01162,2014,-1.8182403928763136
RGI60-08.01162,2015,0.08594952503434056
RGI60-08.01162,2016,-0.4985956741394604
RGI60-08.01162,2017,-0.6082758938434223
RGI60-08.01162,2018,-0.5217422039037207
RGI60-08.01162,2019,1.0981159702901293
RGI60-08.01162,2020,0.025889519707198494
RGI60-08.01162,2021,-1.639795980903816
RGI60-08.01162,2022,-0.6089678462224921
RGI60-08.01162,2023,-1.3863465611618373
RGI60-08.01162,2024,-1.286351172228721
RGI60-08.01163,2000,-0.08300249688850525
RGI60-08.01163,2001,0.27232697384080173
RGI60-08.01163,2002,-2.784715933471231
RGI60-08.01163,2003,-0.12368298914609491
RGI60-08.01163,2004,-1.7268222230830865
RGI60-08.01163,2005,-0.10264290394159573
RGI60-08.01163,2006,-1.2617677384178883
RGI60-08.01163,2007,0.2678274932061533
RGI60-08.01163,2008,-0.31976601321367
RGI60-08.01163,2009,-0.462491271545168
RGI60-08.01163,2010,1.2939850374455077
RGI60-08.01163,2011,-2.0335719670018033
RGI60-08.01163,2012,0.4407299659875059
RGI60-08.01163,2013,-0.9187978132482588
RGI60-08.01163,2014,-0.2930173427222718
RGI60-08.01163,2015,-0.14312705752678365
RGI60-08.01163,2016,1.887472332926373
RGI60-08.01163,2017,0.9437323809998303
RGI60-08.01163,2018,0.05439773902576117
RGI60-08.01163,2019,-1.124166173225582
RGI60-08.01163,2020,-0.12194321367881714
RGI60-08.01163,2021,-0.4479092598809197
RGI60-08.01163,2022,0.9278044445919688
RGI60-08.01163,2023,1.6839788960224173
RGI60-08.01163,2024,-1.6114348667041245
RGI60-08.01164,2000,0.8142650661017519
RGI60-08.01164,2001,-0.4367028251795659
RGI60-08.01164,2002,-1.4175388065689765
RGI60-08.01164,2003,-1.1545091740950082
RGI60-08.01164,2004,0.09143963743192474
RGI60-08.01164,2005,-0.06691106514859602
RGI60-08.01164,2006,-1.5905226622581028
RGI60-08.01164,2007,0.2591887005786515
RGI60-08.01164,2008,-0.2565405328257511
RGI60-08.01164,2009,0.08084500031343622
RGI60-08.01164,2010,-0.9563615380069097
RGI60-08.01164,2011,-1.2658266920572907
RGI60-08.01164,2012,0.9059730330373406
RGI60-08.01164,2013,0.10259002369682768
RGI60-08.01164,2014,-1.3901810261563203
RGI60-08.01164,2015,0.49253098647183213
RGI60-08.01164,2016,-0.6257206160586125
RGI60-08.01164,2017,-0.1539245816650464
RGI60-08.01164,2018,-1.3599002803531897
RGI60-08.01164,2019,-1.1761926472584001
RGI60-08.01164,2020,0.21056884971472467
RGI60-08.01164,2021,-1.2805547606389387
RGI60-08.01164,2022,-0.5825718281669859
RGI60-08.01164,2023,-1.3331255488010343
RGI60-08.01164,2024,-1.244437680783365
RGI60-08.01165,2000,0.08920653380120158
RGI60-08.01165,2001,-0.5673261372955032
RGI60-08.01165,2002,-0.8230581049687613
RGI60-08.01165,2003,-0.7344474896533102
RGI60-08.01165,2004,-0.9148715758857461
RGI60-08.01165,2005,-0.20751576064876986
RGI60-08.01165,2006,-1.2213433862585439
RGI60-08.01165,2007,0.3604610643096
RGI60-08.01165,2008,-0.4436800454520512
RGI60-08.01165,2009,-0.37963432779291717
RGI60-08.01165,2010,-0.8518005553812957
RGI60-08.01165,2011,-0.950846483313601
RGI60-08.01165,2012,0.6594620463807458
RGI60-08.01165,2013,-0.2687874888795737
RGI60-08.01165,2014,-1.0848510123503146
RGI60-08.01165,2015,0.040275284270842815
RGI60-08.01165,2016,-0.19534445482676907
RGI60-08.01165,2017,-0.42953593345883234
RGI60-08.01165,2018,-0.27516710901740427
RGI60-08.01165,2019,-0.5514950635789941
RGI60-08.01165,2020,0.023070798270835857
RGI60-08.01165,2021,-1.149987904775256
RGI60-08.01165,2022,-0.19191773090962985
RGI60-08.01165,2023,-0.4880462314389244
RGI60-08.01165,2024,-0.5435248054810117
RGI60-08.01166,2000,0.065735618597767
RGI60-08.01166,2001,-0.8662713057863849
RGI60-08.01166,2002,-1.5558957265981004
RGI60-08.01166,2003,-1.3441316485613015
RGI60-08.01166,2004,-0.7520944088210073
RGI60-08.01166,2005,-0.23208679780574032
RGI60-08.01166,2006,-1.5458041054491183
RGI60-08.01166,2007,0.09590730125664304
RGI60-08.01166,2008,-0.7204389112191647
RGI60-08.01166,2009,-0.8892143807519772
RGI60-08.01166,2010,-0.6580301565366631
RGI60-08.01166,2011,-0.6970718279318927
RGI60-08.01166,2012,0.3037980748319009
RGI60-08.01166,2013,-0.8100316129240823
RGI60-08.01166,2014,-1.8530258706617948
RGI60-08.01166,2015,-0.18608234521753197
RGI60-08.01166,2016,-0.7296269111669954
RGI60-08.01166,2017,-0.5004529507082964
RGI60-08.01166,2018,-0.4274238333087159
RGI60-08.01166,2019,-1.185358201237555
RGI60-08.01166,2020,-0.03950873600479632
RGI60-08.01166,2021,-1.3529359532081213
RGI60-08.01166,2022,-0.44792732069754065
RGI60-08.01166,2023,-1.286603533039381
RGI60-08.01166,2024,-1.6947942099532016
RGI60-08.01167,2000,0.14296439885306605
RGI60-08.01167,2001,-0.20515609211851946
RGI60-08.01167,2002,-1.1810927563093487
RGI60-08.01167,2003,-1.240724870441657
RGI60-08.01167,2004,0.5244392216387146
RGI60-08.01167,2005,0.9139956805144305
RGI60-08.01167,2006,-1.47477134941931
RGI60-08.01167,2007,0.06919546730251408
RGI60-08.01167,2008,-0.434961189565649
RGI60-08.01167,2009,-0.599411418136996
RGI60-08.01167,2010,-0.7103824487234609
RGI60-08.01167,2011,-0.34893605291753316
RGI60-08.01167,2012,0.5797349783169978
RGI60-08.01167,2013,-0.24303837025245975
RGI60-08.01167,2014,-2.045289168398248
RGI60-08.01167,2015,0.13850613952488128
RGI60-08.01167,2016,-1.2376541292152106
RGI60-08.01167,2017,-0.2895345713303946
RGI60-08.01167,2018,-1.0233167122011024
RGI60-08.01167,2019,-0.435466757120719
RGI60-08.01167,2020,0.14034169654194667
RGI60-08.01167,2021,-1.6413441836133502
RGI60-08.01167,2022,-0.19975896445104807
RGI60-08.01167,2023,-1.1909581278699621
RGI60-08.01167,2024,-2.273415457862608
RGI60-08.01169,2000,0.26546363138297757
RGI60-08.01169,2001,-0.49609690764003245
RGI60-08.01169,2002,-0.22323979029751564
RGI60-08.01169,2003,-0.7813366474931583
RGI60-08.01169,2004,0.07944870682663513
RGI60-08.01169,2005,0.3479542429884297
RGI60-08.01169,2006,-1.0699312066083597
RGI60-08.01169,2007,-0.020846265147702714
RGI60-08.01169,2008,0.14697964589231027
RGI60-08.01169,2009,0.23243911099382997
RGI60-08.01169,2010,-0.38597569369727064
RGI60-08.01169,2011,-0.59676155576457
RGI60-08.01169,2012,0.9520655232733074
RGI60-08.01169,2013,-0.28741283496573433
RGI60-08.01169,2014,-1.453160191109403
RGI60-08.01169,2015,0.33647849988425005
RGI60-08.01169,2016,-0.13441711381462582
RGI60-08.01169,2017,-0.41818924327622287
RGI60-08.01169,2018,-1.7771208224189534
RGI60-08.01169,2019,-0.30044108900820327
RGI60-08.01169,2020,0.16500702497034092
RGI60-08.01169,2021,-0.40496523341746354
RGI60-08.01169,2022,-0.20135294983854424
RGI60-08.01169,2023,-1.1099896236589424
RGI60-08.01169,2024,-1.020940659073002
RGI60-08.01171,2000,0.4491796391627257
RGI60-08.01171,2001,-0.5274454389192491
RGI60-08.01171,2002,-0.9706200491992751
RGI60-08.01171,2003,-1.0588480257034654
RGI60-08.01171,2004,0.35010267010959256
RGI60-08.01171,2005,0.6795978917572145
RGI60-08.01171,2006,-0.870358049415473
RGI60-08.01171,2007,0.2297858550160467
RGI60-08.01171,2008,-0.28727093557396666
RGI60-08.01171,2009,0.060361858732314755
RGI60-08.01171,2010,-0.39323509963257686
RGI60-08.01171,2011,-0.21073709397353685
RGI60-08.01171,2012,0.23974942843487118
RGI60-08.01171,2013,-0.2830690800419972
RGI60-08.01171,2014,-1.34859517443252
RGI60-08.01171,2015,0.045835623131168846
RGI60-08.01171,2016,-1.0420518450380885
RGI60-08.01171,2017,-0.288624043429424
RGI60-08.01171,2018,-0.14281749861358853
RGI60-08.01171,2019,-0.5594406323707711
RGI60-08.01171,2020,0.2901938868286989
RGI60-08.01171,2021,-1.158307032442647
RGI60-08.01171,2022,0.05081920759170555
RGI60-08.01171,2023,-0.4390370050716063
RGI60-08.01171,2024,-1.5850529625193415
RGI60-08.01172,2000,-0.6085152823719551
RGI60-08.01172,2001,-0.5063711402973249
RGI60-08.01172,2002,-0.9676674540043995
RGI60-08.01172,2003,-1.3521946144768031
RGI60-08.01172,2004,-0.38800321946146904
RGI60-08.01172,2005,0.2636470407583913
RGI60-08.01172,2006,-0.9637345086950116
RGI60-08.01172,2007,1.5422141314530693
RGI60-08.01172,2008,-0.572708011749079
RGI60-08.01172,2009,-0.5859697616451264
RGI60-08.01172,2010,-0.7264013789547112
RGI60-08.01172,2011,-1.8883738404222186
RGI60-08.01172,2012,-0.10546272070917329
RGI60-08.01172,2013,-1.3300504363468248
RGI60-08.01172,2014,-1.8654346033968965
RGI60-08.01172,2015,-0.22605550837643057
RGI60-08.01172,2016,-1.4170184503088334
RGI60-08.01172,2017,-0.22453054906534192
RGI60-08.01172,2018,-0.34811308221658316
RGI60-08.01172,2019,-0.9325566097132816
RGI60-08.01172,2020,-0.01943396410318432
RGI60-08.01172,2021,-1.6241791880792456
RGI60-08.01172,2022,-0.38547199227971896
RGI60-08.01172,2023,0.2935609943677818
RGI60-08.01172,2024,-1.5755908269273053
RGI60-08.01176,2000,0.7526795222629972
RGI60-08.01176,2001,-0.5723424863819385
RGI60-08.01176,2002,-1.3784681185326224
RGI60-08.01176,2003,-1.23539627268821
RGI60-08.01176,2004,-0.32202379150034577
RGI60-08.01176,2005,0.21004795925700825
RGI60-08.01176,2006,-1.5420508248971785
RGI60-08.01176,2007,0.6847958159481178
RGI60-08.01176,2008,-0.39861543468172267
RGI60-08.01176,2009,-0.514758660514539
RGI60-08.01176,2010,-0.6827496786242964
RGI60-08.01176,2011,-0.6791585948485817
RGI60-08.01176,2012,1.111472897451352
RGI60-08.01176,2013,-0.6753071842067596
RGI60-08.01176,2014,-1.5095699222283898
RGI60-08.01176,2015,0.5922117174824125
RGI60-08.01176,2016,-0.4109792252238397
RGI60-08.01176,2017,-0.38057266970410364
RGI60-08.01176,2018,-0.24887942231566965
RGI60-08.01176,2019,0.39516437394630677
RGI60-08.01176,2020,0.6979669531956643
RGI60-08.01176,2021,-1.1179332444621
RGI60-08.01176,2022,-0.07369109485585051
RGI60-08.01176,2023,-0.43986628330403654
RGI60-08.01176,2024,-1.2183989384983689
RGI60-08.01178,2000,0.12312529644925341
RGI60-08.01178,2001,-1.0221425726908389
RGI60-08.01178,2002,-1.5729415999597234
RGI60-08.01178,2003,-1.0498353299122125
RGI60-08.01178,2004,-0.21630535240430987
RGI60-08.01178,2005,0.13035396427526913
RGI60-08.01178,2006,-1.1216175386575133
RGI60-08.01178,2007,0.033258912505730764
RGI60-08.01178,2008,-0.3630426716539202
RGI60-08.01178,2009,-1.8695459482518908
RGI60-08.01178,2010,-0.09301424102030897
RGI60-08.01178,2011,-0.7022609339516837
RGI60-08.01178,2012,0.592830859323509
RGI60-08.01178,2013,-0.4123659235869225
RGI60-08.01178,2014,-1.9329979375796122
RGI60-08.01178,2015,0.34577425068382195
RGI60-08.01178,2016,-0.8980674519733058
RGI60-08.01178,2017,-0.20083931411671518
RGI60-08.01178,2018,-1.1659464467657212
RGI60-08.01178,2019,-0.6691200207128916
RGI60-08.01178,2020,0.3460589548711088
RGI60-08.01178,2021,-1.1367147423333894
RGI60-08.01178,2022,-0.22321450449498798
RGI60-08.01178,2023,-1.169599775492371
RGI60-08.01178,2024,-1.8015937528236305
RGI60-08.01179,2000,0.8155951976766704
RGI60-08.01179,2001,-0.3516561886268692
RGI60-08.01179,2002,-0.6518005369631594
RGI60-08.01179,2003,-1.249056589188699
RGI60-08.01179,2004,-0.6073644017094768
RGI60-08.01179,2005,0.9823271008983521
RGI60-08.01179,2006,-1.3563763212919253
RGI60-08.01179,2007,0.7431425951302351
RGI60-08.01179,2008,0.06292305638892914
RGI60-08.01179,2009,-0.8233366081101212
RGI60-08.01179,2010,-0.4706141391086767
RGI60-08.01179,2011,-1.1108956513227657
RGI60-08.01179,2012,1.277070832045854
RGI60-08.01179,2013,-0.2521817977381083
RGI60-08.01179,2014,-1.979636582380977
RGI60-08.01179,2015,0.765942708699807
RGI60-08.01179,2016,-0.9580172427951246
RGI60-08.01179,2017,-0.21899305949292014
RGI60-08.01179,2018,-1.1000600025275138
RGI60-08.01179,2019,0.1195876304164914
RGI60-08.01179,2020,-0.6461814122708771
RGI60-08.01179,2021,-1.2266882270487025
RGI60-08.01179,2022,0.2348864348544885
RGI60-08.01179,2023,-0.6773472462231827
RGI60-08.01179,2024,-1.3648270437488728
RGI60-08.01182,2000,0.19096961035834592
RGI60-08.01182,2001,-0.40035532109965855
RGI60-08.01182,2002,-1.0797128800153462
RGI60-08.01182,2003,-1.347747139304441
RGI60-08.01182,2004,-0.2595635390696139
RGI60-08.01182,2005,-1.2687888316770393
RGI60-08.01182,2006,-1.3800370240333537
RGI60-08.01182,2007,0.1549231940473771
RGI60-08.01182,2008,0.26789818987593794
RGI60-08.01182,2009,-1.0679715219491328
RGI60-08.01182,2010,0.6184551050609404
RGI60-08.01182,2011,-1.6379336247809166
RGI60-08.01182,2012,0.20499818462272057
RGI60-08.01182,2013,-1.1394195644557672
RGI60-08.01182,2014,-1.412366897530346
RGI60-08.01182,2015,0.1845241658622251
RGI60-08.01182,2016,-0.2701281256889112
RGI60-08.01182,2017,-0.2485616075547809
RGI60-08.01182,2018,-1.3334891475258832
RGI60-08.01182,2019,-0.8702932251423569
RGI60-08.01182,2020,0.05246992978208076
RGI60-08.01182,2021,-0.8929224126024803
RGI60-08.01182,2022,-0.9616309521893509
RGI60-08.01182,2023,-1.3722926112277702
RGI60-08.01182,2024,-0.47317796959921954
RGI60-08.01184,2000,0.8515449884075525
RGI60-08.01184,2001,0.16161616980339016
RGI60-08.01184,2002,-0.5389159974477588
RGI60-08.01184,2003,-1.113146509678021
RGI60-08.01184,2004,-0.3505271197586993
RGI60-08.01184,2005,0.5704828503728053
RGI60-08.01184,2006,-1.266090396176942
RGI60-08.01184,2007,0.6663752228529982
RGI60-08.01184,2008,0.6183544437715112
RGI60-08.01184,2009,-0.09933235552312737
RGI60-08.01184,2010,-0.2526502552774484
RGI60-08.01184,2011,-0.6786803199735822
RGI60-08.01184,2012,0.7732248393553972
RGI60-08.01184,2013,0.13367205627794515
RGI60-08.01184,2014,-1.0735374163433735
RGI60-08.01184,2015,0.5751844875675753
RGI60-08.01184,2016,0.38823281576418167
RGI60-08.01184,2017,0.09437951010455263
RGI60-08.01184,2018,-0.07218251014163932
RGI60-08.01184,2019,-0.04220450395732457
RGI60-08.01184,2020,0.6459668002848745
RGI60-08.01184,2021,-0.944725865488344
RGI60-08.01184,2022,-0.0777489096854302
RGI60-08.01184,2023,-0.5186076459961759
RGI60-08.01184,2024,-0.8960740283840058
RGI60-08.01185,2000,0.15935755010937158
RGI60-08.01185,2001,-0.7453394018642275
RGI60-08.01185,2002,-1.3651597538191114
RGI60-08.01185,2003,-1.5540014078124118
RGI60-08.01185,2004,-0.5599094297768581
RGI60-08.01185,2005,-0.36735401584761923
RGI60-08.01185,2006,-1.7116561787517353
RGI60-08.01185,2007,0.27841829245930194
RGI60-08.01185,2008,-0.6241717994406647
RGI60-08.01185,2009,-1.061526072720005
RGI60-08.01185,2010,-1.305924078721591
RGI60-08.01185,2011,-1.1973469372665488
RGI60-08.01185,2012,0.5654067484057306
RGI60-08.01185,2013,-0.7532666244881102
RGI60-08.01185,2014,-1.6515418374653592
RGI60-08.01185,2015,-0.030480676056563683
RGI60-08.01185,2016,-0.8359797197838361
RGI60-08.01185,2017,-0.6411359443177838
RGI60-08.01185,2018,-0.8530074934699601
RGI60-08.01185,2019,-0.9724812193720156
RGI60-08.01185,2020,-0.08091107268264597
RGI60-08.01185,2021,-1.5188570714010603
RGI60-08.01185,2022,-0.5322212953520057
RGI60-08.01185,2023,-1.853398598374494
RGI60-08.01185,2024,-1.553326300887366
RGI60-08.01186,2000,0.3855892439215698
RGI60-08.01186,2001,-1.0887133549430532
RGI60-08.01186,2002,-1.6973910252128377
RGI60-08.01186,2003,-2.2001602294174885
RGI60-08.01186,2004,-0.9467711457662484
RGI60-08.01186,2005,-0.2668534671910353
RGI60-08.01186,2006,-2.0240646641371587
RGI60-08.01186,2007,0.43891019134979725
RGI60-08.01186,2008,-0.9414406070966856
RGI60-08.01186,2009,-1.7788425114851794
RGI60-08.01186,2010,-1.2551680863134476
RGI60-08.01186,2011,-0.7036135265098402
RGI60-08.01186,2012,0.2892465443125962
RGI60-08.01186,2013,-1.0677117734299197
RGI60-08.01186,2014,-2.242368788390049
RGI60-08.01186,2015,-0.3216406078602604
RGI60-08.01186,2016,-0.8581610645465145
RGI60-08.01186,2017,-0.8247399350810568
RGI60-08.01186,2018,-1.7531447349583376
RGI60-08.01186,2019,-1.1774604572448468
RGI60-08.01186,2020,-0.4708908030168977
RGI60-08.01186,2021,-2.2007116876917463
RGI60-08.01186,2022,-0.867080003940661
RGI60-08.01186,2023,-2.062449894855269
RGI60-08.01186,2024,-2.4319892869843907
RGI60-08.01187,2000,-0.09752654976261599
RGI60-08.01187,2001,-0.858413774103636
RGI60-08.01187,2002,-1.183272156098016
RGI60-08.01187,2003,-1.4729445814779782
RGI60-08.01187,2004,0.2738892383021999
RGI60-08.01187,2005,0.2977693695308661
RGI60-08.01187,2006,-1.9340840680647409
RGI60-08.01187,2007,0.022870561221711716
RGI60-08.01187,2008,-0.16852690108095048
RGI60-08.01187,2009,-0.5330247687509467
RGI60-08.01187,2010,-1.0913618427930216
RGI60-08.01187,2011,-1.3073282559168038
RGI60-08.01187,2012,0.8753536117219572
RGI60-08.01187,2013,-0.07591727312937013
RGI60-08.01187,2014,-1.5426266838577076
RGI60-08.01187,2015,0.03836591151168378
RGI60-08.01187,2016,-0.9840462865591898
RGI60-08.01187,2017,-0.6364238794042062
RGI60-08.01187,2018,-1.0344631377025464
RGI60-08.01187,2019,-0.9847885335866702
RGI60-08.01187,2020,0.701045142596843
RGI60-08.01187,2021,-1.5535019089439865
RGI60-08.01187,2022,-0.35522031443682733
RGI60-08.01187,2023,-0.871375195477225
RGI60-08.01187,2024,-0.6874319802297099
RGI60-08.01189,2000,-0.026090373181814674
RGI60-08.01189,2001,-0.5666107369967763
RGI60-08.01189,2002,-0.7010177298026924
RGI60-08.01189,2003,-1.1835387675062723
RGI60-08.01189,2004,-0.8935618334933934
RGI60-08.01189,2005,-0.032995727118330875
RGI60-08.01189,2006,-1.4345344599477072
RGI60-08.01189,2007,0.28855024807837376
RGI60-08.01189,2008,-0.3100800835800233
RGI60-08.01189,2009,-0.19973969523404145
RGI60-08.01189,2010,-1.0659159465463581
RGI60-08.01189,2011,-0.6652802542402638
RGI60-08.01189,2012,0.7084204960865712
RGI60-08.01189,2013,-0.31228759000267503
RGI60-08.01189,2014,-1.169201252064821
RGI60-08.01189,2015,0.42875465408211016
RGI60-08.01189,2016,-0.18132678070030006
RGI60-08.01189,2017,-0.16594210113977698
RGI60-08.01189,2018,-0.3045160144196462
RGI60-08.01189,2019,-0.49378605227216027
RGI60-08.01189,2020,0.13643242055246246
RGI60-08.01189,2021,-1.330516505339567
RGI60-08.01189,2022,0.15231119609809535
RGI60-08.01189,2023,-0.8455688789220783
RGI60-08.01189,2024,-0.7051047132130157
RGI60-08.01190,2000,0.6145151831174028
RGI60-08.01190,2001,-0.5502627053820983
RGI60-08.01190,2002,-1.388295390287663
RGI60-08.01190,2003,-0.07991626260684093
RGI60-08.01190,2004,-1.9871926598741911
RGI60-08.01190,2005,0.1087886295255256
RGI60-08.01190,2006,-2.1392167410716443
RGI60-08.01190,2007,0.40573752822732934
RGI60-08.01190,2008,-0.06505252674315443
RGI60-08.01190,2009,-0.34428622205932585
RGI60-08.01190,2010,-0.9295275833058944
RGI60-08.01190,2011,-0.9312059883310528
RGI60-08.01190,2012,0.8169746866193269
RGI60-08.01190,2013,-0.03639670048969007
RGI60-08.01190,2014,-1.1707496144428617
RGI60-08.01190,2015,0.1056655314086195
RGI60-08.01190,2016,-0.8880919252522524
RGI60-08.01190,2017,-0.3355916755689042
RGI60-08.01190,2018,1.1184935026753036
RGI60-08.01190,2019,0.9304109338420831
RGI60-08.01190,2020,-0.2086258664880577
RGI60-08.01190,2021,-1.2950679071993931
RGI60-08.01190,2022,-1.1523955617347748
RGI60-08.01190,2023,-0.9835800193265257
RGI60-08.01190,2024,-1.4883750263060844
RGI60-08.01191,2000,0.9165102445921515
RGI60-08.01191,2001,-0.24310954386857503
RGI60-08.01191,2002,-1.6709225710312396
RGI60-08.01191,2003,-1.6828830988432308
RGI60-08.01191,2004,-0.6231798729815287
RGI60-08.01191,2005,0.5117938327425592
RGI60-08.01191,2006,-1.622690877537846
RGI60-08.01191,2007,0.6917499602845091
RGI60-08.01191,2008,-0.19838287199768825
RGI60-08.01191,2009,0.31410106226717016
RGI60-08.01191,2010,-0.839972598750458
RGI60-08.01191,2011,-1.085351518392029
RGI60-08.01191,2012,1.0900014391958002
RGI60-08.01191,2013,-0.5438327241640728
RGI60-08.01191,2014,-1.3416903915785106
RGI60-08.01191,2015,0.8486240681222416
RGI60-08.01191,2016,-0.563047100779889
RGI60-08.01191,2017,-0.12488763624175864
RGI60-08.01191,2018,-1.9249581644667244
RGI60-08.01191,2019,-0.8397716365708685
RGI60-08.01191,2020,0.2039417995436611
RGI60-08.01191,2021,-1.52688273532635
RGI60-08.01191,2022,-0.22056215534930082
RGI60-08.01191,2023,-0.9768595318734014
RGI60-08.01191,2024,-1.7189719417157674
RGI60-08.01192,2000,0.2518608951831114
RGI60-08.01192,2001,-0.38985508672753166
RGI60-08.01192,2002,-0.9502235070350852
RGI60-08.01192,2003,-1.0225057678002374
RGI60-08.01192,2004,-0.3179080693537913
RGI60-08.01192,2005,0.09544576949344755
RGI60-08.01192,2006,-0.9355094699484876
RGI60-08.01192,2007,0.5108940075984728
RGI60-08.01192,2008,0.04983053999337758
RGI60-08.01192,2009,0.058580974562437355
RGI60-08.01192,2010,-1.0690858874846627
RGI60-08.01192,2011,-1.3575436217032215
RGI60-08.01192,2012,0.5675243754653757
RGI60-08.01192,2013,-0.8237584981306854
RGI60-08.01192,2014,0.9065839929592413
RGI60-08.01192,2015,0.4106234434714384
RGI60-08.01192,2016,-0.49475761704658816
RGI60-08.01192,2017,-0.16050129778152733
RGI60-08.01192,2018,0.3662389660527494
RGI60-08.01192,2019,-0.4115341417678461
RGI60-08.01192,2020,0.2753698543597277
RGI60-08.01192,2021,-0.4035530290586907
RGI60-08.01192,2022,-0.6368984520981796
RGI60-08.01192,2023,0.9995680752172557
RGI60-08.01192,2024,1.7288721606298845
RGI60-08.01193,2000,-0.023937497760827542
RGI60-08.01193,2001,-0.4238876841368213
RGI60-08.01193,2002,-1.4459285212457007
RGI60-08.01193,2003,-2.012953785158437
RGI60-08.01193,2004,-0.605923973387976
RGI60-08.01193,2005,0.08677536509803074
RGI60-08.01193,2006,-1.8424983116100688
RGI60-08.01193,2007,0.6566218214419947
RGI60-08.01193,2008,-0.4879780562825698
RGI60-08.01193,2009,-0.5511630786372468
RGI60-08.01193,2010,-1.0639137888224381
RGI60-08.01193,2011,-1.296512330085791
RGI60-08.01193,2012,0.8612532891793575
RGI60-08.01193,2013,-1.0911486742758498
RGI60-08.01193,2014,-0.48082960952438614
RGI60-08.01193,2015,0.36781309619337677
RGI60-08.01193,2016,-1.0655567504109302
RGI60-08.01193,2017,-0.29788412164760847
RGI60-08.01193,2018,-0.44770340586559887
RGI60-08.01193,2019,-0.6699439830605111
RGI60-08.01193,2020,-0.33496804480770803
RGI60-08.01193,2021,-1.6861893195403903
RGI60-08.01193,2022,-0.46919662761496544
RGI60-08.01193,2023,-1.017203665166597
RGI60-08.01193,2024,-1.5464865196393034
RGI60-08.01195,2000,0.6971782142023273
RGI60-08.01195,2001,-0.613895769110762
RGI60-08.01195,2002,-1.6687112672596638
RGI60-08.01195,2003,-1.9568145790287887
RGI60-08.01195,2004,-1.5677798825857927
RGI60-08.01195,2005,0.5009788249635978
RGI60-08.01195,2006,-2.276532719112946
RGI60-08.01195,2007,0.2903225081505276
RGI60-08.01195,2008,-0.47135078002974745
RGI60-08.01195,2009,-0.31778613403096123
RGI60-08.01195,2010,-1.365356045960786
RGI60-08.01195,2011,-1.1593810879061714
RGI60-08.01195,2012,0.9440831091132478
RGI60-08.01195,2013,-0.5587743695755533
RGI60-08.01195,2014,-1.6861646379472073
RGI60-08.01195,2015,0.34635848822517823
RGI60-08.01195,2016,-1.1136514497602585
RGI60-08.01195,2017,-0.47831006420765126
RGI60-08.01195,2018,-0.6150717744371352
RGI60-08.01195,2019,-0.8556405837014489
RGI60-08.01195,2020,-0.033640086211415565
RGI60-08.01195,2021,-1.7797078646337998
RGI60-08.01195,2022,-0.4438538612895525
RGI60-08.01195,2023,-1.2375565395699075
RGI60-08.01195,2024,-1.3645569601681877
RGI60-08.01197,2000,0.6325747833169951
RGI60-08.01197,2001,-0.34119368486243623
RGI60-08.01197,2002,-1.1441620657205251
RGI60-08.01197,2003,-1.1761612226879157
RGI60-08.01197,2004,-0.3738333173853005
RGI60-08.01197,2005,0.1817517749602502
RGI60-08.01197,2006,-1.4875024882515033
RGI60-08.01197,2007,0.5233807795902392
RGI60-08.01197,2008,-0.39247106483055877
RGI60-08.01197,2009,0.08332517452625288
RGI60-08.01197,2010,-1.2778089272461761
RGI60-08.01197,2011,-0.5511918197620751
RGI60-08.01197,2012,0.8283577805740611
RGI60-08.01197,2013,-0.5967736009472313
RGI60-08.01197,2014,-1.5234937036234837
RGI60-08.01197,2015,0.6066073792034726
RGI60-08.01197,2016,-0.48703174962817775
RGI60-08.01197,2017,-0.20005023790914175
RGI60-08.01197,2018,-1.20686773955509
RGI60-08.01197,2019,-0.45255604976165975
RGI60-08.01197,2020,0.23218685103811132
RGI60-08.01197,2021,-1.5246250361734877
RGI60-08.01197,2022,-0.7486693511293622
RGI60-08.01197,2023,-0.5836553007039573
RGI60-08.01197,2024,-1.1086134765110676
RGI60-08.01198,2000,1.2583255128435331
RGI60-08.01198,2001,-1.2811048792257584
RGI60-08.01198,2002,-1.5614967979973695
RGI60-08.01198,2003,-1.933646031661077
RGI60-08.01198,2004,0.42984000994588517
RGI60-08.01198,2005,0.051295691716112535
RGI60-08.01198,2006,-2.6098045805206826
RGI60-08.01198,2007,1.5736975437468361
RGI60-08.01198,2008,0.05540538718726423
RGI60-08.01198,2009,1.5564176310777607
RGI60-08.01198,2010,-1.2258693023485299
RGI60-08.01198,2011,-1.8962314060962346
RGI60-08.01198,2012,1.6039234074919813
RGI60-08.01198,2013,-0.9992880057209494
RGI60-08.01198,2014,-2.1078210345611046
RGI60-08.01198,2015,0.9293338558586464
RGI60-08.01198,2016,-0.2256848257343485
RGI60-08.01198,2017,-0.07852202060236968
RGI60-08.01198,2018,1.2297843183274297
RGI60-08.01198,2019,-0.7865544737270307
RGI60-08.01198,2020,-0.0643524366715772
RGI60-08.01198,2021,-0.9644569595479873
RGI60-08.01198,2022,-1.3071485542105479
RGI60-08.01198,2023,-2.0456058537886777
RGI60-08.01198,2024,-1.4739374861080554
RGI60-08.01201,2000,0.8546884921380824
RGI60-08.01201,2001,-0.42770132164332825
RGI60-08.01201,2002,-0.8667273286453
RGI60-08.01201,2003,-1.337549489202489
RGI60-08.01201,2004,-0.6652016507165541
RGI60-08.01201,2005,0.43236113153266575
RGI60-08.01201,2006,-1.329110028777412
RGI60-08.01201,2007,0.9432084203598821
RGI60-08.01201,2008,0.1388311319788716
RGI60-08.01201,2009,-0.4912961306737983
RGI60-08.01201,2010,-0.5092722794913396
RGI60-08.01201,2011,-0.7461861637426579
RGI60-08.01201,2012,1.3122514562132994
RGI60-08.01201,2013,-0.3856686301180116
RGI60-08.01201,2014,-1.7183810360205416
RGI60-08.01201,2015,0.5862186569076145
RGI60-08.01201,2016,-0.8622096843168937
RGI60-08.01201,2017,-0.15441741977356452
RGI60-08.01201,2018,-0.6836216606982134
RGI60-08.01201,2019,-0.5137164653103106
RGI60-08.01201,2020,-0.2458309657484199
RGI60-08.01201,2021,-1.17147568529974
RGI60-08.01201,2022,0.23840100388885077
RGI60-08.01201,2023,-1.1809778736881282
RGI60-08.01201,2024,-1.3338003510090635
RGI60-08.01203,2000,0.2951862896420724
RGI60-08.01203,2001,-0.20446963370688254
RGI60-08.01203,2002,-1.137203452389361
RGI60-08.01203,2003,-1.4537256394152274
RGI60-08.01203,2004,-0.5410044780914792
RGI60-08.01203,2005,-0.16606236782057227
RGI60-08.01203,2006,-1.5271894579217564
RGI60-08.01203,2007,0.6653735725780169
RGI60-08.01203,2008,-0.1719220193763108
RGI60-08.01203,2009,-0.374404092255826
RGI60-08.01203,2010,-0.4128416000431925
RGI60-08.01203,2011,-1.5619104252298686
RGI60-08.01203,2012,0.29249576856414117
RGI60-08.01203,2013,-0.9943640422506625
RGI60-08.01203,2014,-1.7322491895870695
RGI60-08.01203,2015,0.077950355200187
RGI60-08.01203,2016,-1.1015921535721118
RGI60-08.01203,2017,-0.06876741813880571
RGI60-08.01203,2018,-1.2487545969802012
RGI60-08.01203,2019,-0.8509454192050971
RGI60-08.01203,2020,0.07514269101132232
RGI60-08.01203,2021,-1.4327897838102968
RGI60-08.01203,2022,-0.5708415696474997
RGI60-08.01203,2023,-1.1164959109798511
RGI60-08.01203,2024,-1.6315236125152106
RGI60-08.01205,2000,1.0511417486697672
RGI60-08.01205,2001,-0.9855076573041499
RGI60-08.01205,2002,-1.5686974875806112
RGI60-08.01205,2003,-1.7663324525766775
RGI60-08.01205,2004,-0.20667914924264552
RGI60-08.01205,2005,-0.3618994047693075
RGI60-08.01205,2006,-1.8297970633862308
RGI60-08.01205,2007,0.33244256577956566
RGI60-08.01205,2008,-0.5872829419964338
RGI60-08.01205,2009,-0.6626603600964998
RGI60-08.01205,2010,-0.8463282462398917
RGI60-08.01205,2011,-1.5423939718126776
RGI60-08.01205,2012,0.582004543756266
RGI60-08.01205,2013,-1.0140033859499398
RGI60-08.01205,2014,-1.735239797065752
RGI60-08.01205,2015,0.6501584607368092
RGI60-08.01205,2016,-0.7621896852654457
RGI60-08.01205,2017,-0.6075641600014785
RGI60-08.01205,2018,-0.22268725041829446
RGI60-08.01205,2019,-1.0327843052363788
RGI60-08.01205,2020,0.17050277720402596
RGI60-08.01205,2021,-1.4964823940682184
RGI60-08.01205,2022,-0.9292703063198455
RGI60-08.01205,2023,-1.7606064872820195
RGI60-08.01205,2024,-1.9084561453256828
RGI60-08.01213,2000,-0.1906119491820854
RGI60-08.01213,2001,-0.3668517593666677
RGI60-08.01213,2002,-1.0030248618515731
RGI60-08.01213,2003,-1.175092434548291
RGI60-08.01213,2004,-1.0847394106725825
RGI60-08.01213,2005,-0.22546459600187424
RGI60-08.01213,2006,-1.5972096950513763
RGI60-08.01213,2007,0.8261792995937178
RGI60-08.01213,2008,-0.3133139104586928
RGI60-08.01213,2009,-0.12777362287564398
RGI60-08.01213,2010,-1.0613955725317605
RGI60-08.01213,2011,-1.68375215264166
RGI60-08.01213,2012,0.5062802469637795
RGI60-08.01213,2013,-0.33384029868814247
RGI60-08.01213,2014,-1.8823562301116874
RGI60-08.01213,2015,0.27106962208368934
RGI60-08.01213,2016,-0.6184600048054246
RGI60-08.01213,2017,-0.3714123328487843
RGI60-08.01213,2018,-1.5785504126803014
RGI60-08.01213,2019,-0.7511799243246345
RGI60-08.01213,2020,0.3875017013550759
RGI60-08.01213,2021,-1.363702625840396
RGI60-08.01213,2022,0.033237317321454296
RGI60-08.01213,2023,-1.313662489749728
RGI60-08.01213,2024,-1.6620758738526067
RGI60-08.01214,2000,-0.2647387193490882
RGI60-08.01214,2001,-0.475030749123232
RGI60-08.01214,2002,-1.261504959117247
RGI60-08.01214,2003,-1.3747320046988611
RGI60-08.01214,2004,-0.7517241687436723
RGI60-08.01214,2005,0.023235220534910783
RGI60-08.01214,2006,-1.7348794601272712
RGI60-08.01214,2007,0.6714371560498159
RGI60-08.01214,2008,-0.3148356736251085
RGI60-08.01214,2009,-0.3205819035816973
RGI60-08.01214,2010,-1.0108811739363073
RGI60-08.01214,2011,-0.8237215816369966
RGI60-08.01214,2012,0.8177592597567652
RGI60-08.01214,2013,-0.44497017451420323
RGI60-08.01214,2014,-2.2309441296154837
RGI60-08.01214,2015,0.11832802513329699
RGI60-08.01214,2016,-0.8549308098062697
RGI60-08.01214,2017,-0.24701695868152368
RGI60-08.01214,2018,-1.3147258255215353
RGI60-08.01214,2019,-0.9680413693962961
RGI60-08.01214,2020,0.15353965485312626
RGI60-08.01214,2021,-1.5700552245837016
RGI60-08.01214,2022,-0.22280065532757792
RGI60-08.01214,2023,-0.9279315118375842
RGI60-08.01214,2024,-2.098559415736434
RGI60-08.01215,2000,0.5994721441124488
RGI60-08.01215,2001,-0.29267797064724516
RGI60-08.01215,2002,-1.0576338838085935
RGI60-08.01215,2003,-1.472287923380421
RGI60-08.01215,2004,-0.26764292638331383
RGI60-08.01215,2005,0.09501714258762861
RGI60-08.01215,2006,-2.2694288639075175
RGI60-08.01215,2007,0.46290183346757885
RGI60-08.01215,2008,-0.3068206918132387
RGI60-08.01215,2009,0.03835753578976209
RGI60-08.01215,2010,-1.5994001693823527
RGI60-08.01215,2011,-0.7703726463649309
RGI60-08.01215,2012,0.7105012732557666
RGI60-08.01215,2013,-1.0675048300615102
RGI60-08.01215,2014,-2.1290755352785227
RGI60-08.01215,2015,0.28103500637754086
RGI60-08.01215,2016,-1.1002969201493908
RGI60-08.01215,2017,-0.5652488927213555
RGI60-08.01215,2018,-1.5192552266373074
RGI60-08.01215,2019,-0.6067384550550268
RGI60-08.01215,2020,-0.1006077967179817
RGI60-08.01215,2021,-2.092247997358424
RGI60-08.01215,2022,-0.20257316943813775
RGI60-08.01215,2023,-1.5280437738759045
RGI60-08.01215,2024,-1.689727184313635
RGI60-08.01216,2000,0.7322266197349113
RGI60-08.01216,2001,-1.5033997640165788
RGI60-08.01216,2002,-2.1882985553929473
RGI60-08.01216,2003,-1.8164126786139874
RGI60-08.01216,2004,0.21286029241347693
RGI60-08.01216,2005,-0.5699165664624886
RGI60-08.01216,2006,-2.3106007429531035
RGI60-08.01216,2007,-0.05647727288240201
RGI60-08.01216,2008,-0.6649093002371224
RGI60-08.01216,2009,-0.5133671440115883
RGI60-08.01216,2010,-1.3643670075252585
RGI60-08.01216,2011,-2.1851354895020414
RGI60-08.01216,2012,1.078609999524497
RGI60-08.01216,2013,-0.3776506003931199
RGI60-08.01216,2014,-1.8335064536541403
RGI60-08.01216,2015,0.8371019134402579
RGI60-08.01216,2016,-1.035502686222091
RGI60-08.01216,2017,-0.7535084913225648
RGI60-08.01216,2018,-1.8486452527335828
RGI60-08.01216,2019,0.5402991808098635
RGI60-08.01216,2020,-0.2909168850423828
RGI60-08.01216,2021,-1.6279781949319956
RGI60-08.01216,2022,-1.0318240700913777
RGI60-08.01216,2023,-1.9249024010200326
RGI60-08.01216,2024,-1.4781270942966036
RGI60-08.01217,2000,0.3705241516645299
RGI60-08.01217,2001,-0.725174063280534
RGI60-08.01217,2002,-1.6240598288441088
RGI60-08.01217,2003,-1.927443372305978
RGI60-08.01217,2004,-0.8678692740128232
RGI60-08.01217,2005,-0.12465165552610391
RGI60-08.01217,2006,-2.204359567505178
RGI60-08.01217,2007,0.23666405640879673
RGI60-08.01217,2008,-0.45902148663007686
RGI60-08.01217,2009,-0.4666507935810857
RGI60-08.01217,2010,-1.3078971376137438
RGI60-08.01217,2011,-1.8102768776552258
RGI60-08.01217,2012,0.7644566818717136
RGI60-08.01217,2013,-1.2723713642636665
RGI60-08.01217,2014,-1.6693485559929795
RGI60-08.01217,2015,0.6813676345105264
RGI60-08.01217,2016,-0.6580222647916817
RGI60-08.01217,2017,-0.34520992476339424
RGI60-08.01217,2018,-1.674936824102697
RGI60-08.01217,2019,-1.2769195335863097
RGI60-08.01217,2020,0.24950870694680827
RGI60-08.01217,2021,-1.6640082682557913
RGI60-08.01217,2022,-0.7983961694026386
RGI60-08.01217,2023,-1.5112638943368202
RGI60-08.01217,2024,-1.548167963823087
RGI60-08.01221,2000,0.8775519578949991
RGI60-08.01221,2001,-0.67128133832918
RGI60-08.01221,2002,-2.407198142852078
RGI60-08.01221,2003,-1.3314904772607115
RGI60-08.01221,2004,-0.6732376927243305
RGI60-08.01221,2005,0.4090346912530276
RGI60-08.01221,2006,-2.153963489943854
RGI60-08.01221,2007,1.6386167918979002
RGI60-08.01221,2008,-0.5451919608406532
RGI60-08.01221,2009,-0.43939158529033806
RGI60-08.01221,2010,-1.3878601135202513
RGI60-08.01221,2011,-1.760684894355053
RGI60-08.01221,2012,1.1713805456232318
RGI60-08.01221,2013,-0.3335634010733125
RGI60-08.01221,2014,-1.3577489497962008
RGI60-08.01221,2015,0.6468583467567197
RGI60-08.01221,2016,0.29592604123874033
RGI60-08.01221,2017,-0.10764936590995672
RGI60-08.01221,2018,-1.797233531419857
RGI60-08.01221,2019,-1.2586734313488528
RGI60-08.01221,2020,-0.2202439460322681
RGI60-08.01221,2021,-1.0489428221778192
RGI60-08.01221,2022,-0.9216805514115588
RGI60-08.01221,2023,-1.9644048604342714
RGI60-08.01221,2024,-1.063914168854763
RGI60-08.01226,2000,1.9720185058526207
RGI60-08.01226,2001,-0.6064994412855442
RGI60-08.01226,2002,-1.0326778576090407
RGI60-08.01226,2003,-1.1045093963203119
RGI60-08.01226,2004,-0.29031924727647934
RGI60-08.01226,2005,-0.42499459608743473
RGI60-08.01226,2006,-0.9807928163805784
RGI60-08.01226,2007,0.14654877701939767
RGI60-08.01226,2008,-0.2956245587803308
RGI60-08.01226,2009,0.08717688489729603
RGI60-08.01226,2010,-0.6882740645425439
RGI60-08.01226,2011,-0.7000955236977726
RGI60-08.01226,2012,0.27742214791530384
RGI60-08.01226,2013,-0.5412599351298645
RGI60-08.01226,2014,-1.0929641690073684
RGI60-08.01226,2015,0.6182392376784412
RGI60-08.01226,2016,-0.17707839045430943
RGI60-08.01226,2017,-0.9998209742143315
RGI60-08.01226,2018,-0.3995406404488006
RGI60-08.01226,2019,-0.2575539421283455
RGI60-08.01226,2020,-0.025255248289142496
RGI60-08.01226,2021,-1.0307935529151755
RGI60-08.01226,2022,-0.12446396919282277
RGI60-08.01226,2023,-0.8168530746435065
RGI60-08.01226,2024,-0.5689885508037388
RGI60-08.01228,2000,0.6698714687208734
RGI60-08.01228,2001,-1.601218548484015
RGI60-08.01228,2002,-0.2342332413185039
RGI60-08.01228,2003,-0.030554048263059297
RGI60-08.01228,2004,-1.6022090866490375
RGI60-08.01228,2005,-0.6009046657066272
RGI60-08.01228,2006,1.2552529123984821
RGI60-08.01228,2007,1.0391673285660739
RGI60-08.01228,2008,1.345420703473784
RGI60-08.01228,2009,0.938418987887511
RGI60-08.01228,2010,-2.42280899725508
RGI60-08.01228,2011,-1.5241002577117913
RGI60-08.01228,2012,0.8520921893198529
RGI60-08.01228,2013,-1.732098723988488
RGI60-08.01228,2014,-4.289071877699974
RGI60-08.01228,2015,0.5137417574249825
RGI60-08.01228,2016,2.042661434236946
RGI60-08.01228,2017,-0.7724810673661904
RGI60-08.01228,2018,0.13703153996169615
RGI60-08.01228,2019,-1.2599778075474417
RGI60-08.01228,2020,0.2124465995521867
RGI60-08.01228,2021,-0.7522255880017288
RGI60-08.01228,2022,-0.4542802314209815
RGI60-08.01228,2023,-1.9332988419895507
RGI60-08.01228,2024,0.8656140858282667
RGI60-08.01229,2000,0.9694526050030275
RGI60-08.01229,2001,-0.6015249033315874
RGI60-08.01229,2002,-1.3658092375299757
RGI60-08.01229,2003,2.2766518982022976
RGI60-08.01229,2004,1.5222971546330597
RGI60-08.01229,2005,-0.23975389843458791
RGI60-08.01229,2006,-2.2120480354216117
RGI60-08.01229,2007,0.03724756586432357
RGI60-08.01229,2008,-1.1345293089779576
RGI60-08.01229,2009,-0.46559917381974236
RGI60-08.01229,2010,-0.5178801007977418
RGI60-08.01229,2011,-2.1630983907929453
RGI60-08.01229,2012,1.9303764259184917
RGI60-08.01229,2013,-1.1160531034137082
RGI60-08.01229,2014,0.15398154957361163
RGI60-08.01229,2015,1.1569327591103702
RGI60-08.01229,2016,-0.9241052657310747
RGI60-08.01229,2017,0.8885004758725882
RGI60-08.01229,2018,-1.7076207147271634
RGI60-08.01229,2019,-0.5991183011996747
RGI60-08.01229,2020,-0.05200116205507982
RGI60-08.01229,2021,-0.11021920267440058
RGI60-08.01229,2022,-0.9891887702697097
RGI60-08.01229,2023,-1.7906357661853445
RGI60-08.01229,2024,1.2938066302101938
RGI60-08.01230,2000,0.7289488237963936
RGI60-08.01230,2001,-0.29204017091830525
RGI60-08.01230,2002,-0.951329385874153
RGI60-08.01230,2003,-1.0301791642438762
RGI60-08.01230,2004,0.0423488189962592
RGI60-08.01230,2005,0.030592994604816515
RGI60-08.01230,2006,-1.6241030008749084
RGI60-08.01230,2007,0.2314851212527248
RGI60-08.01230,2008,0.10047056899119666
RGI60-08.01230,2009,-0.5625239176401522
RGI60-08.01230,2010,-0.014190890700098935
RGI60-08.01230,2011,-0.4347313570830317
RGI60-08.01230,2012,0.4760526730126261
RGI60-08.01230,2013,0.0037798840359795083
RGI60-08.01230,2014,-1.4723771958972458
RGI60-08.01230,2015,0.6131408602341847
RGI60-08.01230,2016,-0.8846503275607279
RGI60-08.01230,2017,-0.12276294498576756
RGI60-08.01230,2018,-1.3611960513477168
RGI60-08.01230,2019,-0.18253533779819175
RGI60-08.01230,2020,0.37274257556694135
RGI60-08.01230,2021,-1.4471919641616693
RGI60-08.01230,2022,-0.2971280695950804
RGI60-08.01230,2023,-1.2400095930193875
RGI60-08.01230,2024,-0.6515593246727251
RGI60-08.01231,2000,0.206144432236683
RGI60-08.01231,2001,-0.9970593626653272
RGI60-08.01231,2002,-1.6135371735241764
RGI60-08.01231,2003,-1.8170656603145512
RGI60-08.01231,2004,-0.5300583529634179
RGI60-08.01231,2005,0.1948531053202589
RGI60-08.01231,2006,-2.5705351983218985
RGI60-08.01231,2007,0.4664360258141482
RGI60-08.01231,2008,-0.016267428677304463
RGI60-08.01231,2009,-1.6774416569848634
RGI60-08.01231,2010,-1.1313212767787373
RGI60-08.01231,2011,-1.606045686796214
RGI60-08.01231,2012,0.814766739295729
RGI60-08.01231,2013,-0.44599331917668295
RGI60-08.01231,2014,-1.6057066320125761
RGI60-08.01231,2015,0.8063473736970252
RGI60-08.01231,2016,-0.46113049389873817
RGI60-08.01231,2017,0.11733860842792421
RGI60-08.01231,2018,-1.457920686491006
RGI60-08.01231,2019,-0.9011033561862727
RGI60-08.01231,2020,0.562885238633599
RGI60-08.01231,2021,-1.595677796260674
RGI60-08.01231,2022,-0.4023678050562223
RGI60-08.01231,2023,-1.1687355245037305
RGI60-08.01231,2024,-1.2658782633097676
RGI60-08.01232,2000,0.5470424751694686
RGI60-08.01232,2001,-0.8448191824351033
RGI60-08.01232,2002,-1.0101227822621845
RGI60-08.01232,2003,-1.959872946226985
RGI60-08.01232,2004,-0.04232467263548434
RGI60-08.01232,2005,-0.24998170664653063
RGI60-08.01232,2006,-2.1438891055623657
RGI60-08.01232,2007,1.4279112069309896
RGI60-08.01232,2008,-0.4014156014107454
RGI60-08.01232,2009,-0.9113042859925274
RGI60-08.01232,2010,-1.4046523142713205
RGI60-08.01232,2011,-0.5918060891970007
RGI60-08.01232,2012,0.9457942626678691
RGI60-08.01232,2013,-0.9095307219736224
RGI60-08.01232,2014,-1.2630648870511219
RGI60-08.01232,2015,0.8650290720625843
RGI60-08.01232,2016,-0.24856112527549595
RGI60-08.01232,2017,-0.9692342162585894
RGI60-08.01232,2018,-0.5939765592486032
RGI60-08.01232,2019,-1.2374208203832306
RGI60-08.01232,2020,0.033909202470995936
RGI60-08.01232,2021,-1.2561142093036977
RGI60-08.01232,2022,-0.40624656271346515
RGI60-08.01232,2023,-1.4192797295898347
RGI60-08.01232,2024,-0.27534624767717025
RGI60-08.01236,2000,0.8040248594438313
RGI60-08.01236,2001,-0.4006738754197728
RGI60-08.01236,2002,-1.744154848289544
RGI60-08.01236,2003,-1.0417825919443846
RGI60-08.01236,2004,-0.3375045849284953
RGI60-08.01236,2005,0.5582888977245387
RGI60-08.01236,2006,-1.627867415991363
RGI60-08.01236,2007,1.1582672291605687
RGI60-08.01236,2008,-0.3841634890637529
RGI60-08.01236,2009,0.056603629102736086
RGI60-08.01236,2010,-0.6381459392689968
RGI60-08.01236,2011,-1.8568878107034021
RGI60-08.01236,2012,0.9298947313595443
RGI60-08.01236,2013,-1.5337120027207276
RGI60-08.01236,2014,0.18796726255362617
RGI60-08.01236,2015,0.34838765281658124
RGI60-08.01236,2016,-0.632906707036283
RGI60-08.01236,2017,-0.19316660837160146
RGI60-08.01236,2018,-1.1681719680587745
RGI60-08.01236,2019,-0.7664964203643172
RGI60-08.01236,2020,0.30393762756113785
RGI60-08.01236,2021,-0.8913582546734493
RGI60-08.01236,2022,-0.84378400051157
RGI60-08.01236,2023,-1.4973751699277662
RGI60-08.01236,2024,-1.5289115549884822
RGI60-08.01237,2000,0.24169830227793468
RGI60-08.01237,2001,-0.21665431969866406
RGI60-08.01237,2002,-0.6937557986327885
RGI60-08.01237,2003,-0.7173377120768241
RGI60-08.01237,2004,-0.20365268473188644
RGI60-08.01237,2005,0.23528197105411977
RGI60-08.01237,2006,-1.738901000438152
RGI60-08.01237,2007,0.5787651607477602
RGI60-08.01237,2008,0.18316275205965563
RGI60-08.01237,2009,0.7085115330875679
RGI60-08.01237,2010,0.27876006672671905
RGI60-08.01237,2011,0.4478127847739217
RGI60-08.01237,2012,0.9528179038738785
RGI60-08.01237,2013,-0.27149984297878055
RGI60-08.01237,2014,-0.6888361891588816
RGI60-08.01237,2015,0.6516228948085668
RGI60-08.01237,2016,-0.6130878589970709
RGI60-08.01237,2017,-0.3408264125086714
RGI60-08.01237,2018,-1.3854622553825027
RGI60-08.01237,2019,-0.8292192948059056
RGI60-08.01237,2020,1.0196494114743702
RGI60-08.01237,2021,-1.3062581819142787
RGI60-08.01237,2022,-0.42479678049861846
RGI60-08.01237,2023,-1.151828582642499
RGI60-08.01237,2024,-0.18357734306810886
RGI60-08.01238,2000,0.6502861143721326
RGI60-08.01238,2001,-1.3210995401062215
RGI60-08.01238,2002,-1.1071022197620721
RGI60-08.01238,2003,-1.4231758605938851
RGI60-08.01238,2004,-0.5758315817150905
RGI60-08.01238,2005,-0.4655349668548351
RGI60-08.01238,2006,-0.044543434465284804
RGI60-08.01238,2007,0.030663031824144205
RGI60-08.01238,2008,-0.3460527224060097
RGI60-08.01238,2009,0.2915410719288831
RGI60-08.01238,2010,0.015175511671874309
RGI60-08.01238,2011,-0.8227053857548559
RGI60-08.01238,2012,0.7239911598812259
RGI60-08.01238,2013,-0.7748619298537128
RGI60-08.01238,2014,0.653904632016957
RGI60-08.01238,2015,0.3289718827447161
RGI60-08.01238,2016,-0.8890439750830833
RGI60-08.01238,2017,-0.7228100112701681
RGI60-08.01238,2018,-0.386395805722318
RGI60-08.01238,2019,-0.783875970852391
RGI60-08.01238,2020,-0.2921489132619297
RGI60-08.01238,2021,-1.5320725028621829
RGI60-08.01238,2022,-0.3376879407117986
RGI60-08.01238,2023,-2.148429511499839
RGI60-08.01238,2024,0.14201131365804465
RGI60-08.01239,2000,0.26293961074775274
RGI60-08.01239,2001,-0.935363278046079
RGI60-08.01239,2002,-2.4395585404155207
RGI60-08.01239,2003,-2.9739804129719833
RGI60-08.01239,2004,1.1645130460050543
RGI60-08.01239,2005,-1.1726964548762477
RGI60-08.01239,2006,-2.9905200910992353
RGI60-08.01239,2007,0.11689443428152635
RGI60-08.01239,2008,-0.28877496031196553
RGI60-08.01239,2009,0.8703685101551503
RGI60-08.01239,2010,1.0082902005520986
RGI60-08.01239,2011,-1.3644435922783478
RGI60-08.01239,2012,0.5179667910461959
RGI60-08.01239,2013,0.253465377349574
RGI60-08.01239,2014,-2.0851650386461444
RGI60-08.01239,2015,-0.10927572717260203
RGI60-08.01239,2016,-1.4986278327790692
RGI60-08.01239,2017,-1.0807968176931078
RGI60-08.01239,2018,-1.2269886202205689
RGI60-08.01239,2019,-1.2896466036264744
RGI60-08.01239,2020,1.0167050084285862
RGI60-08.01239,2021,0.17582969837084161
RGI60-08.01239,2022,-0.9619902207409302
RGI60-08.01239,2023,-1.143038120981751
RGI60-08.01239,2024,1.61686286204848
RGI60-08.01240,2000,0.5357350733666304
RGI60-08.01240,2001,-0.6073425252810574
RGI60-08.01240,2002,-1.9921736310802498
RGI60-08.01240,2003,-2.3876475172809544
RGI60-08.01240,2004,-0.436041656913804
RGI60-08.01240,2005,0.17009063619278808
RGI60-08.01240,2006,-2.393078087509492
RGI60-08.01240,2007,0.9560580675285062
RGI60-08.01240,2008,-0.1537355239733348
RGI60-08.01240,2009,-0.9805783844643119
RGI60-08.01240,2010,-1.6902756159954686
RGI60-08.01240,2011,-1.2623005388211894
RGI60-08.01240,2012,1.1205067802177548
RGI60-08.01240,2013,-0.7955697674471817
RGI60-08.01240,2014,-1.6897244923378776
RGI60-08.01240,2015,0.5946522535607088
RGI60-08.01240,2016,-0.460380372474214
RGI60-08.01240,2017,0.025716395462386354
RGI60-08.01240,2018,-0.6809604243488241
RGI60-08.01240,2019,-1.1483506684008091
RGI60-08.01240,2020,0.5082692366441388
RGI60-08.01240,2021,-1.9215455046107377
RGI60-08.01240,2022,-0.43684507197809563
RGI60-08.01240,2023,-1.8448861818346274
RGI60-08.01240,2024,-1.0861890997793668
RGI60-08.01241,2000,0.504039633468145
RGI60-08.01241,2001,-0.7109510293997033
RGI60-08.01241,2002,-1.850168509961776
RGI60-08.01241,2003,-1.6171091885844668
RGI60-08.01241,2004,-1.2754907371782456
RGI60-08.01241,2005,-0.16152027695552762
RGI60-08.01241,2006,-2.1202585879994054
RGI60-08.01241,2007,-0.430484491739546
RGI60-08.01241,2008,-0.21258395483177117
RGI60-08.01241,2009,-0.1418090833471588
RGI60-08.01241,2010,-1.2514928176979538
RGI60-08.01241,2011,-1.8690028577034108
RGI60-08.01241,2012,0.45684590797473446
RGI60-08.01241,2013,-1.0985333124802672
RGI60-08.01241,2014,-1.9919685210763471
RGI60-08.01241,2015,0.49711061823278624
RGI60-08.01241,2016,-0.8417195612468242
RGI60-08.01241,2017,-0.5899935140319059
RGI60-08.01241,2018,-0.8172512220471144
RGI60-08.01241,2019,-0.9552584933942486
RGI60-08.01241,2020,-0.3419431175166959
RGI60-08.01241,2021,-2.3437332597986424
RGI60-08.01241,2022,-1.3539605844567086
RGI60-08.01241,2023,-1.8120881744997108
RGI60-08.01241,2024,-2.0696439779284193
RGI60-08.01243,2000,1.3699151625848525
RGI60-08.01243,2001,-0.7862337724937498
RGI60-08.01243,2002,-1.3477724042680344
RGI60-08.01243,2003,-1.3107509644717925
RGI60-08.01243,2004,0.30650950287429174
RGI60-08.01243,2005,0.6965208072162252
RGI60-08.01243,2006,-2.1852692298554017
RGI60-08.01243,2007,0.7654452787119888
RGI60-08.01243,2008,-0.11639218433786383
RGI60-08.01243,2009,1.4126828612899212
RGI60-08.01243,2010,-1.437285521065123
RGI60-08.01243,2011,-1.4503381957671073
RGI60-08.01243,2012,1.2921985739171922
RGI60-08.01243,2013,-1.6737149262487052
RGI60-08.01243,2014,-1.3954344531161669
RGI60-08.01243,2015,1.1583434051147674
RGI60-08.01243,2016,0.8236153183198331
RGI60-08.01243,2017,0.4289949365214573
RGI60-08.01243,2018,-1.8230282690617454
RGI60-08.01243,2019,-1.1087059258648242
RGI60-08.01243,2020,0.4961076191515918
RGI60-08.01243,2021,-1.6436086416034972
RGI60-08.01243,2022,-1.029982290973927
RGI60-08.01243,2023,-1.9834392214279404
RGI60-08.01243,2024,-1.0014904473146709
RGI60-08.01244,2000,0.8443500429783413
RGI60-08.01244,2001,-1.4213761873462016
RGI60-08.01244,2002,-1.351586227302629
RGI60-08.01244,2003,-0.9633931365513315
RGI60-08.01244,2004,-0.6209829660576822
RGI60-08.01244,2005,0.3260907061150782
RGI60-08.01244,2006,-2.463127330239172
RGI60-08.01244,2007,0.34198753341345434
RGI60-08.01244,2008,-0.1737560059917278
RGI60-08.01244,2009,-0.46227175321494857
RGI60-08.01244,2010,-1.4979865466094195
RGI60-08.01244,2011,-0.940312891602598
RGI60-08.01244,2012,0.8963341953261925
RGI60-08.01244,2013,-1.242125366108767
RGI60-08.01244,2014,-2.69141766725091
RGI60-08.01244,2015,0.5180675918893454
RGI60-08.01244,2016,-1.27275801697427
RGI60-08.01244,2017,-0.218646490459393
RGI60-08.01244,2018,-1.5896045720341407
RGI60-08.01244,2019,-1.2901849119792408
RGI60-08.01244,2020,0.09100161884548308
RGI60-08.01244,2021,-2.2320479688217483
RGI60-08.01244,2022,-0.8168409519399252
RGI60-08.01244,2023,-1.9351785589464887
RGI60-08.01244,2024,-1.7068576625543728
RGI60-08.01245,2000,0.6169425731963355
RGI60-08.01245,2001,-0.6165308735459736
RGI60-08.01245,2002,-1.68272883601322
RGI60-08.01245,2003,-1.635730310696802
RGI60-08.01245,2004,-0.4802514997447539
RGI60-08.01245,2005,-0.10848845884959624
RGI60-08.01245,2006,-2.3670212570684
RGI60-08.01245,2007,0.6425252635075441
RGI60-08.01245,2008,-0.16709215643079534
RGI60-08.01245,2009,-1.3796844571381568
RGI60-08.01245,2010,-1.104747268699679
RGI60-08.01245,2011,-0.9658671279372665
RGI60-08.01245,2012,0.7859417681646296
RGI60-08.01245,2013,-1.029319100675006
RGI60-08.01245,2014,-2.1897130364072805
RGI60-08.01245,2015,0.48162810550421453
RGI60-08.01245,2016,-1.5879776219940829
RGI60-08.01245,2017,-0.5271341098667033
RGI60-08.01245,2018,-2.611145962085411
RGI60-08.01245,2019,-1.098105633219594
RGI60-08.01245,2020,0.0715291421614842
RGI60-08.01245,2021,-1.7611669797265275
RGI60-08.01245,2022,-0.5952600226984439
RGI60-08.01245,2023,-1.6495624945244978
RGI60-08.01245,2024,-1.2683425821077365
RGI60-08.01247,2000,0.23369496028911552
RGI60-08.01247,2001,-0.9271709166287154
RGI60-08.01247,2002,-1.2653710591957097
RGI60-08.01247,2003,-1.2410874901887463
RGI60-08.01247,2004,-0.8409977029575787
RGI60-08.01247,2005,0.19400502201152492
RGI60-08.01247,2006,-2.1102610181749584
RGI60-08.01247,2007,0.16459895092535237
RGI60-08.01247,2008,-0.4316150548556999
RGI60-08.01247,2009,0.3977936547000791
RGI60-08.01247,2010,-1.1247426979217943
RGI60-08.01247,2011,-1.1039877476160567
RGI60-08.01247,2012,0.8653473051621592
RGI60-08.01247,2013,-0.9937509252335022
RGI60-08.01247,2014,-2.5398633702895603
RGI60-08.01247,2015,0.25420428996187205
RGI60-08.01247,2016,-1.1220223765794186
RGI60-08.01247,2017,-0.2696399981604544
RGI60-08.01247,2018,-1.2420653118777616
RGI60-08.01247,2019,-1.3800685133701465
RGI60-08.01247,2020,0.2941615820522707
RGI60-08.01247,2021,-2.0300484805105627
RGI60-08.01247,2022,-0.5049962575889223
RGI60-08.01247,2023,-1.0713194985430456
RGI60-08.01247,2024,-1.3407348328947766
RGI60-08.01248,2000,-0.18734226392613373
RGI60-08.01248,2001,-0.7036234770615973
RGI60-08.01248,2002,-1.3905536161107912
RGI60-08.01248,2003,-1.3915402774137324
RGI60-08.01248,2004,-1.723224565957975
RGI60-08.01248,2005,-0.6820489843360186
RGI60-08.01248,2006,-2.4798447856295756
RGI60-08.01248,2007,-0.4942160600810165
RGI60-08.01248,2008,-0.6651285057517695
RGI60-08.01248,2009,-1.0302397873494544
RGI60-08.01248,2010,-0.9343019857117288
RGI60-08.01248,2011,-1.986520152847501
RGI60-08.01248,2012,0.5988825483214568
RGI60-08.01248,2013,-1.1749670070340574
RGI60-08.01248,2014,-2.588526439833232
RGI60-08.01248,2015,0.2048603456337157
RGI60-08.01248,2016,-1.082462182019777
RGI60-08.01248,2017,-1.2216651244616403
RGI60-08.01248,2018,-2.2872541779071356
RGI60-08.01248,2019,-0.559683500522022
RGI60-08.01248,2020,-1.1958846798466338
RGI60-08.01248,2021,-2.0294050232323055
RGI60-08.01248,2022,-1.607409418126096
RGI60-08.01248,2023,-2.0265588971397275
RGI60-08.01248,2024,-2.312105785667208
RGI60-08.01249,2000,0.6875218101687666
RGI60-08.01249,2001,-0.30379184901908174
RGI60-08.01249,2002,-1.4146251588372205
RGI60-08.01249,2003,-1.6628842424958519
RGI60-08.01249,2004,-1.7578880119221079
RGI60-08.01249,2005,-0.580703552619549
RGI60-08.01249,2006,-2.3400090286041544
RGI60-08.01249,2007,0.6562619517379751
RGI60-08.01249,2008,-0.3543366151001663
RGI60-08.01249,2009,-0.32832779398999495
RGI60-08.01249,2010,-1.0805925268537309
RGI60-08.01249,2011,-1.41766448005697
RGI60-08.01249,2012,0.7429891508078519
RGI60-08.01249,2013,-0.27322571617805663
RGI60-08.01249,2014,-1.4838009784610162
RGI60-08.01249,2015,0.48120113528970654
RGI60-08.01249,2016,-0.7655246075441791
RGI60-08.01249,2017,-0.09747275508590192
RGI60-08.01249,2018,-1.5270871647765163
RGI60-08.01249,2019,-0.7884395664597968
RGI60-08.01249,2020,0.09069725103047299
RGI60-08.01249,2021,-1.1966502100396688
RGI60-08.01249,2022,-0.8386520954195095
RGI60-08.01249,2023,-1.8938148004752786
RGI60-08.01249,2024,-1.7073849076886658
RGI60-08.01251,2000,0.5169590912878639
RGI60-08.01251,2001,-0.8628008182923678
RGI60-08.01251,2002,0.5989842025062235
RGI60-08.01251,2003,0.06702088281922178
RGI60-08.01251,2004,-0.5792955709108
RGI60-08.01251,2005,0.19792545173727086
RGI60-08.01251,2006,-0.870398199162167
RGI60-08.01251,2007,0.49751347179534366
RGI60-08.01251,2008,0.03656722328154338
RGI60-08.01251,2009,-0.10354733501218182
RGI60-08.01251,2010,0.6057872569348159
RGI60-08.01251,2011,-0.5176239793980977
RGI60-08.01251,2012,0.27607590747623745
RGI60-08.01251,2013,-1.515396807939174
RGI60-08.01251,2014,0.12172494557877225
RGI60-08.01251,2015,0.14074414731904886
RGI60-08.01251,2016,-0.5996199435121695
RGI60-08.01251,2017,0.05728137019370147
RGI60-08.01251,2018,-0.9759706625680062
RGI60-08.01251,2019,0.22986936586491338
RGI60-08.01251,2020,0.3039725972211449
RGI60-08.01251,2021,0.6673432175363248
RGI60-08.01251,2022,-0.8203289609155467
RGI60-08.01251,2023,-0.5869658508288312
RGI60-08.01251,2024,-1.0879239913067495
RGI60-08.01255,2000,-0.0621718716637677
RGI60-08.01255,2001,-1.6026511321919246
RGI60-08.01255,2002,0.26856958936211417
RGI60-08.01255,2003,-0.5973005770593522
RGI60-08.01255,2004,-0.8216967487228076
RGI60-08.01255,2005,-0.27762599525812803
RGI60-08.01255,2006,-0.777275221226462
RGI60-08.01255,2007,0.17050142764307208
RGI60-08.01255,2008,-0.4232916546801444
RGI60-08.01255,2009,-0.6414288994048151
RGI60-08.01255,2010,-0.33939642814729865
RGI60-08.01255,2011,-1.1404537179052086
RGI60-08.01255,2012,0.5876471147573927
RGI60-08.01255,2013,-2.0963988504703295
RGI60-08.01255,2014,-0.20517527833903682
RGI60-08.01255,2015,-0.2703859040485671
RGI60-08.01255,2016,-1.6781726494162124
RGI60-08.01255,2017,0.007569412267353415
RGI60-08.01255,2018,-1.7985660019294307
RGI60-08.01255,2019,-0.8701966135664697
RGI60-08.01255,2020,0.43163327552970676
RGI60-08.01255,2021,0.5114616345076417
RGI60-08.01255,2022,-1.3854999142677333
RGI60-08.01255,2023,-1.0507310515191115
RGI60-08.01255,2024,-2.621969895522021
RGI60-08.01256,2000,0.5558804991645983
RGI60-08.01256,2001,-1.221939688726821
RGI60-08.01256,2002,0.047420572312452336
RGI60-08.01256,2003,-0.6182456835074126
RGI60-08.01256,2004,-0.8728527162433284
RGI60-08.01256,2005,-0.7183999840158246
RGI60-08.01256,2006,-1.348274826604135
RGI60-08.01256,2007,-0.4244280933006335
RGI60-08.01256,2008,0.10580113924282342
RGI60-08.01256,2009,-0.5813934922273822
RGI60-08.01256,2010,-0.5180668633729135
RGI60-08.01256,2011,-1.2393248448224754
RGI60-08.01256,2012,-0.00047471589533687464
RGI60-08.01256,2013,-1.339767954164351
RGI60-08.01256,2014,-0.1380921687100471
RGI60-08.01256,2015,-0.58121559554263
RGI60-08.01256,2016,-0.7318327426567948
RGI60-08.01256,2017,-0.05902661019207256
RGI60-08.01256,2018,-1.3940704012813154
RGI60-08.01256,2019,-0.6639958294564103
RGI60-08.01256,2020,0.021250359538559138
RGI60-08.01256,2021,0.3088644516017407
RGI60-08.01256,2022,-1.608357201778597
RGI60-08.01256,2023,-0.933363735978843
RGI60-08.01256,2024,-1.6517536594961906
RGI60-08.01257,2000,0.7587972837949776
RGI60-08.01257,2001,-1.1288769883398753
RGI60-08.01257,2002,0.04271040919277208
RGI60-08.01257,2003,0.2640271004363496
RGI60-08.01257,2004,-1.0653974921906633
RGI60-08.01257,2005,0.22199216073467493
RGI60-08.01257,2006,-1.1510334682983905
RGI60-08.01257,2007,0.329526656332751
RGI60-08.01257,2008,-0.008112507310954586
RGI60-08.01257,2009,0.23912472973500565
RGI60-08.01257,2010,0.4485397497652941
RGI60-08.01257,2011,-0.5340278496365102
RGI60-08.01257,2012,1.1092024526394226
RGI60-08.01257,2013,-1.677155844552271
RGI60-08.01257,2014,0.14891005117614237
RGI60-08.01257,2015,-0.09396337079048267
RGI60-08.01257,2016,-0.8718693168041872
RGI60-08.01257,2017,0.20616959166353993
RGI60-08.01257,2018,-1.4737642155094255
RGI60-08.01257,2019,0.06970086796183517
RGI60-08.01257,2020,-0.11175152312346237
RGI60-08.01257,2021,0.7857753459650496
RGI60-08.01257,2022,-1.3290751412705264
RGI60-08.01257,2023,-0.7982941726401
RGI60-08.01257,2024,-1.8907022339328585
RGI60-08.01258,2000,-0.14760697513340282
RGI60-08.01258,2001,-0.9842474193551771
RGI60-08.01258,2002,-0.3045710577023343
RGI60-08.01258,2003,-0.3684064552579853
RGI60-08.01258,2004,-1.2233609577743239
RGI60-08.01258,2005,-0.8031244688334389
RGI60-08.01258,2006,-1.5497582085066162
RGI60-08.01258,2007,-0.5711121937099624
RGI60-08.01258,2008,-0.1582954195045747
RGI60-08.01258,2009,-0.7062845943487182
RGI60-08.01258,2010,-0.7714661385455885
RGI60-08.01258,2011,-1.4608979160947562
RGI60-08.01258,2012,-0.5677106212687701
RGI60-08.01258,2013,-1.9466895792762253
RGI60-08.01258,2014,-0.5999252457029367
RGI60-08.01258,2015,-0.6115832104227406
RGI60-08.01258,2016,-1.4922853070521933
RGI60-08.01258,2017,-0.20512334913165464
RGI60-08.01258,2018,-1.82969874246775
RGI60-08.01258,2019,-0.9268521399108567
RGI60-08.01258,2020,-0.41999896715031604
RGI60-08.01258,2021,-0.16273492054987337
RGI60-08.01258,2022,-1.6213017899862348
RGI60-08.01258,2023,-1.1779613515009935
RGI60-08.01258,2024,-2.4768073119508514
RGI60-08.01260,2000,1.8040195874801124
RGI60-08.01260,2001,-1.1861894342977775
RGI60-08.01260,2002,-0.4389572448223412
RGI60-08.01260,2003,0.6751723500118352
RGI60-08.01260,2004,-1.2612540211252778
RGI60-08.01260,2005,0.852568092963985
RGI60-08.01260,2006,-0.9276296329623128
RGI60-08.01260,2007,-0.5367138340819644
RGI60-08.01260,2008,0.09044315985058582
RGI60-08.01260,2009,-0.7020918604774367
RGI60-08.01260,2010,0.10607577181044398
RGI60-08.01260,2011,-0.5627211694817815
RGI60-08.01260,2012,-0.7447977424803787
RGI60-08.01260,2013,-1.2309026083459282
RGI60-08.01260,2014,-1.4039486317770309
RGI60-08.01260,2015,-1.012300598500294
RGI60-08.01260,2016,-0.2509798514867923
RGI60-08.01260,2017,-0.1701060845491538
RGI60-08.01260,2018,-0.2631429265523441
RGI60-08.01260,2019,0.4435566788238566
RGI60-08.01260,2020,-0.0004057819515304595
RGI60-08.01260,2021,0.7000393323729175
RGI60-08.01260,2022,-0.7604927982464543
RGI60-08.01260,2023,-0.6617251089068354
RGI60-08.01260,2024,-1.3500595853143047
RGI60-08.01267,2000,0.6613324337530839
RGI60-08.01267,2001,-2.365468301883821
RGI60-08.01267,2002,-0.9292973187560755
RGI60-08.01267,2003,-0.2868611089584696
RGI60-08.01267,2004,1.409418545750313
RGI60-08.01267,2005,0.17649227547857727
RGI60-08.01267,2006,-1.8683033319009368
RGI60-08.01267,2007,-0.4402755722124434
RGI60-08.01267,2008,-0.4040545036304175
RGI60-08.01267,2009,0.1001841465925532
RGI60-08.01267,2010,0.507672052776358
RGI60-08.01267,2011,-2.0177511939636834
RGI60-08.01267,2012,0.29915066230119014
RGI60-08.01267,2013,-1.6243180979922518
RGI60-08.01267,2014,-1.0047483325318596
RGI60-08.01267,2015,-0.7742235380207405
RGI60-08.01267,2016,0.4361263416826753
RGI60-08.01267,2017,0.18109493935041865
RGI60-08.01267,2018,-0.04829514632577386
RGI60-08.01267,2019,0.2826250484913133
RGI60-08.01267,2020,0.45128212946755875
RGI60-08.01267,2021,-0.6846985701535824
RGI60-08.01267,2022,-0.36750734751452035
RGI60-08.01267,2023,-0.3551890195506593
RGI60-08.01267,2024,-0.34437921287293827
RGI60-08.01269,2000,-0.7901943122874829
RGI60-08.01269,2001,-1.9027326383581662
RGI60-08.01269,2002,-1.99247381226825
RGI60-08.01269,2003,0.20760095098852216
RGI60-08.01269,2004,-0.9775632790357489
RGI60-08.01269,2005,0.07179227669223354
RGI60-08.01269,2006,-1.9318929099626536
RGI60-08.01269,2007,0.6092738211523988
RGI60-08.01269,2008,-0.9824127872847253
RGI60-08.01269,2009,0.21292025410438875
RGI60-08.01269,2010,-1.6810988350971274
RGI60-08.01269,2011,-1.3371976818900662
RGI60-08.01269,2012,-0.05942303747578126
RGI60-08.01269,2013,-2.0493992158170653
RGI60-08.01269,2014,-1.6136791311696186
RGI60-08.01269,2015,0.26478672124894753
RGI60-08.01269,2016,-0.7088980049108672
RGI60-08.01269,2017,-0.6258641093630309
RGI60-08.01269,2018,0.46109147325177824
RGI60-08.01269,2019,-0.8765357425176828
RGI60-08.01269,2020,-0.10505518966813765
RGI60-08.01269,2021,-1.6738062492619115
RGI60-08.01269,2022,-1.0815328541691545
RGI60-08.01269,2023,-1.3809499302536965
RGI60-08.01269,2024,-1.3417850666262074
RGI60-08.01270,2000,-0.0006755439528574325
RGI60-08.01270,2001,-0.720020315913189
RGI60-08.01270,2002,-0.9473946536544474
RGI60-08.01270,2003,-0.55635837926666
RGI60-08.01270,2004,-0.10822082544903969
RGI60-08.01270,2005,-0.20875380341215943
RGI60-08.01270,2006,-1.7682535748310781
RGI60-08.01270,2007,0.49108303181207114
RGI60-08.01270,2008,-0.36592452816280835
RGI60-08.01270,2009,-0.3320032851143029
RGI60-08.01270,2010,-0.6712196907316573
RGI60-08.01270,2011,-0.24619934228187854
RGI60-08.01270,2012,0.7178881046359836
RGI60-08.01270,2013,-0.30915116926926933
RGI60-08.01270,2014,-0.33419362009999953
RGI60-08.01270,2015,1.1018144690265084
RGI60-08.01270,2016,-0.08571173313942154
RGI60-08.01270,2017,0.39884644945026526
RGI60-08.01270,2018,-0.6242410020558873
RGI60-08.01270,2019,-0.2810105875901698
RGI60-08.01270,2020,0.4578924604678688
RGI60-08.01270,2021,-0.5266607808669523
RGI60-08.01270,2022,-0.4832927380439255
RGI60-08.01270,2023,-0.9054024083212898
RGI60-08.01270,2024,0.7719245397053184
RGI60-08.01273,2000,-0.16040300571059674
RGI60-08.01273,2001,-1.4941828351706667
RGI60-08.01273,2002,-0.7592183572339821
RGI60-08.01273,2003,-1.3025081218960346
RGI60-08.01273,2004,-0.03442912222400374
RGI60-08.01273,2005,-0.19720750962144146
RGI60-08.01273,2006,-1.3197362405799575
RGI60-08.01273,2007,0.3883257193779749
RGI60-08.01273,2008,-0.9201616700843978
RGI60-08.01273,2009,0.2167735016696406
RGI60-08.01273,2010,-1.2465855745720122
RGI60-08.01273,2011,-0.9857638430657037
RGI60-08.01273,2012,0.6581544945581629
RGI60-08.01273,2013,-1.6353547713679926
RGI60-08.01273,2014,-1.2626118305950957
RGI60-08.01273,2015,-0.04746331947566529
RGI60-08.01273,2016,-0.3193207284849944
RGI60-08.01273,2017,-0.4654811342208408
RGI60-08.01273,2018,-1.3088898643222397
RGI60-08.01273,2019,-0.3226357869801526
RGI60-08.01273,2020,-0.27602799274461365
RGI60-08.01273,2021,-0.8096243029641395
RGI60-08.01273,2022,-0.3894497224759139
RGI60-08.01273,2023,-0.3494891052913703
RGI60-08.01273,2024,0.7188782604651166
RGI60-08.01283,2000,0.642812506551346
RGI60-08.01283,2001,-1.6021893648001
RGI60-08.01283,2002,-1.9438859620562075
RGI60-08.01283,2003,-0.7317119571702613
RGI60-08.01283,2004,0.0022330293262531886
RGI60-08.01283,2005,-0.18039396065623625
RGI60-08.01283,2006,-0.9140811003860383
RGI60-08.01283,2007,1.2705618104339749
RGI60-08.01283,2008,-0.44808073748400673
RGI60-08.01283,2009,-0.2822650029103916
RGI60-08.01283,2010,-1.1221444869729584
RGI60-08.01283,2011,-1.2941617817854811
RGI60-08.01283,2012,0.2573168363373918
RGI60-08.01283,2013,-1.29932189308497
RGI60-08.01283,2014,-0.9830734981411519
RGI60-08.01283,2015,0.6804192460081312
RGI60-08.01283,2016,-0.344731890892038
RGI60-08.01283,2017,-0.686156205183247
RGI60-08.01283,2018,2.701249540900377
RGI60-08.01283,2019,0.6291048719656077
RGI60-08.01283,2020,0.27847307116424436
RGI60-08.01283,2021,-0.9924987772405826
RGI60-08.01283,2022,-1.4523627567891229
RGI60-08.01283,2023,-1.3624709641328656
RGI60-08.01283,2024,-2.43632836396103
RGI60-08.01286,2000,-0.4585576474088507
RGI60-08.01286,2001,-0.5966688849119057
RGI60-08.01286,2002,-1.0882136469357704
RGI60-08.01286,2003,-1.459482934980946
RGI60-08.01286,2004,-0.7365968241233509
RGI60-08.01286,2005,-0.2387428497822876
RGI60-08.01286,2006,-1.5743892426156672
RGI60-08.01286,2007,0.2593525264027644
RGI60-08.01286,2008,-0.5263734153902039
RGI60-08.01286,2009,-0.43154163452642424
RGI60-08.01286,2010,-1.2152135509923498
RGI60-08.01286,2011,-1.2754161939761337
RGI60-08.01286,2012,0.6268364141725182
RGI60-08.01286,2013,-0.6972884992752371
RGI60-08.01286,2014,-1.6526059376610456
RGI60-08.01286,2015,-0.10662098634577655
RGI60-08.01286,2016,-0.9186565441939385
RGI60-08.01286,2017,-0.42229645764773693
RGI60-08.01286,2018,-1.1203762573061222
RGI60-08.01286,2019,-0.9652474325015362
RGI60-08.01286,2020,0.0849681307611303
RGI60-08.01286,2021,-1.5577391382349375
RGI60-08.01286,2022,-0.3617079269649687
RGI60-08.01286,2023,-1.7530261001040688
RGI60-08.01286,2024,-1.7018831767730236
RGI60-08.01287,2000,-0.03498935067507869
RGI60-08.01287,2001,-0.6875407327626353
RGI60-08.01287,2002,-0.9080242139322985
RGI60-08.01287,2003,-1.16665255955259
RGI60-08.01287,2004,-0.3400440919929201
RGI60-08.01287,2005,-0.5892561417350916
RGI60-08.01287,2006,-1.2246447856929055
RGI60-08.01287,2007,0.06860478011582727
RGI60-08.01287,2008,-0.47601109757501914
RGI60-08.01287,2009,-0.6005092837767794
RGI60-08.01287,2010,-0.9035063401555079
RGI60-08.01287,2011,-0.6570733036093487
RGI60-08.01287,2012,0.44982040177627025
RGI60-08.01287,2013,-0.5200118815284895
RGI60-08.01287,2014,-1.3952447687753593
RGI60-08.01287,2015,0.04268482104111093
RGI60-08.01287,2016,-1.0179354344311282
RGI60-08.01287,2017,-0.663302757794439
RGI60-08.01287,2018,-0.87295019455833
RGI60-08.01287,2019,-1.1040130643852724
RGI60-08.01287,2020,-0.3633130553732573
RGI60-08.01287,2021,-1.5644364229790249
RGI60-08.01287,2022,-0.5249901577859096
RGI60-08.01287,2023,-0.8457406114691473
RGI60-08.01287,2024,-0.9597142292112595
RGI60-08.01288,2000,0.26034103784762525
RGI60-08.01288,2001,-0.05142795429557917
RGI60-08.01288,2002,-0.6939362064742163
RGI60-08.01288,2003,-0.6022458333858314
RGI60-08.01288,2004,0.6839351193042178
RGI60-08.01288,2005,-0.15719445341779026
RGI60-08.01288,2006,-1.0177729638590172
RGI60-08.01288,2007,-0.2844977206415573
RGI60-08.01288,2008,-0.33693836866231885
RGI60-08.01288,2009,-0.36092710225377694
RGI60-08.01288,2010,-0.3361729564197784
RGI60-08.01288,2011,-0.48270630335969317
RGI60-08.01288,2012,0.7984700234711013
RGI60-08.01288,2013,-0.1428222339469806
RGI60-08.01288,2014,-0.6993933818738305
RGI60-08.01288,2015,0.56357207182717
RGI60-08.01288,2016,-0.33339248094186996
RGI60-08.01288,2017,-0.06619483807373891
RGI60-08.01288,2018,-0.7426203917126297
RGI60-08.01288,2019,-0.7825750631315078
RGI60-08.01288,2020,0.26850822356704646
RGI60-08.01288,2021,-0.8686327261388482
RGI60-08.01288,2022,0.09584047171703763
RGI60-08.01288,2023,-0.5019951272257822
RGI60-08.01288,2024,-0.12742566581809528
RGI60-08.01290,2000,0.6576496595159899
RGI60-08.01290,2001,0.48608748274859703
RGI60-08.01290,2002,-0.26695849892019086
RGI60-08.01290,2003,-1.2769529332043577
RGI60-08.01290,2004,0.29340259895022036
RGI60-08.01290,2005,-0.1473070154054506
RGI60-08.01290,2006,-2.2439199400850387
RGI60-08.01290,2007,-0.04602893305336689
RGI60-08.01290,2008,0.18366879288773139
RGI60-08.01290,2009,0.6837363114425788
RGI60-08.01290,2010,0.20240362436497042
RGI60-08.01290,2011,-1.4531980733904337
RGI60-08.01290,2012,0.7472944860516832
RGI60-08.01290,2013,0.20439380154806788
RGI60-08.01290,2014,-0.44519968343030514
RGI60-08.01290,2015,1.1687925944040876
RGI60-08.01290,2016,-0.8138741396608036
RGI60-08.01290,2017,-0.2920751636988609
RGI60-08.01290,2018,-0.9028509218371221
RGI60-08.01290,2019,-1.1097640492279786
RGI60-08.01290,2020,-0.27061538804996427
RGI60-08.01290,2021,-1.3462066365358292
RGI60-08.01290,2022,-0.8311607214527561
RGI60-08.01290,2023,-1.070150248483233
RGI60-08.01290,2024,-1.098700775883228
RGI60-08.01291,2000,-1.1846785390782246
RGI60-08.01291,2001,-2.4682038638705897
RGI60-08.01291,2002,-1.7020957713050238
RGI60-08.01291,2003,0.730733455718365
RGI60-08.01291,2004,-0.2737418319508763
RGI60-08.01291,2005,-0.6756657372031849
RGI60-08.01291,2006,-1.6690961306756478
RGI60-08.01291,2007,0.5668456818456492
RGI60-08.01291,2008,-0.8037328910376339
RGI60-08.01291,2009,-0.45727198672087066
RGI60-08.01291,2010,-0.7240429287704806
RGI60-08.01291,2011,-1.6016948421494024
RGI60-08.01291,2012,-0.06607550796030115
RGI60-08.01291,2013,-0.8792979243636984
RGI60-08.01291,2014,-1.8628685569168908
RGI60-08.01291,2015,-0.9541170310257108
RGI60-08.01291,2016,-1.6477992260079166
RGI60-08.01291,2017,-0.6680108126146101
RGI60-08.01291,2018,-1.2270409372229056
RGI60-08.01291,2019,-1.2968446186900429
RGI60-08.01291,2020,-0.39563994283530557
RGI60-08.01291,2021,-2.1868438879104297
RGI60-08.01291,2022,-1.367329550538572
RGI60-08.01291,2023,-1.6503165895674385
RGI60-08.01291,2024,1.4672660559063644
RGI60-08.01292,2000,0.05758377682713567
RGI60-08.01292,2001,-1.3632603071613727
RGI60-08.01292,2002,-1.1612455321318589
RGI60-08.01292,2003,-1.8413530924009125
RGI60-08.01292,2004,-0.2817535618332899
RGI60-08.01292,2005,-0.12607092846320955
RGI60-08.01292,2006,-1.3416639984521037
RGI60-08.01292,2007,0.16548364675043348
RGI60-08.01292,2008,-0.8523661344916139
RGI60-08.01292,2009,-0.40167009947353477
RGI60-08.01292,2010,-0.5797294264999122
RGI60-08.01292,2011,0.00259814466177144
RGI60-08.01292,2012,0.6732827014267482
RGI60-08.01292,2013,-0.8376660352821454
RGI60-08.01292,2014,-1.5774932485759692
RGI60-08.01292,2015,0.18107969897939757
RGI60-08.01292,2016,-1.1012012250597198
RGI60-08.01292,2017,-0.9051809156380034
RGI60-08.01292,2018,-1.4670616464021249
RGI60-08.01292,2019,-1.437911816779734
RGI60-08.01292,2020,-0.3227930611609164
RGI60-08.01292,2021,-1.4815115202890525
RGI60-08.01292,2022,-0.2566081093081453
RGI60-08.01292,2023,-1.326954888433359
RGI60-08.01292,2024,-1.3012320913261122
RGI60-08.01294,2000,-1.39086872731384
RGI60-08.01294,2001,-1.8338107192019557
RGI60-08.01294,2002,-0.7293680112679367
RGI60-08.01294,2003,1.1962194363096779
RGI60-08.01294,2004,-1.0359284096174441
RGI60-08.01294,2005,-1.395519648504101
RGI60-08.01294,2006,0.2955507067164975
RGI60-08.01294,2007,-1.0657842775010882
RGI60-08.01294,2008,-0.9836335910867028
RGI60-08.01294,2009,-0.7439364492930851
RGI60-08.01294,2010,-0.858637022124455
RGI60-08.01294,2011,-2.7846643262896755
RGI60-08.01294,2012,-0.06142327994412977
RGI60-08.01294,2013,-0.3550201330167094
RGI60-08.01294,2014,-1.2986132791121945
RGI60-08.01294,2015,-0.801930733307049
RGI60-08.01294,2016,1.0390225850831147
RGI60-08.01294,2017,-1.5324619938499606
RGI60-08.01294,2018,0.01773645499913512
RGI60-08.01294,2019,-1.1542285816780886
RGI60-08.01294,2020,-1.2568076447456373
RGI60-08.01294,2021,-1.2997475051160228
RGI60-08.01294,2022,-2.2372871826253125
RGI60-08.01294,2023,-1.9137501235407677
RGI60-08.01294,2024,-2.428839753485777
RGI60-08.01297,2000,-0.16439178942030008
RGI60-08.01297,2001,-0.9465786973163914
RGI60-08.01297,2002,-0.04259336167016664
RGI60-08.01297,2003,-0.3193930911026983
RGI60-08.01297,2004,0.06448101191330013
RGI60-08.01297,2005,-0.26290019749948834
RGI60-08.01297,2006,-1.0329913406477598
RGI60-08.01297,2007,0.12619281635098745
RGI60-08.01297,2008,-0.42259215646301507
RGI60-08.01297,2009,0.2701186115932267
RGI60-08.01297,2010,-0.6605252335734884
RGI60-08.01297,2011,-1.6632778580558227
RGI60-08.01297,2012,0.05126633255851132
RGI60-08.01297,2013,-1.4396471052441875
RGI60-08.01297,2014,-1.2916463655038717
RGI60-08.01297,2015,0.15387121231732026
RGI60-08.01297,2016,-0.844377619051597
RGI60-08.01297,2017,-0.47653439074787424
RGI60-08.01297,2018,-1.5211549960612696
RGI60-08.01297,2019,-0.3297257823754228
RGI60-08.01297,2020,0.3738588671635493
RGI60-08.01297,2021,-1.6730147629003316
RGI60-08.01297,2022,-1.0864645062936078
RGI60-08.01297,2023,-1.0568810342168735
RGI60-08.01297,2024,-1.9377348755644788
RGI60-08.01299,2000,0.3955440876617231
RGI60-08.01299,2001,-1.2138809063283844
RGI60-08.01299,2002,-0.4349016239803382
RGI60-08.01299,2003,-0.5642607944852878
RGI60-08.01299,2004,0.3469928000275444
RGI60-08.01299,2005,-0.8796775746144809
RGI60-08.01299,2006,-0.9938486270527027
RGI60-08.01299,2007,0.07056608378429091
RGI60-08.01299,2008,0.21016197951919224
RGI60-08.01299,2009,-0.45294071658248924
RGI60-08.01299,2010,-0.535248693148656
RGI60-08.01299,2011,-0.9100134754805331
RGI60-08.01299,2012,1.0993647072939883
RGI60-08.01299,2013,-1.1106091217071765
RGI60-08.01299,2014,-1.3146396112852696
RGI60-08.01299,2015,1.3295018671973255
RGI60-08.01299,2016,-0.347180625119038
RGI60-08.01299,2017,-0.0007557659216460566
RGI60-08.01299,2018,-1.1301834965154995
RGI60-08.01299,2019,0.7009095067374346
RGI60-08.01299,2020,0.7657400117669352
RGI60-08.01299,2021,-0.47834780995267284
RGI60-08.01299,2022,-0.6492795756527767
RGI60-08.01299,2023,-0.22335802655851278
RGI60-08.01299,2024,-0.4149808202565385
RGI60-08.01304,2000,0.3662480220857802
RGI60-08.01304,2001,-0.7221325462805233
RGI60-08.01304,2002,-1.2541346086191645
RGI60-08.01304,2003,-1.2120783328715952
RGI60-08.01304,2004,-0.6137536928017302
RGI60-08.01304,2005,1.0259709095876415
RGI60-08.01304,2006,-0.7812262566578618
RGI60-08.01304,2007,-0.27427181004813345
RGI60-08.01304,2008,-0.7832854152374586
RGI60-08.01304,2009,2.430707177384589
RGI60-08.01304,2010,-1.3531839845614244
RGI60-08.01304,2011,-1.4723047868499881
RGI60-08.01304,2012,-0.216484930437237
RGI60-08.01304,2013,-1.1383800945907885
RGI60-08.01304,2014,0.45419262116689507
RGI60-08.01304,2015,-0.3071657770021282
RGI60-08.01304,2016,-0.21000787251524924
RGI60-08.01304,2017,-0.17432828919801474
RGI60-08.01304,2018,-1.7016751275552948
RGI60-08.01304,2019,0.22099479500169317
RGI60-08.01304,2020,0.0802246958583791
RGI60-08.01304,2021,-1.4896881337322905
RGI60-08.01304,2022,-1.1512615681201002
RGI60-08.01304,2023,-0.41688238594790816
RGI60-08.01304,2024,-2.0817808183076085
RGI60-08.01310,2000,0.3697743608112768
RGI60-08.01310,2001,-1.7203140819061304
RGI60-08.01310,2002,-0.9329263650973507
RGI60-08.01310,2003,-1.3321548789640243
RGI60-08.01310,2004,0.12625400230853945
RGI60-08.01310,2005,0.06374802450083084
RGI60-08.01310,2006,-1.1632470554743028
RGI60-08.01310,2007,-0.15267081908349683
RGI60-08.01310,2008,-0.5010561863343301
RGI60-08.01310,2009,0.0775693161319615
RGI60-08.01310,2010,0.17522297088990202
RGI60-08.01310,2011,-1.3020567331686772
RGI60-08.01310,2012,-0.07531789794089272
RGI60-08.01310,2013,-1.5298868081756336
RGI60-08.01310,2014,-1.1160971184124735
RGI60-08.01310,2015,0.6054755324869134
RGI60-08.01310,2016,-0.9533298354708848
RGI60-08.01310,2017,-0.24615861559305402
RGI60-08.01310,2018,-1.8708491877583762
RGI60-08.01310,2019,-0.6612786237498073
RGI60-08.01310,2020,-0.37919017741336825
RGI60-08.01310,2021,0.46046648972261517
RGI60-08.01310,2022,-0.9229916292852111
RGI60-08.01310,2023,0.7368538833214939
RGI60-08.01310,2024,-1.2044061962732289
RGI60-08.01312,2000,-0.15341326476172135
RGI60-08.01312,2001,-0.7329130263467062
RGI60-08.01312,2002,-1.347509230090453
RGI60-08.01312,2003,-0.6853209001943517
RGI60-08.01312,2004,-0.20815293266517765
RGI60-08.01312,2005,-0.8748759124340117
RGI60-08.01312,2006,-1.9151038731599825
RGI60-08.01312,2007,0.3838552622799558
RGI60-08.01312,2008,-0.9629178033358448
RGI60-08.01312,2009,-0.25390266098994935
RGI60-08.01312,2010,-0.9230275608421411
RGI60-08.01312,2011,-1.4589579783171358
RGI60-08.01312,2012,0.03313505845234144
RGI60-08.01312,2013,-1.825076036388515
RGI60-08.01312,2014,-1.3963103013130882
RGI60-08.01312,2015,-0.0573489942216413
RGI60-08.01312,2016,-1.2427950039007822
RGI60-08.01312,2017,-0.7183958114382089
RGI60-08.01312,2018,2.5959743460080933
RGI60-08.01312,2019,-1.5301433763406762
RGI60-08.01312,2020,-0.7037819209377645
RGI60-08.01312,2021,-1.0993734827672212
RGI60-08.01312,2022,-2.0802410312754396
RGI60-08.01312,2023,-0.9932576253999396
RGI60-08.01312,2024,-2.724164081336875
RGI60-08.01318,2000,0.7805740288467207
RGI60-08.01318,2001,-0.4747145215891002
RGI60-08.01318,2002,-0.2500541877193905
RGI60-08.01318,2003,-0.133379188443209
RGI60-08.01318,2004,-0.03609293894031951
RGI60-08.01318,2005,-0.09244096322090381
RGI60-08.01318,2006,-1.4755827620356912
RGI60-08.01318,2007,-0.10919807216870923
RGI60-08.01318,2008,2.7924238134646
RGI60-08.01318,2009,-0.9790495042125895
RGI60-08.01318,2010,-0.30523351525406794
RGI60-08.01318,2011,-0.6139192755020498
RGI60-08.01318,2012,0.5401500896326872
RGI60-08.01318,2013,-0.8059358821887501
RGI60-08.01318,2014,-0.4919674614548869
RGI60-08.01318,2015,0.9252008553626052
RGI60-08.01318,2016,-0.5976124914769474
RGI60-08.01318,2017,-0.02652403311022783
RGI60-08.01318,2018,-2.943502187643584
RGI60-08.01318,2019,-0.14984180234617567
RGI60-08.01318,2020,0.3019274217118341
RGI60-08.01318,2021,-0.8036644101387505
RGI60-08.01318,2022,1.5143583753401175
RGI60-08.01318,2023,-1.278274272502638
RGI60-08.01318,2024,-0.4947618802035353
RGI60-08.01326,2000,0.6672907581835255
RGI60-08.01326,2001,-0.07858504562111196
RGI60-08.01326,2002,-0.9758115890880744
RGI60-08.01326,2003,-1.0295327430770633
RGI60-08.01326,2004,-0.3634689007995663
RGI60-08.01326,2005,-0.03216683545910909
RGI60-08.01326,2006,-1.013556175365399
RGI60-08.01326,2007,0.5281793255515966
RGI60-08.01326,2008,-0.805153991004014
RGI60-08.01326,2009,-0.5441144724317328
RGI60-08.01326,2010,-0.5946512948564014
RGI60-08.01326,2011,-0.5790436221687759
RGI60-08.01326,2012,0.5541256685211213
RGI60-08.01326,2013,-2.0026801916596955
RGI60-08.01326,2014,-1.3273925094728756
RGI60-08.01326,2015,0.25158777036253943
RGI60-08.01326,2016,0.5292263853956282
RGI60-08.01326,2017,-0.3162899261070784
RGI60-08.01326,2018,-1.146693472501422
RGI60-08.01326,2019,0.35173086159791067
RGI60-08.01326,2020,-0.1025919883410128
RGI60-08.01326,2021,0.4040395382235805
RGI60-08.01326,2022,-0.31714726803986426
RGI60-08.01326,2023,-0.26468913948495776
RGI60-08.01326,2024,-0.435907172197761
RGI60-08.01327,2000,0.9269580264269289
RGI60-08.01327,2001,-0.18251996716959612
RGI60-08.01327,2002,-1.2529764560278949
RGI60-08.01327,2003,-1.463549267832148
RGI60-08.01327,2004,0.36461538630640544
RGI60-08.01327,2005,-0.1460592087737237
RGI60-08.01327,2006,-1.8065865098947054
RGI60-08.01327,2007,0.509037816609876
RGI60-08.01327,2008,-0.6262113241753148
RGI60-08.01327,2009,0.02622425662871153
RGI60-08.01327,2010,-0.5748552076384714
RGI60-08.01327,2011,-0.9678876736545412
RGI60-08.01327,2012,0.5260277219070327
RGI60-08.01327,2013,-2.652460871647694
RGI60-08.01327,2014,-1.3707840271339653
RGI60-08.01327,2015,0.23496148274588813
RGI60-08.01327,2016,-0.8909825802817388
RGI60-08.01327,2017,-0.004049504084934541
RGI60-08.01327,2018,-1.5357235881610132
RGI60-08.01327,2019,0.009321495850888373
RGI60-08.01327,2020,-0.4834651899812488
RGI60-08.01327,2021,0.6279418859115479
RGI60-08.01327,2022,-0.4964448769539134
RGI60-08.01327,2023,0.16960465265618263
RGI60-08.01327,2024,-1.7338015934834656
RGI60-08.01328,2000,0.5367080871095316
RGI60-08.01328,2001,-0.4550709731869815
RGI60-08.01328,2002,-1.2210416017364532
RGI60-08.01328,2003,-0.24920610938257887
RGI60-08.01328,2004,0.36518054596596183
RGI60-08.01328,2005,-0.2860183945834588
RGI60-08.01328,2006,-1.6911475724247176
RGI60-08.01328,2007,0.47690846625130434
RGI60-08.01328,2008,-0.9710309495280498
RGI60-08.01328,2009,0.3165899345263109
RGI60-08.01328,2010,-0.6462682130245349
RGI60-08.01328,2011,-1.0804073562841021
RGI60-08.01328,2012,0.09479091425135
RGI60-08.01328,2013,-1.1819256983817414
RGI60-08.01328,2014,-0.412559325564508
RGI60-08.01328,2015,-0.12747152264101663
RGI60-08.01328,2016,-0.7767741888302122
RGI60-08.01328,2017,-0.34582477217169405
RGI60-08.01328,2018,-0.6829044137222817
RGI60-08.01328,2019,-0.4181268566421441
RGI60-08.01328,2020,-0.5107362287985161
RGI60-08.01328,2021,-0.8723025019880013
RGI60-08.01328,2022,-0.9248502267128575
RGI60-08.01328,2023,-1.1921584240796634
RGI60-08.01328,2024,-2.1902513428279065
RGI60-08.01329,2000,-0.031205800093063396
RGI60-08.01329,2001,-1.186507353320084
RGI60-08.01329,2002,-1.2664869590661105
RGI60-08.01329,2003,-1.0941144490245476
RGI60-08.01329,2004,-0.31514000306280354
RGI60-08.01329,2005,-0.5218943169000628
RGI60-08.01329,2006,-1.6026037551786052
RGI60-08.01329,2007,-0.10843507397830565
RGI60-08.01329,2008,-0.7424751020838728
RGI60-08.01329,2009,-0.7026172500293802
RGI60-08.01329,2010,-1.0253112292762407
RGI60-08.01329,2011,-1.6136414544062165
RGI60-08.01329,2012,-0.2864211091529273
RGI60-08.01329,2013,-2.042837881691116
RGI60-08.01329,2014,-1.312590372698439
RGI60-08.01329,2015,-0.11227793318419477
RGI60-08.01329,2016,-1.1414658867800695
RGI60-08.01329,2017,-0.468531948416306
RGI60-08.01329,2018,-1.7579854522527345
RGI60-08.01329,2019,-0.7209566694049253
RGI60-08.01329,2020,-0.8541153692233115
RGI60-08.01329,2021,-1.4268231661197208
RGI60-08.01329,2022,-0.9691708398857256
RGI60-08.01329,2023,-1.2680355364535434
RGI60-08.01329,2024,-2.351821045134495
RGI60-08.01336,2000,0.37768356138654824
RGI60-08.01336,2001,-1.2466491487157518
RGI60-08.01336,2002,-1.7940961919869312
RGI60-08.01336,2003,-0.8376626039192815
RGI60-08.01336,2004,-1.026652887637038
RGI60-08.01336,2005,-0.4687010600029128
RGI60-08.01336,2006,-1.8591858639014176
RGI60-08.01336,2007,0.0067092406354342105
RGI60-08.01336,2008,-0.6595395753096305
RGI60-08.01336,2009,-0.40229474523621295
RGI60-08.01336,2010,-0.7602577434730269
RGI60-08.01336,2011,-2.221408009856148
RGI60-08.01336,2012,0.33255545914763596
RGI60-08.01336,2013,-0.9672916779624123
RGI60-08.01336,2014,-2.0738865728436715
RGI60-08.01336,2015,0.36234214654824404
RGI60-08.01336,2016,-0.741555699173043
RGI60-08.01336,2017,-0.5391212690913902
RGI60-08.01336,2018,-0.5626284660173616
RGI60-08.01336,2019,-1.243758892591627
RGI60-08.01336,2020,0.2161141230991489
RGI60-08.01336,2021,-1.750476770581074
RGI60-08.01336,2022,-1.1793645896697014
RGI60-08.01336,2023,-0.3927151148893004
RGI60-08.01336,2024,-1.5738218740470131
RGI60-08.01337,2000,1.0676222401264701
RGI60-08.01337,2001,-0.28961194186427885
RGI60-08.01337,2002,-1.6359700381941957
RGI60-08.01337,2003,-1.5777436240363814
RGI60-08.01337,2004,-0.7106145614784866
RGI60-08.01337,2005,-0.017553114133697034
RGI60-08.01337,2006,-2.0995912600298867
RGI60-08.01337,2007,1.1151384449273807
RGI60-08.01337,2008,-0.1569372832017032
RGI60-08.01337,2009,-0.27823896003716336
RGI60-08.01337,2010,-1.254014112333281
RGI60-08.01337,2011,-0.6817493285179275
RGI60-08.01337,2012,1.3987227288299353
RGI60-08.01337,2013,-0.03118500383627837
RGI60-08.01337,2014,-1.593748024827893
RGI60-08.01337,2015,0.8392585671127661
RGI60-08.01337,2016,-0.8417415627182235
RGI60-08.01337,2017,-1.2815348890024427
RGI60-08.01337,2018,-0.6805752984862228
RGI60-08.01337,2019,-1.0606329782984831
RGI60-08.01337,2020,0.5291710902350302
RGI60-08.01337,2021,-1.7209324513819289
RGI60-08.01337,2022,-1.4205592386902917
RGI60-08.01337,2023,-2.2478316441327704
RGI60-08.01337,2024,0.2296321733349887
RGI60-08.01338,2000,0.4901048221228379
RGI60-08.01338,2001,-0.5970242323456537
RGI60-08.01338,2002,-1.720816157974486
RGI60-08.01338,2003,-1.8871461220365995
RGI60-08.01338,2004,-1.3503135272934128
RGI60-08.01338,2005,1.016861445937306
RGI60-08.01338,2006,-2.334588143062879
RGI60-08.01338,2007,1.0760529739732365
RGI60-08.01338,2008,-1.0299933472055673
RGI60-08.01338,2009,-0.8890279651314423
RGI60-08.01338,2010,-1.4586357181364984
RGI60-08.01338,2011,-1.15077062779509
RGI60-08.01338,2012,0.4633655218006594
RGI60-08.01338,2013,-0.8744424977955826
RGI60-08.01338,2014,-1.9707744082644154
RGI60-08.01338,2015,0.6437662609494426
RGI60-08.01338,2016,-1.1638436614046
RGI60-08.01338,2017,-0.6860388531142658
RGI60-08.01338,2018,-1.7594089284372427
RGI60-08.01338,2019,-1.6136268347857468
RGI60-08.01338,2020,-0.4437632102962057
RGI60-08.01338,2021,-2.2174878018003055
RGI60-08.01338,2022,-2.332262413643537
RGI60-08.01338,2023,-1.8020773187126653
RGI60-08.01338,2024,-1.9035439047708878
RGI60-08.01356,2000,-0.6602465024173676
RGI60-08.01356,2001,-1.4172689029934045
RGI60-08.01356,2002,-2.216748920645581
RGI60-08.01356,2003,-2.049758010272531
RGI60-08.01356,2004,-0.8406009541051048
RGI60-08.01356,2005,-0.2852872302872591
RGI60-08.01356,2006,-2.641313217785281
RGI60-08.01356,2007,0.8611931474162787
RGI60-08.01356,2008,-1.058872800776304
RGI60-08.01356,2009,0.7726849573992055
RGI60-08.01356,2010,-0.06102345941878218
RGI60-08.01356,2011,1.0880630983998554
RGI60-08.01356,2012,0.364576362547511
RGI60-08.01356,2013,-2.021900806621055
RGI60-08.01356,2014,-1.9208579153071543
RGI60-08.01356,2015,-0.6384959439616706
RGI60-08.01356,2016,0.44166214543166726
RGI60-08.01356,2017,-1.522793450911176
RGI60-08.01356,2018,-0.783362499617748
RGI60-08.01356,2019,-0.5007490960741074
RGI60-08.01356,2020,-0.7251402126550689
RGI60-08.01356,2021,-2.193342952693347
RGI60-08.01356,2022,-1.4495846826605052
RGI60-08.01356,2023,-0.9176278225432961
RGI60-08.01356,2024,-1.591991224846942
RGI60-08.01362,2000,0.26486256498278327
RGI60-08.01362,2001,-1.3375858873530657
RGI60-08.01362,2002,-1.1918923604173206
RGI60-08.01362,2003,-1.8232172722286144
RGI60-08.01362,2004,-1.7322781032519485
RGI60-08.01362,2005,-0.19125632394962155
RGI60-08.01362,2006,-2.0586896237421133
RGI60-08.01362,2007,1.9115810354942044
RGI60-08.01362,2008,-0.9068067143797269
RGI60-08.01362,2009,-1.2575416178311785
RGI60-08.01362,2010,-0.7057841214071965
RGI60-08.01362,2011,-0.9931008270015292
RGI60-08.01362,2012,-0.2470847478715371
RGI60-08.01362,2013,-0.882519801289667
RGI60-08.01362,2014,-2.429431306657389
RGI60-08.01362,2015,-0.3235449403242356
RGI60-08.01362,2016,-1.0952451932665481
RGI60-08.01362,2017,-0.9381981364157446
RGI60-08.01362,2018,0.7929342482234495
RGI60-08.01362,2019,-0.8685008713129975
RGI60-08.01362,2020,-0.4473839812081751
RGI60-08.01362,2021,0.001810336797582135
RGI60-08.01362,2022,-0.35240955809425173
RGI60-08.01362,2023,-0.7671976209450269
RGI60-08.01362,2024,1.9215534023219516
RGI60-08.01366,2000,-0.030691905546733178
RGI60-08.01366,2001,-0.8389961670166491
RGI60-08.01366,2002,-1.5496612086426658
RGI60-08.01366,2003,-0.943800345259536
RGI60-08.01366,2004,-0.4651359716371497
RGI60-08.01366,2005,0.04901585952340959
RGI60-08.01366,2006,-0.8741350887153294
RGI60-08.01366,2007,0.28170161942636607
RGI60-08.01366,2008,-0.24792381290220758
RGI60-08.01366,2009,-0.5999171670906351
RGI60-08.01366,2010,-1.1722983334509989
RGI60-08.01366,2011,-0.8718921238342886
RGI60-08.01366,2012,0.20804313693597543
RGI60-08.01366,2013,-0.8879302999777936
RGI60-08.01366,2014,-0.3849952390085346
RGI60-08.01366,2015,-0.04402230371521998
RGI60-08.01366,2016,-1.4983180285042152
RGI60-08.01366,2017,-0.8094916124830247
RGI60-08.01366,2018,1.4065299723750928
RGI60-08.01366,2019,-0.4456809804758675
RGI60-08.01366,2020,-0.7040742770802915
RGI60-08.01366,2021,-1.3707868503312715
RGI60-08.01366,2022,-0.013101647553715068
RGI60-08.01366,2023,-1.0212070794493753
RGI60-08.01366,2024,-2.0101746624023713
RGI60-08.01367,2000,0.04452759213021762
RGI60-08.01367,2001,2.9514057817972237
RGI60-08.01367,2002,2.386786526104777
RGI60-08.01367,2003,-1.9620366785377539
RGI60-08.01367,2004,-0.9381340838449477
RGI60-08.01367,2005,0.14687062083461655
RGI60-08.01367,2006,-3.209134652465783
RGI60-08.01367,2007,0.40348776356806126
RGI60-08.01367,2008,-1.3081137831440914
RGI60-08.01367,2009,-0.6992740900250181
RGI60-08.01367,2010,-0.5840928773798801
RGI60-08.01367,2011,-2.5429197394751055
RGI60-08.01367,2012,-1.5855812148235833
RGI60-08.01367,2013,-0.2335976800972701
RGI60-08.01367,2014,-1.9712685801867393
RGI60-08.01367,2015,-0.18771301997809164
RGI60-08.01367,2016,-0.4569955072906778
RGI60-08.01367,2017,-1.0914071920539294
RGI60-08.01367,2018,-2.584234552493738
RGI60-08.01367,2019,-0.596074632638294
RGI60-08.01367,2020,-0.6451970933689909
RGI60-08.01367,2021,-0.4782052478858887
RGI60-08.01367,2022,-1.22917404380308
RGI60-08.01367,2023,-1.3825244544622308
RGI60-08.01367,2024,-4.553272190780597
RGI60-08.01371,2000,0.5346443974686274
RGI60-08.01371,2001,-1.891266483246222
RGI60-08.01371,2002,-0.668044691373425
RGI60-08.01371,2003,-1.2212361594327668
RGI60-08.01371,2004,1.1210417630325473
RGI60-08.01371,2005,-0.42978072644861465
RGI60-08.01371,2006,-1.4830657231521882
RGI60-08.01371,2007,0.8040208848163491
RGI60-08.01371,2008,-0.42693830613975503
RGI60-08.01371,2009,0.10181356578815715
RGI60-08.01371,2010,-0.9519653855246266
RGI60-08.01371,2011,-1.8383109210371114
RGI60-08.01371,2012,-0.6929182086870719
RGI60-08.01371,2013,-2.773407334622133
RGI60-08.01371,2014,-1.4667344627045413
RGI60-08.01371,2015,0.25407582375173965
RGI60-08.01371,2016,-1.4258724492504897
RGI60-08.01371,2017,-0.5767745579648059
RGI60-08.01371,2018,0.2912074545355382
RGI60-08.01371,2019,0.8953115201907959
RGI60-08.01371,2020,-0.7263938329836783
RGI60-08.01371,2021,-1.3906100539648105
RGI60-08.01371,2022,-0.6085885442936968
RGI60-08.01371,2023,-0.0877681756217552
RGI60-08.01371,2024,-3.3749805423764196
RGI60-08.01375,2000,0.4677268801184141
RGI60-08.01375,2001,-0.18653520540515484
RGI60-08.01375,2002,-0.8515752533788099
RGI60-08.01375,2003,0.06674982737308122
RGI60-08.01375,2004,0.12057984911553482
RGI60-08.01375,2005,-0.12503994982018568
RGI60-08.01375,2006,-0.9136601308652
RGI60-08.01375,2007,-0.09706820986479492
RGI60-08.01375,2008,-0.5356287758566668
RGI60-08.01375,2009,-0.3369136625581718
RGI60-08.01375,2010,-0.047924072073722956
RGI60-08.01375,2011,-1.5950931425707
RGI60-08.01375,2012,-0.45513017505049314
RGI60-08.01375,2013,0.5096421679869335
RGI60-08.01375,2014,0.14030351358915427
RGI60-08.01375,2015,0.582052861812884
RGI60-08.01375,2016,-0.7360167163734732
RGI60-08.01375,2017,-0.19206838184389907
RGI60-08.01375,2018,-1.7924155966924582
RGI60-08.01375,2019,-0.009185827642266386
RGI60-08.01375,2020,0.1998076590366657
RGI60-08.01375,2021,-0.9735238462603142
RGI60-08.01375,2022,-1.1796647025437612
RGI60-08.01375,2023,-0.9275592869006806
RGI60-08.01375,2024,-1.930002177167296
RGI60-08.01379,2000,-0.40879522432379534
RGI60-08.01379,2001,-0.7766843817873825
RGI60-08.01379,2002,-0.9394115554283
RGI60-08.01379,2003,-1.568227161018356
RGI60-08.01379,2004,0.5257565198583773
RGI60-08.01379,2005,-1.2297303406406457
RGI60-08.01379,2006,-1.4896094517158205
RGI60-08.01379,2007,0.652839127500142
RGI60-08.01379,2008,-0.8604607080156877
RGI60-08.01379,2009,-0.9117987047756474
RGI60-08.01379,2010,-0.8499363238106546
RGI60-08.01379,2011,-3.451857106811603
RGI60-08.01379,2012,-0.9309368297404377
RGI60-08.01379,2013,-0.25711098757720474
RGI60-08.01379,2014,-1.5134453474077632
RGI60-08.01379,2015,-0.14268594352720054
RGI60-08.01379,2016,-0.2234302865159633
RGI60-08.01379,2017,-0.9390258807200967
RGI60-08.01379,2018,0.9763110550433931
RGI60-08.01379,2019,0.4181395314146479
RGI60-08.01379,2020,-1.8264078238128185
RGI60-08.01379,2021,-1.8735003152861422
RGI60-08.01379,2022,0.8620445486342945
RGI60-08.01379,2023,-0.8358652953917367
RGI60-08.01379,2024,-1.5408542124767592
RGI60-08.01384,2000,0.5923659945225386
RGI60-08.01384,2001,-0.7008242972377098
RGI60-08.01384,2002,-1.5822600687569086
RGI60-08.01384,2003,-1.7861335376411196
RGI60-08.01384,2004,-0.2795875455352667
RGI60-08.01384,2005,1.3177190231056701
RGI60-08.01384,2006,-1.5721588420619717
RGI60-08.01384,2007,0.3954251510422915
RGI60-08.01384,2008,-0.8590644256181195
RGI60-08.01384,2009,-1.2657752603007393
RGI60-08.01384,2010,-0.9498752727141426
RGI60-08.01384,2011,-2.565077225789268
RGI60-08.01384,2012,-1.6468055692467851
RGI60-08.01384,2013,-1.8612760470674259
RGI60-08.01384,2014,1.4488505944549244
RGI60-08.01384,2015,-0.06409347342589067
RGI60-08.01384,2016,-1.5472300202516935
RGI60-08.01384,2017,-0.0770574608728748
RGI60-08.01384,2018,1.3231101984009728
RGI60-08.01384,2019,0.05944808499352228
RGI60-08.01384,2020,-0.33455871058715575
RGI60-08.01384,2021,-1.7730169780220275
RGI60-08.01384,2022,-1.159611262137858
RGI60-08.01384,2023,-0.9056395707155172
RGI60-08.01384,2024,-2.7773619633342914
RGI60-08.01388,2000,0.3521164007617419
RGI60-08.01388,2001,-0.6751982464734855
RGI60-08.01388,2002,-0.7228761694965135
RGI60-08.01388,2003,-0.33913408316011495
RGI60-08.01388,2004,1.2400355459260326
RGI60-08.01388,2005,1.4896467979841508
RGI60-08.01388,2006,-1.9048620577858881
RGI60-08.01388,2007,1.315012524790254
RGI60-08.01388,2008,0.12490188051039737
RGI60-08.01388,2009,-0.7192478790428937
RGI60-08.01388,2010,0.11226342693481857
RGI60-08.01388,2011,-1.056837767669773
RGI60-08.01388,2012,0.32442038266571627
RGI60-08.01388,2013,-1.4285964166406164
RGI60-08.01388,2014,1.098521871538409
RGI60-08.01388,2015,0.5876787728799607
RGI60-08.01388,2016,-1.5337755470812722
RGI60-08.01388,2017,0.7723828038595777
RGI60-08.01388,2018,-0.653345076105213
RGI60-08.01388,2019,0.1433928356047075
RGI60-08.01388,2020,0.38525661708229253
RGI60-08.01388,2021,-1.2109786768269268
RGI60-08.01388,2022,-0.553867002681331
RGI60-08.01388,2023,-0.839911151736018
RGI60-08.01388,2024,-2.0214038360719884
RGI60-08.01397,2000,0.30045863491482827
RGI60-08.01397,2001,-1.358373717362868
RGI60-08.01397,2002,-1.6057259736811176
RGI60-08.01397,2003,-1.1188370583478793
RGI60-08.01397,2004,-0.46773192041842543
RGI60-08.01397,2005,0.5033976647087858
RGI60-08.01397,2006,-2.09354796419703
RGI60-08.01397,2007,0.16593228426769813
RGI60-08.01397,2008,-0.7358723576354811
RGI60-08.01397,2009,-0.16726028713187768
RGI60-08.01397,2010,-0.5273813108112755
RGI60-08.01397,2011,-2.2412890182097867
RGI60-08.01397,2012,0.4456320892486637
RGI60-08.01397,2013,-2.591863102168834
RGI60-08.01397,2014,-1.5131147411310568
RGI60-08.01397,2015,-0.29526051464541303
RGI60-08.01397,2016,-1.5158746129240241
RGI60-08.01397,2017,0.27092752786042074
RGI60-08.01397,2018,-1.8107036078298422
RGI60-08.01397,2019,-0.4704120145054936
RGI60-08.01397,2020,-0.4296778822244562
RGI60-08.01397,2021,-1.116317843380535
RGI60-08.01397,2022,-0.7814064859062838
RGI60-08.01397,2023,-1.3848400227484428
RGI60-08.01397,2024,-2.243352911876593
RGI60-08.01401,2000,0.18973500938860982
RGI60-08.01401,2001,-0.661001010392902
RGI60-08.01401,2002,-0.8781304731293147
RGI60-08.01401,2003,-0.8797571316790139
RGI60-08.01401,2004,-0.6871528996759277
RGI60-08.01401,2005,0.3954457877112658
RGI60-08.01401,2006,-1.0156017732103875
RGI60-08.01401,2007,0.3549985051424792
RGI60-08.01401,2008,0.22859092523527114
RGI60-08.01401,2009,0.28471931017635255
RGI60-08.01401,2010,-0.2474295423087724
RGI60-08.01401,2011,-0.8805607694758447
RGI60-08.01401,2012,0.493929922706166
RGI60-08.01401,2013,-1.3184674806135006
RGI60-08.01401,2014,-0.7259979258889222
RGI60-08.01401,2015,0.7128254420592832
RGI60-08.01401,2016,0.0119588154619506
RGI60-08.01401,2017,-0.12935928136374714
RGI60-08.01401,2018,-0.24016264675161877
RGI60-08.01401,2019,0.1372172166085639
RGI60-08.01401,2020,0.22968209409565316
RGI60-08.01401,2021,-0.3533032079735195
RGI60-08.01401,2022,-0.41952582884028566
RGI60-08.01401,2023,-0.5917611672857834
RGI60-08.01401,2024,-1.7779077216093302
RGI60-08.01408,2000,-0.26130194557836395
RGI60-08.01408,2001,-1.6522926521426506
RGI60-08.01408,2002,-1.3189396819460568
RGI60-08.01408,2003,-1.1929006470267494
RGI60-08.01408,2004,-0.5195834227327663
RGI60-08.01408,2005,0.4624068497297176
RGI60-08.01408,2006,-1.6418405776257807
RGI60-08.01408,2007,-0.3895169233736847
RGI60-08.01408,2008,-0.5545871192180987
RGI60-08.01408,2009,-0.577643369451144
RGI60-08.01408,2010,-0.6125526712756182
RGI60-08.01408,2011,-1.9635281304436143
RGI60-08.01408,2012,0.5770896625238491
RGI60-08.01408,2013,-2.437587300770886
RGI60-08.01408,2014,-1.6161137557219196
RGI60-08.01408,2015,0.03043357999579399
RGI60-08.01408,2016,0.19009956759965718
RGI60-08.01408,2017,0.07234373716890752
RGI60-08.01408,2018,-1.758426064792395
RGI60-08.01408,2019,-0.16155913491819596
RGI60-08.01408,2020,-0.32619633699980805
RGI60-08.01408,2021,-1.2713369778086576
RGI60-08.01408,2022,-0.5935084279886655
RGI60-08.01408,2023,-0.974315240677391
RGI60-08.01408,2024,0.18626895585672
RGI60-08.01409,2000,0.0020506262107457263
RGI60-08.01409,2001,-1.7310856277816236
RGI60-08.01409,2002,-1.1544758749785948
RGI60-08.01409,2003,1.9852227833834266
RGI60-08.01409,2004,1.375971298701537
RGI60-08.01409,2005,1.6603544974034659
RGI60-08.01409,2006,-1.0678424570480096
RGI60-08.01409,2007,-0.5559251891269056
RGI60-08.01409,2008,-0.020174004545573138
RGI60-08.01409,2009,0.29511830909258113
RGI60-08.01409,2010,1.2108854772891509
RGI60-08.01409,2011,-1.6806609729342787
RGI60-08.01409,2012,-0.26092498393996283
RGI60-08.01409,2013,-1.580034288188896
RGI60-08.01409,2014,0.13419050905157526
RGI60-08.01409,2015,-0.2728490431899739
RGI60-08.01409,2016,0.09986768380621051
RGI60-08.01409,2017,-0.02697510182373901
RGI60-08.01409,2018,-0.9482918545861584
RGI60-08.01409,2019,0.41267821320503667
RGI60-08.01409,2020,0.3578294319925291
RGI60-08.01409,2021,-0.11289181045530289
RGI60-08.01409,2022,-0.4859833176774462
RGI60-08.01409,2023,-1.4848931075912994
RGI60-08.01409,2024,-2.50442913497882
RGI60-08.01414,2000,-0.11773349944847022
RGI60-08.01414,2001,-0.2064303935034552
RGI60-08.01414,2002,-0.8936349650318862
RGI60-08.01414,2003,-1.250051737345097
RGI60-08.01414,2004,-0.6626389586977394
RGI60-08.01414,2005,-0.3957066101826381
RGI60-08.01414,2006,-1.1629689241735028
RGI60-08.01414,2007,-0.4876321834727273
RGI60-08.01414,2008,0.15967405422618697
RGI60-08.01414,2009,-0.9482314856299343
RGI60-08.01414,2010,-0.14844739585874583
RGI60-08.01414,2011,-1.3161688612920122
RGI60-08.01414,2012,0.28797390320506755
RGI60-08.01414,2013,-0.480464123618547
RGI60-08.01414,2014,-0.47697540028407526
RGI60-08.01414,2015,0.7395839929309482
RGI60-08.01414,2016,-0.5742057357598832
RGI60-08.01414,2017,-0.5825327547223345
RGI60-08.01414,2018,-1.3416028992982074
RGI60-08.01414,2019,-1.185006022042944
RGI60-08.01414,2020,-0.009789402536551695
RGI60-08.01414,2021,-1.4564858647846326
RGI60-08.01414,2022,-1.079824450943852
RGI60-08.01414,2023,-0.8366545697506844
RGI60-08.01414,2024,-1.2585212922063898
RGI60-08.01415,2000,0.9627417909399318
RGI60-08.01415,2001,0.35791838489883837
RGI60-08.01415,2002,-1.601989077217035
RGI60-08.01415,2003,-0.4601267609444578
RGI60-08.01415,2004,0.076364569977565
RGI60-08.01415,2005,-0.17073290620708065
RGI60-08.01415,2006,-1.1962347141903358
RGI60-08.01415,2007,0.09891689623534036
RGI60-08.01415,2008,0.34530759870891403
RGI60-08.01415,2009,-0.18891093752305851
RGI60-08.01415,2010,0.3914901048037626
RGI60-08.01415,2011,-1.7214442452335235
RGI60-08.01415,2012,1.4103998314420216
RGI60-08.01415,2013,0.3355712568317894
RGI60-08.01415,2014,-0.5601888732080548
RGI60-08.01415,2015,1.1728609566874102
RGI60-08.01415,2016,-0.27325612416066275
RGI60-08.01415,2017,0.06218815929328439
RGI60-08.01415,2018,-0.8850152587020859
RGI60-08.01415,2019,-0.9797606524325662
RGI60-08.01415,2020,0.3405549592426991
RGI60-08.01415,2021,-1.0955340659109272
RGI60-08.01415,2022,-0.0914525220377519
RGI60-08.01415,2023,-0.3846121638900492
RGI60-08.01415,2024,-0.19752757852654843
RGI60-08.01421,2000,-0.9305413764114613
RGI60-08.01421,2001,-0.6412456015913004
RGI60-08.01421,2002,-0.7330727414528376
RGI60-08.01421,2003,-1.649511828406377
RGI60-08.01421,2004,-1.3985733748926314
RGI60-08.01421,2005,-0.8195965031828698
RGI60-08.01421,2006,-1.3656215528785394
RGI60-08.01421,2007,-0.7702402699362423
RGI60-08.01421,2008,-1.0262021120755058
RGI60-08.01421,2009,-1.3787814089965986
RGI60-08.01421,2010,-1.503109823769127
RGI60-08.01421,2011,-2.6876994464427937
RGI60-08.01421,2012,-0.6092145808947567
RGI60-08.01421,2013,-1.000904335197653
RGI60-08.01421,2014,-1.8799300738594313
RGI60-08.01421,2015,-0.24882173886938985
RGI60-08.01421,2016,-1.2321276768827298
RGI60-08.01421,2017,-1.4849410475870362
RGI60-08.01421,2018,-1.8133842070801816
RGI60-08.01421,2019,-1.9363802995925332
RGI60-08.01421,2020,-0.751234408885008
RGI60-08.01421,2021,-1.8777800591620082
RGI60-08.01421,2022,-1.6003978577647138
RGI60-08.01421,2023,-1.5297612298925745
RGI60-08.01421,2024,-1.6000150668222983
RGI60-08.01424,2000,0.008203123900651033
RGI60-08.01424,2001,-0.7412856311932223
RGI60-08.01424,2002,-2.1382092488868247
RGI60-08.01424,2003,-1.1614245415622093
RGI60-08.01424,2004,-0.9098687553510616
RGI60-08.01424,2005,-0.5083191747035019
RGI60-08.01424,2006,-1.5838025136294682
RGI60-08.01424,2007,-0.5712322333822067
RGI60-08.01424,2008,-0.43632533612619523
RGI60-08.01424,2009,-0.8105113673354668
RGI60-08.01424,2010,-0.3984274362324976
RGI60-08.01424,2011,-1.4243566424592444
RGI60-08.01424,2012,0.14735295855948072
RGI60-08.01424,2013,-0.43311391102965363
RGI60-08.01424,2014,-1.6318216394174898
RGI60-08.01424,2015,0.5825405290092914
RGI60-08.01424,2016,-1.3144624693272795
RGI60-08.01424,2017,-0.6793626159051118
RGI60-08.01424,2018,-1.9364905156685297
RGI60-08.01424,2019,-1.675282579259465
RGI60-08.01424,2020,-0.29472018406055867
RGI60-08.01424,2021,-1.6507181436804146
RGI60-08.01424,2022,-0.9855058767318519
RGI60-08.01424,2023,-1.689378725631201
RGI60-08.01424,2024,-1.1665234452366378
RGI60-08.01429,2000,0.7971514690280409
RGI60-08.01429,2001,-0.04451830042118882
RGI60-08.01429,2002,-1.159803178588521
RGI60-08.01429,2003,-0.833716744679253
RGI60-08.01429,2004,-0.02349805908383057
RGI60-08.01429,2005,0.005982007756606567
RGI60-08.01429,2006,-1.6301086877595603
RGI60-08.01429,2007,-0.07972317540833995
RGI60-08.01429,2008,0.0547627626839009
RGI60-08.01429,2009,-0.3600823690100079
RGI60-08.01429,2010,-0.30916374620693915
RGI60-08.01429,2011,-1.6716005078814762
RGI60-08.01429,2012,1.287064956935163
RGI60-08.01429,2013,-0.01512943833489
RGI60-08.01429,2014,-1.7196296952072165
RGI60-08.01429,2015,0.5386026132039778
RGI60-08.01429,2016,-0.5793650345768843
RGI60-08.01429,2017,-0.2779504104506607
RGI60-08.01429,2018,-1.2194191483040842
RGI60-08.01429,2019,-1.3955553136948347
RGI60-08.01429,2020,-0.20217357333254407
RGI60-08.01429,2021,-1.4906863722348471
RGI60-08.01429,2022,-0.8716137807861661
RGI60-08.01429,2023,-0.5426731770670702
RGI60-08.01429,2024,0.2019879801215555
RGI60-08.01433,2000,0.1553996264269475
RGI60-08.01433,2001,-0.07514777071384715
RGI60-08.01433,2002,-1.89995040264691
RGI60-08.01433,2003,-1.2426938686667
RGI60-08.01433,2004,-0.056450374375916934
RGI60-08.01433,2005,-0.4326752193542662
RGI60-08.01433,2006,-1.6323422228121323
RGI60-08.01433,2007,0.3395809198442513
RGI60-08.01433,2008,-0.3093391355127046
RGI60-08.01433,2009,-0.5504701582917949
RGI60-08.01433,2010,-0.03980344873417285
RGI60-08.01433,2011,-2.085753983707069
RGI60-08.01433,2012,0.791092563629816
RGI60-08.01433,2013,-0.08708090844203953
RGI60-08.01433,2014,-1.600569851817728
RGI60-08.01433,2015,1.1541504450720437
RGI60-08.01433,2016,-0.9356447660275129
RGI60-08.01433,2017,-0.2907515474305854
RGI60-08.01433,2018,-1.6755799530989073
RGI60-08.01433,2019,-1.237969943340762
RGI60-08.01433,2020,-0.3670372656940499
RGI60-08.01433,2021,-0.9995119508784309
RGI60-08.01433,2022,-0.8505613509846803
RGI60-08.01433,2023,-0.9665259882396863
RGI60-08.01433,2024,-1.0368922980532245
RGI60-08.01439,2000,0.948433562086501
RGI60-08.01439,2001,-0.03564755285573906
RGI60-08.01439,2002,-1.2097213005850982
RGI60-08.01439,2003,-1.2205112604677766
RGI60-08.01439,2004,-0.43892776016976764
RGI60-08.01439,2005,-0.5131335251540298
RGI60-08.01439,2006,-1.1641082398499714
RGI60-08.01439,2007,0.623013167588214
RGI60-08.01439,2008,-0.2504061124372262
RGI60-08.01439,2009,-0.7145236563384644
RGI60-08.01439,2010,-0.6436304202857243
RGI60-08.01439,2011,-1.4174162689923473
RGI60-08.01439,2012,0.09287227148676874
RGI60-08.01439,2013,-1.7069786643085325
RGI60-08.01439,2014,-1.4738523738964924
RGI60-08.01439,2015,0.7950786179797367
RGI60-08.01439,2016,0.08125541452557866
RGI60-08.01439,2017,-0.05907881521985098
RGI60-08.01439,2018,-0.690046794073929
RGI60-08.01439,2019,-0.0561702890318449
RGI60-08.01439,2020,0.1877329505540804
RGI60-08.01439,2021,0.41659710114796716
RGI60-08.01439,2022,-0.5650617092741863
RGI60-08.01439,2023,0.6211508578474696
RGI60-08.01439,2024,-1.4304461560680148
RGI60-08.01441,2000,-0.29633117221790917
RGI60-08.01441,2001,-0.480051033916727
RGI60-08.01441,2002,-0.555636211440382
RGI60-08.01441,2003,-0.9717947648719576
RGI60-08.01441,2004,-0.3009392685747827
RGI60-08.01441,2005,-0.10536223097290187
RGI60-08.01441,2006,-1.0076664979332262
RGI60-08.01441,2007,-0.13498541270059017
RGI60-08.01441,2008,-0.44825128274551607
RGI60-08.01441,2009,-0.5641910061181564
RGI60-08.01441,2010,-0.41949719970640387
RGI60-08.01441,2011,-0.8698601325960508
RGI60-08.01441,2012,0.10941582036690811
RGI60-08.01441,2013,-0.7020473220708539
RGI60-08.01441,2014,-0.6026878265985696
RGI60-08.01441,2015,0.2953873468073458
RGI60-08.01441,2016,-0.7404705476125171
RGI60-08.01441,2017,-0.1888951444110634
RGI60-08.01441,2018,-0.614268334807569
RGI60-08.01441,2019,-0.13246777787908887
RGI60-08.01441,2020,0.02810684863698898
RGI60-08.01441,2021,-0.5483980558772017
RGI60-08.01441,2022,-0.4274744247693867
RGI60-08.01441,2023,-0.4992715994156344
RGI60-08.01441,2024,-0.5352572997238715
RGI60-08.01444,2000,1.1063516288217838
RGI60-08.01444,2001,-0.47927163260481237
RGI60-08.01444,2002,-0.7400387560158046
RGI60-08.01444,2003,-0.5226825506167697
RGI60-08.01444,2004,0.7035462885361492
RGI60-08.01444,2005,0.2730863306694544
RGI60-08.01444,2006,-0.8330122695736886
RGI60-08.01444,2007,-0.22167925942324446
RGI60-08.01444,2008,-0.2498451915768257
RGI60-08.01444,2009,-0.789305226245115
RGI60-08.01444,2010,0.10656143927415829
RGI60-08.01444,2011,-1.3697181615422152
RGI60-08.01444,2012,0.6026924144487988
RGI60-08.01444,2013,-0.704196002283612
RGI60-08.01444,2014,-0.770533684382771
RGI60-08.01444,2015,1.0108526579999597
RGI60-08.01444,2016,-0.021659185342738224
RGI60-08.01444,2017,0.41214808682776266
RGI60-08.01444,2018,-0.9745580572951691
RGI60-08.01444,2019,-0.2404388696752896
RGI60-08.01444,2020,0.18553793186607298
RGI60-08.01444,2021,-0.0880192822146551
RGI60-08.01444,2022,0.010314959532759793
RGI60-08.01444,2023,-0.8622623156641325
RGI60-08.01444,2024,-1.8077397699193591
RGI60-08.01453,2000,0.7803520034223617
RGI60-08.01453,2001,-0.6136362131992554
RGI60-08.01453,2002,-0.5519354475220004
RGI60-08.01453,2003,-0.27198576593690693
RGI60-08.01453,2004,-0.7710434714648279
RGI60-08.01453,2005,0.4384091689321883
RGI60-08.01453,2006,-1.080324012408627
RGI60-08.01453,2007,1.9138707538052553
RGI60-08.01453,2008,-0.15732895596211194
RGI60-08.01453,2009,0.5855760771825143
RGI60-08.01453,2010,-0.15752740331307527
RGI60-08.01453,2011,-1.8989609660992106
RGI60-08.01453,2012,1.1174233218412741
RGI60-08.01453,2013,-2.055880739077301
RGI60-08.01453,2014,-0.37915470674721313
RGI60-08.01453,2015,0.6188963727676309
RGI60-08.01453,2016,-0.4234404584603138
RGI60-08.01453,2017,0.43356329097160917
RGI60-08.01453,2018,-2.401324276638098
RGI60-08.01453,2019,0.5757514279061031
RGI60-08.01453,2020,0.08124332240179968
RGI60-08.01453,2021,0.9131025298014429
RGI60-08.01453,2022,-0.7111346130377326
RGI60-08.01453,2023,-0.9528526815733441
RGI60-08.01453,2024,0.08510726668725163
RGI60-08.01456,2000,-0.17120155728776565
RGI60-08.01456,2001,0.1095902101919497
RGI60-08.01456,2002,-1.357133481092771
RGI60-08.01456,2003,0.15115865480259938
RGI60-08.01456,2004,-0.32770166838158443
RGI60-08.01456,2005,-0.5794143700895784
RGI60-08.01456,2006,-1.021755557046303
RGI60-08.01456,2007,0.2512624526897107
RGI60-08.01456,2008,-0.7070179974246967
RGI60-08.01456,2009,0.6030170710623867
RGI60-08.01456,2010,-0.6893744155871404
RGI60-08.01456,2011,-1.6446375491139666
RGI60-08.01456,2012,0.7810451201586731
RGI60-08.01456,2013,-1.3194339506278556
RGI60-08.01456,2014,-1.5013940841692657
RGI60-08.01456,2015,0.3674956935438005
RGI60-08.01456,2016,-1.1449463012180225
RGI60-08.01456,2017,-0.3692298233307823
RGI60-08.01456,2018,-1.028004320470123
RGI60-08.01456,2019,-0.7233241266092603
RGI60-08.01456,2020,-0.8263746901244582
RGI60-08.01456,2021,-0.9103125149690006
RGI60-08.01456,2022,-1.4116880495627995
RGI60-08.01456,2023,-0.8470934615667945
RGI60-08.01456,2024,-1.1296163402852524
RGI60-08.01457,2000,-0.4607815811815466
RGI60-08.01457,2001,0.5453715450229997
RGI60-08.01457,2002,2.099830632065677
RGI60-08.01457,2003,0.7457877230649139
RGI60-08.01457,2004,-1.4822092692287039
RGI60-08.01457,2005,-1.3659727080742206
RGI60-08.01457,2006,-0.5534424022490506
RGI60-08.01457,2007,-0.22028552365383258
RGI60-08.01457,2008,-1.2694575666686052
RGI60-08.01457,2009,1.2159309861349066
RGI60-08.01457,2010,-1.1758742733924819
RGI60-08.01457,2011,0.4398310277455409
RGI60-08.01457,2012,-1.083303264656465
RGI60-08.01457,2013,-1.2156300200408003
RGI60-08.01457,2014,-0.6370816314201673
RGI60-08.01457,2015,-0.5923016395188243
RGI60-08.01457,2016,1.3063042903717184
RGI60-08.01457,2017,-1.0791218454514186
RGI60-08.01457,2018,-2.970604293724383
RGI60-08.01457,2019,-1.0878901851452687
RGI60-08.01457,2020,-1.6493168245431633
RGI60-08.01457,2021,-1.0937502103830006
RGI60-08.01457,2022,-2.1069857313441838
RGI60-08.01457,2023,-1.5055987179501105
RGI60-08.01457,2024,-1.9318615519960678
RGI60-08.01461,2000,-0.041032366047243585
RGI60-08.01461,2001,-1.5718274642450538
RGI60-08.01461,2002,-1.7244347588213462
RGI60-08.01461,2003,-0.9764938207772271
RGI60-08.01461,2004,-1.5054166071633737
RGI60-08.01461,2005,-0.9301578048509354
RGI60-08.01461,2006,-0.7048991436347319
RGI60-08.01461,2007,-1.0440125342137323
RGI60-08.01461,2008,-3.1160580035007452
RGI60-08.01461,2009,-1.3233210030184341
RGI60-08.01461,2010,-0.8209979657802131
RGI60-08.01461,2011,-2.025834527767924
RGI60-08.01461,2012,-1.1995698199806286
RGI60-08.01461,2013,-2.3755858661987244
RGI60-08.01461,2014,0.565825172213138
RGI60-08.01461,2015,0.05308169093880277
RGI60-08.01461,2016,-0.25484813346036295
RGI60-08.01461,2017,-0.5353019340577443
RGI60-08.01461,2018,-1.8866944885926893
RGI60-08.01461,2019,-1.0539206210408374
RGI60-08.01461,2020,-1.0397021973802232
RGI60-08.01461,2021,-0.9744092917979572
RGI60-08.01461,2022,-1.5825645977960996
RGI60-08.01461,2023,-0.9631788418629476
RGI60-08.01461,2024,0.6692442702238492
RGI60-08.01464,2000,0.9776536864423393
RGI60-08.01464,2001,-0.5429348862122774
RGI60-08.01464,2002,-1.1480621022963025
RGI60-08.01464,2003,-1.0616320094931875
RGI60-08.01464,2004,-0.2926408647326738
RGI60-08.01464,2005,0.280756956712375
RGI60-08.01464,2006,-0.8570547825901873
RGI60-08.01464,2007,0.12103189452741636
RGI60-08.01464,2008,-0.2932996480871997
RGI60-08.01464,2009,-0.1484813210379399
RGI60-08.01464,2010,-0.2241636033653026
RGI60-08.01464,2011,-0.9429572522099926
RGI60-08.01464,2012,0.7177013877670657
RGI60-08.01464,2013,-1.3572711995433957
RGI60-08.01464,2014,-0.6434302858242767
RGI60-08.01464,2015,0.9394466924090752
RGI60-08.01464,2016,-0.9468417956750697
RGI60-08.01464,2017,0.5130374776991333
RGI60-08.01464,2018,-0.9124152368146448
RGI60-08.01464,2019,-0.26774310767494686
RGI60-08.01464,2020,-0.5472855926931194
RGI60-08.01464,2021,-0.8022893828094746
RGI60-08.01464,2022,-0.22285728994389908
RGI60-08.01464,2023,-0.60373586393169
RGI60-08.01464,2024,-1.1919054764259736
RGI60-08.01466,2000,-0.5033402353958558
RGI60-08.01466,2001,-0.8100962142781335
RGI60-08.01466,2002,-1.5730607239961403
RGI60-08.01466,2003,-0.7071979121940097
RGI60-08.01466,2004,-0.7095488445016013
RGI60-08.01466,2005,-0.005340447387092828
RGI60-08.01466,2006,0.11660202444009404
RGI60-08.01466,2007,0.3267253952005419
RGI60-08.01466,2008,-0.854306896926096
RGI60-08.01466,2009,-0.1883042474238668
RGI60-08.01466,2010,-0.2364060776120107
RGI60-08.01466,2011,-1.4136483317862245
RGI60-08.01466,2012,0.06499770249580661
RGI60-08.01466,2013,-1.5730924262124508
RGI60-08.01466,2014,-1.0549124916526018
RGI60-08.01466,2015,-0.27301971160750116
RGI60-08.01466,2016,-0.7833609898126463
RGI60-08.01466,2017,0.12120009617795002
RGI60-08.01466,2018,-2.0350276070216458
RGI60-08.01466,2019,-0.9292620605065098
RGI60-08.01466,2020,-0.5173914525313477
RGI60-08.01466,2021,-0.07060515716386973
RGI60-08.01466,2022,-1.1187033035445126
RGI60-08.01466,2023,-0.9260197327037645
RGI60-08.01466,2024,-1.6489075497779024
RGI60-08.01471,2000,1.4817278681945727
RGI60-08.01471,2001,-0.27331856974644475
RGI60-08.01471,2002,-1.6282117005727765
RGI60-08.01471,2003,-0.6798614969037072
RGI60-08.01471,2004,-0.4007683930704731
RGI60-08.01471,2005,-0.24223066962580564
RGI60-08.01471,2006,-1.4917795262164193
RGI60-08.01471,2007,0.7086374248001563
RGI60-08.01471,2008,-0.08145077752802704
RGI60-08.01471,2009,0.15395841066727645
RGI60-08.01471,2010,-0.3966085488245231
RGI60-08.01471,2011,-1.656089128120648
RGI60-08.01471,2012,0.45564900906350625
RGI60-08.01471,2013,-1.9870835436229162
RGI60-08.01471,2014,-0.903286304328675
RGI60-08.01471,2015,0.5163470483146152
RGI60-08.01471,2016,-1.7022078108571943
RGI60-08.01471,2017,0.47660876038801203
RGI60-08.01471,2018,-1.5684046070922701
RGI60-08.01471,2019,-0.4374274449182578
RGI60-08.01471,2020,-0.8342887904392848
RGI60-08.01471,2021,1.1174521341464978
RGI60-08.01471,2022,-0.9876215526758403
RGI60-08.01471,2023,0.17926360027966337
RGI60-08.01471,2024,-0.6293485962184148
RGI60-08.01479,2000,-0.37086990209986037
RGI60-08.01479,2001,-0.4444398831325126
RGI60-08.01479,2002,-0.9533115720568632
RGI60-08.01479,2003,-0.11425772708815884
RGI60-08.01479,2004,-1.7174992273621608
RGI60-08.01479,2005,-0.1918689318069608
RGI60-08.01479,2006,-0.38515478989788965
RGI60-08.01479,2007,1.623895296455971
RGI60-08.01479,2008,-0.5136091893638309
RGI60-08.01479,2009,-0.5464025326814218
RGI60-08.01479,2010,-0.09396189485026735
RGI60-08.01479,2011,-1.8156523352296567
RGI60-08.01479,2012,0.38011975652299224
RGI60-08.01479,2013,-1.6798248643704203
RGI60-08.01479,2014,-1.4374801558694148
RGI60-08.01479,2015,0.1908796392981229
RGI60-08.01479,2016,-0.6684312749041316
RGI60-08.01479,2017,-0.5084139253633684
RGI60-08.01479,2018,-1.8869766363273366
RGI60-08.01479,2019,-0.13033984987282932
RGI60-08.01479,2020,-0.3663635104724746
RGI60-08.01479,2021,-0.3865443641415316
RGI60-08.01479,2022,-1.0098761774438114
RGI60-08.01479,2023,0.46689032094136196
RGI60-08.01479,2024,-1.1978840493712553
RGI60-08.01482,2000,0.5718288166613487
RGI60-08.01482,2001,-0.7236479718351481
RGI60-08.01482,2002,-0.630672161742329
RGI60-08.01482,2003,-0.8719025642493037
RGI60-08.01482,2004,0.0835586876291235
RGI60-08.01482,2005,-0.05022883868728628
RGI60-08.01482,2006,-0.8866951932018697
RGI60-08.01482,2007,0.8676018937347759
RGI60-08.01482,2008,-0.2585760539343482
RGI60-08.01482,2009,-0.2353421577801501
RGI60-08.01482,2010,-0.049508111301756974
RGI60-08.01482,2011,-1.1274389213243095
RGI60-08.01482,2012,0.31849900592312186
RGI60-08.01482,2013,-1.0363138951570723
RGI60-08.01482,2014,-1.0356025075348119
RGI60-08.01482,2015,0.8484594393069961
RGI60-08.01482,2016,-0.7111059056503711
RGI60-08.01482,2017,0.12325814879137614
RGI60-08.01482,2018,-0.9499933602125413
RGI60-08.01482,2019,-0.43497834943543784
RGI60-08.01482,2020,0.7531711356381602
RGI60-08.01482,2021,-0.7221152320590866
RGI60-08.01482,2022,-0.04582944334572703
RGI60-08.01482,2023,-1.0107023424629231
RGI60-08.01482,2024,-1.767801197063931
RGI60-08.01483,2000,0.0856385657500669
RGI60-08.01483,2001,-0.7827805510023621
RGI60-08.01483,2002,-0.9948948840005115
RGI60-08.01483,2003,-1.480629954006511
RGI60-08.01483,2004,-0.08385066983238587
RGI60-08.01483,2005,0.16660702499422364
RGI60-08.01483,2006,-1.4269452018235316
RGI60-08.01483,2007,0.03467854986680774
RGI60-08.01483,2008,-0.10624195545200887
RGI60-08.01483,2009,-0.40806009451170067
RGI60-08.01483,2010,-0.3119112113467466
RGI60-08.01483,2011,-1.1304773399351817
RGI60-08.01483,2012,0.7951139050532596
RGI60-08.01483,2013,-1.01819287578219
RGI60-08.01483,2014,-1.2231979135650148
RGI60-08.01483,2015,0.24150104093635194
RGI60-08.01483,2016,-0.5694185443499713
RGI60-08.01483,2017,0.007955743650364833
RGI60-08.01483,2018,-0.9421324893833468
RGI60-08.01483,2019,-0.48256114525960886
RGI60-08.01483,2020,-0.8987538614560331
RGI60-08.01483,2021,-0.841061737962833
RGI60-08.01483,2022,-0.6843966402988916
RGI60-08.01483,2023,-0.9225300096595526
RGI60-08.01483,2024,-2.239251012405879
RGI60-08.01484,2000,-1.0857576544599397
RGI60-08.01484,2001,-0.9348527473806448
RGI60-08.01484,2002,1.7700549052118928
RGI60-08.01484,2003,-1.1482720382922693
RGI60-08.01484,2004,-0.9682216213049762
RGI60-08.01484,2005,-0.6396679136679411
RGI60-08.01484,2006,-0.44867760682124425
RGI60-08.01484,2007,-0.5969969123746409
RGI60-08.01484,2008,-1.1411154927568807
RGI60-08.01484,2009,-0.5093376308149024
RGI60-08.01484,2010,0.5106610569997272
RGI60-08.01484,2011,-2.0018642032561615
RGI60-08.01484,2012,0.13292945481598095
RGI60-08.01484,2013,-1.324667234239167
RGI60-08.01484,2014,-1.1071058441046808
RGI60-08.01484,2015,-0.4915018852022563
RGI60-08.01484,2016,-0.2390774026800403
RGI60-08.01484,2017,-0.34250103646607954
RGI60-08.01484,2018,-0.41442114823445475
RGI60-08.01484,2019,-0.5874070449713055
RGI60-08.01484,2020,-0.947198053719847
RGI60-08.01484,2021,-0.8467590327946137
RGI60-08.01484,2022,-0.695265872442078
RGI60-08.01484,2023,-1.7691215423520816
RGI60-08.01484,2024,-0.041212450532832956
RGI60-08.01485,2000,0.10069622158062663
RGI60-08.01485,2001,-1.651632339241706
RGI60-08.01485,2002,-1.7988972578703137
RGI60-08.01485,2003,-1.918598598283355
RGI60-08.01485,2004,-1.376301218166445
RGI60-08.01485,2005,-0.4582476621767001
RGI60-08.01485,2006,-2.0140990779655423
RGI60-08.01485,2007,-0.06831120607041608
RGI60-08.01485,2008,-0.7370158480752699
RGI60-08.01485,2009,-0.6633437784947063
RGI60-08.01485,2010,-1.0458020277570257
RGI60-08.01485,2011,-1.3759604721314083
RGI60-08.01485,2012,0.29856416867776847
RGI60-08.01485,2013,-2.2546399341540164
RGI60-08.01485,2014,-0.968712851838575
RGI60-08.01485,2015,-0.09779348177626423
RGI60-08.01485,2016,-1.3144877841551554
RGI60-08.01485,2017,-0.38862356402819986
RGI60-08.01485,2018,-2.0354848918636668
RGI60-08.01485,2019,-0.7845083962096255
RGI60-08.01485,2020,-0.45991117583760055
RGI60-08.01485,2021,-1.5711852657924537
RGI60-08.01485,2022,-0.9801372788930044
RGI60-08.01485,2023,-0.8673412832668663
RGI60-08.01485,2024,-2.484654490957618
RGI60-08.01486,2000,0.13086908886107484
RGI60-08.01486,2001,-2.2121912182103234
RGI60-08.01486,2002,-1.886598498777239
RGI60-08.01486,2003,-1.597794567143382
RGI60-08.01486,2004,-1.894421767839022
RGI60-08.01486,2005,-1.357413567307934
RGI60-08.01486,2006,-2.2403824674745754
RGI60-08.01486,2007,-0.1391641015250067
RGI60-08.01486,2008,-1.0791047185845217
RGI60-08.01486,2009,-1.463271086368098
RGI60-08.01486,2010,-1.6495609292079685
RGI60-08.01486,2011,-1.597649964751513
RGI60-08.01486,2012,-0.2007008060880946
RGI60-08.01486,2013,-2.3637138595636964
RGI60-08.01486,2014,-1.107698746213234
RGI60-08.01486,2015,-0.2650551631864939
RGI60-08.01486,2016,-1.2343767625210673
RGI60-08.01486,2017,-0.6857288150551377
RGI60-08.01486,2018,-1.567354238973277
RGI60-08.01486,2019,-1.1411878100704755
RGI60-08.01486,2020,-0.3899826322174246
RGI60-08.01486,2021,-1.2824412076253444
RGI60-08.01486,2022,-1.2712095207320646
RGI60-08.01486,2023,-1.3836631635095473
RGI60-08.01486,2024,-2.732242141278662
RGI60-08.01487,2000,0.7466445527860435
RGI60-08.01487,2001,-0.07127854314255955
RGI60-08.01487,2002,-0.7587752346079456
RGI60-08.01487,2003,-0.4506388638239228
RGI60-08.01487,2004,-0.8087550712370413
RGI60-08.01487,2005,0.3737661540408332
RGI60-08.01487,2006,-0.9713800666690424
RGI60-08.01487,2007,0.08036654049090614
RGI60-08.01487,2008,-0.43069268737748767
RGI60-08.01487,2009,0.3929319309688419
RGI60-08.01487,2010,0.5940534319400261
RGI60-08.01487,2011,-1.6266354307219035
RGI60-08.01487,2012,0.5708100652468513
RGI60-08.01487,2013,-2.1960947734208554
RGI60-08.01487,2014,0.3639826448571177
RGI60-08.01487,2015,0.9342204222872108
RGI60-08.01487,2016,-0.8395039902100625
RGI60-08.01487,2017,0.06263748150327125
RGI60-08.01487,2018,-1.2651708863492332
RGI60-08.01487,2019,-0.3375876765610557
RGI60-08.01487,2020,0.03810381535143359
RGI60-08.01487,2021,-1.683216257554334
RGI60-08.01487,2022,-0.889576851060218
RGI60-08.01487,2023,1.7365537686129369
RGI60-08.01487,2024,-1.695163223559902
RGI60-08.01488,2000,-0.425622601499936
RGI60-08.01488,2001,-0.5754756911596215
RGI60-08.01488,2002,-0.023689251967336955
RGI60-08.01488,2003,-1.1132826918844476
RGI60-08.01488,2004,-1.4674887877064835
RGI60-08.01488,2005,0.5380975251521325
RGI60-08.01488,2006,-0.7307200998777019
RGI60-08.01488,2007,0.12712722861867587
RGI60-08.01488,2008,-1.4193393595336905
RGI60-08.01488,2009,-0.47512149930688286
RGI60-08.01488,2010,-0.5564909693938301
RGI60-08.01488,2011,-1.7252600748402722
RGI60-08.01488,2012,0.3575886467816941
RGI60-08.01488,2013,-3.227338978192491
RGI60-08.01488,2014,-0.7798788263126204
RGI60-08.01488,2015,0.08191966548766794
RGI60-08.01488,2016,0.5690061937412685
RGI60-08.01488,2017,-0.49654132723487865
RGI60-08.01488,2018,1.7916712247640303
RGI60-08.01488,2019,-1.6795603256352738
RGI60-08.01488,2020,-1.1393337010521627
RGI60-08.01488,2021,-1.127576459142005
RGI60-08.01488,2022,-1.2222928602976444
RGI60-08.01488,2023,-0.9743972177430799
RGI60-08.01488,2024,-2.727672522734517
RGI60-08.01489,2000,0.13858331388683476
RGI60-08.01489,2001,-0.7215057084123748
RGI60-08.01489,2002,-0.6232958762328151
RGI60-08.01489,2003,-1.2204712226726038
RGI60-08.01489,2004,-0.14606454474945885
RGI60-08.01489,2005,0.1888687091519171
RGI60-08.01489,2006,-1.1095226487473866
RGI60-08.01489,2007,0.2564626903591618
RGI60-08.01489,2008,-0.24553224403750432
RGI60-08.01489,2009,-0.3518413191297357
RGI60-08.01489,2010,-0.25309059552898966
RGI60-08.01489,2011,-0.907887246933722
RGI60-08.01489,2012,-0.14606163557433977
RGI60-08.01489,2013,-1.152090364851892
RGI60-08.01489,2014,-1.026628332988401
RGI60-08.01489,2015,0.20969948297061747
RGI60-08.01489,2016,-0.4523948232478539
RGI60-08.01489,2017,0.02053121084300069
RGI60-08.01489,2018,-0.7904870116410643
RGI60-08.01489,2019,0.031328167536609386
RGI60-08.01489,2020,0.3362602597983868
RGI60-08.01489,2021,-0.458182630749557
RGI60-08.01489,2022,-0.48186828957643235
RGI60-08.01489,2023,-0.7913909692323813
RGI60-08.01489,2024,-0.999737810058107
RGI60-08.01490,2000,-0.4484250201719918
RGI60-08.01490,2001,-1.2696652788874045
RGI60-08.01490,2002,-1.3295789098448925
RGI60-08.01490,2003,-1.5372072532789338
RGI60-08.01490,2004,-0.898335076485524
RGI60-08.01490,2005,-0.5067531903389739
RGI60-08.01490,2006,-1.3976621830322702
RGI60-08.01490,2007,-0.45928885216442406
RGI60-08.01490,2008,-0.9826340292197351
RGI60-08.01490,2009,-1.088018549905796
RGI60-08.01490,2010,-0.8854974065478769
RGI60-08.01490,2011,-1.2912902286912755
RGI60-08.01490,2012,-0.6091355546834439
RGI60-08.01490,2013,-1.6709475883634726
RGI60-08.01490,2014,-1.1093059777646843
RGI60-08.01490,2015,-0.10979378113012517
RGI60-08.01490,2016,-0.962366278185806
RGI60-08.01490,2017,-0.6052125516182152
RGI60-08.01490,2018,-1.4066584205258288
RGI60-08.01490,2019,-0.830823869159321
RGI60-08.01490,2020,-0.044048401350073596
RGI60-08.01490,2021,-1.1211713521059774
RGI60-08.01490,2022,-0.779646202285218
RGI60-08.01490,2023,-1.115772904427357
RGI60-08.01490,2024,-1.9103100232544201
RGI60-08.01491,2000,0.9194685904792821
RGI60-08.01491,2001,-0.39926071335210733
RGI60-08.01491,2002,-0.8891619454660408
RGI60-08.01491,2003,1.5879139470709578
RGI60-08.01491,2004,-0.1909351154739584
RGI60-08.01491,2005,0.3083120631912287
RGI60-08.01491,2006,-0.9221636740300684
RGI60-08.01491,2007,0.4803302212767083
RGI60-08.01491,2008,-0.27663563789185597
RGI60-08.01491,2009,-0.2330379484407552
RGI60-08.01491,2010,-0.28984375830937087
RGI60-08.01491,2011,-1.1036512361121538
RGI60-08.01491,2012,1.1816585600009024
RGI60-08.01491,2013,-1.235528255958432
RGI60-08.01491,2014,-1.1476138429686478
RGI60-08.01491,2015,0.7004194159690242
RGI60-08.01491,2016,-0.8169607752277472
RGI60-08.01491,2017,0.19820194260352178
RGI60-08.01491,2018,-1.438910689250524
RGI60-08.01491,2019,-0.20640114810996868
RGI60-08.01491,2020,0.2535130249346961
RGI60-08.01491,2021,-1.732742111685028
RGI60-08.01491,2022,-0.4291688733882094
RGI60-08.01491,2023,-0.36683076119327024
RGI60-08.01491,2024,-2.0226760873106167
RGI60-08.01505,2000,0.04230917050735533
RGI60-08.01505,2001,-0.9839936059646168
RGI60-08.01505,2002,-1.1437607974810402
RGI60-08.01505,2003,0.17999322141978796
RGI60-08.01505,2004,0.012282044932603708
RGI60-08.01505,2005,-0.6969166597549445
RGI60-08.01505,2006,-0.5549071018794822
RGI60-08.01505,2007,-0.22599931911505597
RGI60-08.01505,2008,-0.3370312555793852
RGI60-08.01505,2009,-0.3957851495298099
RGI60-08.01505,2010,-0.6894614473220628
RGI60-08.01505,2011,-0.9668600815047594
RGI60-08.01505,2012,0.40428989727844317
RGI60-08.01505,2013,-1.4774339516068395
RGI60-08.01505,2014,-0.7859411768593056
RGI60-08.01505,2015,0.09081546723700012
RGI60-08.01505,2016,-0.41675717247187716
RGI60-08.01505,2017,-0.4008495801205998
RGI60-08.01505,2018,-0.8226316384504861
RGI60-08.01505,2019,1.7101391362650715
RGI60-08.01505,2020,0.007301705261254898
RGI60-08.01505,2021,-0.8693745478419498
RGI60-08.01505,2022,-1.1034668653589454
RGI60-08.01505,2023,-1.378986831472368
RGI60-08.01505,2024,-2.2675548581699387
RGI60-08.01506,2000,0.3336231408048019
RGI60-08.01506,2001,-0.7985811011677979
RGI60-08.01506,2002,1.580603320063833
RGI60-08.01506,2003,-1.1395765728380232
RGI60-08.01506,2004,-0.0773711601257756
RGI60-08.01506,2005,0.5348281281991514
RGI60-08.01506,2006,-2.757052697510121
RGI60-08.01506,2007,-1.4664223529050964
RGI60-08.01506,2008,-1.717738830184328
RGI60-08.01506,2009,1.2406392877232504
RGI60-08.01506,2010,-0.29288335790059017
RGI60-08.01506,2011,1.4367040674345442
RGI60-08.01506,2012,-1.1672721916448672
RGI60-08.01506,2013,-0.8428877096067524
RGI60-08.01506,2014,0.559991258205744
RGI60-08.01506,2015,-0.9747989125507699
RGI60-08.01506,2016,1.5794787609601049
RGI60-08.01506,2017,-0.2907290755990218
RGI60-08.01506,2018,-3.3317271853474937
RGI60-08.01506,2019,-2.033826816010804
RGI60-08.01506,2020,-1.6658252967746918
RGI60-08.01506,2021,0.7945954414687959
RGI60-08.01506,2022,-0.7313204272726856
RGI60-08.01506,2023,-1.3100935247327066
RGI60-08.01506,2024,-0.830688003881129
RGI60-08.01509,2000,-0.06690813959226494
RGI60-08.01509,2001,0.8743892787460538
RGI60-08.01509,2002,-0.8920377706017706
RGI60-08.01509,2003,0.006793247157945992
RGI60-08.01509,2004,-0.9923011363743999
RGI60-08.01509,2005,-0.696355051159349
RGI60-08.01509,2006,-1.1941378898478596
RGI60-08.01509,2007,0.6463693702193899
RGI60-08.01509,2008,-1.1121636150404657
RGI60-08.01509,2009,-0.6052897749756234
RGI60-08.01509,2010,-0.06415736287264207
RGI60-08.01509,2011,-0.25548361527525787
RGI60-08.01509,2012,0.4375621803534927
RGI60-08.01509,2013,-1.2810932881248567
RGI60-08.01509,2014,-0.6430837117139794
RGI60-08.01509,2015,0.030524180646093857
RGI60-08.01509,2016,-0.24597318927903528
RGI60-08.01509,2017,0.46515369943675866
RGI60-08.01509,2018,-2.5077497438259027
RGI60-08.01509,2019,-0.275457667876317
RGI60-08.01509,2020,0.8813237462633196
RGI60-08.01509,2021,-0.3435274830223004
RGI60-08.01509,2022,-0.559773426728401
RGI60-08.01509,2023,0.44159336384562997
RGI60-08.01509,2024,-2.1400522938137634
RGI60-08.01516,2000,0.4881218828614574
RGI60-08.01516,2001,-0.4497288333949425
RGI60-08.01516,2002,-0.08476701600509626
RGI60-08.01516,2003,-0.7257385506362718
RGI60-08.01516,2004,0.3436039386491193
RGI60-08.01516,2005,-0.12259521231464693
RGI60-08.01516,2006,-1.3394577367391975
RGI60-08.01516,2007,0.3492431124451545
RGI60-08.01516,2008,-0.5777815218313493
RGI60-08.01516,2009,0.6040170824381859
RGI60-08.01516,2010,0.00890474675591188
RGI60-08.01516,2011,-0.3496686735103593
RGI60-08.01516,2012,0.7820948483255272
RGI60-08.01516,2013,-0.8305247861406017
RGI60-08.01516,2014,-0.8452179080636462
RGI60-08.01516,2015,0.8966674759904699
RGI60-08.01516,2016,-0.4944124349087409
RGI60-08.01516,2017,-0.007971851056477602
RGI60-08.01516,2018,-0.7275000081518853
RGI60-08.01516,2019,-0.5130885547126045
RGI60-08.01516,2020,0.7353345034015613
RGI60-08.01516,2021,0.6421941869547353
RGI60-08.01516,2022,-0.9132922616458237
RGI60-08.01516,2023,1.7900349834241953
RGI60-08.01516,2024,-1.5210259162299593
RGI60-08.01524,2000,-0.941431897520947
RGI60-08.01524,2001,-1.3397039894751366
RGI60-08.01524,2002,1.8482854219904594
RGI60-08.01524,2003,-0.21686733561097982
RGI60-08.01524,2004,1.0800766151795056
RGI60-08.01524,2005,0.6690803478049154
RGI60-08.01524,2006,-1.5955555445182252
RGI60-08.01524,2007,0.9594936276481127
RGI60-08.01524,2008,-0.9824907063545918
RGI60-08.01524,2009,-0.44830140078653036
RGI60-08.01524,2010,-1.8942107057681512
RGI60-08.01524,2011,-0.9979810845662771
RGI60-08.01524,2012,-0.8590235433384867
RGI60-08.01524,2013,-2.261050192327274
RGI60-08.01524,2014,-0.3526031645530422
RGI60-08.01524,2015,0.6878689807011458
RGI60-08.01524,2016,-1.3751922916816794
RGI60-08.01524,2017,0.5016963665514746
RGI60-08.01524,2018,1.1469229530108265
RGI60-08.01524,2019,-1.4097124563851178
RGI60-08.01524,2020,0.7541046603042947
RGI60-08.01524,2021,-1.3372541992723317
RGI60-08.01524,2022,-0.8787569022074808
RGI60-08.01524,2023,-0.833724989102345
RGI60-08.01524,2024,-2.632877305177564
RGI60-08.01526,2000,0.9213926468869996
RGI60-08.01526,2001,-1.091447031649578
RGI60-08.01526,2002,2.6953819808083086
RGI60-08.01526,2003,0.32242470512351196
RGI60-08.01526,2004,0.04412967681551403
RGI60-08.01526,2005,0.22624315732182115
RGI60-08.01526,2006,-1.7390892506984403
RGI60-08.01526,2007,0.7615817140352162
RGI60-08.01526,2008,-0.24635814183420077
RGI60-08.01526,2009,-0.28691055657386133
RGI60-08.01526,2010,-1.8588782882408084
RGI60-08.01526,2011,-0.040165114191527296
RGI60-08.01526,2012,0.8591348675077628
RGI60-08.01526,2013,1.2755899444287808
RGI60-08.01526,2014,0.922793694913139
RGI60-08.01526,2015,1.2371974714361094
RGI60-08.01526,2016,-1.4756473048486256
RGI60-08.01526,2017,0.3917954332008713
RGI60-08.01526,2018,-0.5120133119559476
RGI60-08.01526,2019,-0.6640562924850341
RGI60-08.01526,2020,1.0284839031757727
RGI60-08.01526,2021,0.29548432858810125
RGI60-08.01526,2022,-0.44561394690484357
RGI60-08.01526,2023,-1.860692912539548
RGI60-08.01526,2024,-3.2335207725124566
RGI60-08.01527,2020,
RGI60-08.01531,2000,1.204781555277044
RGI60-08.01531,2001,-0.5940333670286679
RGI60-08.01531,2002,-1.0781031127354042
RGI60-08.01531,2003,0.14721708563188957
RGI60-08.01531,2004,0.4783434312531476
RGI60-08.01531,2005,-0.14702913340527551
RGI60-08.01531,2006,-1.7928098143194355
RGI60-08.01531,2007,1.4912045067977393
RGI60-08.01531,2008,-0.4347570788118352
RGI60-08.01531,2009,1.403439003441062
RGI60-08.01531,2010,-0.2915232242636252
RGI60-08.01531,2011,-0.9728052282617501
RGI60-08.01531,2012,-0.27508009055038163
RGI60-08.01531,2013,-2.28728766711646
RGI60-08.01531,2014,0.2872307647746647
RGI60-08.01531,2015,0.9575429750681406
RGI60-08.01531,2016,-0.3640748709833695
RGI60-08.01531,2017,0.29038958226719386
RGI60-08.01531,2018,-0.6952058358713505
RGI60-08.01531,2019,-0.4117394811633342
RGI60-08.01531,2020,1.3862662507643313
RGI60-08.01531,2021,-0.06631535753497358
RGI60-08.01531,2022,-0.607268911398047
RGI60-08.01531,2023,-0.8811479098092188
RGI60-08.01531,2024,-1.5441064661211137
RGI60-08.01532,2000,-0.0013661638680739774
RGI60-08.01532,2001,0.09247893179663924
RGI60-08.01532,2002,-0.4695410213260213
RGI60-08.01532,2003,1.561206492407129
RGI60-08.01532,2004,-0.11384531669504364
RGI60-08.01532,2005,-0.546071996404341
RGI60-08.01532,2006,-1.3276657804001784
RGI60-08.01532,2007,0.4566472767381357
RGI60-08.01532,2008,-0.3624452925152195
RGI60-08.01532,2009,0.5964797257951946
RGI60-08.01532,2010,-0.32854413097694274
RGI60-08.01532,2011,-0.9952045915854859
RGI60-08.01532,2012,-0.49630456059841804
RGI60-08.01532,2013,-1.820367786939062
RGI60-08.01532,2014,-0.011524119212674405
RGI60-08.01532,2015,0.8549916353823319
RGI60-08.01532,2016,-0.6388321799546094
RGI60-08.01532,2017,0.541591468153968
RGI60-08.01532,2018,-0.21198913551204338
RGI60-08.01532,2019,-0.31639345428528726
RGI60-08.01532,2020,0.4782083951092507
RGI60-08.01532,2021,-1.433276638193918
RGI60-08.01532,2022,-0.3478918198468419
RGI60-08.01532,2023,-0.22704706178903983
RGI60-08.01532,2024,-0.9650131814406162
RGI60-08.01534,2000,0.49284616732050934
RGI60-08.01534,2001,-0.7507392479057178
RGI60-08.01534,2002,-1.475871297897915
RGI60-08.01534,2003,-1.1193566256134806
RGI60-08.01534,2004,-0.03406747678959232
RGI60-08.01534,2005,0.630654253661029
RGI60-08.01534,2006,-1.2586462317887377
RGI60-08.01534,2007,0.736058978959136
RGI60-08.01534,2008,-0.5512247765349576
RGI60-08.01534,2009,-0.2235002819718975
RGI60-08.01534,2010,-0.8641058531970455
RGI60-08.01534,2011,-1.201840397871865
RGI60-08.01534,2012,1.2581392277437056
RGI60-08.01534,2013,-1.142833107194435
RGI60-08.01534,2014,-1.1301870017342743
RGI60-08.01534,2015,0.7223545980460967
RGI60-08.01534,2016,-0.9629763569164385
RGI60-08.01534,2017,0.1773866440739773
RGI60-08.01534,2018,-0.6343528803502644
RGI60-08.01534,2019,-0.6256383340378203
RGI60-08.01534,2020,-0.059092258833058686
RGI60-08.01534,2021,-0.7807458821966491
RGI60-08.01534,2022,-0.7358457599579802
RGI60-08.01534,2023,-0.7165030552915141
RGI60-08.01534,2024,-2.0506671490000046
RGI60-08.01536,2000,-0.21345932413165464
RGI60-08.01536,2001,-0.48738598580025705
RGI60-08.01536,2002,-0.7281207657192784
RGI60-08.01536,2003,1.752063209889443
RGI60-08.01536,2004,-0.3435512656995598
RGI60-08.01536,2005,0.23711863693941979
RGI60-08.01536,2006,-1.1671233336664335
RGI60-08.01536,2007,0.5271257290845315
RGI60-08.01536,2008,-1.088875340690057
RGI60-08.01536,2009,0.4769530876010016
RGI60-08.01536,2010,-0.4777109664371977
RGI60-08.01536,2011,-0.953412945614285
RGI60-08.01536,2012,1.263634238622357
RGI60-08.01536,2013,-0.845061646609962
RGI60-08.01536,2014,-0.8833494876616114
RGI60-08.01536,2015,0.6823219481929664
RGI60-08.01536,2016,-0.4502964889430336
RGI60-08.01536,2017,0.087197426260105
RGI60-08.01536,2018,2.1893048690895838
RGI60-08.01536,2019,-0.15277159470608212
RGI60-08.01536,2020,0.4239274659166845
RGI60-08.01536,2021,-1.4003167976437891
RGI60-08.01536,2022,-0.38280058205986617
RGI60-08.01536,2023,-0.6507558150692309
RGI60-08.01536,2024,2.421484604188034
RGI60-08.01537,2000,0.2914992664328525
RGI60-08.01537,2001,-1.272759189779654
RGI60-08.01537,2002,-1.87972819935707
RGI60-08.01537,2003,-1.1940686790306376
RGI60-08.01537,2004,0.020115030814671253
RGI60-08.01537,2005,0.15013416017752623
RGI60-08.01537,2006,-1.6175769270490403
RGI60-08.01537,2007,0.7471710429289907
RGI60-08.01537,2008,-0.6263882329749748
RGI60-08.01537,2009,-0.524780460648617
RGI60-08.01537,2010,-0.38817211048543093
RGI60-08.01537,2011,-0.8703378360516851
RGI60-08.01537,2012,-0.09314863260559608
RGI60-08.01537,2013,-1.3979566529803944
RGI60-08.01537,2014,-1.1633508686573553
RGI60-08.01537,2015,0.7359060272683061
RGI60-08.01537,2016,-0.4506106110174447
RGI60-08.01537,2017,-0.10203704968376232
RGI60-08.01537,2018,-0.699452412505567
RGI60-08.01537,2019,-0.48225766479511994
RGI60-08.01537,2020,-0.4546473113908966
RGI60-08.01537,2021,-1.1100628817434415
RGI60-08.01537,2022,-0.5469038173000605
RGI60-08.01537,2023,-1.1069449487654717
RGI60-08.01537,2024,-1.1832159940793319
RGI60-08.01543,2000,-0.03670213669108202
RGI60-08.01543,2001,-1.4136515356863275
RGI60-08.01543,2002,-0.7117606137531112
RGI60-08.01543,2003,-1.0176685839106077
RGI60-08.01543,2004,-0.06376977694972596
RGI60-08.01543,2005,-0.15270440416591285
RGI60-08.01543,2006,-1.043451783587109
RGI60-08.01543,2007,-0.030661014241326168
RGI60-08.01543,2008,-0.47388178324818087
RGI60-08.01543,2009,0.45232141354680366
RGI60-08.01543,2010,-0.2791540184721538
RGI60-08.01543,2011,-0.9714660125598438
RGI60-08.01543,2012,0.2817526103290845
RGI60-08.01543,2013,-1.5851792150014266
RGI60-08.01543,2014,-1.1958474064058855
RGI60-08.01543,2015,0.17546071766000382
RGI60-08.01543,2016,-0.17612026480825083
RGI60-08.01543,2017,-0.029457357556333275
RGI60-08.01543,2018,-1.4911871153229055
RGI60-08.01543,2019,-0.10097171917571635
RGI60-08.01543,2020,-0.39340629072417693
RGI60-08.01543,2021,-0.6018856026446266
RGI60-08.01543,2022,-0.7634469054767332
RGI60-08.01543,2023,-0.629570863982983
RGI60-08.01543,2024,-3.0816183892537437
RGI60-08.01549,2000,-0.27604952148378087
RGI60-08.01549,2001,-0.34966741423086356
RGI60-08.01549,2002,-0.4893798899911654
RGI60-08.01549,2003,-0.06731482110328968
RGI60-08.01549,2004,-0.4110063103227434
RGI60-08.01549,2005,-0.22299042993314666
RGI60-08.01549,2006,-1.567294127628141
RGI60-08.01549,2007,1.1431007917278615
RGI60-08.01549,2008,-0.8972392159149989
RGI60-08.01549,2009,-0.8203250853403214
RGI60-08.01549,2010,-0.7427405773308267
RGI60-08.01549,2011,-1.231817398334832
RGI60-08.01549,2012,0.05884076200717403
RGI60-08.01549,2013,-0.4690615788861485
RGI60-08.01549,2014,-1.2917177949525716
RGI60-08.01549,2015,-0.09588091569841839
RGI60-08.01549,2016,-0.6063298752066585
RGI60-08.01549,2017,-0.08043585979336365
RGI60-08.01549,2018,-2.272184008877254
RGI60-08.01549,2019,-0.9250067287065077
RGI60-08.01549,2020,-0.9477818208244484
RGI60-08.01549,2021,-1.4471236517031603
RGI60-08.01549,2022,-1.5356211216212925
RGI60-08.01549,2023,-0.2676151467577031
RGI60-08.01549,2024,-1.2652079283764508
RGI60-08.01551,2000,-0.05124779267381763
RGI60-08.01551,2001,-0.7113223358322801
RGI60-08.01551,2002,-1.052225124348502
RGI60-08.01551,2003,-1.1947408794586503
RGI60-08.01551,2004,-0.8521284126277632
RGI60-08.01551,2005,0.12063945559607137
RGI60-08.01551,2006,-1.301771026883999
RGI60-08.01551,2007,-0.02769850429584353
RGI60-08.01551,2008,-0.5608346280922821
RGI60-08.01551,2009,-0.2771087250754695
RGI60-08.01551,2010,-0.6126485589035462
RGI60-08.01551,2011,-1.1881706840503043
RGI60-08.01551,2012,0.2745525536644291
RGI60-08.01551,2013,-1.6335154541828734
RGI60-08.01551,2014,-1.0981388009227762
RGI60-08.01551,2015,0.22593894047778706
RGI60-08.01551,2016,-0.6622302306025077
RGI60-08.01551,2017,0.06701270710508989
RGI60-08.01551,2018,-1.446227562898114
RGI60-08.01551,2019,-0.25113493599464787
RGI60-08.01551,2020,-0.5580552396775159
RGI60-08.01551,2021,-1.3026614163077763
RGI60-08.01551,2022,-0.7020320057988249
RGI60-08.01551,2023,-1.2271848630747215
RGI60-08.01551,2024,-3.0227792804181135
RGI60-08.01552,2000,0.4044831279155544
RGI60-08.01552,2001,-0.8218315700592597
RGI60-08.01552,2002,-1.2770277973382989
RGI60-08.01552,2003,-1.1187973450074868
RGI60-08.01552,2004,-1.2239558072708785
RGI60-08.01552,2005,0.46530137648794156
RGI60-08.01552,2006,-1.5131276274881136
RGI60-08.01552,2007,0.10891279031536383
RGI60-08.01552,2008,-0.4622630399183293
RGI60-08.01552,2009,0.021727690649974818
RGI60-08.01552,2010,-0.6957139871159197
RGI60-08.01552,2011,-1.3137846880394688
RGI60-08.01552,2012,0.3818120897838334
RGI60-08.01552,2013,-1.9318133846439656
RGI60-08.01552,2014,-1.13398735705237
RGI60-08.01552,2015,0.018412128862921984
RGI60-08.01552,2016,-1.0031456896815385
RGI60-08.01552,2017,0.16009727650201133
RGI60-08.01552,2018,-2.0107068071938294
RGI60-08.01552,2019,-0.1621913797081455
RGI60-08.01552,2020,0.13231121562954484
RGI60-08.01552,2021,-1.3742218026059927
RGI60-08.01552,2022,-0.7996767871023536
RGI60-08.01552,2023,-1.4038510532804818
RGI60-08.01552,2024,-3.19998187187951
RGI60-08.01553,2000,-0.03533279596629424
RGI60-08.01553,2001,-1.4314862392606762
RGI60-08.01553,2002,-1.4749996321194898
RGI60-08.01553,2003,-1.1417587811795153
RGI60-08.01553,2004,-0.29464775748157085
RGI60-08.01553,2005,0.6604180177716463
RGI60-08.01553,2006,-1.2558215546640867
RGI60-08.01553,2007,0.37371556021711805
RGI60-08.01553,2008,-1.0069414422751943
RGI60-08.01553,2009,0.11671433980843804
RGI60-08.01553,2010,-0.5896833045873945
RGI60-08.01553,2011,-1.470674665855787
RGI60-08.01553,2012,0.10619135134089752
RGI60-08.01553,2013,-1.281394674800949
RGI60-08.01553,2014,-1.7946954526804537
RGI60-08.01553,2015,0.11828579810331363
RGI60-08.01553,2016,-0.1911345071965474
RGI60-08.01553,2017,-0.2630942815235059
RGI60-08.01553,2018,-1.2894951223153195
RGI60-08.01553,2019,-0.6031648553346388
RGI60-08.01553,2020,-0.5910215936392824
RGI60-08.01553,2021,-0.8136370821061293
RGI60-08.01553,2022,-0.48592204880487877
RGI60-08.01553,2023,-0.7737291178368892
RGI60-08.01553,2024,-3.064508248334789
RGI60-08.01555,2000,-0.13399519596325127
RGI60-08.01555,2001,-0.5119275488187475
RGI60-08.01555,2002,-1.3116172715078096
RGI60-08.01555,2003,-1.040186823544072
RGI60-08.01555,2004,-0.3532093461821935
RGI60-08.01555,2005,0.08741433133129162
RGI60-08.01555,2006,-1.6443320642668777
RGI60-08.01555,2007,-0.045479050350778816
RGI60-08.01555,2008,-0.4268644714300561
RGI60-08.01555,2009,0.08839251190699637
RGI60-08.01555,2010,-0.48385207893559223
RGI60-08.01555,2011,-1.4797880968801722
RGI60-08.01555,2012,-0.2868581299429556
RGI60-08.01555,2013,-1.2156456249437662
RGI60-08.01555,2014,-1.24362305912764
RGI60-08.01555,2015,-0.2873696974746321
RGI60-08.01555,2016,-0.8003883461786611
RGI60-08.01555,2017,-0.6419004131789108
RGI60-08.01555,2018,-1.2755550355466392
RGI60-08.01555,2019,-0.2933145889655254
RGI60-08.01555,2020,-0.2606439355922363
RGI60-08.01555,2021,-1.052688836607007
RGI60-08.01555,2022,-0.8748572562085908
RGI60-08.01555,2023,-1.015619630899916
RGI60-08.01555,2024,-3.313041639889324
RGI60-08.01556,2000,-0.2317364757635072
RGI60-08.01556,2001,-1.2014065391106816
RGI60-08.01556,2002,-1.1632087591256963
RGI60-08.01556,2003,-1.302823894476055
RGI60-08.01556,2004,-0.510374888703613
RGI60-08.01556,2005,-0.10282803651467709
RGI60-08.01556,2006,-1.8632859927129841
RGI60-08.01556,2007,0.031034472008501512
RGI60-08.01556,2008,-1.0876800062337093
RGI60-08.01556,2009,-0.26306408162879436
RGI60-08.01556,2010,-0.5730331836978513
RGI60-08.01556,2011,-1.332675373714772
RGI60-08.01556,2012,-0.31121411619160627
RGI60-08.01556,2013,-1.7026174654686486
RGI60-08.01556,2014,-1.2348421283515
RGI60-08.01556,2015,0.009247615538183984
RGI60-08.01556,2016,-0.6476948057351761
RGI60-08.01556,2017,0.012901835222189573
RGI60-08.01556,2018,-1.6714489727810664
RGI60-08.01556,2019,-0.5903492025585267
RGI60-08.01556,2020,-0.2734957681525916
RGI60-08.01556,2021,-1.124099686339402
RGI60-08.01556,2022,-0.7383305984727516
RGI60-08.01556,2023,-1.0788196307630338
RGI60-08.01556,2024,-2.6760134447387585
RGI60-08.01557,2000,-0.49248942991269073
RGI60-08.01557,2001,-1.3129145856583915
RGI60-08.01557,2002,-1.6830592715672568
RGI60-08.01557,2003,-0.994413338998047
RGI60-08.01557,2004,-0.7820089291534681
RGI60-08.01557,2005,-0.2260239448124941
RGI60-08.01557,2006,-1.9241878250654119
RGI60-08.01557,2007,-0.48352774306618507
RGI60-08.01557,2008,-1.1457874875090077
RGI60-08.01557,2009,-0.32150141880040384
RGI60-08.01557,2010,-0.869966707791763
RGI60-08.01557,2011,-1.4732647085407091
RGI60-08.01557,2012,-0.7153302928284382
RGI60-08.01557,2013,-2.250606993485871
RGI60-08.01557,2014,-1.2760479679312304
RGI60-08.01557,2015,-0.27627245247115373
RGI60-08.01557,2016,-0.8841354302059261
RGI60-08.01557,2017,-0.7697095170321601
RGI60-08.01557,2018,-1.1889143422086645
RGI60-08.01557,2019,-0.817337612960729
RGI60-08.01557,2020,-0.9398478555826412
RGI60-08.01557,2021,-1.2117406792373688
RGI60-08.01557,2022,-1.1458964226547959
RGI60-08.01557,2023,-1.5355551982738875
RGI60-08.01557,2024,-2.932498230577774
RGI60-08.01558,2000,0.5138160191170643
RGI60-08.01558,2001,-0.5945710522107528
RGI60-08.01558,2002,-0.3510137058866247
RGI60-08.01558,2003,-0.9044269943873076
RGI60-08.01558,2004,0.3683025137797458
RGI60-08.01558,2005,0.14654207501296013
RGI60-08.01558,2006,-0.49182986218576347
RGI60-08.01558,2007,0.5030547732491698
RGI60-08.01558,2008,0.15688240539513626
RGI60-08.01558,2009,-0.38995913323993786
RGI60-08.01558,2010,-0.9095053411140152
RGI60-08.01558,2011,-0.4894360607366004
RGI60-08.01558,2012,0.4956036300598645
RGI60-08.01558,2013,-0.824434753861329
RGI60-08.01558,2014,-0.2824294243700195
RGI60-08.01558,2015,0.9424888693888348
RGI60-08.01558,2016,0.03480510878591249
RGI60-08.01558,2017,0.5315997722442114
RGI60-08.01558,2018,-0.3306087269902457
RGI60-08.01558,2019,0.03161988794968669
RGI60-08.01558,2020,0.9076190462068143
RGI60-08.01558,2021,-0.41946179578069465
RGI60-08.01558,2022,-0.04055812237178785
RGI60-08.01558,2023,-0.6025263162422385
RGI60-08.01558,2024,-1.2512352262880166
RGI60-08.01562,2000,0.0239245661529342
RGI60-08.01562,2001,-0.38037927309422304
RGI60-08.01562,2002,-0.6566278652075479
RGI60-08.01562,2003,-0.4049303851566931
RGI60-08.01562,2004,-0.13269188239784355
RGI60-08.01562,2005,0.6118066356365
RGI60-08.01562,2006,-0.7079665883096302
RGI60-08.01562,2007,0.6758345234577225
RGI60-08.01562,2008,-0.22562513195637052
RGI60-08.01562,2009,-0.10497902098590323
RGI60-08.01562,2010,-0.4324922842312264
RGI60-08.01562,2011,-0.806214110372786
RGI60-08.01562,2012,0.35025812099050374
RGI60-08.01562,2013,-0.750085184973682
RGI60-08.01562,2014,-0.9340708497687478
RGI60-08.01562,2015,0.09637054523780725
RGI60-08.01562,2016,-0.35938110126345724
RGI60-08.01562,2017,-0.11368301969734426
RGI60-08.01562,2018,-0.697975395905067
RGI60-08.01562,2019,-0.09329229815496054
RGI60-08.01562,2020,0.13119562450179362
RGI60-08.01562,2021,-0.515296971175182
RGI60-08.01562,2022,-0.4421547789319993
RGI60-08.01562,2023,-0.5304622137819273
RGI60-08.01562,2024,-1.6878176257955753
RGI60-08.01564,2000,-0.18265365981870957
RGI60-08.01564,2001,-0.9488914042951548
RGI60-08.01564,2002,-0.8825298944946212
RGI60-08.01564,2003,0.13702337584005647
RGI60-08.01564,2004,0.0541698190309009
RGI60-08.01564,2005,0.2240136776820963
RGI60-08.01564,2006,-1.3394912433436534
RGI60-08.01564,2007,0.3846582623604124
RGI60-08.01564,2008,-0.46020444182778975
RGI60-08.01564,2009,0.20025550886042537
RGI60-08.01564,2010,-0.44579955512775854
RGI60-08.01564,2011,-0.6931771176782807
RGI60-08.01564,2012,-0.12994946081578668
RGI60-08.01564,2013,-0.9755340928901313
RGI60-08.01564,2014,-0.7654560621229681
RGI60-08.01564,2015,0.6989956919638023
RGI60-08.01564,2016,-0.25386269480774537
RGI60-08.01564,2017,0.3598186648200265
RGI60-08.01564,2018,-0.8022207621124819
RGI60-08.01564,2019,-0.2218646112226415
RGI60-08.01564,2020,0.01948677286760897
RGI60-08.01564,2021,-0.4789786520914323
RGI60-08.01564,2022,-0.3020121381589051
RGI60-08.01564,2023,-0.8279153680977738
RGI60-08.01564,2024,-1.641371724332358
RGI60-08.01565,2000,0.043356086022523915
RGI60-08.01565,2001,-0.7498141647642649
RGI60-08.01565,2002,-0.10133029381391156
RGI60-08.01565,2003,-0.7587689336717621
RGI60-08.01565,2004,-0.26155231710454496
RGI60-08.01565,2005,0.02548379000124476
RGI60-08.01565,2006,-1.4829630792673807
RGI60-08.01565,2007,0.5827416094821974
RGI60-08.01565,2008,-0.5049538783460583
RGI60-08.01565,2009,0.7738429912230035
RGI60-08.01565,2010,-0.6586103596717658
RGI60-08.01565,2011,-0.5781320327586585
RGI60-08.01565,2012,0.4445156516899178
RGI60-08.01565,2013,-1.7328490526956597
RGI60-08.01565,2014,-0.23991334540769033
RGI60-08.01565,2015,0.7300550991321644
RGI60-08.01565,2016,-0.48795573231641176
RGI60-08.01565,2017,-0.06413374239358757
RGI60-08.01565,2018,1.0537325290679551
RGI60-08.01565,2019,0.44364917559268735
RGI60-08.01565,2020,-0.03375074486516541
RGI60-08.01565,2021,0.9316534963939807
RGI60-08.01565,2022,-0.7479017228007566
RGI60-08.01565,2023,-0.8333067409578498
RGI60-08.01565,2024,-2.718210375494644
RGI60-08.01566,2000,0.4835235249509222
RGI60-08.01566,2001,-0.8777931134442307
RGI60-08.01566,2002,-0.9072471513176156
RGI60-08.01566,2003,-0.931797328019321
RGI60-08.01566,2004,0.1334188667088424
RGI60-08.01566,2005,-0.22899209934057574
RGI60-08.01566,2006,-1.362595069989127
RGI60-08.01566,2007,-0.2971173943183939
RGI60-08.01566,2008,-0.5157907363736032
RGI60-08.01566,2009,-0.8233868608924082
RGI60-08.01566,2010,-0.8045458009867588
RGI60-08.01566,2011,-0.9849988947956779
RGI60-08.01566,2012,0.0650971755102212
RGI60-08.01566,2013,-0.9843565999890364
RGI60-08.01566,2014,-0.5494911788661833
RGI60-08.01566,2015,0.5224602692477149
RGI60-08.01566,2016,-0.34921376164503937
RGI60-08.01566,2017,0.31953011480273275
RGI60-08.01566,2018,-1.7813546750665927
RGI60-08.01566,2019,-0.6135492861758727
RGI60-08.01566,2020,-0.24353721469864653
RGI60-08.01566,2021,-0.09073280431341241
RGI60-08.01566,2022,-0.1990292318853707
RGI60-08.01566,2023,-0.8041607637212582
RGI60-08.01566,2024,-1.9475859644708176
RGI60-08.01567,2000,-0.7461227410264297
RGI60-08.01567,2001,-0.9953821376944583
RGI60-08.01567,2002,-1.4095785259498173
RGI60-08.01567,2003,-0.8162897354439382
RGI60-08.01567,2004,-0.17874861858078717
RGI60-08.01567,2005,-1.151909259220881
RGI60-08.01567,2006,-0.9672046719026954
RGI60-08.01567,2007,0.08913828895571174
RGI60-08.01567,2008,-0.36533080910975047
RGI60-08.01567,2009,-0.471363293522299
RGI60-08.01567,2010,-0.6291410486702015
RGI60-08.01567,2011,-1.0859677631467501
RGI60-08.01567,2012,0.38704462374908954
RGI60-08.01567,2013,-1.1814684016993038
RGI60-08.01567,2014,-1.2542906918420247
RGI60-08.01567,2015,0.051646009465249554
RGI60-08.01567,2016,-0.7163894149558967
RGI60-08.01567,2017,-0.15748993276374634
RGI60-08.01567,2018,-1.01304065831449
RGI60-08.01567,2019,-0.0003112183265802093
RGI60-08.01567,2020,-0.7290898448141914
RGI60-08.01567,2021,-1.430667984305375
RGI60-08.01567,2022,-0.38469296593456315
RGI60-08.01567,2023,-0.8418691760111158
RGI60-08.01567,2024,-1.4406784355957802
RGI60-08.01573,2000,0.04919590108824229
RGI60-08.01573,2001,-1.0720942085980258
RGI60-08.01573,2002,-1.3539839105690503
RGI60-08.01573,2003,-0.8568975616651315
RGI60-08.01573,2004,-0.023813939924571925
RGI60-08.01573,2005,-0.3869067818761347
RGI60-08.01573,2006,-1.151486005572806
RGI60-08.01573,2007,0.1478132032468567
RGI60-08.01573,2008,-0.7665549070038354
RGI60-08.01573,2009,0.17196097519676296
RGI60-08.01573,2010,-0.47039925254097537
RGI60-08.01573,2011,-0.7469334377597077
RGI60-08.01573,2012,-0.3847632427651754
RGI60-08.01573,2013,-1.0335989246353323
RGI60-08.01573,2014,-1.0369457065828376
RGI60-08.01573,2015,0.5702812644098063
RGI60-08.01573,2016,-0.07066202368824387
RGI60-08.01573,2017,0.6040995731231251
RGI60-08.01573,2018,-1.580466419680373
RGI60-08.01573,2019,-0.12374459420258721
RGI60-08.01573,2020,0.6998436772492278
RGI60-08.01573,2021,-0.4081797322761549
RGI60-08.01573,2022,-0.4774715047384589
RGI60-08.01573,2023,-0.8968289322479921
RGI60-08.01573,2024,-0.8591455068912962
RGI60-08.01574,2000,0.06590121586743725
RGI60-08.01574,2001,-0.9960843826745953
RGI60-08.01574,2002,-0.8881269795888992
RGI60-08.01574,2003,-1.0917602166800469
RGI60-08.01574,2004,-0.441259307298661
RGI60-08.01574,2005,-0.10009581053615019
RGI60-08.01574,2006,-1.6998558596073627
RGI60-08.01574,2007,0.3769547569072659
RGI60-08.01574,2008,-0.1134422551010415
RGI60-08.01574,2009,-0.8597063158356769
RGI60-08.01574,2010,-0.7570859850078658
RGI60-08.01574,2011,-1.2389302033651968
RGI60-08.01574,2012,0.08150272625430677
RGI60-08.01574,2013,-1.474504783813855
RGI60-08.01574,2014,-1.008045953652721
RGI60-08.01574,2015,0.7669962867471705
RGI60-08.01574,2016,-0.3335894717115874
RGI60-08.01574,2017,0.4480095636392186
RGI60-08.01574,2018,-0.5025873418077371
RGI60-08.01574,2019,-0.6687896827340203
RGI60-08.01574,2020,0.3138967356536059
RGI60-08.01574,2021,-1.0485087050878539
RGI60-08.01574,2022,-0.4426971926658072
RGI60-08.01574,2023,-0.8104557498801369
RGI60-08.01574,2024,-2.160660342727345
RGI60-08.01577,2000,0.14720336288007807
RGI60-08.01577,2001,-0.7129053114116413
RGI60-08.01577,2002,-0.6591328868433749
RGI60-08.01577,2003,-0.8620040632643082
RGI60-08.01577,2004,-0.5304532543979058
RGI60-08.01577,2005,-0.07850064796146045
RGI60-08.01577,2006,-1.2276680039042394
RGI60-08.01577,2007,0.15221381636410414
RGI60-08.01577,2008,-0.5595025699508769
RGI60-08.01577,2009,-0.00025174417822326767
RGI60-08.01577,2010,-0.6986527606935238
RGI60-08.01577,2011,-1.0924597754862087
RGI60-08.01577,2012,0.525354446915942
RGI60-08.01577,2013,-0.8733588839000003
RGI60-08.01577,2014,-0.9505298110120275
RGI60-08.01577,2015,0.1493772960803318
RGI60-08.01577,2016,-0.19333442150279267
RGI60-08.01577,2017,0.08634667672667307
RGI60-08.01577,2018,-1.0711081815262053
RGI60-08.01577,2019,-0.46203328293434187
RGI60-08.01577,2020,0.8600118577422797
RGI60-08.01577,2021,-0.7905321894814228
RGI60-08.01577,2022,-0.5418647250926568
RGI60-08.01577,2023,-0.6405802795066007
RGI60-08.01577,2024,-1.8676915374890901
RGI60-08.01578,2000,0.19398992731655662
RGI60-08.01578,2001,-0.5063375134782043
RGI60-08.01578,2002,-1.0043029815846665
RGI60-08.01578,2003,-0.7022760444411851
RGI60-08.01578,2004,-0.027210855841287462
RGI60-08.01578,2005,-0.009077829293869966
RGI60-08.01578,2006,-1.04360649145616
RGI60-08.01578,2007,0.7189860461891046
RGI60-08.01578,2008,-0.013060842764642477
RGI60-08.01578,2009,-0.1729763846953133
RGI60-08.01578,2010,-0.5873318153776987
RGI60-08.01578,2011,-0.8471656949699309
RGI60-08.01578,2012,-0.3918373364470597
RGI60-08.01578,2013,-1.4065935612428149
RGI60-08.01578,2014,-0.62188937903495
RGI60-08.01578,2015,0.5923733730642686
RGI60-08.01578,2016,-0.9631829138791872
RGI60-08.01578,2017,-0.17719637869330532
RGI60-08.01578,2018,-0.1053695342087298
RGI60-08.01578,2019,-0.3414337891609237
RGI60-08.01578,2020,0.04289676702928247
RGI60-08.01578,2021,0.34166716255308127
RGI60-08.01578,2022,-0.9558214852795979
RGI60-08.01578,2023,-0.8161253090800124
RGI60-08.01578,2024,-1.2127659295533828
RGI60-08.01579,2000,0.10902427678504523
RGI60-08.01579,2001,-0.1635040008015913
RGI60-08.01579,2002,-0.923258674788565
RGI60-08.01579,2003,-0.4999897840819071
RGI60-08.01579,2004,0.6415096995776427
RGI60-08.01579,2005,0.37985920473227097
RGI60-08.01579,2006,-1.1713888128394845
RGI60-08.01579,2007,0.797579378113066
RGI60-08.01579,2008,0.24697411354318077
RGI60-08.01579,2009,0.26494204949501676
RGI60-08.01579,2010,-0.6210590194130409
RGI60-08.01579,2011,-0.45984329830619564
RGI60-08.01579,2012,0.922250373032259
RGI60-08.01579,2013,-0.26601114233680423
RGI60-08.01579,2014,-0.3313270106980224
RGI60-08.01579,2015,1.4219534017495177
RGI60-08.01579,2016,-0.04926860469507616
RGI60-08.01579,2017,0.4804446308726099
RGI60-08.01579,2018,0.9871927104333795
RGI60-08.01579,2019,1.110520509626693
RGI60-08.01579,2020,1.5064950711305969
RGI60-08.01579,2021,0.8617448681500003
RGI60-08.01579,2022,-0.01938996040941235
RGI60-08.01579,2023,-1.2806603166129382
RGI60-08.01579,2024,-1.6273563921878944
RGI60-08.01580,2000,0.10983702207485818
RGI60-08.01580,2001,-0.6390092109544268
RGI60-08.01580,2002,-0.6119739858565711
RGI60-08.01580,2003,-0.7733393072909911
RGI60-08.01580,2004,0.021697448839175904
RGI60-08.01580,2005,0.2614386062323084
RGI60-08.01580,2006,-1.26580977229235
RGI60-08.01580,2007,0.3987238657498329
RGI60-08.01580,2008,-0.410502489052215
RGI60-08.01580,2009,0.2182624395609415
RGI60-08.01580,2010,-0.32908587912904735
RGI60-08.01580,2011,-1.1213879604040606
RGI60-08.01580,2012,0.7215770748249254
RGI60-08.01580,2013,-1.230356979487797
RGI60-08.01580,2014,-0.9736400835152532
RGI60-08.01580,2015,0.2168269141921081
RGI60-08.01580,2016,-0.6041063776947292
RGI60-08.01580,2017,0.20521792258636118
RGI60-08.01580,2018,-0.8401350837898847
RGI60-08.01580,2019,-0.2066341645931834
RGI60-08.01580,2020,-0.009275425825700845
RGI60-08.01580,2021,-0.8259576994327364
RGI60-08.01580,2022,-0.65768609040995
RGI60-08.01580,2023,-1.2420526658917979
RGI60-08.01580,2024,-1.7827775908077594
RGI60-08.01583,2000,-0.19419445865981486
RGI60-08.01583,2001,-0.5445909755081592
RGI60-08.01583,2002,-0.5110815279485472
RGI60-08.01583,2003,-0.8366950257013002
RGI60-08.01583,2004,0.4111562837049934
RGI60-08.01583,2005,0.3392660894985604
RGI60-08.01583,2006,-1.0132651534347608
RGI60-08.01583,2007,0.8397101432441362
RGI60-08.01583,2008,0.3994542375617256
RGI60-08.01583,2009,0.14745995723557023
RGI60-08.01583,2010,0.2087927342654558
RGI60-08.01583,2011,-0.7166014291968013
RGI60-08.01583,2012,0.6174342795760053
RGI60-08.01583,2013,-1.0681993994635557
RGI60-08.01583,2014,0.09681236050757025
RGI60-08.01583,2015,1.373834895064963
RGI60-08.01583,2016,-0.15829528156393094
RGI60-08.01583,2017,0.5865535034584646
RGI60-08.01583,2018,-0.7329195864945692
RGI60-08.01583,2019,-0.14623164614599907
RGI60-08.01583,2020,0.8607351811417385
RGI60-08.01583,2021,-0.14540422633813252
RGI60-08.01583,2022,-0.13190043696751852
RGI60-08.01583,2023,-0.7492045794150901
RGI60-08.01583,2024,-1.5302629201231757
RGI60-08.01586,2000,-0.392413772478516
RGI60-08.01586,2001,-0.840589754474756
RGI60-08.01586,2002,-1.1545860808785622
RGI60-08.01586,2003,-0.8739069986483294
RGI60-08.01586,2004,-0.29175759074929053
RGI60-08.01586,2005,-0.13758422006233578
RGI60-08.01586,2006,-1.0831901858242348
RGI60-08.01586,2007,0.03127347978828343
RGI60-08.01586,2008,-0.54027287370906
RGI60-08.01586,2009,-0.01847747873634109
RGI60-08.01586,2010,-0.6733130434754576
RGI60-08.01586,2011,-0.8721110132430979
RGI60-08.01586,2012,-0.12288906680428618
RGI60-08.01586,2013,-1.1141441822373739
RGI60-08.01586,2014,-0.6776924526675818
RGI60-08.01586,2015,0.5721232548950256
RGI60-08.01586,2016,-0.5029211772539395
RGI60-08.01586,2017,-0.09780186677160535
RGI60-08.01586,2018,-1.1257669439943574
RGI60-08.01586,2019,-0.4712780326741842
RGI60-08.01586,2020,0.039962010398769676
RGI60-08.01586,2021,-0.20080753390664619
RGI60-08.01586,2022,-0.6491095931655646
RGI60-08.01586,2023,-0.42555290021122016
RGI60-08.01586,2024,-2.0710091600510547
RGI60-08.01587,2000,0.041390966867849044
RGI60-08.01587,2001,-0.4235457666833084
RGI60-08.01587,2002,-0.5528423408048795
RGI60-08.01587,2003,-1.1943134937457662
RGI60-08.01587,2004,-0.39958350717569013
RGI60-08.01587,2005,-0.05978841840257415
RGI60-08.01587,2006,-1.0636427097390149
RGI60-08.01587,2007,-0.014710783854220921
RGI60-08.01587,2008,-0.12716928035962555
RGI60-08.01587,2009,0.1425945396086697
RGI60-08.01587,2010,-0.46764475729761357
RGI60-08.01587,2011,-0.9493353487697671
RGI60-08.01587,2012,0.3910346669813801
RGI60-08.01587,2013,-0.7201358767663015
RGI60-08.01587,2014,-0.7491892425513227
RGI60-08.01587,2015,0.3220885941605479
RGI60-08.01587,2016,-0.5662941988167957
RGI60-08.01587,2017,0.007766178367070609
RGI60-08.01587,2018,-0.6619039216079162
RGI60-08.01587,2019,-0.01487529941074095
RGI60-08.01587,2020,0.6731228520758736
RGI60-08.01587,2021,-0.43245313461633517
RGI60-08.01587,2022,-0.3785201915865928
RGI60-08.01587,2023,-0.4033583900388403
RGI60-08.01587,2024,-1.7068699593792052
RGI60-08.01590,2000,-0.17013502165665217
RGI60-08.01590,2001,-0.9249186907929698
RGI60-08.01590,2002,-0.7468958771335963
RGI60-08.01590,2003,-1.0401601805495917
RGI60-08.01590,2004,0.1395479224621125
RGI60-08.01590,2005,-0.12700806817067
RGI60-08.01590,2006,-0.9241892001346739
RGI60-08.01590,2007,0.4203189000861049
RGI60-08.01590,2008,-0.6264953943901765
RGI60-08.01590,2009,-1.049762854383399
RGI60-08.01590,2010,-0.644070543873416
RGI60-08.01590,2011,-0.7356231490356464
RGI60-08.01590,2012,0.14545634408024694
RGI60-08.01590,2013,-1.093743620120553
RGI60-08.01590,2014,-0.7107395340322219
RGI60-08.01590,2015,0.3390934184765981
RGI60-08.01590,2016,-0.6888015424935606
RGI60-08.01590,2017,-0.035678034089714095
RGI60-08.01590,2018,-0.5513482554258988
RGI60-08.01590,2019,-0.38514661882230616
RGI60-08.01590,2020,0.3664186989524059
RGI60-08.01590,2021,-0.5429188372292656
RGI60-08.01590,2022,-0.3691518313647921
RGI60-08.01590,2023,-0.4875946827252958
RGI60-08.01590,2024,-1.416583017956826
RGI60-08.01592,2000,-0.5333824439633558
RGI60-08.01592,2001,-1.0445994916821784
RGI60-08.01592,2002,-0.5409331886514078
RGI60-08.01592,2003,-0.7283780735021728
RGI60-08.01592,2004,0.13566879924065273
RGI60-08.01592,2005,-0.06237653861947973
RGI60-08.01592,2006,-1.2661854979608833
RGI60-08.01592,2007,0.7306188958264259
RGI60-08.01592,2008,0.016909855243659233
RGI60-08.01592,2009,-0.5265071453030326
RGI60-08.01592,2010,-0.8214713247571631
RGI60-08.01592,2011,-0.932041348877797
RGI60-08.01592,2012,-0.03162291737359624
RGI60-08.01592,2013,-1.1513798226970324
RGI60-08.01592,2014,-0.8881993998520235
RGI60-08.01592,2015,0.9080317269139784
RGI60-08.01592,2016,-0.4216996538679268
RGI60-08.01592,2017,0.459070710864857
RGI60-08.01592,2018,-1.0638056882265488
RGI60-08.01592,2019,-0.18661745275497868
RGI60-08.01592,2020,0.62344750611895
RGI60-08.01592,2021,-0.3972466875506458
RGI60-08.01592,2022,-0.2678804968500146
RGI60-08.01592,2023,-0.952320404669627
RGI60-08.01592,2024,-1.9613618904891874
RGI60-08.01593,2000,0.5255605741555599
RGI60-08.01593,2001,-0.7194482286520139
RGI60-08.01593,2002,-0.38956858428937824
RGI60-08.01593,2003,-0.9089824967416558
RGI60-08.01593,2004,-0.05758298261191072
RGI60-08.01593,2005,0.2803999875259597
RGI60-08.01593,2006,-1.2865500870512463
RGI60-08.01593,2007,1.0265983258138198
RGI60-08.01593,2008,-0.07760028776979314
RGI60-08.01593,2009,0.3662053350889698
RGI60-08.01593,2010,-0.652326851965016
RGI60-08.01593,2011,-1.004824863660478
RGI60-08.01593,2012,0.9094118317295683
RGI60-08.01593,2013,-0.7740819017797342
RGI60-08.01593,2014,-0.6545760002120844
RGI60-08.01593,2015,0.7539036496763449
RGI60-08.01593,2016,0.10285127354754342
RGI60-08.01593,2017,0.4977965244844036
RGI60-08.01593,2018,-0.788614313914238
RGI60-08.01593,2019,-0.06547090337462867
RGI60-08.01593,2020,0.49248515170307083
RGI60-08.01593,2021,-0.715047780122052
RGI60-08.01593,2022,0.04776612353380391
RGI60-08.01593,2023,-0.728953691338097
RGI60-08.01593,2024,-0.47062380673202564
RGI60-08.01594,2000,-0.30514341850129806
RGI60-08.01594,2001,-0.3891526782903666
RGI60-08.01594,2002,-0.916851505167692
RGI60-08.01594,2003,-0.6119842412886118
RGI60-08.01594,2004,-0.430781087136272
RGI60-08.01594,2005,0.0364366593499702
RGI60-08.01594,2006,-0.9530096730604405
RGI60-08.01594,2007,0.25646716390267715
RGI60-08.01594,2008,-0.42318307274203737
RGI60-08.01594,2009,-0.2962968995092302
RGI60-08.01594,2010,-0.35028157065231624
RGI60-08.01594,2011,-1.0428712400668345
RGI60-08.01594,2012,0.22810326064853387
RGI60-08.01594,2013,-0.8445626646285216
RGI60-08.01594,2014,-0.8810974571261778
RGI60-08.01594,2015,0.06317705769871462
RGI60-08.01594,2016,-0.21217151333986864
RGI60-08.01594,2017,-0.24360308915925827
RGI60-08.01594,2018,-0.7975506593741466
RGI60-08.01594,2019,0.15465662844316613
RGI60-08.01594,2020,-0.09711316613925386
RGI60-08.01594,2021,-1.2191171342187612
RGI60-08.01594,2022,-0.8029732896456867
RGI60-08.01594,2023,-1.0363327009043646
RGI60-08.01594,2024,-2.133570081815848
RGI60-08.01595,2000,0.3693354679587946
RGI60-08.01595,2001,0.1761061815516753
RGI60-08.01595,2002,-1.2328425802554999
RGI60-08.01595,2003,-1.2592158767515873
RGI60-08.01595,2004,-0.1261413563752139
RGI60-08.01595,2005,-0.4143550577314652
RGI60-08.01595,2006,-1.3242517245193366
RGI60-08.01595,2007,0.059175297878267974
RGI60-08.01595,2008,-0.3933123649624057
RGI60-08.01595,2009,-0.46401173348453556
RGI60-08.01595,2010,-0.45017213609981355
RGI60-08.01595,2011,-1.3697971545045364
RGI60-08.01595,2012,0.3627804952049481
RGI60-08.01595,2013,-0.9968965341437359
RGI60-08.01595,2014,-0.9389954736768853
RGI60-08.01595,2015,-0.07573765219148981
RGI60-08.01595,2016,-0.3821745723244801
RGI60-08.01595,2017,0.0766203846211731
RGI60-08.01595,2018,-1.4323653403028498
RGI60-08.01595,2019,0.0666517301089739
RGI60-08.01595,2020,-0.10809208884305899
RGI60-08.01595,2021,-1.0042772924599919
RGI60-08.01595,2022,-0.7320719355304454
RGI60-08.01595,2023,-0.9112479964862237
RGI60-08.01595,2024,-2.459155995930262
RGI60-08.01596,2000,0.38172707574388154
RGI60-08.01596,2001,0.3064630991083975
RGI60-08.01596,2002,-0.19141007091549367
RGI60-08.01596,2003,0.1443845132182109
RGI60-08.01596,2004,-0.21411254405512156
RGI60-08.01596,2005,-0.783063252760783
RGI60-08.01596,2006,-0.4398339311553628
RGI60-08.01596,2007,0.33576554003306264
RGI60-08.01596,2008,-0.3925410870143771
RGI60-08.01596,2009,-0.06723728269593339
RGI60-08.01596,2010,-0.07828513317903978
RGI60-08.01596,2011,-0.9765612571479763
RGI60-08.01596,2012,1.1292232716809223
RGI60-08.01596,2013,-0.6145980137166205
RGI60-08.01596,2014,-0.3114652091132005
RGI60-08.01596,2015,0.8009063911873879
RGI60-08.01596,2016,-0.15080878280186588
RGI60-08.01596,2017,0.41313191466532306
RGI60-08.01596,2018,-0.7205925566727234
RGI60-08.01596,2019,-0.29509268440868086
RGI60-08.01596,2020,-0.48059960887759207
RGI60-08.01596,2021,-0.4530743186742691
RGI60-08.01596,2022,-0.04961804537746417
RGI60-08.01596,2023,-0.479487664920221
RGI60-08.01596,2024,-1.3171094329749602
RGI60-08.01597,2000,-0.2677327038281664
RGI60-08.01597,2001,-0.7829662320390551
RGI60-08.01597,2002,-0.7992906864737503
RGI60-08.01597,2003,-0.44736254506855605
RGI60-08.01597,2004,-0.198067376157885
RGI60-08.01597,2005,-0.32977677818563694
RGI60-08.01597,2006,-0.901246020559608
RGI60-08.01597,2007,0.9916894951923285
RGI60-08.01597,2008,-0.4647272708000199
RGI60-08.01597,2009,-0.24450278520098798
RGI60-08.01597,2010,-0.5211132553851688
RGI60-08.01597,2011,-1.276216645357102
RGI60-08.01597,2012,0.46288446102784425
RGI60-08.01597,2013,-1.2371422033231338
RGI60-08.01597,2014,-0.8642159299582983
RGI60-08.01597,2015,0.41259085045763794
RGI60-08.01597,2016,-0.7433556391619245
RGI60-08.01597,2017,-0.5761759539189495
RGI60-08.01597,2018,-1.0922383294557025
RGI60-08.01597,2019,-0.38773445180387206
RGI60-08.01597,2020,-0.36757144645587353
RGI60-08.01597,2021,-0.620181747797423
RGI60-08.01597,2022,-0.6536472834354832
RGI60-08.01597,2023,-0.5592487693554756
RGI60-08.01597,2024,-1.8331503749862064
RGI60-08.01598,2000,-0.8193878789544381
RGI60-08.01598,2001,-0.7956246916470829
RGI60-08.01598,2002,-0.922245133844369
RGI60-08.01598,2003,-1.0771517135886877
RGI60-08.01598,2004,-0.4283271919572736
RGI60-08.01598,2005,-0.5970875187494868
RGI60-08.01598,2006,-1.3314960206640012
RGI60-08.01598,2007,-0.4788642504589821
RGI60-08.01598,2008,-0.6734387121323059
RGI60-08.01598,2009,-1.4958633356106896
RGI60-08.01598,2010,-1.1238693661357948
RGI60-08.01598,2011,-1.6250907737282216
RGI60-08.01598,2012,0.5350332716542111
RGI60-08.01598,2013,-1.6465967263669121
RGI60-08.01598,2014,-1.4752405487429496
RGI60-08.01598,2015,0.09865474261101492
RGI60-08.01598,2016,-0.4153510703494504
RGI60-08.01598,2017,0.13306749334053947
RGI60-08.01598,2018,-1.5293976301279626
RGI60-08.01598,2019,-0.4914229445471552
RGI60-08.01598,2020,-0.573916643699271
RGI60-08.01598,2021,-0.2697758767614574
RGI60-08.01598,2022,-0.9135174274763442
RGI60-08.01598,2023,-1.1913925615725207
RGI60-08.01598,2024,-1.4004625933739456
RGI60-08.01605,2000,0.45639844388783624
RGI60-08.01605,2001,-1.317978553103802
RGI60-08.01605,2002,-1.3555768105316452
RGI60-08.01605,2003,-1.3264350666341123
RGI60-08.01605,2004,-0.7341372448851664
RGI60-08.01605,2005,0.03910853018413318
RGI60-08.01605,2006,-1.0913376197184124
RGI60-08.01605,2007,0.56407819412972
RGI60-08.01605,2008,-0.4436556806016353
RGI60-08.01605,2009,0.23599287201932384
RGI60-08.01605,2010,-0.3330766171928121
RGI60-08.01605,2011,-0.9864233528583092
RGI60-08.01605,2012,-0.2957405274114261
RGI60-08.01605,2013,-1.757560239261255
RGI60-08.01605,2014,-0.5768504398983639
RGI60-08.01605,2015,0.6387577592742618
RGI60-08.01605,2016,-0.34669228938891405
RGI60-08.01605,2017,0.4323523294783099
RGI60-08.01605,2018,-1.7613977552418802
RGI60-08.01605,2019,-0.8006259322458615
RGI60-08.01605,2020,0.1660407918205653
RGI60-08.01605,2021,-1.191201502042313
RGI60-08.01605,2022,-0.8413773840905086
RGI60-08.01605,2023,-1.6699769540998681
RGI60-08.01605,2024,-2.6497043677781282
RGI60-08.01606,2000,-0.5807016367498501
RGI60-08.01606,2001,-1.2276212194273732
RGI60-08.01606,2002,-1.5670760486667525
RGI60-08.01606,2003,-1.3033630315604874
RGI60-08.01606,2004,-1.3950579350953052
RGI60-08.01606,2005,-0.6960222959902627
RGI60-08.01606,2006,-1.892399600888338
RGI60-08.01606,2007,-0.3115290640890195
RGI60-08.01606,2008,-1.0352065569528512
RGI60-08.01606,2009,-0.03194127618384779
RGI60-08.01606,2010,-0.8579852036038054
RGI60-08.01606,2011,-1.7909681072968517
RGI60-08.01606,2012,-0.8526485903073004
RGI60-08.01606,2013,-2.15460372837663
RGI60-08.01606,2014,-1.206876870011149
RGI60-08.01606,2015,-0.1668688555503809
RGI60-08.01606,2016,-1.2437645079011956
RGI60-08.01606,2017,-0.7044891937509425
RGI60-08.01606,2018,-2.000412011561754
RGI60-08.01606,2019,-1.3197642660359152
RGI60-08.01606,2020,-0.5198882203879575
RGI60-08.01606,2021,-1.9607599157661442
RGI60-08.01606,2022,-1.5071545155117612
RGI60-08.01606,2023,-2.009058099590028
RGI60-08.01606,2024,-3.100955614377816
RGI60-08.01607,2000,0.2543583646464713
RGI60-08.01607,2001,-0.26684111742654054
RGI60-08.01607,2002,-0.2849928627214297
RGI60-08.01607,2003,-0.513569226709232
RGI60-08.01607,2004,-0.14839019357532812
RGI60-08.01607,2005,0.3736158842716026
RGI60-08.01607,2006,-0.9184375097971933
RGI60-08.01607,2007,0.890446955822545
RGI60-08.01607,2008,-0.4033899206134407
RGI60-08.01607,2009,-0.460104707018493
RGI60-08.01607,2010,-0.09526163499180877
RGI60-08.01607,2011,-1.2870277102727423
RGI60-08.01607,2012,0.44149040832383807
RGI60-08.01607,2013,-0.6701685973771662
RGI60-08.01607,2014,-0.39834328750110104
RGI60-08.01607,2015,1.110560915734697
RGI60-08.01607,2016,-0.3218517253241935
RGI60-08.01607,2017,0.3004671747802443
RGI60-08.01607,2018,-0.9792623219503447
RGI60-08.01607,2019,-0.385998888300379
RGI60-08.01607,2020,-0.17127893864727786
RGI60-08.01607,2021,-0.4632748034902179
RGI60-08.01607,2022,0.42588988687128654
RGI60-08.01607,2023,-0.8118986070641119
RGI60-08.01607,2024,-1.8502509432745942
RGI60-08.01613,2000,0.8063084343985774
RGI60-08.01613,2001,-0.3563723679652291
RGI60-08.01613,2002,-0.4931218183530845
RGI60-08.01613,2003,-0.9022588936598823
RGI60-08.01613,2004,-0.4111221488991984
RGI60-08.01613,2005,-0.6012940244380152
RGI60-08.01613,2006,-0.7814030206660576
RGI60-08.01613,2007,-0.08499111913707885
RGI60-08.01613,2008,-0.44052289488645313
RGI60-08.01613,2009,0.1985660410325064
RGI60-08.01613,2010,-0.4499695146168033
RGI60-08.01613,2011,-1.427328563218105
RGI60-08.01613,2012,0.8386207342192906
RGI60-08.01613,2013,0.20470008757125563
RGI60-08.01613,2014,-0.5871631494958822
RGI60-08.01613,2015,1.028352533355034
RGI60-08.01613,2016,-0.5112823323891205
RGI60-08.01613,2017,0.7171661544005454
RGI60-08.01613,2018,-1.4752031101903906
RGI60-08.01613,2019,0.017018972938076027
RGI60-08.01613,2020,-1.094522128875993
RGI60-08.01613,2021,-0.24706844895653512
RGI60-08.01613,2022,0.13213685103092393
RGI60-08.01613,2023,-0.10226418869548118
RGI60-08.01613,2024,-0.8173745562548813
RGI60-08.01614,2000,0.3042461689085079
RGI60-08.01614,2001,-0.3902000683208057
RGI60-08.01614,2002,-0.25983312584758395
RGI60-08.01614,2003,-0.5318055477785222
RGI60-08.01614,2004,-0.11024770661958189
RGI60-08.01614,2005,-0.2047404641158221
RGI60-08.01614,2006,-0.5930167665163935
RGI60-08.01614,2007,0.19856341094224356
RGI60-08.01614,2008,-0.38693196498718846
RGI60-08.01614,2009,0.06025837351079932
RGI60-08.01614,2010,-0.1745193012942995
RGI60-08.01614,2011,-0.6959141867620344
RGI60-08.01614,2012,0.04876214059647449
RGI60-08.01614,2013,-0.6216368094863449
RGI60-08.01614,2014,-0.7041521911474223
RGI60-08.01614,2015,0.025758253373745044
RGI60-08.01614,2016,-0.7386024324258869
RGI60-08.01614,2017,-0.5803964547030648
RGI60-08.01614,2018,-2.1062560411963474
RGI60-08.01614,2019,-0.3022352861304619
RGI60-08.01614,2020,-0.11087991633574218
RGI60-08.01614,2021,-0.8234944562390398
RGI60-08.01614,2022,-0.4070995943580499
RGI60-08.01614,2023,-0.32371220919953536
RGI60-08.01614,2024,-1.9912042920360138
RGI60-08.01618,2000,-0.1483166334131093
RGI60-08.01618,2001,-0.6848524935435354
RGI60-08.01618,2002,-0.6814751318922746
RGI60-08.01618,2003,-0.6461517895203237
RGI60-08.01618,2004,-0.9223593871559289
RGI60-08.01618,2005,0.3818496796030071
RGI60-08.01618,2006,-1.0472602163491347
RGI60-08.01618,2007,0.20816550655700194
RGI60-08.01618,2008,-0.6265208559532034
RGI60-08.01618,2009,0.03189581593007634
RGI60-08.01618,2010,-0.1257799125115856
RGI60-08.01618,2011,-1.098021042526271
RGI60-08.01618,2012,0.21261629816366812
RGI60-08.01618,2013,-0.8158892771887969
RGI60-08.01618,2014,-1.017511303867914
RGI60-08.01618,2015,0.35920729007017005
RGI60-08.01618,2016,-0.4942822364805312
RGI60-08.01618,2017,0.04566205105211596
RGI60-08.01618,2018,-0.8829733270834439
RGI60-08.01618,2019,-0.13730303388998694
RGI60-08.01618,2020,-0.347518920288251
RGI60-08.01618,2021,-0.35857618361547466
RGI60-08.01618,2022,-0.8950473429214736
RGI60-08.01618,2023,-0.7155161866083868
RGI60-08.01618,2024,-1.8139112966054225
RGI60-08.01620,2000,-0.23410666129463284
RGI60-08.01620,2001,-0.7711541463075631
RGI60-08.01620,2002,-1.138549438135893
RGI60-08.01620,2003,-0.310251476490672
RGI60-08.01620,2004,-0.5999858862450875
RGI60-08.01620,2005,0.21366438188798792
RGI60-08.01620,2006,-0.4469435868165479
RGI60-08.01620,2007,0.7660446931043803
RGI60-08.01620,2008,-1.1738082251696214
RGI60-08.01620,2009,0.058029273420254046
RGI60-08.01620,2010,-0.31306300994085473
RGI60-08.01620,2011,-0.5376949150275306
RGI60-08.01620,2012,-0.47497316198790107
RGI60-08.01620,2013,-1.0799519039018652
RGI60-08.01620,2014,2.0001671139420067
RGI60-08.01620,2015,0.5473158793300841
RGI60-08.01620,2016,1.6379388703955318
RGI60-08.01620,2017,-0.07202595095528291
RGI60-08.01620,2018,-0.922385525679063
RGI60-08.01620,2019,-1.3340663241277197
RGI60-08.01620,2020,0.4439420951251853
RGI60-08.01620,2021,-0.29734342853877505
RGI60-08.01620,2022,-1.3836970334591543
RGI60-08.01620,2023,2.2384958484168975
RGI60-08.01620,2024,-2.6021767734276593
RGI60-08.01623,2000,0.12226090328745443
RGI60-08.01623,2001,-1.4632710676605436
RGI60-08.01623,2002,-0.8750435849679548
RGI60-08.01623,2003,-1.4298777005592012
RGI60-08.01623,2004,-0.26547403927848
RGI60-08.01623,2005,0.1559907870679922
RGI60-08.01623,2006,-1.3010090234583918
RGI60-08.01623,2007,-0.6944373368074914
RGI60-08.01623,2008,-0.24862210033965648
RGI60-08.01623,2009,-0.8610489764464299
RGI60-08.01623,2010,-0.9891315050331444
RGI60-08.01623,2011,-0.9043778601009531
RGI60-08.01623,2012,0.9463670250094051
RGI60-08.01623,2013,-1.0632633524291997
RGI60-08.01623,2014,-0.6327837531359796
RGI60-08.01623,2015,0.470618624900505
RGI60-08.01623,2016,-0.47530917161773856
RGI60-08.01623,2017,0.0469366407312557
RGI60-08.01623,2018,-1.42427972865843
RGI60-08.01623,2019,-0.08254478050302816
RGI60-08.01623,2020,-0.23913497773297837
RGI60-08.01623,2021,-0.8985777838827556
RGI60-08.01623,2022,-0.1730739089353397
RGI60-08.01623,2023,-0.6796987473467934
RGI60-08.01623,2024,-1.7187546081185427
RGI60-08.01628,2000,0.26882707542808815
RGI60-08.01628,2001,-1.3489787563789533
RGI60-08.01628,2002,-0.7392662471811504
RGI60-08.01628,2003,-0.6690658751098344
RGI60-08.01628,2004,-1.317150070643354
RGI60-08.01628,2005,-0.04239596823852476
RGI60-08.01628,2006,-1.6295178900789649
RGI60-08.01628,2007,1.2896777975113098
RGI60-08.01628,2008,-0.5892911476971533
RGI60-08.01628,2009,-1.0336770593588622
RGI60-08.01628,2010,-1.424544777575126
RGI60-08.01628,2011,-0.8435658318332405
RGI60-08.01628,2012,-0.7877116441718321
RGI60-08.01628,2013,-1.3356542668180784
RGI60-08.01628,2014,-0.20430891193518974
RGI60-08.01628,2015,0.25300637978725193
RGI60-08.01628,2016,-0.8744390368395618
RGI60-08.01628,2017,-0.5164816799692534
RGI60-08.01628,2018,-2.1510477840496245
RGI60-08.01628,2019,-1.3726143048479418
RGI60-08.01628,2020,-0.13152696051308632
RGI60-08.01628,2021,-2.1478851305521487
RGI60-08.01628,2022,-0.9707941735511003
RGI60-08.01628,2023,-2.192300708198673
RGI60-08.01628,2024,-0.8057091787701568
RGI60-08.01629,2000,0.47288597703594637
RGI60-08.01629,2001,-1.304408315096236
RGI60-08.01629,2002,-1.0994784353797367
RGI60-08.01629,2003,-1.2786472448669117
RGI60-08.01629,2004,-1.5767029717518914
RGI60-08.01629,2005,-0.027614790966668634
RGI60-08.01629,2006,-1.689735027489397
RGI60-08.01629,2007,0.3452389266934288
RGI60-08.01629,2008,-0.36037296767190957
RGI60-08.01629,2009,-0.4420134489481099
RGI60-08.01629,2010,-0.5036490992304259
RGI60-08.01629,2011,-0.9400944525757917
RGI60-08.01629,2012,-1.2117507265701946
RGI60-08.01629,2013,-1.763963580872466
RGI60-08.01629,2014,-1.3143508671415494
RGI60-08.01629,2015,0.17194584425539694
RGI60-08.01629,2016,-0.2017510196036737
RGI60-08.01629,2017,0.22062143567228665
RGI60-08.01629,2018,-2.3941056553994198
RGI60-08.01629,2019,-0.9182535800926659
RGI60-08.01629,2020,-0.40986508644571884
RGI60-08.01629,2021,-0.6085560856343609
RGI60-08.01629,2022,-1.6304013896628138
RGI60-08.01629,2023,-1.6308167612371134
RGI60-08.01629,2024,-3.07327604355993
RGI60-08.01636,2000,0.35882731992944883
RGI60-08.01636,2001,-0.6505438446689727
RGI60-08.01636,2002,-0.4119942586618301
RGI60-08.01636,2003,-0.4009637685030456
RGI60-08.01636,2004,-0.19488637249162702
RGI60-08.01636,2005,-0.2536337615477329
RGI60-08.01636,2006,-0.8300022280275865
RGI60-08.01636,2007,0.2306473421983246
RGI60-08.01636,2008,-0.22606112802910783
RGI60-08.01636,2009,-0.09161008097165013
RGI60-08.01636,2010,-0.008012032091081256
RGI60-08.01636,2011,-0.6176837889302387
RGI60-08.01636,2012,-0.20066394243675176
RGI60-08.01636,2013,-0.7490417886504974
RGI60-08.01636,2014,-0.4450137223304565
RGI60-08.01636,2015,0.07958858995354406
RGI60-08.01636,2016,-0.6776660931843461
RGI60-08.01636,2017,-0.1727561064513441
RGI60-08.01636,2018,-0.9371574282111744
RGI60-08.01636,2019,-0.00597290689387453
RGI60-08.01636,2020,-0.2520978748595675
RGI60-08.01636,2021,-0.8091599874156981
RGI60-08.01636,2022,-0.3940016458506002
RGI60-08.01636,2023,-0.31215312834499237
RGI60-08.01636,2024,-2.1064399742282607
RGI60-08.01637,2000,-0.15249663669000946
RGI60-08.01637,2001,-1.4452718025800968
RGI60-08.01637,2002,-0.8916794040229459
RGI60-08.01637,2003,-0.8860092112609238
RGI60-08.01637,2004,-1.0312337598087358
RGI60-08.01637,2005,-0.5037301060721779
RGI60-08.01637,2006,-1.0428397694354414
RGI60-08.01637,2007,-0.5531275353983904
RGI60-08.01637,2008,-0.8411831661982434
RGI60-08.01637,2009,-0.4857442032799294
RGI60-08.01637,2010,-0.5645516742019866
RGI60-08.01637,2011,-1.3680216534116099
RGI60-08.01637,2012,-0.2274065329364463
RGI60-08.01637,2013,-1.5026613222033949
RGI60-08.01637,2014,-1.4123060436721242
RGI60-08.01637,2015,0.14175391048135233
RGI60-08.01637,2016,-1.0147439733446606
RGI60-08.01637,2017,-0.3186375352229559
RGI60-08.01637,2018,-1.8930904363504002
RGI60-08.01637,2019,-0.49421914439087833
RGI60-08.01637,2020,-0.365813877402101
RGI60-08.01637,2021,-1.4124165746121253
RGI60-08.01637,2022,-1.3939251989472496
RGI60-08.01637,2023,-0.6208609371468812
RGI60-08.01637,2024,-2.5806995967260553
RGI60-08.01640,2000,0.4814631694388739
RGI60-08.01640,2001,-0.1101738837287922
RGI60-08.01640,2002,-0.465907560823621
RGI60-08.01640,2003,-0.29252993747357026
RGI60-08.01640,2004,-0.7278504891249221
RGI60-08.01640,2005,-0.6928568106728838
RGI60-08.01640,2006,-1.1072053872548042
RGI60-08.01640,2007,0.020819525390674054
RGI60-08.01640,2008,-0.441947478538068
RGI60-08.01640,2009,-0.6560805650755184
RGI60-08.01640,2010,-0.06483666974538949
RGI60-08.01640,2011,-1.7518135631955096
RGI60-08.01640,2012,0.4443545713707352
RGI60-08.01640,2013,-0.5066974738206609
RGI60-08.01640,2014,-0.04429602426354484
RGI60-08.01640,2015,0.9659557466009386
RGI60-08.01640,2016,-0.5716511687965763
RGI60-08.01640,2017,0.7474866241164871
RGI60-08.01640,2018,-1.752607353559355
RGI60-08.01640,2019,-0.4113252708444856
RGI60-08.01640,2020,-1.44485854311502
RGI60-08.01640,2021,-0.5254901593972301
RGI60-08.01640,2022,0.038136424455666174
RGI60-08.01640,2023,0.0865437938891942
RGI60-08.01640,2024,0.051635404261067
RGI60-08.01641,2000,-0.048683081392936645
RGI60-08.01641,2001,-0.9817987400668926
RGI60-08.01641,2002,-0.7149890341408927
RGI60-08.01641,2003,-1.0300527065065919
RGI60-08.01641,2004,-0.11902718210807939
RGI60-08.01641,2005,-0.1843784617349396
RGI60-08.01641,2006,-1.26694357358656
RGI60-08.01641,2007,-0.03043038729219416
RGI60-08.01641,2008,-0.45311872913880646
RGI60-08.01641,2009,-1.066293421831303
RGI60-08.01641,2010,-0.6866773412658996
RGI60-08.01641,2011,-1.013855988185146
RGI60-08.01641,2012,0.3040775840768567
RGI60-08.01641,2013,-0.9289702333948828
RGI60-08.01641,2014,-0.6776013800333539
RGI60-08.01641,2015,-0.20711739237415883
RGI60-08.01641,2016,-1.1914986781338563
RGI60-08.01641,2017,-0.3755942282002154
RGI60-08.01641,2018,-1.355595626886811
RGI60-08.01641,2019,-0.369551397803336
RGI60-08.01641,2020,-0.5612880980514358
RGI60-08.01641,2021,-0.8818049699738866
RGI60-08.01641,2022,-0.3492220438889432
RGI60-08.01641,2023,-0.2865578694476059
RGI60-08.01641,2024,-2.1606816264750552
RGI60-08.01644,2000,0.3443090265509493
RGI60-08.01644,2001,-0.42487531846486104
RGI60-08.01644,2002,-0.41167913284914104
RGI60-08.01644,2003,-0.29725605443388187
RGI60-08.01644,2004,-0.5218693158171659
RGI60-08.01644,2005,-0.38266382583268516
RGI60-08.01644,2006,-0.4643721192264342
RGI60-08.01644,2007,-0.2376223731680963
RGI60-08.01644,2008,-0.4092016761402122
RGI60-08.01644,2009,-0.07986285452988068
RGI60-08.01644,2010,0.16773719908677653
RGI60-08.01644,2011,-0.8837911846282356
RGI60-08.01644,2012,0.1284727294555496
RGI60-08.01644,2013,-0.3642647838029285
RGI60-08.01644,2014,-0.47107357566694186
RGI60-08.01644,2015,0.16401853082825574
RGI60-08.01644,2016,-0.43399142795431506
RGI60-08.01644,2017,-0.02207146693182499
RGI60-08.01644,2018,-1.4648685879208623
RGI60-08.01644,2019,-0.6313737885540844
RGI60-08.01644,2020,-0.08108213669314385
RGI60-08.01644,2021,-0.3157070385040789
RGI60-08.01644,2022,-0.37104236700961124
RGI60-08.01644,2023,-1.4229165628908653
RGI60-08.01644,2024,-1.5985436656826564
RGI60-08.01645,2000,-0.2504649565537112
RGI60-08.01645,2001,-1.477969042626147
RGI60-08.01645,2002,-1.2790447476055216
RGI60-08.01645,2003,-1.42360111487334
RGI60-08.01645,2004,-0.8815872386283155
RGI60-08.01645,2005,-0.1963171993661137
RGI60-08.01645,2006,-1.0500997897060342
RGI60-08.01645,2007,0.14050833037347754
RGI60-08.01645,2008,-0.5326964219977812
RGI60-08.01645,2009,-0.12881257770553356
RGI60-08.01645,2010,-0.4569082334024649
RGI60-08.01645,2011,-0.960771777930361
RGI60-08.01645,2012,-0.8034504402539498
RGI60-08.01645,2013,-1.4981664080956982
RGI60-08.01645,2014,-0.935008595398787
RGI60-08.01645,2015,0.17451657879744642
RGI60-08.01645,2016,-0.5935777176965684
RGI60-08.01645,2017,-0.5457874110841242
RGI60-08.01645,2018,-1.5553624979303229
RGI60-08.01645,2019,-0.6152987383161459
RGI60-08.01645,2020,-0.5919507995513544
RGI60-08.01645,2021,-1.58423567761949
RGI60-08.01645,2022,-1.1324112837799445
RGI60-08.01645,2023,-1.0516548855051455
RGI60-08.01645,2024,-3.12138418174552
RGI60-08.01646,2000,-0.20802708490536626
RGI60-08.01646,2001,-0.4676273632232105
RGI60-08.01646,2002,-0.9283610129974108
RGI60-08.01646,2003,-0.9634291732297733
RGI60-08.01646,2004,-1.2691216373439713
RGI60-08.01646,2005,0.15803002665982557
RGI60-08.01646,2006,-1.154887142316353
RGI60-08.01646,2007,0.00478366064063207
RGI60-08.01646,2008,-0.29827405554874487
RGI60-08.01646,2009,-1.1301171034637467
RGI60-08.01646,2010,0.14291247747345925
RGI60-08.01646,2011,-1.1402654739243738
RGI60-08.01646,2012,0.051459000822516754
RGI60-08.01646,2013,-1.3913027554626092
RGI60-08.01646,2014,-0.8988377251456949
RGI60-08.01646,2015,0.31183548364423586
RGI60-08.01646,2016,-0.3521287988598013
RGI60-08.01646,2017,-0.05001373996063141
RGI60-08.01646,2018,-1.347310531309284
RGI60-08.01646,2019,0.36038294845030605
RGI60-08.01646,2020,0.24370231545853727
RGI60-08.01646,2021,-0.4693772857938019
RGI60-08.01646,2022,-0.7336132942603497
RGI60-08.01646,2023,-0.6641634056020838
RGI60-08.01646,2024,-2.012301402946083
RGI60-08.01647,2000,0.07012711726062748
RGI60-08.01647,2001,-0.7819974961592975
RGI60-08.01647,2002,-0.6532991397945316
RGI60-08.01647,2003,-0.6219229846159302
RGI60-08.01647,2004,-0.5548464340251384
RGI60-08.01647,2005,-0.3176143512852489
RGI60-08.01647,2006,-0.923796069355342
RGI60-08.01647,2007,-0.19781265123743025
RGI60-08.01647,2008,-0.6029686115269068
RGI60-08.01647,2009,-0.5390530963617212
RGI60-08.01647,2010,-0.4025583657826288
RGI60-08.01647,2011,-1.1781585461933268
RGI60-08.01647,2012,-0.13373443944572405
RGI60-08.01647,2013,-0.9504890486241574
RGI60-08.01647,2014,-0.9744516387578908
RGI60-08.01647,2015,-0.14455272617374249
RGI60-08.01647,2016,-0.5778357137019343
RGI60-08.01647,2017,-0.4870130151228077
RGI60-08.01647,2018,-2.100066389214108
RGI60-08.01647,2019,-0.6927563998827604
RGI60-08.01647,2020,-0.2711732645293398
RGI60-08.01647,2021,-1.0370351110018232
RGI60-08.01647,2022,-0.6657881984815801
RGI60-08.01647,2023,-1.1982326599200404
RGI60-08.01647,2024,-2.5678980979320367
RGI60-08.01650,2000,0.41759120940941896
RGI60-08.01650,2001,-0.6528979994791947
RGI60-08.01650,2002,-0.6681698665480709
RGI60-08.01650,2003,-0.8385795704899359
RGI60-08.01650,2004,-0.10446661047625849
RGI60-08.01650,2005,0.15472023771666077
RGI60-08.01650,2006,-0.7570010974865561
RGI60-08.01650,2007,0.144649918340221
RGI60-08.01650,2008,-0.3776162379640077
RGI60-08.01650,2009,0.08493896597842426
RGI60-08.01650,2010,0.07640050423302963
RGI60-08.01650,2011,-1.2326454962912323
RGI60-08.01650,2012,-0.05121376055356325
RGI60-08.01650,2013,-0.6769438184784184
RGI60-08.01650,2014,-0.659631107762882
RGI60-08.01650,2015,-0.011992385836634367
RGI60-08.01650,2016,-0.6907254566977186
RGI60-08.01650,2017,-0.08393550524391413
RGI60-08.01650,2018,-1.3094824285492666
RGI60-08.01650,2019,-0.10159949382010436
RGI60-08.01650,2020,-0.11322357723689919
RGI60-08.01650,2021,-0.8189248231015465
RGI60-08.01650,2022,-0.44351403697410413
RGI60-08.01650,2023,-0.11679353535210296
RGI60-08.01650,2024,-1.9955643518171409
RGI60-08.01655,2000,0.19877285741398493
RGI60-08.01655,2001,-1.0625683863679463
RGI60-08.01655,2002,-0.7061702422348267
RGI60-08.01655,2003,-1.0022735853258635
RGI60-08.01655,2004,-0.2183022740509937
RGI60-08.01655,2005,0.27172636168685066
RGI60-08.01655,2006,-1.139636797974523
RGI60-08.01655,2007,-0.35668121701766853
RGI60-08.01655,2008,-0.448571173716489
RGI60-08.01655,2009,-0.6187737208285484
RGI60-08.01655,2010,-0.4326238490530255
RGI60-08.01655,2011,-0.9816643614855771
RGI60-08.01655,2012,0.3848483484097223
RGI60-08.01655,2013,-0.7989237648346301
RGI60-08.01655,2014,-0.45125310627201376
RGI60-08.01655,2015,0.487909110409483
RGI60-08.01655,2016,-0.5729644109337207
RGI60-08.01655,2017,0.05013431558588466
RGI60-08.01655,2018,-1.3108781346132057
RGI60-08.01655,2019,-0.10600596879688501
RGI60-08.01655,2020,-0.6420589064971425
RGI60-08.01655,2021,-0.6830179412459224
RGI60-08.01655,2022,-0.22360044226299167
RGI60-08.01655,2023,-0.7949464253282811
RGI60-08.01655,2024,-1.6325762981784901
RGI60-08.01656,2000,0.8026704519609542
RGI60-08.01656,2001,-0.37400199425285735
RGI60-08.01656,2002,-0.8042622056459274
RGI60-08.01656,2003,-0.5876822496157971
RGI60-08.01656,2004,-0.10262481690471853
RGI60-08.01656,2005,-0.1378213720751775
RGI60-08.01656,2006,-0.7173373851245224
RGI60-08.01656,2007,-0.13317324554179144
RGI60-08.01656,2008,-0.28895149339362003
RGI60-08.01656,2009,-0.5232704054340105
RGI60-08.01656,2010,0.019707960786278178
RGI60-08.01656,2011,-0.8233034842179877
RGI60-08.01656,2012,0.26449631705929744
RGI60-08.01656,2013,-0.6850887610657577
RGI60-08.01656,2014,-0.6023267056074734
RGI60-08.01656,2015,0.36222103069424727
RGI60-08.01656,2016,-0.9273263971162348
RGI60-08.01656,2017,0.04153065813915452
RGI60-08.01656,2018,-1.3963497146145174
RGI60-08.01656,2019,-0.1293061880295458
RGI60-08.01656,2020,0.03717412771298367
RGI60-08.01656,2021,-0.8819809828967549
RGI60-08.01656,2022,-0.2016644971494563
RGI60-08.01656,2023,-0.8482849256092124
RGI60-08.01656,2024,-1.6007216154466175
RGI60-08.01657,2000,0.41298392841049664
RGI60-08.01657,2001,-0.27164308768869155
RGI60-08.01657,2002,-0.4083684961559801
RGI60-08.01657,2003,-0.5136521317501779
RGI60-08.01657,2004,0.1233465650346997
RGI60-08.01657,2005,0.034634441651559655
RGI60-08.01657,2006,-0.5106955977778647
RGI60-08.01657,2007,-0.017741768707821737
RGI60-08.01657,2008,-0.20043398644076704
RGI60-08.01657,2009,-0.09703010658996128
RGI60-08.01657,2010,-0.21668558645489447
RGI60-08.01657,2011,-0.6446025947370368
RGI60-08.01657,2012,0.15994828613771184
RGI60-08.01657,2013,-0.46595142086775754
RGI60-08.01657,2014,-0.5884963249885039
RGI60-08.01657,2015,0.12178342372849271
RGI60-08.01657,2016,-0.7010892909863011
RGI60-08.01657,2017,-0.5521664036471241
RGI60-08.01657,2018,-1.8927290524320575
RGI60-08.01657,2019,-0.45041079573801635
RGI60-08.01657,2020,-0.18358684644910384
RGI60-08.01657,2021,-0.872306192758364
RGI60-08.01657,2022,-0.5337919456836381
RGI60-08.01657,2023,-0.35621591658595153
RGI60-08.01657,2024,-1.5414176805219792
RGI60-08.01658,2000,-0.043935324485192495
RGI60-08.01658,2001,-0.46043506853478156
RGI60-08.01658,2002,-0.815316044798285
RGI60-08.01658,2003,-0.7788282394087407
RGI60-08.01658,2004,-0.06354809034200376
RGI60-08.01658,2005,0.03898971550736069
RGI60-08.01658,2006,-1.01536227226535
RGI60-08.01658,2007,-0.13495206636606044
RGI60-08.01658,2008,-0.38725869902574167
RGI60-08.01658,2009,0.49986097174192157
RGI60-08.01658,2010,-0.2247687178440028
RGI60-08.01658,2011,-1.1484788102275372
RGI60-08.01658,2012,-0.022640551828854827
RGI60-08.01658,2013,-1.162639948198089
RGI60-08.01658,2014,-0.8081567341331043
RGI60-08.01658,2015,0.4456476738068441
RGI60-08.01658,2016,-0.9677134421771417
RGI60-08.01658,2017,0.006871224172448953
RGI60-08.01658,2018,-1.4710411337742713
RGI60-08.01658,2019,-0.2887944418194306
RGI60-08.01658,2020,-0.12381158907497924
RGI60-08.01658,2021,-1.1153148732839437
RGI60-08.01658,2022,-0.49290302691355886
RGI60-08.01658,2023,-0.4211122476353364
RGI60-08.01658,2024,-1.4418621416700144
RGI60-08.01659,2000,-0.3102501967518142
RGI60-08.01659,2001,-1.6627603588952156
RGI60-08.01659,2002,-1.230602341609352
RGI60-08.01659,2003,-1.2755638682675032
RGI60-08.01659,2004,-0.5722761099908005
RGI60-08.01659,2005,-0.811248683217134
RGI60-08.01659,2006,-1.530961327725015
RGI60-08.01659,2007,-0.09197581809403288
RGI60-08.01659,2008,-1.1365117149353012
RGI60-08.01659,2009,-0.28392390706950554
RGI60-08.01659,2010,-1.1354799998214649
RGI60-08.01659,2011,-1.3171034349216124
RGI60-08.01659,2012,-0.479486573385921
RGI60-08.01659,2013,-1.5116358731224584
RGI60-08.01659,2014,-0.8663393193147785
RGI60-08.01659,2015,0.06974874947680287
RGI60-08.01659,2016,-1.8200551301670425
RGI60-08.01659,2017,-0.25104605271552793
RGI60-08.01659,2018,-0.8102272671166737
RGI60-08.01659,2019,-0.6756007723556459
RGI60-08.01659,2020,-0.12137308561688787
RGI60-08.01659,2021,-1.393380535410202
RGI60-08.01659,2022,-1.2594677104303038
RGI60-08.01659,2023,-1.6750658498527362
RGI60-08.01659,2024,-1.0217661730098218
RGI60-08.01716,2000,0.6363608158377879
RGI60-08.01716,2001,-0.5092945621653138
RGI60-08.01716,2002,-1.8249984115975857
RGI60-08.01716,2003,-2.041373721198219
RGI60-08.01716,2004,-0.6320961435736544
RGI60-08.01716,2005,-0.18186624839040844
RGI60-08.01716,2006,-2.197725824854664
RGI60-08.01716,2007,0.3920196585708865
RGI60-08.01716,2008,-0.6843368104575692
RGI60-08.01716,2009,-0.4223256015562574
RGI60-08.01716,2010,-1.6801332659390267
RGI60-08.01716,2011,-0.6535362202913437
RGI60-08.01716,2012,0.7647627136619507
RGI60-08.01716,2013,-0.8676110004206067
RGI60-08.01716,2014,-1.5079761267881238
RGI60-08.01716,2015,0.33902512950962616
RGI60-08.01716,2016,-0.7767409593891891
RGI60-08.01716,2017,-0.6266666780594078
RGI60-08.01716,2018,-1.91391028824965
RGI60-08.01716,2019,-1.3893764546492342
RGI60-08.01716,2020,-0.25481973305901884
RGI60-08.01716,2021,-1.3628148826643265
RGI60-08.01716,2022,-1.5882054080385815
RGI60-08.01716,2023,-1.116550691470697
RGI60-08.01716,2024,-1.7540975372218777
RGI60-08.01726,2000,-0.06387849444948968
RGI60-08.01726,2001,-0.7253167208701794
RGI60-08.01726,2002,-1.4581904849963798
RGI60-08.01726,2003,-1.9834131618612574
RGI60-08.01726,2004,-1.141574936856163
RGI60-08.01726,2005,-1.4220985033344253
RGI60-08.01726,2006,-2.056938260715472
RGI60-08.01726,2007,-0.14911308612859187
RGI60-08.01726,2008,-1.2301064519255243
RGI60-08.01726,2009,-0.016120566010592752
RGI60-08.01726,2010,-1.398572924669861
RGI60-08.01726,2011,-1.8310257242992423
RGI60-08.01726,2012,-0.06524062995231195
RGI60-08.01726,2013,-1.0970984976915927
RGI60-08.01726,2014,-1.7289492467960164
RGI60-08.01726,2015,-0.3758348292342705
RGI60-08.01726,2016,-1.1273409625593434
RGI60-08.01726,2017,-0.4351488356757631
RGI60-08.01726,2018,-1.721309333911008
RGI60-08.01726,2019,-0.9276283480625105
RGI60-08.01726,2020,-0.440991125858303
RGI60-08.01726,2021,-1.5634994502100854
RGI60-08.01726,2022,-1.663673078852494
RGI60-08.01726,2023,-2.0799812643892577
RGI60-08.01726,2024,-1.8791689116848698
RGI60-08.01747,2000,0.1787201585407412
RGI60-08.01747,2001,-0.3508893930060408
RGI60-08.01747,2002,-1.3825360100478545
RGI60-08.01747,2003,-0.8980796756285625
RGI60-08.01747,2004,-0.002609396433407185
RGI60-08.01747,2005,-0.5829955914992463
RGI60-08.01747,2006,-1.3452493242942176
RGI60-08.01747,2007,-0.1764088772323507
RGI60-08.01747,2008,-0.5182857852741338
RGI60-08.01747,2009,-0.35105684625846195
RGI60-08.01747,2010,-1.7363113766624947
RGI60-08.01747,2011,-1.3000467084870206
RGI60-08.01747,2012,0.38004791459974696
RGI60-08.01747,2013,-0.6730830057742586
RGI60-08.01747,2014,-1.8366457499270994
RGI60-08.01747,2015,0.24632949226868528
RGI60-08.01747,2016,0.45084829339251187
RGI60-08.01747,2017,-0.3842189045066952
RGI60-08.01747,2018,-1.6017187006297982
RGI60-08.01747,2019,-0.014210513140038628
RGI60-08.01747,2020,-0.35308155847205897
RGI60-08.01747,2021,-0.28513883305449345
RGI60-08.01747,2022,-0.9120811545236565
RGI60-08.01747,2023,-1.3514479238636619
RGI60-08.01747,2024,0.32560542558671246
RGI60-08.01755,2000,-0.05115837953922209
RGI60-08.01755,2001,0.12504639224047231
RGI60-08.01755,2002,-1.7660682481472318
RGI60-08.01755,2003,-1.5459493997651772
RGI60-08.01755,2004,-0.069341219334487
RGI60-08.01755,2005,-1.3203409520592728
RGI60-08.01755,2006,0.024972575780048745
RGI60-08.01755,2007,0.8856687092274141
RGI60-08.01755,2008,-0.5804109948886127
RGI60-08.01755,2009,-0.4702858654362237
RGI60-08.01755,2010,0.38143278855178175
RGI60-08.01755,2011,1.0635144089571114
RGI60-08.01755,2012,-0.04787103721285335
RGI60-08.01755,2013,0.4412231450748201
RGI60-08.01755,2014,-2.8201962220976586
RGI60-08.01755,2015,0.11972007163927723
RGI60-08.01755,2016,-0.43781040262886545
RGI60-08.01755,2017,-0.9647237013097949
RGI60-08.01755,2018,-0.7653169605748511
RGI60-08.01755,2019,-0.5485047084766588
RGI60-08.01755,2020,-0.5670574781197344
RGI60-08.01755,2021,-1.3469071882355714
RGI60-08.01755,2022,-1.1460482461555064
RGI60-08.01755,2023,-0.3294759146875411
RGI60-08.01755,2024,-1.660568544058615
RGI60-08.01760,2000,-0.12022846920543262
RGI60-08.01760,2001,1.3756746108082392
RGI60-08.01760,2002,-2.2064409199876063
RGI60-08.01760,2003,-2.132867559581813
RGI60-08.01760,2004,-0.7331280866782556
RGI60-08.01760,2005,0.20537823507875563
RGI60-08.01760,2006,-1.4388964176617618
RGI60-08.01760,2007,-0.3102793471993963
RGI60-08.01760,2008,-0.5791013543226055
RGI60-08.01760,2009,1.5599152428740384
RGI60-08.01760,2010,-1.4673842025517594
RGI60-08.01760,2011,-1.1315601567087805
RGI60-08.01760,2012,1.808048214513271
RGI60-08.01760,2013,0.4076779337741896
RGI60-08.01760,2014,-2.5482771054003406
RGI60-08.01760,2015,0.20456250365833328
RGI60-08.01760,2016,-0.39815748740358764
RGI60-08.01760,2017,-1.1354557161147745
RGI60-08.01760,2018,0.06847619971588614
RGI60-08.01760,2019,-0.9901561176065995
RGI60-08.01760,2020,0.6463911070882713
RGI60-08.01760,2021,-1.9448508831369642
RGI60-08.01760,2022,-1.5923381968170602
RGI60-08.01760,2023,0.13133725702571042
RGI60-08.01760,2024,-0.45856654469326164
RGI60-08.01766,2000,-0.01026571174957669
RGI60-08.01766,2001,-1.3580103409564885
RGI60-08.01766,2002,-1.5400602324984785
RGI60-08.01766,2003,0.08887981878156703
RGI60-08.01766,2004,-0.8247717999611768
RGI60-08.01766,2005,-0.9023311111682359
RGI60-08.01766,2006,-1.21544444858253
RGI60-08.01766,2007,-0.28751438772891613
RGI60-08.01766,2008,-0.49441421569742594
RGI60-08.01766,2009,0.7946237279756153
RGI60-08.01766,2010,-0.9333982279011435
RGI60-08.01766,2011,-1.1503968751164266
RGI60-08.01766,2012,0.2546048519927948
RGI60-08.01766,2013,0.2762865988189067
RGI60-08.01766,2014,-1.2795947579459868
RGI60-08.01766,2015,0.25042862152545
RGI60-08.01766,2016,-0.40493459001797105
RGI60-08.01766,2017,0.698530833432287
RGI60-08.01766,2018,-1.8177587207780332
RGI60-08.01766,2019,-1.0606590324242346
RGI60-08.01766,2020,0.16977064643795725
RGI60-08.01766,2021,-1.1908928017160831
RGI60-08.01766,2022,-0.46130216878857
RGI60-08.01766,2023,-1.377171910379002
RGI60-08.01766,2024,1.007531868207968
RGI60-08.01771,2000,0.18231886584105317
RGI60-08.01771,2001,-0.5677747334596316
RGI60-08.01771,2002,-1.6843551090500384
RGI60-08.01771,2003,-1.982189328037479
RGI60-08.01771,2004,-0.39772027665468446
RGI60-08.01771,2005,-0.39052145314118814
RGI60-08.01771,2006,-2.4032280608314145
RGI60-08.01771,2007,-0.10831067074790623
RGI60-08.01771,2008,-0.969265684069054
RGI60-08.01771,2009,-0.21637874624456632
RGI60-08.01771,2010,-1.4335462070974672
RGI60-08.01771,2011,-2.2597460890980496
RGI60-08.01771,2012,0.5221472514859221
RGI60-08.01771,2013,-1.2156046563881315
RGI60-08.01771,2014,-1.794212702612649
RGI60-08.01771,2015,0.24870238758066676
RGI60-08.01771,2016,-0.7134519889413393
RGI60-08.01771,2017,0.16981273449127288
RGI60-08.01771,2018,-1.7743305009747217
RGI60-08.01771,2019,-1.5458450320505919
RGI60-08.01771,2020,0.020092997263966406
RGI60-08.01771,2021,-1.94694969059052
RGI60-08.01771,2022,-0.8398855626368059
RGI60-08.01771,2023,-1.1434144218161246
RGI60-08.01771,2024,-1.2767132914090356
RGI60-08.01772,2000,0.9489330359311745
RGI60-08.01772,2001,0.01781033379964675
RGI60-08.01772,2002,-1.1434699535361106
RGI60-08.01772,2003,-0.8575713047903124
RGI60-08.01772,2004,-0.04338741286007558
RGI60-08.01772,2005,-0.0781467093761147
RGI60-08.01772,2006,-1.514228517061275
RGI60-08.01772,2007,1.0758721203545656
RGI60-08.01772,2008,-0.3999483517842748
RGI60-08.01772,2009,-0.22062807884344715
RGI60-08.01772,2010,-0.13229173932958502
RGI60-08.01772,2011,-1.6056560492175376
RGI60-08.01772,2012,0.9127353268588134
RGI60-08.01772,2013,-0.00025600750616694423
RGI60-08.01772,2014,-1.4274624246237817
RGI60-08.01772,2015,0.5841130736086015
RGI60-08.01772,2016,-0.03654679137181738
RGI60-08.01772,2017,-0.034328485904885575
RGI60-08.01772,2018,-1.0858595728142804
RGI60-08.01772,2019,-0.9095824915331441
RGI60-08.01772,2020,0.5981146550194354
RGI60-08.01772,2021,-1.3360955002677095
RGI60-08.01772,2022,0.42258353248423713
RGI60-08.01772,2023,-0.5423713446321549
RGI60-08.01772,2024,-0.8207870364563763
RGI60-08.01773,2000,0.3052744692520901
RGI60-08.01773,2001,-0.56776722410311
RGI60-08.01773,2002,-0.7839227590071041
RGI60-08.01773,2003,-2.051227557924311
RGI60-08.01773,2004,-0.02112643107257761
RGI60-08.01773,2005,-0.13377634912410363
RGI60-08.01773,2006,-2.0223955613094438
RGI60-08.01773,2007,0.3975991186803347
RGI60-08.01773,2008,-0.7379346759457773
RGI60-08.01773,2009,-0.5121921833512197
RGI60-08.01773,2010,-1.1251324221927976
RGI60-08.01773,2011,-2.0468131771086817
RGI60-08.01773,2012,0.5197334680781014
RGI60-08.01773,2013,-0.3682149483667098
RGI60-08.01773,2014,-2.052078429408608
RGI60-08.01773,2015,0.292837210932428
RGI60-08.01773,2016,-0.7380116941381003
RGI60-08.01773,2017,-0.5328525420021404
RGI60-08.01773,2018,-1.5406245282244546
RGI60-08.01773,2019,-1.789673783663811
RGI60-08.01773,2020,-0.1667557377542308
RGI60-08.01773,2021,-2.0823263761613564
RGI60-08.01773,2022,-0.3544422632028712
RGI60-08.01773,2023,-1.041063696193239
RGI60-08.01773,2024,-1.3702115678415845
RGI60-08.01774,2000,0.13762690423261204
RGI60-08.01774,2001,-0.25742141013627096
RGI60-08.01774,2002,-1.9221125161274717
RGI60-08.01774,2003,-2.2258682375262904
RGI60-08.01774,2004,-0.45276052418472673
RGI60-08.01774,2005,0.11085249701081057
RGI60-08.01774,2006,-2.205594446135877
RGI60-08.01774,2007,0.470095773174098
RGI60-08.01774,2008,-0.5840043289415742
RGI60-08.01774,2009,-0.3539411201873754
RGI60-08.01774,2010,-1.0969425989937323
RGI60-08.01774,2011,-1.9303105451993439
RGI60-08.01774,2012,0.8590805348041319
RGI60-08.01774,2013,-0.8512191275545568
RGI60-08.01774,2014,-1.838623709602502
RGI60-08.01774,2015,0.42579604828005335
RGI60-08.01774,2016,-0.5549872451438397
RGI60-08.01774,2017,-0.2054503125934768
RGI60-08.01774,2018,-1.7231077297460562
RGI60-08.01774,2019,-1.5671079054286163
RGI60-08.01774,2020,0.2079633841898818
RGI60-08.01774,2021,-1.9904022208648589
RGI60-08.01774,2022,-0.6901514470195731
RGI60-08.01774,2023,-1.0869935462519202
RGI60-08.01774,2024,-2.074487170566033
RGI60-08.01776,2000,0.23389997933019835
RGI60-08.01776,2001,-0.22931580532089818
RGI60-08.01776,2002,-1.1783661858991226
RGI60-08.01776,2003,-1.8582173355235407
RGI60-08.01776,2004,-0.1788639203894472
RGI60-08.01776,2005,0.03856629383818111
RGI60-08.01776,2006,-2.1581734517445046
RGI60-08.01776,2007,0.6775091173880136
RGI60-08.01776,2008,-0.16139474758785105
RGI60-08.01776,2009,-0.44714910733290636
RGI60-08.01776,2010,-1.3460217829352787
RGI60-08.01776,2011,-1.66082818979806
RGI60-08.01776,2012,0.8628314206824764
RGI60-08.01776,2013,-0.9877841412237665
RGI60-08.01776,2014,-2.0960690838623743
RGI60-08.01776,2015,0.7779632664084924
RGI60-08.01776,2016,-0.45911381962507514
RGI60-08.01776,2017,0.2044458530779968
RGI60-08.01776,2018,-1.195970586430128
RGI60-08.01776,2019,-1.3261477730524094
RGI60-08.01776,2020,0.6464409441426379
RGI60-08.01776,2021,-1.8414908814001856
RGI60-08.01776,2022,-0.44441451560090367
RGI60-08.01776,2023,-1.0572102656227913
RGI60-08.01776,2024,-1.2861568755988873
RGI60-08.01777,2000,-0.10903241359364069
RGI60-08.01777,2001,0.25786812318805186
RGI60-08.01777,2002,-1.7174065492985235
RGI60-08.01777,2003,-1.7866795598665814
RGI60-08.01777,2004,-0.9103936240055883
RGI60-08.01777,2005,-0.8208074706311341
RGI60-08.01777,2006,-2.29414233607044
RGI60-08.01777,2007,0.4912294189844938
RGI60-08.01777,2008,-0.9234751407457423
RGI60-08.01777,2009,-0.6730049351418083
RGI60-08.01777,2010,-1.3334234131386546
RGI60-08.01777,2011,-2.0251089365004606
RGI60-08.01777,2012,0.2949597587139644
RGI60-08.01777,2013,-0.5251458795952832
RGI60-08.01777,2014,-2.050241683725703
RGI60-08.01777,2015,0.9002244360948809
RGI60-08.01777,2016,-0.47655239000123006
RGI60-08.01777,2017,0.07361574000081095
RGI60-08.01777,2018,-1.583613453976132
RGI60-08.01777,2019,-1.0995696906912857
RGI60-08.01777,2020,0.0822206168795796
RGI60-08.01777,2021,-1.922445372600861
RGI60-08.01777,2022,-0.5530103989035574
RGI60-08.01777,2023,-1.0512777018040969
RGI60-08.01777,2024,-1.2305949219427064
RGI60-08.01778,2000,0.03587795480495026
RGI60-08.01778,2001,-0.34858722604847364
RGI60-08.01778,2002,-0.9358246064397285
RGI60-08.01778,2003,-1.588492781772288
RGI60-08.01778,2004,-0.16646544752789288
RGI60-08.01778,2005,-0.04235619270277269
RGI60-08.01778,2006,-1.7027752412983814
RGI60-08.01778,2007,0.3512385363424666
RGI60-08.01778,2008,-0.46653894732536766
RGI60-08.01778,2009,-1.1345501960521718
RGI60-08.01778,2010,-0.8508649606199942
RGI60-08.01778,2011,-1.6026885330823006
RGI60-08.01778,2012,0.8077398467458656
RGI60-08.01778,2013,-0.4407892985594257
RGI60-08.01778,2014,-1.4915021370600863
RGI60-08.01778,2015,0.6140398766892101
RGI60-08.01778,2016,-0.19575825256172258
RGI60-08.01778,2017,-0.2257572661424075
RGI60-08.01778,2018,-1.3775631283773921
RGI60-08.01778,2019,-1.1179819990121036
RGI60-08.01778,2020,0.26605060402618175
RGI60-08.01778,2021,-1.8732980353268942
RGI60-08.01778,2022,-0.47382459531708615
RGI60-08.01778,2023,-0.7078195033232771
RGI60-08.01778,2024,-1.0149963816988787
RGI60-08.01779,2000,-0.3284555482769097
RGI60-08.01779,2001,-0.3293518620516151
RGI60-08.01779,2002,-1.1883894304980211
RGI60-08.01779,2003,-1.4396412484285306
RGI60-08.01779,2004,-0.35277413621753956
RGI60-08.01779,2005,-0.2039321412730543
RGI60-08.01779,2006,-1.6179157501581525
RGI60-08.01779,2007,0.29143231608638276
RGI60-08.01779,2008,-0.5757473155273876
RGI60-08.01779,2009,-0.5484065944905085
RGI60-08.01779,2010,-0.7752953186918963
RGI60-08.01779,2011,-1.8601259466714066
RGI60-08.01779,2012,0.588352212927219
RGI60-08.01779,2013,-0.7176567271849511
RGI60-08.01779,2014,-1.6110904964133432
RGI60-08.01779,2015,0.36652670029959533
RGI60-08.01779,2016,-0.45113482177509023
RGI60-08.01779,2017,0.008267204202814349
RGI60-08.01779,2018,-1.4229582701681682
RGI60-08.01779,2019,-1.340602825689448
RGI60-08.01779,2020,-0.027279909087553067
RGI60-08.01779,2021,-1.9882885243384352
RGI60-08.01779,2022,-0.9224899131159665
RGI60-08.01779,2023,-0.7166074455400103
RGI60-08.01779,2024,-1.030621810672217
RGI60-08.01780,2000,-0.06396925668097919
RGI60-08.01780,2001,-0.4397749078567781
RGI60-08.01780,2002,-1.2284462527995808
RGI60-08.01780,2003,-1.4340803496179988
RGI60-08.01780,2004,-0.40688434436402576
RGI60-08.01780,2005,-0.2547375868370531
RGI60-08.01780,2006,-2.029985588119888
RGI60-08.01780,2007,0.316994632597116
RGI60-08.01780,2008,-0.45966151427471386
RGI60-08.01780,2009,-0.6288748260884669
RGI60-08.01780,2010,-0.9545500070287904
RGI60-08.01780,2011,-1.8452317214662997
RGI60-08.01780,2012,0.7096222422189431
RGI60-08.01780,2013,-0.800233937097172
RGI60-08.01780,2014,-1.5392882617944357
RGI60-08.01780,2015,-0.04477570575759848
RGI60-08.01780,2016,-0.6816110718732868
RGI60-08.01780,2017,-0.5590371213209339
RGI60-08.01780,2018,-1.387172985470793
RGI60-08.01780,2019,-1.1919014363672535
RGI60-08.01780,2020,-0.09289111587063292
RGI60-08.01780,2021,-1.7680121462628633
RGI60-08.01780,2022,-0.8734654525974351
RGI60-08.01780,2023,-0.6195056518444098
RGI60-08.01780,2024,-0.6150329144292674
RGI60-08.01781,2000,0.05143409454395176
RGI60-08.01781,2001,-0.36550430301863324
RGI60-08.01781,2002,-0.9953155205296415
RGI60-08.01781,2003,-1.7094022476942443
RGI60-08.01781,2004,-0.2350919780310381
RGI60-08.01781,2005,-0.15336142366096217
RGI60-08.01781,2006,-1.8717809299255346
RGI60-08.01781,2007,0.46683913175606695
RGI60-08.01781,2008,-0.48580805198557786
RGI60-08.01781,2009,-0.9948778568519738
RGI60-08.01781,2010,-0.9224010208316178
RGI60-08.01781,2011,-1.9599179185144686
RGI60-08.01781,2012,0.6348351226450575
RGI60-08.01781,2013,-0.5153235467032464
RGI60-08.01781,2014,-1.5926811009971074
RGI60-08.01781,2015,0.3675622840966597
RGI60-08.01781,2016,-0.5652826952162793
RGI60-08.01781,2017,0.08676082735231117
RGI60-08.01781,2018,-1.441262265618572
RGI60-08.01781,2019,-1.35822060081514
RGI60-08.01781,2020,0.34441590343020057
RGI60-08.01781,2021,-1.9080692398164762
RGI60-08.01781,2022,-0.6604625681553299
RGI60-08.01781,2023,-0.9365417383511625
RGI60-08.01781,2024,-1.0973984561858139
RGI60-08.01782,2000,0.23232027854512882
RGI60-08.01782,2001,-0.28949459647065917
RGI60-08.01782,2002,-1.0875000703244626
RGI60-08.01782,2003,-1.488052011791138
RGI60-08.01782,2004,-0.3927066289542713
RGI60-08.01782,2005,0.02504280058892716
RGI60-08.01782,2006,-1.845847428056108
RGI60-08.01782,2007,0.3758216243966036
RGI60-08.01782,2008,-0.4284659084111208
RGI60-08.01782,2009,-0.9739136269549336
RGI60-08.01782,2010,-1.1850893197870238
RGI60-08.01782,2011,-1.9106927475731976
RGI60-08.01782,2012,0.7609883991272784
RGI60-08.01782,2013,-0.9323076749163777
RGI60-08.01782,2014,-1.5642419599022672
RGI60-08.01782,2015,0.3867427822076851
RGI60-08.01782,2016,-0.2052859588500504
RGI60-08.01782,2017,-0.3929659627236371
RGI60-08.01782,2018,-1.5042724819095967
RGI60-08.01782,2019,-1.2695795082407653
RGI60-08.01782,2020,-0.1329981662986175
RGI60-08.01782,2021,-1.9903638828861707
RGI60-08.01782,2022,-0.8526236265896605
RGI60-08.01782,2023,-0.86173246285665
RGI60-08.01782,2024,-1.2309610812392635
RGI60-08.01783,2000,-0.08677388388084983
RGI60-08.01783,2001,-0.6288318559596052
RGI60-08.01783,2002,-1.4644309784372607
RGI60-08.01783,2003,-1.586774754081608
RGI60-08.01783,2004,-0.35269231962894
RGI60-08.01783,2005,-0.17366381207129833
RGI60-08.01783,2006,-2.1138169875460333
RGI60-08.01783,2007,0.0465700256148569
RGI60-08.01783,2008,-0.7089004583741547
RGI60-08.01783,2009,-0.7562064508458725
RGI60-08.01783,2010,-1.0322387448729688
RGI60-08.01783,2011,-2.1479137929761993
RGI60-08.01783,2012,0.5653665300107411
RGI60-08.01783,2013,-0.8959299997264923
RGI60-08.01783,2014,-1.6326114287767384
RGI60-08.01783,2015,0.2527709709325565
RGI60-08.01783,2016,-0.5905145660729254
RGI60-08.01783,2017,-0.8113094358621047
RGI60-08.01783,2018,-1.6305729048186692
RGI60-08.01783,2019,-1.5028251526264444
RGI60-08.01783,2020,-0.1335989783075291
RGI60-08.01783,2021,-2.0885036365638108
RGI60-08.01783,2022,-0.8890960262252419
RGI60-08.01783,2023,-1.0654913849368657
RGI60-08.01783,2024,-0.9810023493433493
RGI60-08.01795,2004,-0.08795932085269553
RGI60-08.01795,2005,-1.1335348125944371
RGI60-08.01795,2007,-3.5309464679998444
RGI60-08.01795,2008,-2.7159684274593032
RGI60-08.01795,2010,1.1976464374055604
RGI60-08.01795,2012,0.7611073420282383
RGI60-08.01795,2013,0.1973748787706523
RGI60-08.01795,2015,3.0853587770757387
RGI60-08.01795,2016,-3.1251777179998443
RGI60-08.01795,2017,-0.5643006883740653
RGI60-08.01795,2020,-0.7527150262942088
RGI60-08.01795,2021,-0.9563469747565998
RGI60-08.01795,2023,2.2055097820001532
RGI60-08.01801,2000,0.7030904356901875
RGI60-08.01801,2001,0.15010683249468726
RGI60-08.01801,2002,-0.9364887240236631
RGI60-08.01801,2003,0.20675888266558307
RGI60-08.01801,2004,0.38489264647800137
RGI60-08.01801,2005,-0.6354262160571262
RGI60-08.01801,2006,-0.9230938792775167
RGI60-08.01801,2007,0.7426811019005641
RGI60-08.01801,2008,-0.6150230258667093
RGI60-08.01801,2009,-0.45442591448628583
RGI60-08.01801,2010,0.02870092289587406
RGI60-08.01801,2011,-1.1020109925136623
RGI60-08.01801,2012,-0.07683964649267755
RGI60-08.01801,2013,-1.1908850797720747
RGI60-08.01801,2014,-0.9186782933845302
RGI60-08.01801,2015,-0.3141861728386877
RGI60-08.01801,2016,-1.782253122970768
RGI60-08.01801,2017,-0.29221253014848814
RGI60-08.01801,2018,-0.7558272548099512
RGI60-08.01801,2019,-0.45297996948276253
RGI60-08.01801,2020,0.03562122655655464
RGI60-08.01801,2021,-0.922411538159063
RGI60-08.01801,2022,-0.8524121652546166
RGI60-08.01801,2023,-0.793447898164771
RGI60-08.01801,2024,-1.238540462787364
RGI60-08.01803,2000,-0.23331114134266306
RGI60-08.01803,2001,0.36533599809681017
RGI60-08.01803,2002,-1.2316992876872344
RGI60-08.01803,2003,-1.1200037167746397
RGI60-08.01803,2004,-0.21690537080236705
RGI60-08.01803,2005,-0.484421232508428
RGI60-08.01803,2006,-1.396929908370903
RGI60-08.01803,2007,-0.7926751085601689
RGI60-08.01803,2008,-0.9061582397477397
RGI60-08.01803,2009,-1.2338317166988952
RGI60-08.01803,2010,-1.1295262808852953
RGI60-08.01803,2011,-1.0369808115443313
RGI60-08.01803,2012,-0.6102279620223955
RGI60-08.01803,2013,-2.2283108724859715
RGI60-08.01803,2014,-0.739156075523977
RGI60-08.01803,2015,-0.40855283157968475
RGI60-08.01803,2016,-1.4893011378559544
RGI60-08.01803,2017,-0.46357886151827554
RGI60-08.01803,2018,-1.0537074360971121
RGI60-08.01803,2019,-0.9053580060907801
RGI60-08.01803,2020,-0.7820840476418299
RGI60-08.01803,2021,-1.251141154405392
RGI60-08.01803,2022,-1.094813678958178
RGI60-08.01803,2023,-1.1282454844248186
RGI60-08.01803,2024,-1.9070194317467757
RGI60-08.01810,2000,0.34893451339497866
RGI60-08.01810,2001,-0.39321834841202236
RGI60-08.01810,2002,-0.7590991692016876
RGI60-08.01810,2003,0.2795720157394591
RGI60-08.01810,2004,0.5283143890705152
RGI60-08.01810,2005,0.7403937526850497
RGI60-08.01810,2006,-0.978409095897082
RGI60-08.01810,2007,0.42372001116092106
RGI60-08.01810,2008,1.0212890617518453
RGI60-08.01810,2009,-0.6240066661136224
RGI60-08.01810,2010,-0.40616169204430347
RGI60-08.01810,2011,-0.35856869135814096
RGI60-08.01810,2012,0.8065824693412151
RGI60-08.01810,2013,-2.162924716505983
RGI60-08.01810,2014,0.38350845199343014
RGI60-08.01810,2015,-0.01469337475980309
RGI60-08.01810,2016,0.13501707400188723
RGI60-08.01810,2017,-0.15292004552942076
RGI60-08.01810,2018,-0.1504912705763268
RGI60-08.01810,2019,-0.7343386687409191
RGI60-08.01810,2020,0.3628244186837563
RGI60-08.01810,2021,0.29782678709215255
RGI60-08.01810,2022,-0.1921918788610682
RGI60-08.01810,2023,0.40875805303905344
RGI60-08.01810,2024,-0.8776317025008227
RGI60-08.01814,2000,0.06422219442738053
RGI60-08.01814,2001,-0.3250464442502702
RGI60-08.01814,2002,-0.7947986985700884
RGI60-08.01814,2003,-0.7312220482794867
RGI60-08.01814,2004,-1.1193354987236162
RGI60-08.01814,2005,-0.1639952456565495
RGI60-08.01814,2006,-0.8248103532165851
RGI60-08.01814,2007,0.08897335739126389
RGI60-08.01814,2008,-0.15611808697114155
RGI60-08.01814,2009,-0.19459006762214454
RGI60-08.01814,2010,0.15180833270068983
RGI60-08.01814,2011,-0.8906118081794695
RGI60-08.01814,2012,0.030564201567120752
RGI60-08.01814,2013,-1.2085435415090076
RGI60-08.01814,2014,-0.35067565883026786
RGI60-08.01814,2015,-0.32245802238023197
RGI60-08.01814,2016,-0.05940578151302106
RGI60-08.01814,2017,-0.5617914636269322
RGI60-08.01814,2018,-0.8471377959208933
RGI60-08.01814,2019,-0.6560275708367468
RGI60-08.01814,2020,-0.5011350285153636
RGI60-08.01814,2021,-0.1553703327999359
RGI60-08.01814,2022,-0.14559713655112444
RGI60-08.01814,2023,-0.010720416683204281
RGI60-08.01814,2024,-0.922687603855446
RGI60-08.01816,2000,-0.3441839528236845
RGI60-08.01816,2001,-1.0418681234781602
RGI60-08.01816,2002,-1.5486039180914768
RGI60-08.01816,2003,-0.8369456454993985
RGI60-08.01816,2004,-1.1330863533693802
RGI60-08.01816,2005,-0.5052308890773325
RGI60-08.01816,2006,-1.8230355949130383
RGI60-08.01816,2007,-1.0009891839198186
RGI60-08.01816,2008,-0.8335563365524281
RGI60-08.01816,2009,-0.8899603343336555
RGI60-08.01816,2010,-0.3908861604098085
RGI60-08.01816,2011,-1.5908646744609596
RGI60-08.01816,2012,0.2741020682805242
RGI60-08.01816,2013,-1.9319740489088062
RGI60-08.01816,2014,-1.0549199629621135
RGI60-08.01816,2015,-0.7187600860445847
RGI60-08.01816,2016,-0.7713578875633711
RGI60-08.01816,2017,-0.9239375589634214
RGI60-08.01816,2018,-0.9413078682708106
RGI60-08.01816,2019,-1.027033488638267
RGI60-08.01816,2020,-0.613054276964254
RGI60-08.01816,2021,-0.7544963096514286
RGI60-08.01816,2022,-1.114687239556996
RGI60-08.01816,2023,-0.9763520842840315
RGI60-08.01816,2024,-2.672885305520018
RGI60-08.01828,2000,0.5856092289882004
RGI60-08.01828,2001,-1.1387442008252873
RGI60-08.01828,2002,-1.1580427405605611
RGI60-08.01828,2003,-2.2930237539925185
RGI60-08.01828,2004,-0.9398799666755983
RGI60-08.01828,2005,0.29910185802123435
RGI60-08.01828,2006,-1.3062446439048143
RGI60-08.01828,2007,0.6037924861483666
RGI60-08.01828,2008,-1.2295557447837824
RGI60-08.01828,2009,-0.6964821055749102
RGI60-08.01828,2010,-1.4703772427803858
RGI60-08.01828,2011,-0.08313583651688528
RGI60-08.01828,2012,-0.2969734654302121
RGI60-08.01828,2013,-1.2799527160182333
RGI60-08.01828,2014,-2.6761867637854735
RGI60-08.01828,2015,-0.21362497014347015
RGI60-08.01828,2016,-0.657417937094664
RGI60-08.01828,2017,-0.8315237199431851
RGI60-08.01828,2018,-1.5578820931169641
RGI60-08.01828,2019,-1.2583556720108535
RGI60-08.01828,2020,-0.752606988845995
RGI60-08.01828,2021,-2.0366139880429177
RGI60-08.01828,2022,2.176545926505568
RGI60-08.01828,2023,-1.717872290931255
RGI60-08.01828,2024,-2.0999497735558807
RGI60-08.01830,2000,0.35237187083589794
RGI60-08.01830,2001,-1.6144292093126098
RGI60-08.01830,2002,-0.7263291517769318
RGI60-08.01830,2003,-1.1840192702771382
RGI60-08.01830,2004,-0.41935426188525393
RGI60-08.01830,2005,-1.1612772955396193
RGI60-08.01830,2006,-1.1728063149861572
RGI60-08.01830,2007,-0.7629439882923288
RGI60-08.01830,2008,-1.6648101357031597
RGI60-08.01830,2009,2.0347923744166243
RGI60-08.01830,2010,-1.1841772267042256
RGI60-08.01830,2011,0.46669038358347337
RGI60-08.01830,2012,0.12260320541690273
RGI60-08.01830,2013,-1.616142853020117
RGI60-08.01830,2014,-2.026212678172409
RGI60-08.01830,2015,-1.2205724381637943
RGI60-08.01830,2016,-0.8049711568904714
RGI60-08.01830,2017,-1.3782561930592614
RGI60-08.01830,2018,-2.9085371281962424
RGI60-08.01830,2019,-1.4840185322731827
RGI60-08.01830,2020,-1.8451293883674027
RGI60-08.01830,2021,-1.4729848096183065
RGI60-08.01830,2022,-0.5595777812818022
RGI60-08.01830,2023,-1.36230684476728
RGI60-08.01830,2024,-0.9638614181291199
RGI60-08.01850,2000,0.29299652658313563
RGI60-08.01850,2001,-1.2637673882362797
RGI60-08.01850,2002,-1.3699702717563744
RGI60-08.01850,2003,-0.6886271825148645
RGI60-08.01850,2004,-0.4480640031781734
RGI60-08.01850,2005,0.15457697695008749
RGI60-08.01850,2006,-1.0198789794233585
RGI60-08.01850,2007,-0.30659410827565614
RGI60-08.01850,2008,-0.5762659790607505
RGI60-08.01850,2009,0.027939264692572297
RGI60-08.01850,2010,-0.4731719233710165
RGI60-08.01850,2011,-1.5863908216988967
RGI60-08.01850,2012,0.40122619120153863
RGI60-08.01850,2013,-0.34671286920951716
RGI60-08.01850,2014,-1.2000133412740412
RGI60-08.01850,2015,0.35303060207650666
RGI60-08.01850,2016,-0.7160562076709001
RGI60-08.01850,2017,-0.14808320438509348
RGI60-08.01850,2018,0.3962818316130002
RGI60-08.01850,2019,-0.43875511306191367
RGI60-08.01850,2020,-0.042997922156840895
RGI60-08.01850,2021,-1.722925626020175
RGI60-08.01850,2022,-0.5393391578392196
RGI60-08.01850,2023,-1.1852572613723171
RGI60-08.01850,2024,1.3114659219776361
RGI60-08.01851,2000,0.7138083297362234
RGI60-08.01851,2001,-0.565345545875936
RGI60-08.01851,2002,-0.5675429806450449
RGI60-08.01851,2003,-0.7377983394123555
RGI60-08.01851,2004,0.15572354836943625
RGI60-08.01851,2005,0.12747167165671303
RGI60-08.01851,2006,-0.9130242556581802
RGI60-08.01851,2007,1.1276312347447892
RGI60-08.01851,2008,-0.2291569556374977
RGI60-08.01851,2009,0.5756820171642616
RGI60-08.01851,2010,-0.5866863991611648
RGI60-08.01851,2011,-0.7921938522124032
RGI60-08.01851,2012,0.7008613009439659
RGI60-08.01851,2013,-0.8907035897020901
RGI60-08.01851,2014,-0.7079591029691488
RGI60-08.01851,2015,0.41537292131684417
RGI60-08.01851,2016,-0.11096676816392194
RGI60-08.01851,2017,0.3012061055711624
RGI60-08.01851,2018,-0.5863639123160294
RGI60-08.01851,2019,-0.14981542774962334
RGI60-08.01851,2020,0.5791803542170522
RGI60-08.01851,2021,-0.46946697556062944
RGI60-08.01851,2022,-0.3625880659678545
RGI60-08.01851,2023,-0.434893886445775
RGI60-08.01851,2024,-1.5788871395527577
RGI60-08.01855,2000,0.6637065068924324
RGI60-08.01855,2001,-0.7647662086842344
RGI60-08.01855,2002,-0.680343830329358
RGI60-08.01855,2003,-0.9058271503613325
RGI60-08.01855,2004,0.4190122989245789
RGI60-08.01855,2005,-0.11262506518775131
RGI60-08.01855,2006,-0.9163166615885178
RGI60-08.01855,2007,0.024837438944894957
RGI60-08.01855,2008,-0.615737286154064
RGI60-08.01855,2009,-0.7279698941555777
RGI60-08.01855,2010,-0.3207313834027249
RGI60-08.01855,2011,-0.5383373457818271
RGI60-08.01855,2012,1.1812807383759967
RGI60-08.01855,2013,-0.5384398985027583
RGI60-08.01855,2014,-0.7735218086077785
RGI60-08.01855,2015,0.8807262011924342
RGI60-08.01855,2016,0.2803673380592616
RGI60-08.01855,2017,0.6110666629132395
RGI60-08.01855,2018,-0.320577387850148
RGI60-08.01855,2019,-0.10640326469676581
RGI60-08.01855,2020,0.303125933720535
RGI60-08.01855,2021,-0.8582728365408333
RGI60-08.01855,2022,-0.23565726625579164
RGI60-08.01855,2023,0.3164459479211379
RGI60-08.01855,2024,-1.6405184103085975
RGI60-08.01857,2000,0.6916816464336177
RGI60-08.01857,2001,-0.9148344348431554
RGI60-08.01857,2002,-0.9056533490266938
RGI60-08.01857,2003,-0.9374816862787085
RGI60-08.01857,2004,0.3250770751760032
RGI60-08.01857,2005,0.04204855162244975
RGI60-08.01857,2006,-1.0878324755677669
RGI60-08.01857,2007,-0.03905247734443262
RGI60-08.01857,2008,-0.7556616876975322
RGI60-08.01857,2009,-0.8987964296975033
RGI60-08.01857,2010,-0.28814579795191875
RGI60-08.01857,2011,-0.7813661545055213
RGI60-08.01857,2012,0.19653432964894307
RGI60-08.01857,2013,-0.610599407178883
RGI60-08.01857,2014,-0.8938465610730109
RGI60-08.01857,2015,0.6444126528266854
RGI60-08.01857,2016,-0.208990450348016
RGI60-08.01857,2017,-0.03967610753440576
RGI60-08.01857,2018,-0.5085449453487773
RGI60-08.01857,2019,-0.14577229131137942
RGI60-08.01857,2020,0.16373950852810554
RGI60-08.01857,2021,-0.4564710663768385
RGI60-08.01857,2022,-0.24052508289292682
RGI60-08.01857,2023,-0.4400437403539102
RGI60-08.01857,2024,-1.5370785020204372
RGI60-08.01862,2000,0.7584898462101242
RGI60-08.01862,2001,-0.5670306924487261
RGI60-08.01862,2002,-1.2655454434523674
RGI60-08.01862,2003,-0.2956757989190251
RGI60-08.01862,2004,0.3344811166178851
RGI60-08.01862,2005,0.4467078119209626
RGI60-08.01862,2006,-0.8382456871261348
RGI60-08.01862,2007,0.841807319439951
RGI60-08.01862,2008,0.3999890893429344
RGI60-08.01862,2009,0.5270217533325042
RGI60-08.01862,2010,-0.36245275887104367
RGI60-08.01862,2011,-0.711572506325753
RGI60-08.01862,2012,1.2304452004844362
RGI60-08.01862,2013,-0.7898136716514216
RGI60-08.01862,2014,-1.051006155377927
RGI60-08.01862,2015,0.7256374699525211
RGI60-08.01862,2016,0.2501729026974382
RGI60-08.01862,2017,0.3340905855338111
RGI60-08.01862,2018,-0.3446782670362045
RGI60-08.01862,2019,-0.5341221143239598
RGI60-08.01862,2020,0.6585133409531279
RGI60-08.01862,2021,-0.09061217514266044
RGI60-08.01862,2022,-0.04983979951764727
RGI60-08.01862,2023,-0.40305222143627206
RGI60-08.01862,2024,-2.0380819557827494
RGI60-08.01872,2000,2.126567580412446
RGI60-08.01872,2001,-1.2991957843794044
RGI60-08.01872,2002,-0.574991595418003
RGI60-08.01872,2003,-0.5394871834924247
RGI60-08.01872,2004,0.7519314598053918
RGI60-08.01872,2005,-1.02725173392495
RGI60-08.01872,2006,-1.5761676608844937
RGI60-08.01872,2007,0.42724668838269697
RGI60-08.01872,2008,-0.13614015262286264
RGI60-08.01872,2009,0.04115319266710024
RGI60-08.01872,2010,1.4253961927985148
RGI60-08.01872,2011,-1.2938657466467214
RGI60-08.01872,2012,0.7390313703728825
RGI60-08.01872,2013,-2.6886256442708585
RGI60-08.01872,2014,-0.7853982573485695
RGI60-08.01872,2015,0.8209385541707265
RGI60-08.01872,2016,-0.05951926585228472
RGI60-08.01872,2017,0.19987095916494604
RGI60-08.01872,2018,-0.2715461530737283
RGI60-08.01872,2019,0.2124531801396056
RGI60-08.01872,2020,0.1508835161820952
RGI60-08.01872,2021,-0.12198106281344231
RGI60-08.01872,2022,0.07736914696984268
RGI60-08.01872,2023,0.0055546332058687975
RGI60-08.01872,2024,-2.115501273010286
RGI60-08.01904,2000,-0.34463312520022416
RGI60-08.01904,2001,-1.4480468418352153
RGI60-08.01904,2002,-1.3713901801367494
RGI60-08.01904,2003,-0.989812941595176
RGI60-08.01904,2004,-0.8295063297524867
RGI60-08.01904,2005,-0.2571605238668734
RGI60-08.01904,2006,-2.245162093523863
RGI60-08.01904,2007,-0.38576817312934675
RGI60-08.01904,2008,-1.3031642445529115
RGI60-08.01904,2009,-1.2006322389954494
RGI60-08.01904,2010,-0.4652785297347757
RGI60-08.01904,2011,-1.8758284569002053
RGI60-08.01904,2012,-0.8406495195793386
RGI60-08.01904,2013,-2.669243282944856
RGI60-08.01904,2014,-1.7843334078300763
RGI60-08.01904,2015,-0.7356346364409294
RGI60-08.01904,2016,-1.1912123551460996
RGI60-08.01904,2017,-1.1217457452078374
RGI60-08.01904,2018,-2.382584207817846
RGI60-08.01904,2019,-1.052913165809746
RGI60-08.01904,2020,-1.000862281217298
RGI60-08.01904,2021,-2.0075988775751914
RGI60-08.01904,2022,-1.4769763474776298
RGI60-08.01904,2023,-1.6436602801881024
RGI60-08.01904,2024,-3.3787977674499974
RGI60-08.01909,2000,-1.0830188312015347
RGI60-08.01909,2001,2.5629190101565404
RGI60-08.01909,2002,-2.0556268893039302
RGI60-08.01909,2003,1.5947724058654127
RGI60-08.01909,2004,0.9291579036587234
RGI60-08.01909,2005,0.024287147876859427
RGI60-08.01909,2006,2.7997811838416498
RGI60-08.01909,2007,-0.6994151775554873
RGI60-08.01909,2008,1.0044833577773742
RGI60-08.01909,2009,-0.3799992350093567
RGI60-08.01909,2010,1.3107953177542053
RGI60-08.01909,2011,-2.57915359359733
RGI60-08.01909,2012,-0.45054518506718444
RGI60-08.01909,2013,-2.888208340930487
RGI60-08.01909,2014,-1.6408382911729733
RGI60-08.01909,2015,-1.326827112247437
RGI60-08.01909,2016,0.6244431461673629
RGI60-08.01909,2017,-1.6035585792457037
RGI60-08.01909,2018,-2.100269733545602
RGI60-08.01909,2019,-1.491678504221099
RGI60-08.01909,2020,-1.390077102128847
RGI60-08.01909,2021,-0.748351146382473
RGI60-08.01909,2022,-1.6901605403946587
RGI60-08.01909,2023,-1.6326256302936593
RGI60-08.01909,2024,-3.4096415002030795
RGI60-08.01911,2000,-0.04525347290863285
RGI60-08.01911,2001,1.434506008934754
RGI60-08.01911,2002,-1.169203689446746
RGI60-08.01911,2003,1.7879388418891105
RGI60-08.01911,2004,0.42183419374959474
RGI60-08.01911,2005,-0.4064224661602486
RGI60-08.01911,2006,-1.196728133751737
RGI60-08.01911,2007,0.8902119922978818
RGI60-08.01911,2008,0.31459089356736736
RGI60-08.01911,2009,-0.7215601298270086
RGI60-08.01911,2010,1.659339267121322
RGI60-08.01911,2011,-1.7226355737997712
RGI60-08.01911,2012,0.9812254068128538
RGI60-08.01911,2013,2.795364028383239
RGI60-08.01911,2014,1.026335994814652
RGI60-08.01911,2015,-0.8111526881848555
RGI60-08.01911,2016,-0.5920436667879506
RGI60-08.01911,2017,-0.7581528335705606
RGI60-08.01911,2018,-1.8570892087580195
RGI60-08.01911,2019,0.2014952356247494
RGI60-08.01911,2020,0.0714183308504543
RGI60-08.01911,2021,-0.7531375791070409
RGI60-08.01911,2022,0.6355740051225527
RGI60-08.01911,2023,-1.1206040143811031
RGI60-08.01911,2024,1.4296959173591293
RGI60-08.01948,2000,1.5297575231388687
RGI60-08.01948,2001,0.5080040127963459
RGI60-08.01948,2002,-0.351552653199553
RGI60-08.01948,2003,-0.23542365286517486
RGI60-08.01948,2004,-0.36813449310702673
RGI60-08.01948,2005,-0.1280635465663938
RGI60-08.01948,2006,-2.104542643709077
RGI60-08.01948,2007,0.5327603999490051
RGI60-08.01948,2008,-0.8613660535671186
RGI60-08.01948,2009,1.45221299620352
RGI60-08.01948,2010,-0.8700987518985186
RGI60-08.01948,2011,-1.1977659816448503
RGI60-08.01948,2012,-0.9087612326094114
RGI60-08.01948,2013,-1.071143228709247
RGI60-08.01948,2014,0.11445707918935166
RGI60-08.01948,2015,0.6626837898778758
RGI60-08.01948,2016,-1.1982658789975327
RGI60-08.01948,2017,-0.10053893126590957
RGI60-08.01948,2018,-3.4000773758048624
RGI60-08.01948,2019,-0.32134137721028566
RGI60-08.01948,2020,-1.4685528100085055
RGI60-08.01948,2021,-2.1484157380465136
RGI60-08.01948,2022,2.768297357827086
RGI60-08.01948,2023,1.1426681576240645
RGI60-08.01948,2024,-2.7858385583354255
RGI60-08.01949,2000,1.5399266828639098
RGI60-08.01949,2001,0.25377275435814406
RGI60-08.01949,2002,-1.4821093760095518
RGI60-08.01949,2003,-0.8649607994566895
RGI60-08.01949,2004,0.8863320071781928
RGI60-08.01949,2005,0.7161340061274246
RGI60-08.01949,2006,-0.24986415193035388
RGI60-08.01949,2007,0.033021035082633404
RGI60-08.01949,2008,0.27695437635245795
RGI60-08.01949,2009,-0.6295937845084238
RGI60-08.01949,2010,0.07453837704081051
RGI60-08.01949,2011,-1.413110481059434
RGI60-08.01949,2012,0.6891004956658415
RGI60-08.01949,2013,-1.7168393605934131
RGI60-08.01949,2014,-1.0895259698363033
RGI60-08.01949,2015,0.7271849164695992
RGI60-08.01949,2016,-0.4190913176032701
RGI60-08.01949,2017,-0.02783040250276886
RGI60-08.01949,2018,-1.179419133130802
RGI60-08.01949,2019,-0.09991987450800537
RGI60-08.01949,2020,0.041542907481592894
RGI60-08.01949,2021,0.9064944623335327
RGI60-08.01949,2022,0.11998757363669443
RGI60-08.01949,2023,-1.187709086043992
RGI60-08.01949,2024,-1.4859444761085152
RGI60-08.01955,2000,-0.3361651010128015
RGI60-08.01955,2001,-1.5348209690877899
RGI60-08.01955,2002,-1.2193968174667433
RGI60-08.01955,2003,-1.9126719180966965
RGI60-08.01955,2004,0.08035820270623062
RGI60-08.01955,2005,0.21534990386280706
RGI60-08.01955,2006,-1.5073106148020723
RGI60-08.01955,2007,0.3729978059110195
RGI60-08.01955,2008,-0.5324593421653133
RGI60-08.01955,2009,-1.657691969581843
RGI60-08.01955,2010,-0.6744782006028556
RGI60-08.01955,2011,-1.0119814503348281
RGI60-08.01955,2012,0.517114232963382
RGI60-08.01955,2013,-1.2169419936535268
RGI60-08.01955,2014,-2.2441924864838017
RGI60-08.01955,2015,-0.5552589789308027
RGI60-08.01955,2016,-1.8760592064640738
RGI60-08.01955,2017,-0.25329731786408305
RGI60-08.01955,2018,-2.6362501621819883
RGI60-08.01955,2019,-0.9009436167142205
RGI60-08.01955,2020,-0.4784784892072844
RGI60-08.01955,2021,-1.9268145642674839
RGI60-08.01955,2022,-0.5838776352865624
RGI60-08.01955,2023,-2.057848724630505
RGI60-08.01955,2024,-2.369626261547272
RGI60-08.01960,2000,0.5307595309816651
RGI60-08.01960,2001,-0.3335284130439077
RGI60-08.01960,2002,-1.3843070600483545
RGI60-08.01960,2003,-2.079159791086088
RGI60-08.01960,2004,0.27769571828843786
RGI60-08.01960,2005,0.18694012210916577
RGI60-08.01960,2006,-1.6139791386894389
RGI60-08.01960,2007,0.37801179297620324
RGI60-08.01960,2008,-0.18728862215003872
RGI60-08.01960,2009,-0.9506868671241665
RGI60-08.01960,2010,-0.6688594419374253
RGI60-08.01960,2011,-1.5739893881076579
RGI60-08.01960,2012,0.5012619900787838
RGI60-08.01960,2013,-1.789804132141147
RGI60-08.01960,2014,-2.2453065368227776
RGI60-08.01960,2015,-0.755497263316502
RGI60-08.01960,2016,-1.917740654559953
RGI60-08.01960,2017,-0.9162716006503233
RGI60-08.01960,2018,-2.67151194171885
RGI60-08.01960,2019,-0.6005383030376221
RGI60-08.01960,2020,1.0333123473802126
RGI60-08.01960,2021,-1.715603643023166
RGI60-08.01960,2022,-0.6894798493391755
RGI60-08.01960,2023,-2.5479006399057225
RGI60-08.01960,2024,-2.6916984232144925
RGI60-08.01961,2000,0.7002446456233911
RGI60-08.01961,2001,-1.0718217839248845
RGI60-08.01961,2002,-0.9944704857519525
RGI60-08.01961,2003,-1.7023098884291556
RGI60-08.01961,2004,-0.315686014622258
RGI60-08.01961,2005,-0.1378664615416888
RGI60-08.01961,2006,-1.2059162567373696
RGI60-08.01961,2007,1.0604372078005915
RGI60-08.01961,2008,-1.2587142990208067
RGI60-08.01961,2009,-1.3180639144040773
RGI60-08.01961,2010,-0.8734992844695794
RGI60-08.01961,2011,-1.173080148313324
RGI60-08.01961,2012,-0.20799195968866124
RGI60-08.01961,2013,-1.353070465489901
RGI60-08.01961,2014,-1.9197706110421684
RGI60-08.01961,2015,-0.2033330020049302
RGI60-08.01961,2016,-1.1406709650858176
RGI60-08.01961,2017,-0.31694284293860525
RGI60-08.01961,2018,-1.6077133061959143
RGI60-08.01961,2019,-0.7134601637628878
RGI60-08.01961,2020,-0.47341106835041663
RGI60-08.01961,2021,-1.6023067143757506
RGI60-08.01961,2022,-0.2404264129389846
RGI60-08.01961,2023,-1.8021090619384823
RGI60-08.01961,2024,0.07543561736739723
RGI60-08.01999,2000,0.41295848205847807
RGI60-08.01999,2001,-0.6144088565411017
RGI60-08.01999,2002,-0.72656392065924
RGI60-08.01999,2003,-0.6267668933300927
RGI60-08.01999,2004,0.32255919003752087
RGI60-08.01999,2005,0.43265644316041885
RGI60-08.01999,2006,-1.520701766601749
RGI60-08.01999,2007,0.8492576619549488
RGI60-08.01999,2008,-0.26047472497392066
RGI60-08.01999,2009,0.23472701376177402
RGI60-08.01999,2010,-0.7825508209447696
RGI60-08.01999,2011,0.14477625822740375
RGI60-08.01999,2012,0.907112067733667
RGI60-08.01999,2013,-0.4328916555120579
RGI60-08.01999,2014,-0.6529196052878634
RGI60-08.01999,2015,0.8860357016227949
RGI60-08.01999,2016,0.10001190154249495
RGI60-08.01999,2017,-0.14142833453224773
RGI60-08.01999,2018,-0.7202652950793726
RGI60-08.01999,2019,-0.629722846637093
RGI60-08.01999,2020,0.5452276624713072
RGI60-08.01999,2021,-0.677450374054369
RGI60-08.01999,2022,0.34230501094031046
RGI60-08.01999,2023,-0.7024506558583361
RGI60-08.01999,2024,-0.6655212979695275
RGI60-08.02001,2000,-0.017925319909503523
RGI60-08.02001,2001,-1.6665643101929932
RGI60-08.02001,2002,-1.8498705811986327
RGI60-08.02001,2003,-0.5709729540710932
RGI60-08.02001,2004,-0.14688010094178655
RGI60-08.02001,2005,-0.4134784658992182
RGI60-08.02001,2006,-0.5421053573017764
RGI60-08.02001,2007,0.936548643064296
RGI60-08.02001,2008,-1.2962561933213415
RGI60-08.02001,2009,1.4364927174462832
RGI60-08.02001,2010,-1.1979595155372378
RGI60-08.02001,2011,-0.5507499326016968
RGI60-08.02001,2012,1.0927716113728139
RGI60-08.02001,2013,-1.6022943211859766
RGI60-08.02001,2014,-0.9095593917397926
RGI60-08.02001,2015,0.555580503067612
RGI60-08.02001,2016,0.42453858965414853
RGI60-08.02001,2017,-1.3334611322752343
RGI60-08.02001,2018,-0.04822329172362
RGI60-08.02001,2019,-1.120331196705257
RGI60-08.02001,2020,0.26235705039705354
RGI60-08.02001,2021,-1.3335924351307735
RGI60-08.02001,2022,-0.874282019596617
RGI60-08.02001,2023,1.7863492292818555
RGI60-08.02001,2024,1.106635470125328
RGI60-08.02003,2000,0.03882673845294948
RGI60-08.02003,2001,-0.6976245840366379
RGI60-08.02003,2002,-1.0142630228611211
RGI60-08.02003,2003,-1.2689241841469179
RGI60-08.02003,2004,0.7582583900820256
RGI60-08.02003,2005,0.010463608204979935
RGI60-08.02003,2006,-2.2020054564527913
RGI60-08.02003,2007,0.871445340148402
RGI60-08.02003,2008,-0.2778447399294387
RGI60-08.02003,2009,-0.6839341809422748
RGI60-08.02003,2010,-1.1987676500228086
RGI60-08.02003,2011,-0.45536214407617176
RGI60-08.02003,2012,0.13162660026323536
RGI60-08.02003,2013,-0.3888664004226165
RGI60-08.02003,2014,-1.3909154049974435
RGI60-08.02003,2015,0.33270709659776987
RGI60-08.02003,2016,-0.43648277330562146
RGI60-08.02003,2017,-0.6743830751514965
RGI60-08.02003,2018,-0.2787103257675696
RGI60-08.02003,2019,-0.6434438316364649
RGI60-08.02003,2020,0.27103192563908507
RGI60-08.02003,2021,-1.1135112827668006
RGI60-08.02003,2022,-0.5255300445321429
RGI60-08.02003,2023,-1.4973255235087586
RGI60-08.02003,2024,-1.5965787267447382
RGI60-08.02006,2000,0.5989711219205774
RGI60-08.02006,2001,-1.46337323997809
RGI60-08.02006,2002,-0.6862731963150979
RGI60-08.02006,2003,-1.3691829615128277
RGI60-08.02006,2004,0.26143769917495197
RGI60-08.02006,2005,0.19488847733578496
RGI60-08.02006,2006,-1.3876834067992636
RGI60-08.02006,2007,0.6772601497545324
RGI60-08.02006,2008,-0.10142446428319124
RGI60-08.02006,2009,0.28811742982300825
RGI60-08.02006,2010,-1.2701067101212087
RGI60-08.02006,2011,-0.9759209601238087
RGI60-08.02006,2012,1.0553064682781739
RGI60-08.02006,2013,-0.597479058061462
RGI60-08.02006,2014,-1.6716030235714698
RGI60-08.02006,2015,0.5811722232051324
RGI60-08.02006,2016,-0.13266849743561532
RGI60-08.02006,2017,-0.2565376049111587
RGI60-08.02006,2018,-1.3186662100262372
RGI60-08.02006,2019,-0.6430342363527316
RGI60-08.02006,2020,0.41859469856197895
RGI60-08.02006,2021,-1.4481714431369772
RGI60-08.02006,2022,0.1091756046819794
RGI60-08.02006,2023,-0.5784678589420619
RGI60-08.02006,2024,-1.4247422109135264
RGI60-08.02007,2000,0.2719010776173647
RGI60-08.02007,2001,-1.4627582103162786
RGI60-08.02007,2002,-1.335358375923589
RGI60-08.02007,2003,-0.851866965380683
RGI60-08.02007,2004,-0.44650739861013095
RGI60-08.02007,2005,0.1846770420909607
RGI60-08.02007,2006,-1.9367580597167242
RGI60-08.02007,2007,0.671455669574235
RGI60-08.02007,2008,-0.3913570399362761
RGI60-08.02007,2009,-0.8165691458305461
RGI60-08.02007,2010,-2.3072307342763554
RGI60-08.02007,2011,-0.6029854409821613
RGI60-08.02007,2012,1.1894184171735653
RGI60-08.02007,2013,-0.5490005120085211
RGI60-08.02007,2014,-1.633657945501266
RGI60-08.02007,2015,0.6100051154671736
RGI60-08.02007,2016,0.25364839255089633
RGI60-08.02007,2017,-0.384870966999711
RGI60-08.02007,2018,0.023574193971559798
RGI60-08.02007,2019,-0.9212591129635131
RGI60-08.02007,2020,0.24367622251102483
RGI60-08.02007,2021,-1.190996024810254
RGI60-08.02007,2022,0.15827165307525193
RGI60-08.02007,2023,-0.9597493969914138
RGI60-08.02007,2024,-0.6014373318283941
RGI60-08.02009,2000,-0.1352604315040173
RGI60-08.02009,2001,-0.8558975957739882
RGI60-08.02009,2002,-1.3736067098444886
RGI60-08.02009,2003,-1.03283757909991
RGI60-08.02009,2004,0.2094428004235751
RGI60-08.02009,2005,0.5879479877309401
RGI60-08.02009,2006,-1.6015607592358982
RGI60-08.02009,2007,0.4415733974127867
RGI60-08.02009,2008,-0.45873137934577113
RGI60-08.02009,2009,-0.479569356111655
RGI60-08.02009,2010,-1.068339062905694
RGI60-08.02009,2011,-0.530432576707909
RGI60-08.02009,2012,1.2075685331235402
RGI60-08.02009,2013,-0.8513766797767167
RGI60-08.02009,2014,-0.8281101920929199
RGI60-08.02009,2015,0.9885243321347704
RGI60-08.02009,2016,-0.10907470239665426
RGI60-08.02009,2017,-0.41058420268637663
RGI60-08.02009,2018,-0.113325894343793
RGI60-08.02009,2019,-0.2638499289998195
RGI60-08.02009,2020,0.36673715580895727
RGI60-08.02009,2021,-0.9757768169123494
RGI60-08.02009,2022,0.4232475770047329
RGI60-08.02009,2023,-1.1632441474837223
RGI60-08.02009,2024,-0.33529461664045723
RGI60-08.02010,2000,0.30068734445456685
RGI60-08.02010,2001,-1.837898969481882
RGI60-08.02010,2002,-2.4628101573146104
RGI60-08.02010,2003,0.4397655980558109
RGI60-08.02010,2004,0.09167573534977963
RGI60-08.02010,2005,0.4598330006291927
RGI60-08.02010,2006,-2.036967526198786
RGI60-08.02010,2007,0.03585554318204692
RGI60-08.02010,2008,-0.4117722653454958
RGI60-08.02010,2009,-0.3043861537848891
RGI60-08.02010,2010,-0.9786144087528899
RGI60-08.02010,2011,-0.542510705386345
RGI60-08.02010,2012,1.175056579905869
RGI60-08.02010,2013,-0.9973245510380186
RGI60-08.02010,2014,-0.6320912544114845
RGI60-08.02010,2015,0.03731672845296424
RGI60-08.02010,2016,0.3965935110354167
RGI60-08.02010,2017,-0.6920625041723414
RGI60-08.02010,2018,-0.6038862205229888
RGI60-08.02010,2019,0.5498406753440879
RGI60-08.02010,2020,-0.060741551487182244
RGI60-08.02010,2021,-0.2287611205600416
RGI60-08.02010,2022,-0.853252850206331
RGI60-08.02010,2023,0.2141432365601746
RGI60-08.02010,2024,1.3904986885467243
RGI60-08.02011,2000,0.20943116776664894
RGI60-08.02011,2001,-2.222379416787218
RGI60-08.02011,2002,-1.9519496990312393
RGI60-08.02011,2003,-1.8318250525642368
RGI60-08.02011,2004,-0.08543714637807898
RGI60-08.02011,2005,-0.2418334291210401
RGI60-08.02011,2006,-2.473166182721576
RGI60-08.02011,2007,-0.7324342188890963
RGI60-08.02011,2008,1.5508247843089895
RGI60-08.02011,2009,-0.6783746992740455
RGI60-08.02011,2010,-2.330703441327024
RGI60-08.02011,2011,-0.0738037525420625
RGI60-08.02011,2012,0.8360287194569096
RGI60-08.02011,2013,-1.9061612828679828
RGI60-08.02011,2014,-1.464021753203658
RGI60-08.02011,2015,-0.012248381321223634
RGI60-08.02011,2016,-1.025695651066461
RGI60-08.02011,2017,-1.2571877324543883
RGI60-08.02011,2018,-1.6424397876296246
RGI60-08.02011,2019,0.3573769556464048
RGI60-08.02011,2020,0.37212836608700384
RGI60-08.02011,2021,-2.205354209259297
RGI60-08.02011,2022,-1.1431461912117613
RGI60-08.02011,2023,-2.8513281306782954
RGI60-08.02011,2024,0.8666495407233934
RGI60-08.02012,2000,0.22570808610815984
RGI60-08.02012,2001,-1.1506941350371978
RGI60-08.02012,2002,-1.3258469071371803
RGI60-08.02012,2003,-1.9217217736112704
RGI60-08.02012,2004,-0.24740277063494115
RGI60-08.02012,2005,-0.34228447542571316
RGI60-08.02012,2006,-1.9803071464045239
RGI60-08.02012,2007,0.06650111472469478
RGI60-08.02012,2008,-0.9813446477663508
RGI60-08.02012,2009,-0.5007115269684408
RGI60-08.02012,2010,-1.9003031278585245
RGI60-08.02012,2011,-0.9775150884401052
RGI60-08.02012,2012,0.8155566481362371
RGI60-08.02012,2013,-0.6990449902248868
RGI60-08.02012,2014,-1.7044153614512108
RGI60-08.02012,2015,0.2043388880121806
RGI60-08.02012,2016,0.013033259011868248
RGI60-08.02012,2017,-0.7763306982974962
RGI60-08.02012,2018,-0.153817184520594
RGI60-08.02012,2019,-1.0016981622147256
RGI60-08.02012,2020,0.08230174810506308
RGI60-08.02012,2021,-1.7309349793703521
RGI60-08.02012,2022,-0.19122941257892712
RGI60-08.02012,2023,-1.7816260732119094
RGI60-08.02012,2024,-1.1662324772893784
RGI60-08.02014,2000,0.05488445320962765
RGI60-08.02014,2001,-0.8299610398542017
RGI60-08.02014,2002,-1.1134879597270873
RGI60-08.02014,2003,-1.3493271108044604
RGI60-08.02014,2004,0.33421075316080917
RGI60-08.02014,2005,-0.37223164770758577
RGI60-08.02014,2006,-1.8351969995614081
RGI60-08.02014,2007,-0.3346212260631881
RGI60-08.02014,2008,-0.5470168192650009
RGI60-08.02014,2009,-0.22619761810789413
RGI60-08.02014,2010,-1.347653996878691
RGI60-08.02014,2011,-0.2647942703169726
RGI60-08.02014,2012,0.7254423028882305
RGI60-08.02014,2013,-0.33254258327703645
RGI60-08.02014,2014,-1.0178254927615011
RGI60-08.02014,2015,0.3693392767776834
RGI60-08.02014,2016,-0.3522477193432526
RGI60-08.02014,2017,-0.6801705409463241
RGI60-08.02014,2018,-1.0418300269132932
RGI60-08.02014,2019,-0.923171734508457
RGI60-08.02014,2020,0.21606766492219864
RGI60-08.02014,2021,-1.1445330577157882
RGI60-08.02014,2022,0.12625535848109648
RGI60-08.02014,2023,-1.3021044899515006
RGI60-08.02014,2024,-1.2392805333794004
RGI60-08.02016,2000,0.22550602644993445
RGI60-08.02016,2001,-0.595297153301287
RGI60-08.02016,2002,-2.1905578821257867
RGI60-08.02016,2003,-0.6874319117941071
RGI60-08.02016,2004,-0.26618298043297406
RGI60-08.02016,2005,-0.03378669011047175
RGI60-08.02016,2006,-1.51244492394944
RGI60-08.02016,2007,0.47849609533326676
RGI60-08.02016,2008,-0.28348389507212385
RGI60-08.02016,2009,-0.3751500190631927
RGI60-08.02016,2010,-1.3775525395974935
RGI60-08.02016,2011,-0.9737055922981639
RGI60-08.02016,2012,0.4420494364074391
RGI60-08.02016,2013,-0.7224352785409788
RGI60-08.02016,2014,-1.1314949028461547
RGI60-08.02016,2015,0.31009905148813155
RGI60-08.02016,2016,-0.6904531660625947
RGI60-08.02016,2017,-0.9018987860693859
RGI60-08.02016,2018,-0.6057068859120633
RGI60-08.02016,2019,-0.8664680025025562
RGI60-08.02016,2020,0.014399409520073903
RGI60-08.02016,2021,-1.233471536816448
RGI60-08.02016,2022,-0.31975184039589294
RGI60-08.02016,2023,-1.4860616976307854
RGI60-08.02016,2024,-1.2496425864764245
RGI60-08.02017,2000,-0.38582813186147347
RGI60-08.02017,2001,-1.2764776194951755
RGI60-08.02017,2002,-1.2982715976889219
RGI60-08.02017,2003,-2.148626753999698
RGI60-08.02017,2004,-0.3961459020264505
RGI60-08.02017,2005,-0.8062158496488473
RGI60-08.02017,2006,-2.0846488087746486
RGI60-08.02017,2007,-0.1552376035226286
RGI60-08.02017,2008,-0.5696759819701096
RGI60-08.02017,2009,-0.5704820338304684
RGI60-08.02017,2010,-1.8953332559259475
RGI60-08.02017,2011,-0.9433181001850734
RGI60-08.02017,2012,0.4925284866136741
RGI60-08.02017,2013,-0.456497812891091
RGI60-08.02017,2014,-1.485820044936283
RGI60-08.02017,2015,0.06444402110415237
RGI60-08.02017,2016,-0.6324180154866451
RGI60-08.02017,2017,-0.8748746163538795
RGI60-08.02017,2018,-1.5265392282251706
RGI60-08.02017,2019,-1.1365611508953237
RGI60-08.02017,2020,-0.35542334633296635
RGI60-08.02017,2021,-1.6744146874163708
RGI60-08.02017,2022,-0.3128508271432686
RGI60-08.02017,2023,-0.7812042350335724
RGI60-08.02017,2024,-0.7548596423530896
RGI60-08.02019,2000,-0.4542983362777107
RGI60-08.02019,2001,-1.5702897911115783
RGI60-08.02019,2002,-1.3972921771198816
RGI60-08.02019,2003,-1.1513219881457557
RGI60-08.02019,2004,0.02526425932232823
RGI60-08.02019,2005,0.017590797621780063
RGI60-08.02019,2006,-1.5304352706089108
RGI60-08.02019,2007,0.07484716586976914
RGI60-08.02019,2008,-0.6247998872443783
RGI60-08.02019,2009,-0.8366407280620278
RGI60-08.02019,2010,-1.5308533962728346
RGI60-08.02019,2011,-0.03925416633923573
RGI60-08.02019,2012,0.39159552727666214
RGI60-08.02019,2013,-0.6257530680523187
RGI60-08.02019,2014,-1.113764069694719
RGI60-08.02019,2015,0.2705771284270354
RGI60-08.02019,2016,-0.037460361326456915
RGI60-08.02019,2017,-0.38766983162078117
RGI60-08.02019,2018,-0.7375998129196578
RGI60-08.02019,2019,-0.5527419937213205
RGI60-08.02019,2020,-0.08773558674472592
RGI60-08.02019,2021,-1.247508517691485
RGI60-08.02019,2022,-0.5556257492232284
RGI60-08.02019,2023,-0.9428188119760501
RGI60-08.02019,2024,-1.0834619602766435
RGI60-08.02021,2000,0.02773694988375719
RGI60-08.02021,2001,-2.116086028492365
RGI60-08.02021,2002,-2.480066764106289
RGI60-08.02021,2003,-1.7955171854682628
RGI60-08.02021,2004,0.07055500239179247
RGI60-08.02021,2005,0.0046728315208039994
RGI60-08.02021,2006,-2.8226069283107105
RGI60-08.02021,2007,0.6603103564686559
RGI60-08.02021,2008,-1.416803284181896
RGI60-08.02021,2009,-0.1454882552575052
RGI60-08.02021,2010,-2.226547973565151
RGI60-08.02021,2011,-0.03002845374010521
RGI60-08.02021,2012,-0.10800962737925501
RGI60-08.02021,2013,-1.994795358555143
RGI60-08.02021,2014,-2.43746115832766
RGI60-08.02021,2015,-0.08172565553350886
RGI60-08.02021,2016,-1.5270798419172276
RGI60-08.02021,2017,-1.1887642275841637
RGI60-08.02021,2018,-2.307918861473336
RGI60-08.02021,2019,-1.3367755363724292
RGI60-08.02021,2020,-0.21494684764086425
RGI60-08.02021,2021,-3.0212860508825923
RGI60-08.02021,2022,-0.7043386272153763
RGI60-08.02021,2023,-3.2564381597779346
RGI60-08.02021,2024,-3.3678932097949965
RGI60-08.02023,2000,0.40301549958481286
RGI60-08.02023,2001,-0.7335978715402296
RGI60-08.02023,2002,-1.2660131654581708
RGI60-08.02023,2003,-1.2406076860327895
RGI60-08.02023,2004,-1.3047576949887492
RGI60-08.02023,2005,-0.22574194616633075
RGI60-08.02023,2006,-1.502547450410725
RGI60-08.02023,2007,0.33043361787829817
RGI60-08.02023,2008,-0.2928693915115605
RGI60-08.02023,2009,-0.8668143821960066
RGI60-08.02023,2010,-2.2521633398003575
RGI60-08.02023,2011,-0.5578351390796646
RGI60-08.02023,2012,0.7319485957686668
RGI60-08.02023,2013,-0.29288564518116933
RGI60-08.02023,2014,-1.336952171490357
RGI60-08.02023,2015,0.6158346537250944
RGI60-08.02023,2016,-0.22275710901774315
RGI60-08.02023,2017,-0.4851812566958259
RGI60-08.02023,2018,-0.7825246112066025
RGI60-08.02023,2019,-0.7348835061805998
RGI60-08.02023,2020,0.6631595907542766
RGI60-08.02023,2021,-1.2784949667951335
RGI60-08.02023,2022,-0.018387539571085187
RGI60-08.02023,2023,-1.4489014125595872
RGI60-08.02023,2024,-1.541501562853373
RGI60-08.02024,2000,0.4283646869424034
RGI60-08.02024,2001,-0.7165120284104238
RGI60-08.02024,2002,-1.3651019406032048
RGI60-08.02024,2003,-2.037115164821944
RGI60-08.02024,2004,-0.5619520056434597
RGI60-08.02024,2005,0.4034425210267087
RGI60-08.02024,2006,-1.7648694715458493
RGI60-08.02024,2007,0.6730665558517253
RGI60-08.02024,2008,-0.7344020233302995
RGI60-08.02024,2009,-0.5736365119025792
RGI60-08.02024,2010,-1.9648467276931183
RGI60-08.02024,2011,0.35268997239866334
RGI60-08.02024,2012,1.2058389007671555
RGI60-08.02024,2013,-0.7317294127584615
RGI60-08.02024,2014,-1.5164291452220653
RGI60-08.02024,2015,0.44865443040796743
RGI60-08.02024,2016,-0.030971167229720487
RGI60-08.02024,2017,0.14607760701513656
RGI60-08.02024,2018,-0.4346368573284084
RGI60-08.02024,2019,-0.6850322179202244
RGI60-08.02024,2020,0.40062312827526153
RGI60-08.02024,2021,-1.6146116540633664
RGI60-08.02024,2022,-0.2700253540212448
RGI60-08.02024,2023,-1.9560103709472283
RGI60-08.02024,2024,-1.4722829473499734
RGI60-08.02027,2000,0.08223678691469627
RGI60-08.02027,2001,-0.39462720596883266
RGI60-08.02027,2002,-0.9539772711071581
RGI60-08.02027,2003,-1.2381666093802777
RGI60-08.02027,2004,-0.25328231996321016
RGI60-08.02027,2005,-0.04802129905940594
RGI60-08.02027,2006,-1.5266832213193737
RGI60-08.02027,2007,0.3140204914677163
RGI60-08.02027,2008,-0.1622429680745971
RGI60-08.02027,2009,-0.14582192825791968
RGI60-08.02027,2010,-1.140295108201726
RGI60-08.02027,2011,-0.2973689316274648
RGI60-08.02027,2012,0.6845002833380174
RGI60-08.02027,2013,-0.45937287605256877
RGI60-08.02027,2014,-1.0621895147707248
RGI60-08.02027,2015,0.4383392570086296
RGI60-08.02027,2016,-0.13883402102337056
RGI60-08.02027,2017,-0.7319982358205377
RGI60-08.02027,2018,-0.26942949047478054
RGI60-08.02027,2019,-0.9724858176271003
RGI60-08.02027,2020,0.06571203876486831
RGI60-08.02027,2021,-1.1205869952320993
RGI60-08.02027,2022,-0.07907580465207803
RGI60-08.02027,2023,-0.6703153240307926
RGI60-08.02027,2024,1.7940400520729114
RGI60-08.02029,2000,-0.10592932692269358
RGI60-08.02029,2001,-0.8349683683175261
RGI60-08.02029,2002,-1.0800189018816777
RGI60-08.02029,2003,-1.3858631590678767
RGI60-08.02029,2004,-0.0073186203228950975
RGI60-08.02029,2005,-0.29597354898627554
RGI60-08.02029,2006,-1.90273544380111
RGI60-08.02029,2007,0.26207640029032764
RGI60-08.02029,2008,-0.37351333927716085
RGI60-08.02029,2009,-0.2811694322103292
RGI60-08.02029,2010,-1.5823757148952842
RGI60-08.02029,2011,-0.5850681592661657
RGI60-08.02029,2012,0.9985823156321284
RGI60-08.02029,2013,-1.0970692930157402
RGI60-08.02029,2014,-1.4806954786815814
RGI60-08.02029,2015,0.30677526649833886
RGI60-08.02029,2016,0.22066002334946633
RGI60-08.02029,2017,-0.8248577516040504
RGI60-08.02029,2018,-0.46337289351728916
RGI60-08.02029,2019,-0.541764574002603
RGI60-08.02029,2020,0.15022926040940288
RGI60-08.02029,2021,-1.3985895156574273
RGI60-08.02029,2022,-0.41483722263033024
RGI60-08.02029,2023,-1.5256285037836577
RGI60-08.02029,2024,-1.6023947947038657
RGI60-08.02031,2000,0.24806906693071407
RGI60-08.02031,2001,-1.1463038671840324
RGI60-08.02031,2002,-1.070386653173225
RGI60-08.02031,2003,-1.2828414177600462
RGI60-08.02031,2004,0.1687888191520308
RGI60-08.02031,2005,-0.02619572212811866
RGI60-08.02031,2006,-1.6241607553415272
RGI60-08.02031,2007,0.6260001921222909
RGI60-08.02031,2008,-0.37478666514489367
RGI60-08.02031,2009,-0.18816050905788329
RGI60-08.02031,2010,-1.0192192304394676
RGI60-08.02031,2011,-0.8541764096577615
RGI60-08.02031,2012,0.4940065991031568
RGI60-08.02031,2013,-0.4507277992442731
RGI60-08.02031,2014,-1.4841239686086596
RGI60-08.02031,2015,0.5831704821540127
RGI60-08.02031,2016,-0.7101379025498478
RGI60-08.02031,2017,-0.31314166486057865
RGI60-08.02031,2018,-1.0991777419257491
RGI60-08.02031,2019,-0.9476948523861379
RGI60-08.02031,2020,0.41607973532670484
RGI60-08.02031,2021,-1.2768917795236123
RGI60-08.02031,2022,-0.1106926850013355
RGI60-08.02031,2023,-1.4809653454318614
RGI60-08.02031,2024,-1.307322000576333
RGI60-08.02060,2000,-0.9633180952692278
RGI60-08.02060,2001,-2.4080326041143647
RGI60-08.02060,2002,0.9452556728034607
RGI60-08.02060,2003,-1.4013194627792844
RGI60-08.02060,2004,-1.8548614332911622
RGI60-08.02060,2005,1.8824471627663015
RGI60-08.02060,2006,-2.673658930283957
RGI60-08.02060,2007,-0.529214891614846
RGI60-08.02060,2008,-1.6923664642407623
RGI60-08.02060,2009,-1.9477982868628083
RGI60-08.02060,2010,-2.3245068297275635
RGI60-08.02060,2011,-2.0181762876424716
RGI60-08.02060,2012,-1.7655505439981098
RGI60-08.02060,2013,-2.2182699580968888
RGI60-08.02060,2014,-2.0878573796892335
RGI60-08.02060,2015,-1.2461455421220597
RGI60-08.02060,2016,-1.4439478557253609
RGI60-08.02060,2017,-1.9573433337631472
RGI60-08.02060,2018,-1.9004468983137917
RGI60-08.02060,2019,-2.316888038034731
RGI60-08.02060,2020,-1.0904445448013251
RGI60-08.02060,2021,-2.0716586533723147
RGI60-08.02060,2022,-1.8290448013005771
RGI60-08.02060,2023,-1.920786963192638
RGI60-08.02060,2024,-0.1797098934461221
RGI60-08.02069,2000,0.30140211688490104
RGI60-08.02069,2001,-0.8207127929149716
RGI60-08.02069,2002,-0.16889650485409263
RGI60-08.02069,2003,-0.40542112734089586
RGI60-08.02069,2004,-0.31124549483966835
RGI60-08.02069,2005,0.9579653823562219
RGI60-08.02069,2006,-1.1245000943151564
RGI60-08.02069,2007,-0.18423219671981328
RGI60-08.02069,2008,-0.49432258768183945
RGI60-08.02069,2009,0.067467453739875
RGI60-08.02069,2010,-0.21930909771751075
RGI60-08.02069,2011,-1.021174193285057
RGI60-08.02069,2012,0.5199519093661674
RGI60-08.02069,2013,-1.147011077342365
RGI60-08.02069,2014,-0.9860024992328209
RGI60-08.02069,2015,0.0705485225572815
RGI60-08.02069,2016,-0.32250235831718493
RGI60-08.02069,2017,-0.757211005664225
RGI60-08.02069,2018,-0.6558370559351501
RGI60-08.02069,2019,-0.35735729874369615
RGI60-08.02069,2020,-0.5226726805246155
RGI60-08.02069,2021,-0.34438821025569266
RGI60-08.02069,2022,-1.119656827381259
RGI60-08.02069,2023,-0.5853676448300067
RGI60-08.02069,2024,-1.6730126567449952
RGI60-08.02070,2000,0.18839904293023357
RGI60-08.02070,2001,-1.1217068047120724
RGI60-08.02070,2002,-0.6622702305093038
RGI60-08.02070,2003,-1.064065165322286
RGI60-08.02070,2004,-0.6641268502781918
RGI60-08.02070,2005,-0.42285739433590286
RGI60-08.02070,2006,-1.012988863270885
RGI60-08.02070,2007,0.41608348270451956
RGI60-08.02070,2008,-0.411123909725573
RGI60-08.02070,2009,-0.12126125058628223
RGI60-08.02070,2010,-0.8345360686510693
RGI60-08.02070,2011,-0.9500802091970576
RGI60-08.02070,2012,0.042683691208604047
RGI60-08.02070,2013,-1.6345743042881815
RGI60-08.02070,2014,-1.3232138022512716
RGI60-08.02070,2015,0.0635716120210914
RGI60-08.02070,2016,-1.0224554910216774
RGI60-08.02070,2017,-0.4397489998951386
RGI60-08.02070,2018,-1.1741633067359216
RGI60-08.02070,2019,-0.2969651780836223
RGI60-08.02070,2020,0.08821456802283545
RGI60-08.02070,2021,-0.7250019080687962
RGI60-08.02070,2022,-0.8821668663196875
RGI60-08.02070,2023,-1.2808351216393783
RGI60-08.02070,2024,-2.401954402591715
RGI60-08.02075,2000,-0.10331310240556113
RGI60-08.02075,2001,-0.4964504042518398
RGI60-08.02075,2002,-0.7558341298762281
RGI60-08.02075,2003,-1.0394251594900035
RGI60-08.02075,2004,-0.997947109042205
RGI60-08.02075,2005,0.7034732383323068
RGI60-08.02075,2006,-1.089899168448399
RGI60-08.02075,2007,-0.08720495297647063
RGI60-08.02075,2008,-0.7449348831337407
RGI60-08.02075,2009,-0.22167454257996572
RGI60-08.02075,2010,-0.6719609129148347
RGI60-08.02075,2011,-0.5848834058491543
RGI60-08.02075,2012,0.21588945050914926
RGI60-08.02075,2013,-1.4823436252564814
RGI60-08.02075,2014,-0.9261287773238218
RGI60-08.02075,2015,-0.19903787688125563
RGI60-08.02075,2016,0.3556577389275463
RGI60-08.02075,2017,-0.7027562309813583
RGI60-08.02075,2018,-0.818025548276881
RGI60-08.02075,2019,-0.2599005980808032
RGI60-08.02075,2020,-0.1701757853754492
RGI60-08.02075,2021,-0.9188168352290009
RGI60-08.02075,2022,-0.8007378229006544
RGI60-08.02075,2023,-0.9749410906987541
RGI60-08.02075,2024,-1.5381621111844594
RGI60-08.02089,2000,0.11832078359313036
RGI60-08.02089,2001,-1.395756345944145
RGI60-08.02089,2002,-1.108486111059668
RGI60-08.02089,2003,-0.5267002306407859
RGI60-08.02089,2004,-0.5864317497492597
RGI60-08.02089,2005,-1.4846470338696554
RGI60-08.02089,2006,-0.8324038073577729
RGI60-08.02089,2007,0.03343084340841207
RGI60-08.02089,2008,-0.687247957019863
RGI60-08.02089,2009,-0.6063544195688895
RGI60-08.02089,2010,-0.7218653161658755
RGI60-08.02089,2011,-1.3124853970768453
RGI60-08.02089,2012,0.05520285926220969
RGI60-08.02089,2013,-1.971082033044405
RGI60-08.02089,2014,-0.5740261078165727
RGI60-08.02089,2015,-0.03814584921651176
RGI60-08.02089,2016,-1.032835673887323
RGI60-08.02089,2017,-0.5929529305907012
RGI60-08.02089,2018,-1.8376203332702992
RGI60-08.02089,2019,-0.32361318998517424
RGI60-08.02089,2020,-0.3304139045145669
RGI60-08.02089,2021,-0.9205091374400659
RGI60-08.02089,2022,-1.232853420853881
RGI60-08.02089,2023,-1.1840623434546214
RGI60-08.02089,2024,-2.4887857441646286
RGI60-08.02094,2000,0.07783350833720404
RGI60-08.02094,2001,-0.3839654033486737
RGI60-08.02094,2002,-0.7870431761167843
RGI60-08.02094,2003,-1.217776753127353
RGI60-08.02094,2004,-0.613864844014478
RGI60-08.02094,2005,0.05913414431106068
RGI60-08.02094,2006,-1.3653232525933667
RGI60-08.02094,2007,-0.051987795466475695
RGI60-08.02094,2008,-0.14683656334951023
RGI60-08.02094,2009,0.23462801063711491
RGI60-08.02094,2010,-0.9866531696478734
RGI60-08.02094,2011,-1.7005251583901937
RGI60-08.02094,2012,-0.11862068412732107
RGI60-08.02094,2013,-1.7089343885554014
RGI60-08.02094,2014,-1.5653907945766616
RGI60-08.02094,2015,0.08499133702362716
RGI60-08.02094,2016,-1.0832960253482327
RGI60-08.02094,2017,-0.515675509308561
RGI60-08.02094,2018,-1.0425877579193346
RGI60-08.02094,2019,-0.6926057244187892
RGI60-08.02094,2020,-1.008435150074913
RGI60-08.02094,2021,-1.064705186803979
RGI60-08.02094,2022,-0.9654004321292542
RGI60-08.02094,2023,-1.6324394393234836
RGI60-08.02094,2024,-2.5021413694571844
RGI60-08.02095,2000,0.6790217617452584
RGI60-08.02095,2001,-1.1650980350125288
RGI60-08.02095,2002,-0.5497868008848192
RGI60-08.02095,2003,-0.5971974078362615
RGI60-08.02095,2004,-0.450618854013881
RGI60-08.02095,2005,-1.0902868631318736
RGI60-08.02095,2006,-0.6143859636381743
RGI60-08.02095,2007,0.5746287235712877
RGI60-08.02095,2008,-0.11243722262548972
RGI60-08.02095,2009,-0.21395016625652727
RGI60-08.02095,2010,-0.39098760307113906
RGI60-08.02095,2011,-0.4396548273460659
RGI60-08.02095,2012,0.41155832327356034
RGI60-08.02095,2013,-1.4013554070739436
RGI60-08.02095,2014,-0.703231832335502
RGI60-08.02095,2015,0.23916654471774068
RGI60-08.02095,2016,-0.41432990046185325
RGI60-08.02095,2017,-0.06590596065297727
RGI60-08.02095,2018,-1.1653411125169326
RGI60-08.02095,2019,-0.06940739644986887
RGI60-08.02095,2020,0.2493544397276931
RGI60-08.02095,2021,-0.41732773025256187
RGI60-08.02095,2022,-0.2541177365158841
RGI60-08.02095,2023,-0.7934548094440087
RGI60-08.02095,2024,-2.1294448377655195
RGI60-08.02098,2000,-0.4364343149362948
RGI60-08.02098,2001,-1.1838753576188923
RGI60-08.02098,2002,-0.2908818204483703
RGI60-08.02098,2003,-0.6116473437720805
RGI60-08.02098,2004,-0.1261201085276032
RGI60-08.02098,2005,-2.4245693598052056
RGI60-08.02098,2006,-1.135520093752577
RGI60-08.02098,2007,0.20330835587681784
RGI60-08.02098,2008,0.057855701719695896
RGI60-08.02098,2009,-0.07793868086201206
RGI60-08.02098,2010,0.10435662818436009
RGI60-08.02098,2011,-1.374418500883369
RGI60-08.02098,2012,2.09507980952817
RGI60-08.02098,2013,-1.9258959579566524
RGI60-08.02098,2014,-0.7641683645131556
RGI60-08.02098,2015,-0.04476698284702041
RGI60-08.02098,2016,-0.7416966636183433
RGI60-08.02098,2017,0.3027746395216703
RGI60-08.02098,2018,-2.298663458062863
RGI60-08.02098,2019,-0.05847812722628587
RGI60-08.02098,2020,-0.5946458263307562
RGI60-08.02098,2021,-0.9573201720514516
RGI60-08.02098,2022,-0.8274155131478893
RGI60-08.02098,2023,-0.6757238114444837
RGI60-08.02098,2024,-2.7675781633127
RGI60-08.02099,2000,1.2344351054832923
RGI60-08.02099,2001,0.28051268883300035
RGI60-08.02099,2002,-0.17748541486789038
RGI60-08.02099,2003,-0.6205195973516313
RGI60-08.02099,2004,0.2526614814629392
RGI60-08.02099,2005,-0.40091173429498006
RGI60-08.02099,2006,-1.1044558318180684
RGI60-08.02099,2007,-0.20451871009700956
RGI60-08.02099,2008,0.08979769805775872
RGI60-08.02099,2009,-0.6453740058323729
RGI60-08.02099,2010,-0.2072396242605773
RGI60-08.02099,2011,-1.564370925714562
RGI60-08.02099,2012,0.48496242930876005
RGI60-08.02099,2013,-1.3211914497188226
RGI60-08.02099,2014,-0.13245805097334723
RGI60-08.02099,2015,1.0327946147679983
RGI60-08.02099,2016,-0.1961805300203573
RGI60-08.02099,2017,0.3669222898746884
RGI60-08.02099,2018,-0.9948003970163535
RGI60-08.02099,2019,-1.0768800358224566
RGI60-08.02099,2020,-1.4154765979089752
RGI60-08.02099,2021,-0.7865874607133654
RGI60-08.02099,2022,-0.2509906733310825
RGI60-08.02099,2023,-1.613192603436738
RGI60-08.02099,2024,-3.2442625475029114
RGI60-08.02102,2000,-0.1943011645127739
RGI60-08.02102,2001,1.7592892481317537
RGI60-08.02102,2002,-0.014308408544611684
RGI60-08.02102,2003,0.2445964049875482
RGI60-08.02102,2004,-0.6615295719173223
RGI60-08.02102,2005,-1.974202446269672
RGI60-08.02102,2006,-1.206441878719787
RGI60-08.02102,2007,-0.13911927998342005
RGI60-08.02102,2008,-1.7027241242112154
RGI60-08.02102,2009,1.1046085290983316
RGI60-08.02102,2010,-0.22200148625363542
RGI60-08.02102,2011,-1.9009439079010506
RGI60-08.02102,2012,-0.8437073838909259
RGI60-08.02102,2013,-0.9371643834405261
RGI60-08.02102,2014,-2.072052486859037
RGI60-08.02102,2015,-0.8841273881762701
RGI60-08.02102,2016,-0.9348090908408209
RGI60-08.02102,2017,-0.9067579653946829
RGI60-08.02102,2018,1.4023570406457595
RGI60-08.02102,2019,-1.0624602559476402
RGI60-08.02102,2020,1.1505226092021137
RGI60-08.02102,2021,-1.1880425801887693
RGI60-08.02102,2022,-2.173738277395197
RGI60-08.02102,2023,-0.602748777741405
RGI60-08.02102,2024,1.0120522936432637
RGI60-08.02103,2000,0.40387264691550184
RGI60-08.02103,2001,-0.8972274585133544
RGI60-08.02103,2002,-0.5995775522569784
RGI60-08.02103,2003,-0.9903750327238061
RGI60-08.02103,2004,-0.3672301814773469
RGI60-08.02103,2005,0.1923738430936116
RGI60-08.02103,2006,-0.8924548436016225
RGI60-08.02103,2007,0.38616620095132304
RGI60-08.02103,2008,-0.41873906981579195
RGI60-08.02103,2009,-0.4696588408430571
RGI60-08.02103,2010,-0.6211177739208927
RGI60-08.02103,2011,-1.0372364797132643
RGI60-08.02103,2012,-0.1458809308860055
RGI60-08.02103,2013,-1.0352659904996337
RGI60-08.02103,2014,-0.7601924652702783
RGI60-08.02103,2015,-0.24768649952254707
RGI60-08.02103,2016,-0.8564593406524412
RGI60-08.02103,2017,-0.4842344038979531
RGI60-08.02103,2018,-1.1722857266162432
RGI60-08.02103,2019,-0.46489010074923603
RGI60-08.02103,2020,-0.10988951487318283
RGI60-08.02103,2021,-0.7130898937136056
RGI60-08.02103,2022,-0.8025817919147267
RGI60-08.02103,2023,-0.7418326413754454
RGI60-08.02103,2024,-1.5807433387242487
RGI60-08.02104,2000,0.2816885179460976
RGI60-08.02104,2001,-0.9474919554483443
RGI60-08.02104,2002,-0.6319792129084927
RGI60-08.02104,2003,-0.9261221206437426
RGI60-08.02104,2004,-0.11434803113692188
RGI60-08.02104,2005,-0.3030677931461493
RGI60-08.02104,2006,-0.9960039212010149
RGI60-08.02104,2007,0.6808692529845903
RGI60-08.02104,2008,-0.16557455960795617
RGI60-08.02104,2009,-0.06457969586085405
RGI60-08.02104,2010,-0.43954106717070074
RGI60-08.02104,2011,-1.394229014990137
RGI60-08.02104,2012,0.5955831683278983
RGI60-08.02104,2013,-1.3640449549172715
RGI60-08.02104,2014,-1.1414502983253545
RGI60-08.02104,2015,0.07931106408430882
RGI60-08.02104,2016,-0.38258676629139815
RGI60-08.02104,2017,-0.005503377613978511
RGI60-08.02104,2018,-0.8778033611114939
RGI60-08.02104,2019,-0.11462587296906762
RGI60-08.02104,2020,-0.4163232039843977
RGI60-08.02104,2021,-0.2910087535685035
RGI60-08.02104,2022,-0.9907492980260738
RGI60-08.02104,2023,-0.8700997230436148
RGI60-08.02104,2024,-2.7255747911747576
RGI60-08.02107,2000,-0.7079676985318892
RGI60-08.02107,2001,-2.2657776435823083
RGI60-08.02107,2002,-1.2419528149439536
RGI60-08.02107,2003,1.5009433394608895
RGI60-08.02107,2004,-1.3430621967722036
RGI60-08.02107,2005,-0.8463358432652315
RGI60-08.02107,2006,-0.23519848198228305
RGI60-08.02107,2007,-0.5780296946433406
RGI60-08.02107,2008,-0.5956325837681316
RGI60-08.02107,2009,-1.2267096714599879
RGI60-08.02107,2010,-0.30641828024713036
RGI60-08.02107,2011,2.297023852721363
RGI60-08.02107,2012,-0.5019678693629822
RGI60-08.02107,2013,-2.5136381406819246
RGI60-08.02107,2014,-1.2822994556916283
RGI60-08.02107,2015,0.5844653696661156
RGI60-08.02107,2016,0.6741643494512507
RGI60-08.02107,2017,-1.993946935695551
RGI60-08.02107,2018,-1.4719734763567889
RGI60-08.02107,2019,0.4297138756857123
RGI60-08.02107,2020,-0.459585942659534
RGI60-08.02107,2021,-1.2074871060031322
RGI60-08.02107,2022,-2.3821591258365724
RGI60-08.02107,2023,-0.44870477022084715
RGI60-08.02107,2024,0.12637781376682644
RGI60-08.02109,2000,-0.6415088963699074
RGI60-08.02109,2001,-1.6125577106027955
RGI60-08.02109,2002,-0.48307129994920794
RGI60-08.02109,2003,0.37757656200037204
RGI60-08.02109,2004,-0.2511251164129231
RGI60-08.02109,2005,0.8438308323301712
RGI60-08.02109,2006,-1.7228494323371022
RGI60-08.02109,2007,0.90872206776407
RGI60-08.02109,2008,-0.6701859397189222
RGI60-08.02109,2009,-0.20339934382843344
RGI60-08.02109,2010,0.1986520407512702
RGI60-08.02109,2011,-1.9478063943467943
RGI60-08.02109,2012,1.1639210094364718
RGI60-08.02109,2013,-2.4675380099325115
RGI60-08.02109,2014,-1.8015302902846635
RGI60-08.02109,2015,0.7568079318982645
RGI60-08.02109,2016,-0.030716683812710588
RGI60-08.02109,2017,0.3012973491955223
RGI60-08.02109,2018,-0.5830520492805626
RGI60-08.02109,2019,-0.4328666264996002
RGI60-08.02109,2020,-0.388582527595098
RGI60-08.02109,2021,0.061592912330669936
RGI60-08.02109,2022,-0.2710853601426769
RGI60-08.02109,2023,-0.455238423862975
RGI60-08.02109,2024,-1.8785799706968476
RGI60-08.02112,2000,-0.10665870996287269
RGI60-08.02112,2001,-0.2018645745715868
RGI60-08.02112,2002,-1.0473476823771046
RGI60-08.02112,2003,-0.14190329930632734
RGI60-08.02112,2004,-0.7250874203233687
RGI60-08.02112,2005,-0.02044584843339603
RGI60-08.02112,2006,-1.5563980881402457
RGI60-08.02112,2007,0.24477434205123205
RGI60-08.02112,2008,-0.39771911244610736
RGI60-08.02112,2009,0.42431013871694623
RGI60-08.02112,2010,-0.928680856083896
RGI60-08.02112,2011,-1.2912178915094086
RGI60-08.02112,2012,-0.18464954739946893
RGI60-08.02112,2013,-1.3465341509957214
RGI60-08.02112,2014,-0.663582417361549
RGI60-08.02112,2015,-0.22233311123038135
RGI60-08.02112,2016,-1.3018168013451397
RGI60-08.02112,2017,-0.7048427398529733
RGI60-08.02112,2018,-0.7994118634759482
RGI60-08.02112,2019,-0.5017903659526854
RGI60-08.02112,2020,-0.6749601271824224
RGI60-08.02112,2021,-1.3404105773770723
RGI60-08.02112,2022,-1.2770034321976849
RGI60-08.02112,2023,-0.7065229080851839
RGI60-08.02112,2024,-1.0185213633426344
RGI60-08.02113,2000,1.3672212792567655
RGI60-08.02113,2001,2.222927926211302
RGI60-08.02113,2002,-1.1299217300304043
RGI60-08.02113,2003,-1.1342877189243623
RGI60-08.02113,2004,-0.36909159991050056
RGI60-08.02113,2005,0.5597539318321487
RGI60-08.02113,2006,-1.4108187326446693
RGI60-08.02113,2007,-0.37299410040807857
RGI60-08.02113,2008,-0.7777561109860569
RGI60-08.02113,2009,-0.6869495086670572
RGI60-08.02113,2010,-0.3967691562361472
RGI60-08.02113,2011,-1.1028449904479238
RGI60-08.02113,2012,-0.7889543978524245
RGI60-08.02113,2013,0.1867811035557586
RGI60-08.02113,2014,0.7796441872296928
RGI60-08.02113,2015,-0.05741925448451424
RGI60-08.02113,2016,-0.20729272767415927
RGI60-08.02113,2017,-1.2847811748479034
RGI60-08.02113,2018,-1.9998311372658808
RGI60-08.02113,2019,-0.9485160877055903
RGI60-08.02113,2020,-1.4653687551924546
RGI60-08.02113,2021,-0.12421292918708926
RGI60-08.02113,2022,-1.343956637469156
RGI60-08.02113,2023,1.0483125904806787
RGI60-08.02113,2024,0.05648094904098666
RGI60-08.02132,2000,-0.19189113540959124
RGI60-08.02132,2001,-0.1807190869995329
RGI60-08.02132,2002,-0.9869522252337497
RGI60-08.02132,2003,-0.5875972153038778
RGI60-08.02132,2004,-0.636475982631605
RGI60-08.02132,2005,-0.09285834017996886
RGI60-08.02132,2006,-0.8509483123596738
RGI60-08.02132,2007,0.029273065832339906
RGI60-08.02132,2008,-0.5225711296043191
RGI60-08.02132,2009,-0.3452733259276373
RGI60-08.02132,2010,-0.48791158159843806
RGI60-08.02132,2011,-1.2780924571523524
RGI60-08.02132,2012,0.602915425153196
RGI60-08.02132,2013,0.15503851564431348
RGI60-08.02132,2014,-1.3382798735542045
RGI60-08.02132,2015,0.7945298064606295
RGI60-08.02132,2016,0.09826152231865037
RGI60-08.02132,2017,-0.18534024471079275
RGI60-08.02132,2018,-1.1016804804733646
RGI60-08.02132,2019,-1.3577269442700177
RGI60-08.02132,2020,-0.20500564033860982
RGI60-08.02132,2021,-1.471916116853699
RGI60-08.02132,2022,-0.9567702792506876
RGI60-08.02132,2023,-0.9492859977414759
RGI60-08.02132,2024,-1.0911521969523816
RGI60-08.02134,2000,-0.751739910480645
RGI60-08.02134,2001,-1.016411327221765
RGI60-08.02134,2002,-1.0633057363789427
RGI60-08.02134,2003,-2.134669745982731
RGI60-08.02134,2004,-0.9642418405743695
RGI60-08.02134,2005,-0.8120408442733548
RGI60-08.02134,2006,-2.016175684372447
RGI60-08.02134,2007,-0.8660542786063233
RGI60-08.02134,2008,-0.8722531001310229
RGI60-08.02134,2009,-0.9061881724446776
RGI60-08.02134,2010,0.08651623874633874
RGI60-08.02134,2011,-1.2084660632900976
RGI60-08.02134,2012,0.14716619096085148
RGI60-08.02134,2013,-0.907730741134953
RGI60-08.02134,2014,-1.9961853219522667
RGI60-08.02134,2015,0.17722111193990076
RGI60-08.02134,2016,-0.8064252760747346
RGI60-08.02134,2017,-1.054492838373345
RGI60-08.02134,2018,-1.4691893865166417
RGI60-08.02134,2019,-1.2989332738387682
RGI60-08.02134,2020,-0.25296278689332996
RGI60-08.02134,2021,-1.8717282834550497
RGI60-08.02134,2022,-1.0049600412811739
RGI60-08.02134,2023,-1.7453380191263892
RGI60-08.02134,2024,-1.7426720418016974
RGI60-08.02138,2000,-0.25968474888144766
RGI60-08.02138,2001,-0.9274399394247749
RGI60-08.02138,2002,-1.6472906128129836
RGI60-08.02138,2003,-0.9334454939748984
RGI60-08.02138,2004,-0.5693960779750362
RGI60-08.02138,2005,0.3091075956106908
RGI60-08.02138,2006,-1.3403493528090604
RGI60-08.02138,2007,-0.07992050489349384
RGI60-08.02138,2008,-0.7009119276584894
RGI60-08.02138,2009,-0.42235052139275303
RGI60-08.02138,2010,-0.7630657967731357
RGI60-08.02138,2011,-1.2875612110445886
RGI60-08.02138,2012,0.5132188925048742
RGI60-08.02138,2013,-0.4181210878670269
RGI60-08.02138,2014,-0.8366183722170537
RGI60-08.02138,2015,0.7035900844565468
RGI60-08.02138,2016,-0.08929605525375484
RGI60-08.02138,2017,-0.2842531640947807
RGI60-08.02138,2018,-1.0737744135437348
RGI60-08.02138,2019,-0.47513729195509546
RGI60-08.02138,2020,-0.10524467698163587
RGI60-08.02138,2021,-1.0790371517835249
RGI60-08.02138,2022,-0.9227163014648775
RGI60-08.02138,2023,-1.1300053404621044
RGI60-08.02138,2024,-1.224068300603627
RGI60-08.02141,2000,0.2477096284789238
RGI60-08.02141,2001,-0.06202171722508695
RGI60-08.02141,2002,-1.3082019417141975
RGI60-08.02141,2003,-1.0222936066382324
RGI60-08.02141,2004,-0.16571593987731
RGI60-08.02141,2005,0.40262343946943874
RGI60-08.02141,2006,-1.389123420877316
RGI60-08.02141,2007,0.3843359223368156
RGI60-08.02141,2008,-0.29073495133338195
RGI60-08.02141,2009,0.04559110125093524
RGI60-08.02141,2010,-0.08302931171284386
RGI60-08.02141,2011,-0.9261994654840338
RGI60-08.02141,2012,1.222751850236352
RGI60-08.02141,2013,-0.03782338504897173
RGI60-08.02141,2014,-1.4356966661787973
RGI60-08.02141,2015,0.8307900393824377
RGI60-08.02141,2016,-0.027711600742387238
RGI60-08.02141,2017,0.6781397902814157
RGI60-08.02141,2018,-2.002961642001869
RGI60-08.02141,2019,-0.2168281226018978
RGI60-08.02141,2020,0.36977154038824095
RGI60-08.02141,2021,-1.7525861766453357
RGI60-08.02141,2022,-0.12395950496869179
RGI60-08.02141,2023,-1.60933189090986
RGI60-08.02141,2024,-0.3828933268999945
RGI60-08.02143,2000,0.287701838936702
RGI60-08.02143,2001,-0.8145568304120565
RGI60-08.02143,2002,-0.9987084668611828
RGI60-08.02143,2003,-0.733874098410192
RGI60-08.02143,2004,-0.46260239260004404
RGI60-08.02143,2005,-0.36363336205248753
RGI60-08.02143,2006,-1.0001211827977523
RGI60-08.02143,2007,-1.5764928261052802e-05
RGI60-08.02143,2008,-0.433169684015095
RGI60-08.02143,2009,-0.7482473457719072
RGI60-08.02143,2010,-0.9926924473511061
RGI60-08.02143,2011,-1.2785404517977847
RGI60-08.02143,2012,0.32036139586374457
RGI60-08.02143,2013,-0.5355592851430594
RGI60-08.02143,2014,-1.1477625591680094
RGI60-08.02143,2015,0.14580281236198278
RGI60-08.02143,2016,-0.4074324217686133
RGI60-08.02143,2017,-0.387537776620861
RGI60-08.02143,2018,-0.28235335372901205
RGI60-08.02143,2019,-1.0887586237350084
RGI60-08.02143,2020,0.5482734337692434
RGI60-08.02143,2021,-1.2016174090048488
RGI60-08.02143,2022,-0.7287353034449284
RGI60-08.02143,2023,-0.6070214025155415
RGI60-08.02143,2024,0.20712653439263573
RGI60-08.02144,2000,0.4303692157169816
RGI60-08.02144,2001,-0.32730425128970564
RGI60-08.02144,2002,-1.7177140561535995
RGI60-08.02144,2003,-1.1648718847394592
RGI60-08.02144,2004,-0.2395661185048889
RGI60-08.02144,2005,-0.17640646197817067
RGI60-08.02144,2006,-1.7179621486255925
RGI60-08.02144,2007,0.167040345972026
RGI60-08.02144,2008,-0.6593851475903466
RGI60-08.02144,2009,-0.1880856175205795
RGI60-08.02144,2010,-0.534410607935042
RGI60-08.02144,2011,-1.1216583170599717
RGI60-08.02144,2012,0.43643358561163303
RGI60-08.02144,2013,-0.34237722738903265
RGI60-08.02144,2014,-1.4110301824602423
RGI60-08.02144,2015,0.372648175042565
RGI60-08.02144,2016,-0.648253473658581
RGI60-08.02144,2017,-0.2412603955446579
RGI60-08.02144,2018,-1.3641794516543528
RGI60-08.02144,2019,-1.5071259802389927
RGI60-08.02144,2020,0.20254331180814733
RGI60-08.02144,2021,-1.8802914478112336
RGI60-08.02144,2022,-0.7491393209509309
RGI60-08.02144,2023,-1.245625335263711
RGI60-08.02144,2024,-1.2044229557916968
RGI60-08.02149,2000,0.18712121801159687
RGI60-08.02149,2001,-0.5457070694931151
RGI60-08.02149,2002,-1.9878869020576948
RGI60-08.02149,2003,-1.5118771726409874
RGI60-08.02149,2004,-0.7353458696837618
RGI60-08.02149,2005,-0.31725445635935245
RGI60-08.02149,2006,-2.4916933239852543
RGI60-08.02149,2007,0.11921871955748253
RGI60-08.02149,2008,-0.8872744601154566
RGI60-08.02149,2009,-0.7201149420744761
RGI60-08.02149,2010,-0.7605778310565665
RGI60-08.02149,2011,-1.1842460558187067
RGI60-08.02149,2012,0.29339408210494744
RGI60-08.02149,2013,-0.9358538953057526
RGI60-08.02149,2014,-1.5988029700980706
RGI60-08.02149,2015,0.27350177383712815
RGI60-08.02149,2016,-0.7606209077940224
RGI60-08.02149,2017,-0.7288879201197633
RGI60-08.02149,2018,-2.573319325849777
RGI60-08.02149,2019,-1.656772691058407
RGI60-08.02149,2020,-0.5882922087861142
RGI60-08.02149,2021,-2.162747263057468
RGI60-08.02149,2022,-1.0646301821825925
RGI60-08.02149,2023,-1.511766428996817
RGI60-08.02149,2024,-1.754208553588191
RGI60-08.02152,2000,0.04859458941178807
RGI60-08.02152,2001,0.2713186882873029
RGI60-08.02152,2002,-1.5968055382998498
RGI60-08.02152,2003,-0.9625891666363666
RGI60-08.02152,2004,-0.5408184740741973
RGI60-08.02152,2005,0.07781759830639845
RGI60-08.02152,2006,-2.077611070144439
RGI60-08.02152,2007,-0.22716258702528447
RGI60-08.02152,2008,-0.7088445229122455
RGI60-08.02152,2009,-1.4881943665985582
RGI60-08.02152,2010,0.3159387373498431
RGI60-08.02152,2011,-1.0022415757984118
RGI60-08.02152,2012,0.8174509374043379
RGI60-08.02152,2013,0.3534160186599392
RGI60-08.02152,2014,-1.853608497465303
RGI60-08.02152,2015,0.20434243761059878
RGI60-08.02152,2016,-0.7785848287368436
RGI60-08.02152,2017,-0.6002422056369926
RGI60-08.02152,2018,-1.7339767595319064
RGI60-08.02152,2019,-0.8866994141698157
RGI60-08.02152,2020,0.16506513051423088
RGI60-08.02152,2021,-1.8255785450210742
RGI60-08.02152,2022,-0.5560008124866239
RGI60-08.02152,2023,-1.4641202696255478
RGI60-08.02152,2024,-2.9538176332453734
RGI60-08.02155,2000,-0.41325757255223833
RGI60-08.02155,2001,-1.288865759727453
RGI60-08.02155,2002,-1.1003686557950967
RGI60-08.02155,2003,-1.4243096742283625
RGI60-08.02155,2004,-0.5674722811865435
RGI60-08.02155,2005,-0.2902039688671098
RGI60-08.02155,2006,-1.1769715385566255
RGI60-08.02155,2007,0.04280279524669617
RGI60-08.02155,2008,-0.6297129480347555
RGI60-08.02155,2009,-0.1935143923466498
RGI60-08.02155,2010,-0.1195506421842662
RGI60-08.02155,2011,-0.8308313628198309
RGI60-08.02155,2012,0.343591459355556
RGI60-08.02155,2013,-0.5786182877792175
RGI60-08.02155,2014,-0.8911698760738163
RGI60-08.02155,2015,-0.1624679994626771
RGI60-08.02155,2016,-1.1029133167101568
RGI60-08.02155,2017,-0.4083872007366204
RGI60-08.02155,2018,-0.7761367600882112
RGI60-08.02155,2019,-0.7896420174526113
RGI60-08.02155,2020,-0.4147635110760053
RGI60-08.02155,2021,-1.852409678982894
RGI60-08.02155,2022,-0.6134788609000328
RGI60-08.02155,2023,-0.30577192412155135
RGI60-08.02155,2024,-0.8344331738799962
RGI60-08.02158,2000,0.2514097717855769
RGI60-08.02158,2001,-0.7488382007912632
RGI60-08.02158,2002,-1.1982152136630657
RGI60-08.02158,2003,-1.1182753616258307
RGI60-08.02158,2004,-1.05055890484657
RGI60-08.02158,2005,-0.56126189928726
RGI60-08.02158,2006,-2.505406434765629
RGI60-08.02158,2007,0.20750530773976816
RGI60-08.02158,2008,-0.3130640473141252
RGI60-08.02158,2009,0.27463949415065647
RGI60-08.02158,2010,-0.547683435070148
RGI60-08.02158,2011,-0.7509458237562234
RGI60-08.02158,2012,0.39875026569036565
RGI60-08.02158,2013,-0.45352376122163474
RGI60-08.02158,2014,-1.178025982325231
RGI60-08.02158,2015,1.0673846081425682
RGI60-08.02158,2016,-0.601242759995744
RGI60-08.02158,2017,-0.03381365889564303
RGI60-08.02158,2018,-0.9149281602266088
RGI60-08.02158,2019,-1.2637058037239592
RGI60-08.02158,2020,1.6699732437164898
RGI60-08.02158,2021,-1.4092788200202269
RGI60-08.02158,2022,-1.669270106989004
RGI60-08.02158,2023,-0.625503687904656
RGI60-08.02158,2024,-1.5956838364144332
RGI60-08.02159,2000,0.08208997577282717
RGI60-08.02159,2001,-0.2931877088933842
RGI60-08.02159,2002,-1.2151591257242096
RGI60-08.02159,2003,-1.3577768038652112
RGI60-08.02159,2004,-0.18027784262967228
RGI60-08.02159,2005,-0.021947382271424898
RGI60-08.02159,2006,-1.8258242350272784
RGI60-08.02159,2007,0.38270003954459453
RGI60-08.02159,2008,-0.8304355154952395
RGI60-08.02159,2009,0.335944684917733
RGI60-08.02159,2010,-0.6351067184489304
RGI60-08.02159,2011,-0.9658051126907221
RGI60-08.02159,2012,0.9010037307752344
RGI60-08.02159,2013,-0.5788117169543484
RGI60-08.02159,2014,-1.0212422829707375
RGI60-08.02159,2015,0.47487572028038405
RGI60-08.02159,2016,-0.6665739933688322
RGI60-08.02159,2017,-0.6161313071438188
RGI60-08.02159,2018,-1.5905523013096592
RGI60-08.02159,2019,-1.439582104497312
RGI60-08.02159,2020,-0.5273579714925883
RGI60-08.02159,2021,-1.4211485577394571
RGI60-08.02159,2022,-0.43417494704035314
RGI60-08.02159,2023,-1.4032430019453201
RGI60-08.02159,2024,-0.8799922266264364
RGI60-08.02160,2000,-0.14626484874055834
RGI60-08.02160,2001,-0.6086547571351353
RGI60-08.02160,2002,-1.9442420208455975
RGI60-08.02160,2003,-1.4534311157951163
RGI60-08.02160,2004,-0.4488911970124866
RGI60-08.02160,2005,-0.5383621982556654
RGI60-08.02160,2006,-1.9706624306219964
RGI60-08.02160,2007,-0.032076128132191295
RGI60-08.02160,2008,-0.7642839521542408
RGI60-08.02160,2009,-0.7856399388412764
RGI60-08.02160,2010,-0.8396070435726702
RGI60-08.02160,2011,-1.4497107221707315
RGI60-08.02160,2012,0.3346387676836249
RGI60-08.02160,2013,-0.905046586033532
RGI60-08.02160,2014,-1.7194228523349657
RGI60-08.02160,2015,0.3339031007613493
RGI60-08.02160,2016,-1.2966899336285531
RGI60-08.02160,2017,-0.6971448582058546
RGI60-08.02160,2018,-1.0557723332253814
RGI60-08.02160,2019,-1.347338951739016
RGI60-08.02160,2020,-0.14973169381225948
RGI60-08.02160,2021,-1.9251753311951247
RGI60-08.02160,2022,-1.069402042611533
RGI60-08.02160,2023,-1.3949277176971497
RGI60-08.02160,2024,-1.9155425257681309
RGI60-08.02188,2000,0.7983328526037302
RGI60-08.02188,2001,-0.3343345231746153
RGI60-08.02188,2002,-0.2686566057807625
RGI60-08.02188,2003,-0.48125557499207955
RGI60-08.02188,2004,-0.15557153955162362
RGI60-08.02188,2005,-0.00659113728563554
RGI60-08.02188,2006,-1.3381473909140356
RGI60-08.02188,2007,1.4638858147597595
RGI60-08.02188,2008,-0.35293718191501355
RGI60-08.02188,2009,-0.6629429517219061
RGI60-08.02188,2010,-0.15198072858430256
RGI60-08.02188,2011,-1.1936701834611874
RGI60-08.02188,2012,0.4550984324850088
RGI60-08.02188,2013,-1.31527919675356
RGI60-08.02188,2014,-1.5106130653408423
RGI60-08.02188,2015,0.3547905800095915
RGI60-08.02188,2016,-1.0471250551556395
RGI60-08.02188,2017,-0.1690928462870237
RGI60-08.02188,2018,-1.7773397406195404
RGI60-08.02188,2019,-0.3362699583203251
RGI60-08.02188,2020,0.14813576072948997
RGI60-08.02188,2021,0.2195235382885431
RGI60-08.02188,2022,-1.1821469733030991
RGI60-08.02188,2023,-1.718110009086864
RGI60-08.02188,2024,-2.2954011214815218
RGI60-08.02193,2000,0.08517611997239671
RGI60-08.02193,2001,-1.1643412001590152
RGI60-08.02193,2002,-0.5549592492621835
RGI60-08.02193,2003,-1.1886077052172392
RGI60-08.02193,2004,-1.3881839914722072
RGI60-08.02193,2005,0.6957543720095788
RGI60-08.02193,2006,-1.0679222856859043
RGI60-08.02193,2007,-1.1622033235973201
RGI60-08.02193,2008,-0.8314234634147907
RGI60-08.02193,2009,-0.5669143227524478
RGI60-08.02193,2010,-0.24973597212492527
RGI60-08.02193,2011,-1.7911428411473977
RGI60-08.02193,2012,-0.8427309726904894
RGI60-08.02193,2013,-1.8022439779055277
RGI60-08.02193,2014,-1.0205287313330504
RGI60-08.02193,2015,-1.0876234628742427
RGI60-08.02193,2016,-0.9566484098868206
RGI60-08.02193,2017,-1.411093543612208
RGI60-08.02193,2018,-1.665185414717053
RGI60-08.02193,2019,-0.814841624129156
RGI60-08.02193,2020,-0.536139679832526
RGI60-08.02193,2021,-1.3481507631765073
RGI60-08.02193,2022,-1.4466472589124904
RGI60-08.02193,2023,-0.7448303498970003
RGI60-08.02193,2024,-2.5807725721108015
RGI60-08.02198,2000,-0.4315781812521368
RGI60-08.02198,2001,-1.3745214227607991
RGI60-08.02198,2002,-0.4093948076714537
RGI60-08.02198,2003,-0.8334762238489641
RGI60-08.02198,2004,-1.2419199127005354
RGI60-08.02198,2005,-0.5852649197319417
RGI60-08.02198,2006,-1.126900229311678
RGI60-08.02198,2007,0.5061032887414372
RGI60-08.02198,2008,0.0485666799545339
RGI60-08.02198,2009,-0.8793484460353312
RGI60-08.02198,2010,-1.0050006049333684
RGI60-08.02198,2011,-1.1886299736617356
RGI60-08.02198,2012,-0.013945740018014963
RGI60-08.02198,2013,-1.7811063565393128
RGI60-08.02198,2014,-0.38600877329054184
RGI60-08.02198,2015,-0.2214972543946978
RGI60-08.02198,2016,-1.5813679213483558
RGI60-08.02198,2017,-1.6505276405361426
RGI60-08.02198,2018,-1.6640840523380684
RGI60-08.02198,2019,-0.5327975083228882
RGI60-08.02198,2020,-0.37451407605692405
RGI60-08.02198,2021,-1.2012481711250105
RGI60-08.02198,2022,-0.6518710582541731
RGI60-08.02198,2023,-1.1697098894754911
RGI60-08.02198,2024,-1.8055883866183016
RGI60-08.02199,2000,0.3152721866838448
RGI60-08.02199,2001,-0.5743806322182409
RGI60-08.02199,2002,-0.9559213155434503
RGI60-08.02199,2003,-1.4382365657335408
RGI60-08.02199,2004,-0.07994262006886677
RGI60-08.02199,2005,-0.7905173108908825
RGI60-08.02199,2006,-1.3566528220747096
RGI60-08.02199,2007,-0.2680853542976137
RGI60-08.02199,2008,-0.31449566376233123
RGI60-08.02199,2009,-0.07944118373047515
RGI60-08.02199,2010,-0.427064387227662
RGI60-08.02199,2011,-1.024837912455784
RGI60-08.02199,2012,0.12151422675977275
RGI60-08.02199,2013,-0.9565477932771431
RGI60-08.02199,2014,-0.4620647309222433
RGI60-08.02199,2015,0.6172365756018449
RGI60-08.02199,2016,0.20047883826592638
RGI60-08.02199,2017,-0.20374583283601658
RGI60-08.02199,2018,-0.028593912211212824
RGI60-08.02199,2019,-0.24097379006121003
RGI60-08.02199,2020,0.01721768200534124
RGI60-08.02199,2021,-1.4968065266689212
RGI60-08.02199,2022,-0.30833214025947925
RGI60-08.02199,2023,-1.564860592629568
RGI60-08.02199,2024,-1.0931541531863633
RGI60-08.02201,2000,0.3688878663026053
RGI60-08.02201,2001,-0.7419052863438036
RGI60-08.02201,2002,-0.06699110175954745
RGI60-08.02201,2003,-0.3185099779654547
RGI60-08.02201,2004,-0.22554154823818817
RGI60-08.02201,2005,0.18675335210201305
RGI60-08.02201,2006,-0.05703810691603947
RGI60-08.02201,2007,-0.7036847716209393
RGI60-08.02201,2008,0.16671243665780233
RGI60-08.02201,2009,0.18104189453479486
RGI60-08.02201,2010,0.07480888953275916
RGI60-08.02201,2011,-0.714876249212711
RGI60-08.02201,2012,0.37499438890099734
RGI60-08.02201,2013,-1.3149144818684102
RGI60-08.02201,2014,-0.4915374357935175
RGI60-08.02201,2015,-0.10462229840035633
RGI60-08.02201,2016,-0.8966556533296538
RGI60-08.02201,2017,-0.011748562255409323
RGI60-08.02201,2018,-1.3437543682314141
RGI60-08.02201,2019,-0.07051898609554016
RGI60-08.02201,2020,-0.11907289437791685
RGI60-08.02201,2021,0.31547195372149106
RGI60-08.02201,2022,-0.814624783653338
RGI60-08.02201,2023,-0.6159724935825792
RGI60-08.02201,2024,-1.7360788377181005
RGI60-08.02202,2000,0.06564009225863982
RGI60-08.02202,2001,-0.1989404773666636
RGI60-08.02202,2002,-0.5560679760366444
RGI60-08.02202,2003,0.03551583314217355
RGI60-08.02202,2004,-0.13293258678086434
RGI60-08.02202,2005,-1.4636132105828206
RGI60-08.02202,2006,-0.4520234932532837
RGI60-08.02202,2007,0.34791866564836604
RGI60-08.02202,2008,-0.4761623406267832
RGI60-08.02202,2009,-0.2812003859995834
RGI60-08.02202,2010,0.0004160233521089407
RGI60-08.02202,2011,-0.7854988452247078
RGI60-08.02202,2012,0.566111919347225
RGI60-08.02202,2013,-0.8651927146372204
RGI60-08.02202,2014,-0.8948531761471168
RGI60-08.02202,2015,-0.15608510767918712
RGI60-08.02202,2016,-1.0162756819234082
RGI60-08.02202,2017,-0.3699942825669682
RGI60-08.02202,2018,-0.7682631441459584
RGI60-08.02202,2019,-0.6999991107773105
RGI60-08.02202,2020,-0.8512604945055546
RGI60-08.02202,2021,-0.4784056022320563
RGI60-08.02202,2022,-0.7832246440979497
RGI60-08.02202,2023,-0.842360447794194
RGI60-08.02202,2024,-2.6655552174415575
RGI60-08.02204,2000,0.026390000264452262
RGI60-08.02204,2001,-0.6595700726920769
RGI60-08.02204,2002,-1.4751139358607857
RGI60-08.02204,2003,-0.7200305726002922
RGI60-08.02204,2004,-0.0757868857369739
RGI60-08.02204,2005,-0.3280008207749981
RGI60-08.02204,2006,-1.163254152119515
RGI60-08.02204,2007,0.1473210777651116
RGI60-08.02204,2008,-1.2334478772337043
RGI60-08.02204,2009,-0.23619976211026428
RGI60-08.02204,2010,-0.7421195446850313
RGI60-08.02204,2011,-0.8276187941958268
RGI60-08.02204,2012,0.22793308106472532
RGI60-08.02204,2013,-2.102912675000331
RGI60-08.02204,2014,-0.6080948138293261
RGI60-08.02204,2015,0.10291522427211719
RGI60-08.02204,2016,-0.4534824534419407
RGI60-08.02204,2017,-0.11909364080787499
RGI60-08.02204,2018,-1.9806831113208165
RGI60-08.02204,2019,0.21804972904335151
RGI60-08.02204,2020,-0.8052444062176172
RGI60-08.02204,2021,0.09693088248131876
RGI60-08.02204,2022,-0.9434913199228423
RGI60-08.02204,2023,-0.5339653053410769
RGI60-08.02204,2024,-1.9149484323159256
RGI60-08.02205,2000,1.061671246055242
RGI60-08.02205,2001,2.9730502012072906
RGI60-08.02205,2002,-1.722588123562333
RGI60-08.02205,2003,-0.17288402166324646
RGI60-08.02205,2004,-0.16758562898731075
RGI60-08.02205,2005,0.5326618349734247
RGI60-08.02205,2006,-0.011160406567552572
RGI60-08.02205,2007,1.2412968348362245
RGI60-08.02205,2008,-1.6675705257323097
RGI60-08.02205,2009,-0.8601721862109104
RGI60-08.02205,2010,-0.31324773138898576
RGI60-08.02205,2011,-0.8089330378356572
RGI60-08.02205,2012,-0.36710997961077235
RGI60-08.02205,2013,-2.9079372874940583
RGI60-08.02205,2014,-0.6588490210554265
RGI60-08.02205,2015,0.28739300194174805
RGI60-08.02205,2016,-1.2330604072533542
RGI60-08.02205,2017,-0.4768986504723369
RGI60-08.02205,2018,-1.465593768151414
RGI60-08.02205,2019,-0.5582823430282593
RGI60-08.02205,2020,-0.5362261290387168
RGI60-08.02205,2021,-0.743893290127791
RGI60-08.02205,2022,-0.35740622240869724
RGI60-08.02205,2023,-2.2855585709997626
RGI60-08.02205,2024,-0.14331821970758257
RGI60-08.02211,2000,-0.3981234787894436
RGI60-08.02211,2001,-0.2745767617140599
RGI60-08.02211,2002,-2.161713003057887
RGI60-08.02211,2003,-0.5841813904793527
RGI60-08.02211,2004,0.6448788828050906
RGI60-08.02211,2005,-0.07949728189306304
RGI60-08.02211,2006,-0.5687207602873408
RGI60-08.02211,2007,-1.218572456419115
RGI60-08.02211,2008,-1.556121515431532
RGI60-08.02211,2009,-0.42101067245375523
RGI60-08.02211,2010,0.49123515333741885
RGI60-08.02211,2011,-2.5034737943660943
RGI60-08.02211,2012,1.0900348947607008
RGI60-08.02211,2013,-0.7257450633444741
RGI60-08.02211,2014,-2.3615758699259315
RGI60-08.02211,2015,-1.0414499383706877
RGI60-08.02211,2016,-1.095162253248681
RGI60-08.02211,2017,-0.7538199726671498
RGI60-08.02211,2018,-0.5783618604056529
RGI60-08.02211,2019,2.2678571419510214
RGI60-08.02211,2020,2.2645949012668067
RGI60-08.02211,2021,-1.5687415099591702
RGI60-08.02211,2022,-0.1656443853958603
RGI60-08.02211,2023,-1.0454326217650052
RGI60-08.02211,2024,-1.2976448466808321
RGI60-08.02213,2000,0.7310733346474093
RGI60-08.02213,2001,-1.0830739353540426
RGI60-08.02213,2002,-1.4366261528909747
RGI60-08.02213,2003,-0.24176495507198775
RGI60-08.02213,2004,-0.6147463692348161
RGI60-08.02213,2005,-0.9906497005334112
RGI60-08.02213,2006,-0.8281493398978289
RGI60-08.02213,2007,-0.9398185127266783
RGI60-08.02213,2008,-0.15857549761989936
RGI60-08.02213,2009,-1.006204276704719
RGI60-08.02213,2010,-0.36818293923627216
RGI60-08.02213,2011,-0.94371963275218
RGI60-08.02213,2012,0.08991788281993207
RGI60-08.02213,2013,-2.6340396141647022
RGI60-08.02213,2014,-1.1472493619823565
RGI60-08.02213,2015,0.47444705358282413
RGI60-08.02213,2016,0.47621524648584257
RGI60-08.02213,2017,-0.22222486889329163
RGI60-08.02213,2018,-0.49541808244387
RGI60-08.02213,2019,-0.4299102780289935
RGI60-08.02213,2020,-0.3549010896296201
RGI60-08.02213,2021,-0.5557065102982378
RGI60-08.02213,2022,-1.3314322601887656
RGI60-08.02213,2023,0.07438392284341044
RGI60-08.02213,2024,-2.497275568500339
RGI60-08.02214,2000,0.07041400242161588
RGI60-08.02214,2001,-0.391893091118335
RGI60-08.02214,2002,-1.2439206020181186
RGI60-08.02214,2003,0.10728377927208826
RGI60-08.02214,2004,-0.2898591283462548
RGI60-08.02214,2005,-0.013229184203644884
RGI60-08.02214,2006,-0.3144775326444622
RGI60-08.02214,2007,-0.0646210522202767
RGI60-08.02214,2008,-0.09678589123366557
RGI60-08.02214,2009,-0.31271451045488446
RGI60-08.02214,2010,-0.5215638456495408
RGI60-08.02214,2011,-1.4751988055566345
RGI60-08.02214,2012,0.542128390300602
RGI60-08.02214,2013,-1.3271748736451883
RGI60-08.02214,2014,-0.3379183408268873
RGI60-08.02214,2015,0.17559730461651413
RGI60-08.02214,2016,1.1856011639643762
RGI60-08.02214,2017,-0.08175427941222108
RGI60-08.02214,2018,-0.5329655696884095
RGI60-08.02214,2019,-0.6037479335566661
RGI60-08.02214,2020,-0.5004536460515475
RGI60-08.02214,2021,-0.6228972850315924
RGI60-08.02214,2022,-1.1190362880264355
RGI60-08.02214,2023,0.10111258961939368
RGI60-08.02214,2024,-2.099549169380566
RGI60-08.02215,2000,-0.8541826531310712
RGI60-08.02215,2001,-1.4231956560247048
RGI60-08.02215,2002,-2.1433849941101846
RGI60-08.02215,2003,-0.8995233385773485
RGI60-08.02215,2004,-1.377340988153168
RGI60-08.02215,2005,0.6314611325175118
RGI60-08.02215,2006,-2.163148239223435
RGI60-08.02215,2007,-0.9542577066240177
RGI60-08.02215,2008,0.6563942902798204
RGI60-08.02215,2009,-1.3222984936635906
RGI60-08.02215,2010,-0.5278161756538613
RGI60-08.02215,2011,-1.7354627409141323
RGI60-08.02215,2012,-0.6774386408945535
RGI60-08.02215,2013,-1.595654009789221
RGI60-08.02215,2014,-1.137889423614871
RGI60-08.02215,2015,-0.9659407856102956
RGI60-08.02215,2016,-0.8781428920312613
RGI60-08.02215,2017,0.1648978643955149
RGI60-08.02215,2018,-1.4360518042612567
RGI60-08.02215,2019,-1.2392247449158746
RGI60-08.02215,2020,-0.5883250150571474
RGI60-08.02215,2021,-0.7158451499393768
RGI60-08.02215,2022,-1.450813741520184
RGI60-08.02215,2023,-0.6436696042610714
RGI60-08.02215,2024,-1.9800051754235128
RGI60-08.02216,2000,1.1649032644178487
RGI60-08.02216,2001,-0.21427756651932495
RGI60-08.02216,2002,-1.0430034886881723
RGI60-08.02216,2003,-0.9899926323036103
RGI60-08.02216,2004,-0.5406760865143431
RGI60-08.02216,2005,0.41349345194172216
RGI60-08.02216,2006,-1.2992214282256658
RGI60-08.02216,2007,0.07826346193410033
RGI60-08.02216,2008,-0.2260701524066707
RGI60-08.02216,2009,0.18558060917439778
RGI60-08.02216,2010,-0.15665661892757315
RGI60-08.02216,2011,-1.351375303071193
RGI60-08.02216,2012,0.9255292189408081
RGI60-08.02216,2013,-0.6969247743969103
RGI60-08.02216,2014,-1.1633984377242967
RGI60-08.02216,2015,0.13641799801174626
RGI60-08.02216,2016,-1.13367732629618
RGI60-08.02216,2017,0.12032435528630003
RGI60-08.02216,2018,-0.7161637201989655
RGI60-08.02216,2019,-0.10867482443402449
RGI60-08.02216,2020,-0.3520411268396056
RGI60-08.02216,2021,-1.5905011510772917
RGI60-08.02216,2022,-0.5788553043835417
RGI60-08.02216,2023,-1.1794601380865835
RGI60-08.02216,2024,-1.8223713121164415
RGI60-08.02217,2000,0.9981875136968665
RGI60-08.02217,2001,-0.8554972378370531
RGI60-08.02217,2002,-0.3822643732993311
RGI60-08.02217,2003,-1.8297406121865332
RGI60-08.02217,2004,1.1697085471070319
RGI60-08.02217,2005,-0.2812206101028279
RGI60-08.02217,2006,-1.2605235763126084
RGI60-08.02217,2007,-0.37368559975399784
RGI60-08.02217,2008,-0.5711671034800884
RGI60-08.02217,2009,-0.6324515543948844
RGI60-08.02217,2010,-0.13885790648976282
RGI60-08.02217,2011,-1.2193742613848504
RGI60-08.02217,2012,0.5882837362766432
RGI60-08.02217,2013,-1.42504677477251
RGI60-08.02217,2014,-1.2441749765705152
RGI60-08.02217,2015,0.5234576265077429
RGI60-08.02217,2016,-0.8781745731104671
RGI60-08.02217,2017,-0.1459854282414485
RGI60-08.02217,2018,-0.3741241331428486
RGI60-08.02217,2019,0.451051297491442
RGI60-08.02217,2020,0.44366553951074894
RGI60-08.02217,2021,-0.9140775305934873
RGI60-08.02217,2022,-0.42412938755519214
RGI60-08.02217,2023,-0.7540175568373085
RGI60-08.02217,2024,-1.4296397415547137
RGI60-08.02218,2000,0.5773742301401389
RGI60-08.02218,2001,-0.5929040167616483
RGI60-08.02218,2002,-1.7765960774982106
RGI60-08.02218,2003,-0.6073817354977562
RGI60-08.02218,2004,-0.5875232100365173
RGI60-08.02218,2005,-0.4712864155863365
RGI60-08.02218,2006,-1.134029247603854
RGI60-08.02218,2007,0.4675919599325581
RGI60-08.02218,2008,-0.9155178720422775
RGI60-08.02218,2009,-1.0337289317570848
RGI60-08.02218,2010,-1.3253113294845464
RGI60-08.02218,2011,-1.691293602669139
RGI60-08.02218,2012,-0.20751333796638471
RGI60-08.02218,2013,-1.738134568752367
RGI60-08.02218,2014,-1.3590170297432747
RGI60-08.02218,2015,0.3169305794084508
RGI60-08.02218,2016,-0.9078095810866432
RGI60-08.02218,2017,-0.07841735974389352
RGI60-08.02218,2018,-0.2408864698927623
RGI60-08.02218,2019,-0.5513459833584453
RGI60-08.02218,2020,-0.2628262078724848
RGI60-08.02218,2021,-1.0222367523999294
RGI60-08.02218,2022,-1.0513250078811023
RGI60-08.02218,2023,-1.5634538466125703
RGI60-08.02218,2024,0.2219383258758041
RGI60-08.02219,2000,-0.12858344877431926
RGI60-08.02219,2001,-0.5823017022031716
RGI60-08.02219,2002,-1.0351593140203255
RGI60-08.02219,2003,-0.9948411003457968
RGI60-08.02219,2004,0.020637765705795452
RGI60-08.02219,2005,0.27005117478087737
RGI60-08.02219,2006,-1.6674464994273097
RGI60-08.02219,2007,-0.04661166836847541
RGI60-08.02219,2008,-0.8202758625050978
RGI60-08.02219,2009,-0.274157501740585
RGI60-08.02219,2010,-0.5183196829404353
RGI60-08.02219,2011,-1.5093509965649565
RGI60-08.02219,2012,-0.2908126485557226
RGI60-08.02219,2013,-0.9156110283488829
RGI60-08.02219,2014,-0.8697671230023358
RGI60-08.02219,2015,-0.005991000696509263
RGI60-08.02219,2016,-0.8949941549661053
RGI60-08.02219,2017,-0.17094149313484663
RGI60-08.02219,2018,-1.2569401233781896
RGI60-08.02219,2019,-0.4848835915136248
RGI60-08.02219,2020,-0.2719093816782254
RGI60-08.02219,2021,-1.305396581878612
RGI60-08.02219,2022,-0.43783378619170293
RGI60-08.02219,2023,-0.898798013072523
RGI60-08.02219,2024,-0.1424070672732065
RGI60-08.02220,2000,-0.33764620853984656
RGI60-08.02220,2001,0.3815077915652156
RGI60-08.02220,2002,-1.2914470659855013
RGI60-08.02220,2003,-1.3245617453971943
RGI60-08.02220,2004,0.3948541564654538
RGI60-08.02220,2005,1.0353011097118703
RGI60-08.02220,2006,-0.9723821330997418
RGI60-08.02220,2007,-0.23439504417903223
RGI60-08.02220,2008,-0.7010155756294483
RGI60-08.02220,2009,-0.4325652303449281
RGI60-08.02220,2010,-1.7686037143113553
RGI60-08.02220,2011,-0.5919373382478648
RGI60-08.02220,2012,0.6862280570497816
RGI60-08.02220,2013,-0.8896732826577463
RGI60-08.02220,2014,-0.6902575730707878
RGI60-08.02220,2015,0.6106804849120389
RGI60-08.02220,2016,0.11217572360665962
RGI60-08.02220,2017,0.4939706226088983
RGI60-08.02220,2018,0.3992856253368772
RGI60-08.02220,2019,-0.6402186597933537
RGI60-08.02220,2020,0.5548854812585731
RGI60-08.02220,2021,-1.154626217909119
RGI60-08.02220,2022,-0.8200373571684272
RGI60-08.02220,2023,-1.3652435926454063
RGI60-08.02220,2024,-2.0133345594317467
RGI60-08.02232,2000,0.11890350855759901
RGI60-08.02232,2001,-0.06070161694986553
RGI60-08.02232,2002,-1.174536547798556
RGI60-08.02232,2003,-0.9475133399647926
RGI60-08.02232,2004,-0.7634415757111275
RGI60-08.02232,2005,-0.704261957237947
RGI60-08.02232,2006,-1.4334353929034127
RGI60-08.02232,2007,-1.3524797471698313
RGI60-08.02232,2008,-0.5404193873816193
RGI60-08.02232,2009,-0.6653223891237324
RGI60-08.02232,2010,-0.6248277593350099
RGI60-08.02232,2011,-1.2991090742918396
RGI60-08.02232,2012,-0.41377431554502353
RGI60-08.02232,2013,-1.1581969494936684
RGI60-08.02232,2014,-1.0744596044881694
RGI60-08.02232,2015,0.32349458706315437
RGI60-08.02232,2016,-0.29079727726227356
RGI60-08.02232,2017,-0.10847636770980296
RGI60-08.02232,2018,-0.648642400654337
RGI60-08.02232,2019,-0.1237023925997558
RGI60-08.02232,2020,-0.4883123294795261
RGI60-08.02232,2021,-0.9697879675381154
RGI60-08.02232,2022,-0.6156606929690498
RGI60-08.02232,2023,-1.3577325901631176
RGI60-08.02232,2024,-1.3781667065937293
RGI60-08.02235,2000,0.18146829788709862
RGI60-08.02235,2001,-0.41583030766995266
RGI60-08.02235,2002,-1.2048637621164129
RGI60-08.02235,2003,-0.9588868264226066
RGI60-08.02235,2004,-0.3158201336928548
RGI60-08.02235,2005,-0.968349255898463
RGI60-08.02235,2006,-1.3009481263347094
RGI60-08.02235,2007,0.03902335793701828
RGI60-08.02235,2008,-0.11100615648938084
RGI60-08.02235,2009,-0.8501155426619114
RGI60-08.02235,2010,-0.7833901389431063
RGI60-08.02235,2011,-0.9175216079414276
RGI60-08.02235,2012,-0.5848258967197275
RGI60-08.02235,2013,-1.235478833113706
RGI60-08.02235,2014,-0.7799675972135848
RGI60-08.02235,2015,0.057520962247296636
RGI60-08.02235,2016,-0.034671150033055764
RGI60-08.02235,2017,0.11692551936062101
RGI60-08.02235,2018,-0.4153464390164766
RGI60-08.02235,2019,-0.3737163631646502
RGI60-08.02235,2020,-0.17742649737875876
RGI60-08.02235,2021,-0.8176988469509163
RGI60-08.02235,2022,-0.47558465828214236
RGI60-08.02235,2023,-1.616113901760173
RGI60-08.02235,2024,-0.616022455421871
RGI60-08.02251,2000,0.8026186191461899
RGI60-08.02251,2001,-0.26527896599404727
RGI60-08.02251,2002,-0.6840953233587146
RGI60-08.02251,2003,-1.2422822656436394
RGI60-08.02251,2004,-0.43420001273698755
RGI60-08.02251,2005,-0.33740270567165886
RGI60-08.02251,2006,-1.5432654410032387
RGI60-08.02251,2007,0.41525688496421104
RGI60-08.02251,2008,-0.3997424286178378
RGI60-08.02251,2009,0.7712274845687943
RGI60-08.02251,2010,-0.39767065732101575
RGI60-08.02251,2011,-0.9897809898536887
RGI60-08.02251,2012,0.49774651951055976
RGI60-08.02251,2013,-0.9476761285106121
RGI60-08.02251,2014,-1.4388924183015994
RGI60-08.02251,2015,0.7636384020395146
RGI60-08.02251,2016,-0.15232082713855521
RGI60-08.02251,2017,0.03188861321041153
RGI60-08.02251,2018,-1.4094343794905264
RGI60-08.02251,2019,-0.24743397979756168
RGI60-08.02251,2020,-0.07531410536066879
RGI60-08.02251,2021,-2.6703765709042457
RGI60-08.02251,2022,-0.7304813551657726
RGI60-08.02251,2023,-0.4727285584402415
RGI60-08.02251,2024,-1.649165888020685
RGI60-08.02252,2000,0.2548139323742791
RGI60-08.02252,2001,-0.9952575617459845
RGI60-08.02252,2002,-0.8978248539781597
RGI60-08.02252,2003,-1.4889992602878253
RGI60-08.02252,2004,-0.5551196240252971
RGI60-08.02252,2005,-0.10194199973985152
RGI60-08.02252,2006,-1.5632325587485612
RGI60-08.02252,2007,-0.1815777445288701
RGI60-08.02252,2008,-0.5107310735440582
RGI60-08.02252,2009,-0.13726907844449188
RGI60-08.02252,2010,-0.821313825417828
RGI60-08.02252,2011,-1.265811261031185
RGI60-08.02252,2012,0.6382126675844054
RGI60-08.02252,2013,-1.1438554994637213
RGI60-08.02252,2014,-1.2188957970077001
RGI60-08.02252,2015,0.33533915474645826
RGI60-08.02252,2016,-1.171623367671696
RGI60-08.02252,2017,-0.893568133208685
RGI60-08.02252,2018,-1.465446215252173
RGI60-08.02252,2019,-0.6815979006090493
RGI60-08.02252,2020,-0.45270321432273375
RGI60-08.02252,2021,-1.6459179807849043
RGI60-08.02252,2022,-1.1830798809214
RGI60-08.02252,2023,-1.6190834129641498
RGI60-08.02252,2024,-2.9409125641063314
RGI60-08.02253,2000,0.6087080609729786
RGI60-08.02253,2001,-0.6408745009980057
RGI60-08.02253,2002,-0.9230604517823223
RGI60-08.02253,2003,-1.382085737945841
RGI60-08.02253,2004,-0.41275688662130794
RGI60-08.02253,2005,0.2979952459337213
RGI60-08.02253,2006,-1.469626273715242
RGI60-08.02253,2007,0.24871380879702965
RGI60-08.02253,2008,-0.31092221319849606
RGI60-08.02253,2009,0.36507830659716456
RGI60-08.02253,2010,-0.8333139450001807
RGI60-08.02253,2011,-1.3709430305418087
RGI60-08.02253,2012,-0.05051586502358496
RGI60-08.02253,2013,-1.0851094688740957
RGI60-08.02253,2014,-1.3197343289110544
RGI60-08.02253,2015,0.2343089400308086
RGI60-08.02253,2016,-0.5621529508515831
RGI60-08.02253,2017,0.015196904460046401
RGI60-08.02253,2018,-1.033431396673382
RGI60-08.02253,2019,-0.20557421665484055
RGI60-08.02253,2020,-0.09400078501898723
RGI60-08.02253,2021,-1.3401310971627551
RGI60-08.02253,2022,-0.6779164707512653
RGI60-08.02253,2023,-1.5732961707884638
RGI60-08.02253,2024,-2.6883318598454538
RGI60-08.02254,2000,0.4989474546079582
RGI60-08.02254,2001,-0.5528592344593646
RGI60-08.02254,2002,-1.1320843253247812
RGI60-08.02254,2003,-1.4004200629051167
RGI60-08.02254,2004,-0.2970129368905592
RGI60-08.02254,2005,0.26044825590150555
RGI60-08.02254,2006,-1.5152625864323221
RGI60-08.02254,2007,0.2032640507103679
RGI60-08.02254,2008,-0.2746812040079433
RGI60-08.02254,2009,0.018275022173913302
RGI60-08.02254,2010,-0.580549094428591
RGI60-08.02254,2011,-0.7880029863422187
RGI60-08.02254,2012,0.6102832320377678
RGI60-08.02254,2013,-1.075108811919792
RGI60-08.02254,2014,-1.2737641328589513
RGI60-08.02254,2015,0.0005832040377713454
RGI60-08.02254,2016,-0.934274669947045
RGI60-08.02254,2017,-0.3357616772029418
RGI60-08.02254,2018,-1.4097496973207353
RGI60-08.02254,2019,-0.5734697994289082
RGI60-08.02254,2020,-0.333852713868702
RGI60-08.02254,2021,-1.1393200310692189
RGI60-08.02254,2022,-0.6286752984613764
RGI60-08.02254,2023,-1.1042093591698876
RGI60-08.02254,2024,-2.388565843734024
RGI60-08.02255,2000,0.5453722782054674
RGI60-08.02255,2001,-0.5600793047262779
RGI60-08.02255,2002,-0.649092416691871
RGI60-08.02255,2003,-0.9098630281019675
RGI60-08.02255,2004,-0.4505285217831678
RGI60-08.02255,2005,-0.30326675220585964
RGI60-08.02255,2006,-1.6098450697541966
RGI60-08.02255,2007,-0.38146937387538826
RGI60-08.02255,2008,-0.20832292059450197
RGI60-08.02255,2009,-0.0311801598913653
RGI60-08.02255,2010,-0.6785670286246819
RGI60-08.02255,2011,-1.031755558233304
RGI60-08.02255,2012,0.21962840732769173
RGI60-08.02255,2013,-0.7362492790494386
RGI60-08.02255,2014,-1.4597375048417054
RGI60-08.02255,2015,0.29904224285088876
RGI60-08.02255,2016,0.10656021148304418
RGI60-08.02255,2017,-0.1935458388384907
RGI60-08.02255,2018,-0.8247394686562447
RGI60-08.02255,2019,-0.09206091399863592
RGI60-08.02255,2020,-0.278533179324685
RGI60-08.02255,2021,-1.5919577571236356
RGI60-08.02255,2022,-0.34376623323464967
RGI60-08.02255,2023,-1.1563507542893676
RGI60-08.02255,2024,-2.3346449737393082
RGI60-08.02256,2000,0.34725934967359284
RGI60-08.02256,2001,-0.5597090275629752
RGI60-08.02256,2002,-1.1145547704061225
RGI60-08.02256,2003,-1.444259068350883
RGI60-08.02256,2004,-0.5968174527985508
RGI60-08.02256,2005,-0.36209916440671397
RGI60-08.02256,2006,-1.3822184171299037
RGI60-08.02256,2007,-0.23530853004794694
RGI60-08.02256,2008,-0.37455394382975404
RGI60-08.02256,2009,-0.2358384696620181
RGI60-08.02256,2010,-0.512097358301772
RGI60-08.02256,2011,-1.043907940085196
RGI60-08.02256,2012,0.5375394320723332
RGI60-08.02256,2013,-0.868753179746621
RGI60-08.02256,2014,-1.2475077959626135
RGI60-08.02256,2015,0.02252544637168874
RGI60-08.02256,2016,-0.8454658518642046
RGI60-08.02256,2017,-0.3766272094891393
RGI60-08.02256,2018,-1.1086269475941501
RGI60-08.02256,2019,-0.5782791008790549
RGI60-08.02256,2020,-0.3540660781533018
RGI60-08.02256,2021,-0.9911908098071297
RGI60-08.02256,2022,-0.5954424949949427
RGI60-08.02256,2023,-0.8863229930914052
RGI60-08.02256,2024,-2.0108655683983683
RGI60-08.02258,2000,0.12947741765823173
RGI60-08.02258,2001,-0.4327933115035763
RGI60-08.02258,2002,-1.485824933345992
RGI60-08.02258,2003,-0.954333938315108
RGI60-08.02258,2004,-0.6463253513179288
RGI60-08.02258,2005,-0.052658027590616885
RGI60-08.02258,2006,-1.7832085157645383
RGI60-08.02258,2007,-0.016138797792930204
RGI60-08.02258,2008,-0.07623922857949855
RGI60-08.02258,2009,0.0862705930880221
RGI60-08.02258,2010,-0.030130974421052226
RGI60-08.02258,2011,-0.5446635241058928
RGI60-08.02258,2012,0.775094375182715
RGI60-08.02258,2013,-0.36386741417821566
RGI60-08.02258,2014,-0.8694060089301402
RGI60-08.02258,2015,0.8475614303905751
RGI60-08.02258,2016,0.7021593974866528
RGI60-08.02258,2017,-0.9256262675615914
RGI60-08.02258,2018,-1.3326251209362843
RGI60-08.02258,2019,-0.9134217994628306
RGI60-08.02258,2020,0.10522886989264024
RGI60-08.02258,2021,-0.9906924456792433
RGI60-08.02258,2022,-1.403471977040895
RGI60-08.02258,2023,-1.1056189945649382
RGI60-08.02258,2024,-0.233211882321905
RGI60-08.02261,2000,2.4296522817263346
RGI60-08.02261,2001,1.0440036414967
RGI60-08.02261,2002,1.0082884731333683
RGI60-08.02261,2003,0.6055628291407122
RGI60-08.02261,2004,-0.42093049563009316
RGI60-08.02261,2005,-0.5749438332960293
RGI60-08.02261,2006,-0.8120740774104767
RGI60-08.02261,2007,0.2597727988059957
RGI60-08.02261,2008,-0.3085263325099196
RGI60-08.02261,2009,-0.9825274195264433
RGI60-08.02261,2010,-1.036324631953254
RGI60-08.02261,2011,-0.8609204627944538
RGI60-08.02261,2012,0.35038447301814335
RGI60-08.02261,2013,-1.3158866031465184
RGI60-08.02261,2014,-1.0335322671482972
RGI60-08.02261,2015,0.12308849812500983
RGI60-08.02261,2016,-0.9355088463934675
RGI60-08.02261,2017,-0.0024051361148091643
RGI60-08.02261,2018,-0.293054791236018
RGI60-08.02261,2019,0.08968190171352047
RGI60-08.02261,2020,1.5028689812573266
RGI60-08.02261,2021,-0.3221723927561308
RGI60-08.02261,2022,-0.3589670238719618
RGI60-08.02261,2023,-0.65340603240635
RGI60-08.02261,2024,-1.8173475063707294
RGI60-08.02262,2000,1.0224742192235845
RGI60-08.02262,2001,-1.4289902499792588
RGI60-08.02262,2002,-0.7830131646241134
RGI60-08.02262,2003,-1.3113479466879756
RGI60-08.02262,2004,-0.5181964270592068
RGI60-08.02262,2005,-0.8435442443683808
RGI60-08.02262,2006,-1.3711528270062878
RGI60-08.02262,2007,0.07904616005554543
RGI60-08.02262,2008,-0.6010018135737383
RGI60-08.02262,2009,0.5097191403879139
RGI60-08.02262,2010,-0.47853631450882295
RGI60-08.02262,2011,-1.426970040473185
RGI60-08.02262,2012,0.22037570168362297
RGI60-08.02262,2013,-2.7536446592461052
RGI60-08.02262,2014,-0.8797763766897448
RGI60-08.02262,2015,0.9561853960847532
RGI60-08.02262,2016,-1.2103624718250263
RGI60-08.02262,2017,0.6323267018489899
RGI60-08.02262,2018,-2.1994307312382526
RGI60-08.02262,2019,-0.9545600520043116
RGI60-08.02262,2020,0.4309113340908711
RGI60-08.02262,2021,-0.09089880208945
RGI60-08.02262,2022,-0.2884228183694273
RGI60-08.02262,2023,-1.9743830003765797
RGI60-08.02262,2024,-2.3672930698118693
RGI60-08.02263,2000,0.1730837438523487
RGI60-08.02263,2001,-0.8445016230990621
RGI60-08.02263,2002,-1.2029476306709248
RGI60-08.02263,2003,-2.118436605911901
RGI60-08.02263,2004,-0.6839088204647689
RGI60-08.02263,2005,-0.6832110838633088
RGI60-08.02263,2006,-1.5568319068849275
RGI60-08.02263,2007,1.0927266389920778
RGI60-08.02263,2008,-0.6233538838235598
RGI60-08.02263,2009,-0.005541651690988747
RGI60-08.02263,2010,-0.5938334886885006
RGI60-08.02263,2011,-1.2501227387876785
RGI60-08.02263,2012,-0.3058271421901539
RGI60-08.02263,2013,-1.588638591527558
RGI60-08.02263,2014,-1.3135424666733144
RGI60-08.02263,2015,-0.18979344018386823
RGI60-08.02263,2016,-1.0406145062290644
RGI60-08.02263,2017,0.4849636638679191
RGI60-08.02263,2018,-2.162807705014189
RGI60-08.02263,2019,-1.0378607610085893
RGI60-08.02263,2020,-0.38753881061348683
RGI60-08.02263,2021,-0.21838094920173012
RGI60-08.02263,2022,-0.603035453860891
RGI60-08.02263,2023,-2.4460704416733052
RGI60-08.02263,2024,0.2211116218918473
RGI60-08.02267,2000,0.08304132437517503
RGI60-08.02267,2001,1.9327663764236225
RGI60-08.02267,2002,1.8879949472946858
RGI60-08.02267,2003,-1.354813374910812
RGI60-08.02267,2004,-0.818686461846649
RGI60-08.02267,2005,-0.2265189294606516
RGI60-08.02267,2006,0.5784258761985257
RGI60-08.02267,2007,0.18378929929811566
RGI60-08.02267,2008,-0.81534637731003
RGI60-08.02267,2009,0.6799929485825622
RGI60-08.02267,2010,-0.6809108834643203
RGI60-08.02267,2011,-0.8073755268779994
RGI60-08.02267,2012,-0.3482488477544725
RGI60-08.02267,2013,-1.6263182439844195
RGI60-08.02267,2014,0.6816072167771796
RGI60-08.02267,2015,0.529299076302751
RGI60-08.02267,2016,-1.3797668666409182
RGI60-08.02267,2017,0.6931636006983954
RGI60-08.02267,2018,-1.358906676249938
RGI60-08.02267,2019,0.18181152254919686
RGI60-08.02267,2020,0.3981505605640542
RGI60-08.02267,2021,-0.1491149378528411
RGI60-08.02267,2022,-0.2833663125292044
RGI60-08.02267,2023,-1.4115427116806323
RGI60-08.02267,2024,0.1748020236998123
RGI60-08.02269,2000,0.2926360378825634
RGI60-08.02269,2001,-1.4446759579816142
RGI60-08.02269,2002,-1.2803752680412885
RGI60-08.02269,2003,-0.07743841597985335
RGI60-08.02269,2004,-0.723142127958144
RGI60-08.02269,2005,-0.3684853318151942
RGI60-08.02269,2006,-0.4725976554502975
RGI60-08.02269,2007,0.770450832579032
RGI60-08.02269,2008,-0.1764403428029936
RGI60-08.02269,2009,-0.9776628001601868
RGI60-08.02269,2010,-0.22959691048633654
RGI60-08.02269,2011,-0.05599245278354076
RGI60-08.02269,2012,0.31384915647217293
RGI60-08.02269,2013,-1.2041074111784016
RGI60-08.02269,2014,-0.6705021998017817
RGI60-08.02269,2015,-0.35918399015299346
RGI60-08.02269,2016,-1.3549081030750159
RGI60-08.02269,2017,0.5149785313462564
RGI60-08.02269,2018,-1.3146707330588874
RGI60-08.02269,2019,1.4025651424465264
RGI60-08.02269,2020,-0.18348355186163745
RGI60-08.02269,2021,-0.5571413919521444
RGI60-08.02269,2022,-0.328884920770046
RGI60-08.02269,2023,-2.477905217895399
RGI60-08.02269,2024,-2.1244809295187386
RGI60-08.02271,2000,0.524800341274725
RGI60-08.02271,2001,-0.5121820380806699
RGI60-08.02271,2002,-0.5360092254583275
RGI60-08.02271,2003,-0.5665052884274693
RGI60-08.02271,2004,-0.22148448828052786
RGI60-08.02271,2005,0.2057181146261538
RGI60-08.02271,2006,-0.8136985534275055
RGI60-08.02271,2007,1.3202286080232788
RGI60-08.02271,2008,-0.05133367373957226
RGI60-08.02271,2009,0.07774034344054775
RGI60-08.02271,2010,-0.1485858259307702
RGI60-08.02271,2011,-1.1892904131260282
RGI60-08.02271,2012,-0.04106266107927034
RGI60-08.02271,2013,-1.5579434812716366
RGI60-08.02271,2014,-0.9245851962765511
RGI60-08.02271,2015,-0.02521079058402681
RGI60-08.02271,2016,-0.7212214614647368
RGI60-08.02271,2017,0.5115547644218682
RGI60-08.02271,2018,-0.8317786536223583
RGI60-08.02271,2019,0.6675495789828787
RGI60-08.02271,2020,0.16616314340791932
RGI60-08.02271,2021,-0.5092356912831131
RGI60-08.02271,2022,-0.32669626157452636
RGI60-08.02271,2023,-1.1541349208081755
RGI60-08.02271,2024,-2.0787789471284075
RGI60-08.02284,2000,0.7521735977277021
RGI60-08.02284,2001,0.10937626423197094
RGI60-08.02284,2002,-1.4183103760403348
RGI60-08.02284,2003,1.5753655109676612
RGI60-08.02284,2004,-0.8309537489978333
RGI60-08.02284,2005,0.2700269799370407
RGI60-08.02284,2006,-1.9180541199047338
RGI60-08.02284,2007,0.8416992585261353
RGI60-08.02284,2008,-0.8617062506323742
RGI60-08.02284,2009,0.889089863170574
RGI60-08.02284,2010,-1.7823199871787865
RGI60-08.02284,2011,0.8033773400824363
RGI60-08.02284,2012,-0.4470514173476989
RGI60-08.02284,2013,0.7776715278056253
RGI60-08.02284,2014,-1.3614280165299113
RGI60-08.02284,2015,-0.007586575151719177
RGI60-08.02284,2016,-1.71453917674862
RGI60-08.02284,2017,-0.6149399249860469
RGI60-08.02284,2018,-1.207698411023912
RGI60-08.02284,2019,-1.055592337907168
RGI60-08.02284,2020,-0.6859202978016092
RGI60-08.02284,2021,-1.4871220139784085
RGI60-08.02284,2022,-0.7040305388911763
RGI60-08.02284,2023,-1.1986735626641911
RGI60-08.02284,2024,0.6484440091475282
RGI60-08.02286,2000,0.6168144048244812
RGI60-08.02286,2001,2.717908741354808
RGI60-08.02286,2002,-1.6931593251951982
RGI60-08.02286,2003,1.1478263684796859
RGI60-08.02286,2004,-0.9099931734039672
RGI60-08.02286,2005,-0.5834600598317313
RGI60-08.02286,2006,-0.8201126684741433
RGI60-08.02286,2007,0.6702425611972764
RGI60-08.02286,2008,-0.9273366180963099
RGI60-08.02286,2009,-0.3690528732595951
RGI60-08.02286,2010,-0.5084488592190808
RGI60-08.02286,2011,-2.9324184130653785
RGI60-08.02286,2012,0.7377553750879202
RGI60-08.02286,2013,-1.370659812942853
RGI60-08.02286,2014,0.8873576355176869
RGI60-08.02286,2015,1.2216414862733478
RGI60-08.02286,2016,-1.1607885647525888
RGI60-08.02286,2017,-0.43118175232466516
RGI60-08.02286,2018,-0.9376624417078534
RGI60-08.02286,2019,-0.14517201046184766
RGI60-08.02286,2020,-1.9705048473283449
RGI60-08.02286,2021,-1.8632302694366398
RGI60-08.02286,2022,-1.0740397169342597
RGI60-08.02286,2023,-2.5500877846888947
RGI60-08.02286,2024,-2.3353876391705937
RGI60-08.02290,2000,-0.42335142108888224
RGI60-08.02290,2001,-1.4921402786965163
RGI60-08.02290,2002,-1.0789485441083477
RGI60-08.02290,2003,-0.5121356901660097
RGI60-08.02290,2004,-0.3809476523110904
RGI60-08.02290,2005,-0.25469681735668526
RGI60-08.02290,2006,-1.8297227939319942
RGI60-08.02290,2007,-0.19991988745657496
RGI60-08.02290,2008,-1.1699807821307628
RGI60-08.02290,2009,-0.4693692245902351
RGI60-08.02290,2010,-0.7346242211668629
RGI60-08.02290,2011,-1.9717823584451526
RGI60-08.02290,2012,-0.3652640994447749
RGI60-08.02290,2013,-1.9372491869560444
RGI60-08.02290,2014,-1.2279327657117498
RGI60-08.02290,2015,-0.3627028038388601
RGI60-08.02290,2016,-0.7314573734097742
RGI60-08.02290,2017,-0.3141392701505321
RGI60-08.02290,2018,-2.0329631553396226
RGI60-08.02290,2019,-1.1775716736995214
RGI60-08.02290,2020,-0.3473041465896418
RGI60-08.02290,2021,-2.008564500713801
RGI60-08.02290,2022,-0.6877442451677608
RGI60-08.02290,2023,-1.3317993086897522
RGI60-08.02290,2024,-3.23252068018017
RGI60-08.02308,2000,0.47193895157566956
RGI60-08.02308,2001,-0.6467918758785596
RGI60-08.02308,2002,-0.8880639066232843
RGI60-08.02308,2003,0.4600805667538337
RGI60-08.02308,2004,-0.3232706578960971
RGI60-08.02308,2005,-0.3763053720813731
RGI60-08.02308,2006,-1.5206223477707967
RGI60-08.02308,2007,-0.07522099462418347
RGI60-08.02308,2008,-0.5046479092789536
RGI60-08.02308,2009,-0.09250591608412417
RGI60-08.02308,2010,-0.7569042994671558
RGI60-08.02308,2011,-1.0802328615032244
RGI60-08.02308,2012,0.013029279590520193
RGI60-08.02308,2013,-1.4617106355086689
RGI60-08.02308,2014,-0.5012705214133168
RGI60-08.02308,2015,0.7479514457206817
RGI60-08.02308,2016,-0.8230960191132869
RGI60-08.02308,2017,-0.2987795048896611
RGI60-08.02308,2018,-0.7778792826886438
RGI60-08.02308,2019,-0.3684981388193726
RGI60-08.02308,2020,-0.2357352190130913
RGI60-08.02308,2021,-0.46054554774801576
RGI60-08.02308,2022,-0.524260681341762
RGI60-08.02308,2023,0.4130762899686319
RGI60-08.02308,2024,0.21340787938110106
RGI60-08.02314,2000,0.11813364972630924
RGI60-08.02314,2001,-0.4446119998405282
RGI60-08.02314,2002,-0.8511802240772051
RGI60-08.02314,2003,-0.44179185484637323
RGI60-08.02314,2004,0.07393182372263041
RGI60-08.02314,2005,-0.4575545900056615
RGI60-08.02314,2006,-1.345649222763133
RGI60-08.02314,2007,-0.21020062916328677
RGI60-08.02314,2008,-0.4793906920557878
RGI60-08.02314,2009,0.08997708980688268
RGI60-08.02314,2010,-0.8102933990225898
RGI60-08.02314,2011,-0.6103646498505525
RGI60-08.02314,2012,-0.1902298038183775
RGI60-08.02314,2013,-1.7318796309803557
RGI60-08.02314,2014,-0.3135748315632094
RGI60-08.02314,2015,0.766986918333591
RGI60-08.02314,2016,-1.048965732045622
RGI60-08.02314,2017,0.5372064510810481
RGI60-08.02314,2018,-0.9486125414173319
RGI60-08.02314,2019,-0.4226361312204459
RGI60-08.02314,2020,0.346689260495082
RGI60-08.02314,2021,-1.1515286747077367
RGI60-08.02314,2022,-0.6133708419813316
RGI60-08.02314,2023,-1.0203941875065174
RGI60-08.02314,2024,-1.1865910802025508
RGI60-08.02316,2000,1.1324095914830377
RGI60-08.02316,2001,1.734841994510846
RGI60-08.02316,2002,-2.143865882157592
RGI60-08.02316,2003,2.7739927594340408
RGI60-08.02316,2004,2.250315741337213
RGI60-08.02316,2005,-1.548121106486321
RGI60-08.02316,2006,-0.17416608994973615
RGI60-08.02316,2007,1.5485446852516525
RGI60-08.02316,2008,-0.290195774168976
RGI60-08.02316,2009,-2.1022108873421548
RGI60-08.02316,2010,-0.3344021579912677
RGI60-08.02316,2011,0.2732043533639955
RGI60-08.02316,2012,1.1322383525367459
RGI60-08.02316,2013,-2.1573379020566854
RGI60-08.02316,2014,1.6795697470591604
RGI60-08.02316,2015,-1.4733596200624475
RGI60-08.02316,2016,-1.334740947847958
RGI60-08.02316,2017,-0.227012840978273
RGI60-08.02316,2018,-3.814167907361344
RGI60-08.02316,2019,-0.7464361085739255
RGI60-08.02316,2020,-1.0109655627639087
RGI60-08.02316,2021,-0.09922564553878645
RGI60-08.02316,2022,-1.2801834799927116
RGI60-08.02316,2023,1.9730834059310043
RGI60-08.02316,2024,1.1345366875413616
RGI60-08.02325,2000,0.058644734513233945
RGI60-08.02325,2001,2.8772185891597886
RGI60-08.02325,2002,0.060990405849931845
RGI60-08.02325,2003,-0.9377902462728726
RGI60-08.02325,2004,0.23910037435250825
RGI60-08.02325,2005,-1.1585363595492915
RGI60-08.02325,2006,-1.0272829712027838
RGI60-08.02325,2007,0.19713210506357118
RGI60-08.02325,2008,-0.21663035320096885
RGI60-08.02325,2009,1.9880112486138612
RGI60-08.02325,2010,1.6892135665874761
RGI60-08.02325,2011,-1.0362915014860126
RGI60-08.02325,2012,1.5184744510653831
RGI60-08.02325,2013,-0.13052950156333099
RGI60-08.02325,2014,-1.904679854742032
RGI60-08.02325,2015,0.7571447405659352
RGI60-08.02325,2016,-0.7955327886994604
RGI60-08.02325,2017,-0.8686174341507938
RGI60-08.02325,2018,-1.4577848317664777
RGI60-08.02325,2019,-0.7114543731376683
RGI60-08.02325,2020,2.473411088280069
RGI60-08.02325,2021,1.2068990414534366
RGI60-08.02325,2022,2.083835049809769
RGI60-08.02325,2023,-1.1642072073131837
RGI60-08.02325,2024,-1.1903512879162976
RGI60-08.02329,2000,-1.2571398892199788
RGI60-08.02329,2001,-0.59389735378047
RGI60-08.02329,2002,0.11081479730875227
RGI60-08.02329,2003,-0.54015029201705
RGI60-08.02329,2004,0.7753352807223786
RGI60-08.02329,2005,0.2766614777274959
RGI60-08.02329,2006,-3.3145095174770787
RGI60-08.02329,2007,-0.5687717379040709
RGI60-08.02329,2008,-0.15121132474521887
RGI60-08.02329,2009,1.0349543365783462
RGI60-08.02329,2010,-0.9829643310894074
RGI60-08.02329,2011,0.5195533885989645
RGI60-08.02329,2012,-0.48256889277044124
RGI60-08.02329,2013,-1.4980610944992323
RGI60-08.02329,2014,-0.6946142715538016
RGI60-08.02329,2015,0.6722475862216359
RGI60-08.02329,2016,0.3731350678059154
RGI60-08.02329,2017,0.49592428537913985
RGI60-08.02329,2018,-2.6600592834480548
RGI60-08.02329,2019,-1.0070782318378146
RGI60-08.02329,2020,-0.7338155813209482
RGI60-08.02329,2021,-1.4133839097795051
RGI60-08.02329,2022,-0.2754693205474811
RGI60-08.02329,2023,2.438686071880162
RGI60-08.02329,2024,-3.0663515896406333
RGI60-08.02339,2000,-0.5014669896481383
RGI60-08.02339,2001,-0.5237686056964491
RGI60-08.02339,2002,1.9899819845684492
RGI60-08.02339,2003,1.0837247896116864
RGI60-08.02339,2004,-1.5241430466341046
RGI60-08.02339,2005,-2.533824862700306
RGI60-08.02339,2006,1.2886641089189133
RGI60-08.02339,2007,0.5551850031966016
RGI60-08.02339,2008,-0.7757767243217172
RGI60-08.02339,2009,0.43095385482155824
RGI60-08.02339,2010,-1.0083819627528976
RGI60-08.02339,2011,-1.2067674930450356
RGI60-08.02339,2012,0.43319287306547627
RGI60-08.02339,2013,0.18219767591720093
RGI60-08.02339,2014,-1.6764987878728248
RGI60-08.02339,2015,1.5829397567068302
RGI60-08.02339,2016,-0.8503813536149866
RGI60-08.02339,2017,0.9741396909906123
RGI60-08.02339,2018,-1.6028098880597623
RGI60-08.02339,2019,-1.6692600234510966
RGI60-08.02339,2020,-1.612927465916786
RGI60-08.02339,2021,-3.456317399822239
RGI60-08.02339,2022,1.0888315559117312
RGI60-08.02339,2023,-0.4123603323286556
RGI60-08.02339,2024,-0.4180395386717696
RGI60-08.02347,2000,1.045863124717246
RGI60-08.02347,2001,-1.3773866503552117
RGI60-08.02347,2002,-0.570718622447138
RGI60-08.02347,2003,-0.9611083621342875
RGI60-08.02347,2004,-0.6018170015079467
RGI60-08.02347,2005,0.18353253022410232
RGI60-08.02347,2006,-2.083990378536484
RGI60-08.02347,2007,0.6442907899044932
RGI60-08.02347,2008,-0.4154301750022993
RGI60-08.02347,2009,-0.5848187943571311
RGI60-08.02347,2010,-0.9794615491438461
RGI60-08.02347,2011,-1.7295048632393883
RGI60-08.02347,2012,-0.4143996336778777
RGI60-08.02347,2013,-2.2161521626863685
RGI60-08.02347,2014,-0.9652149524695567
RGI60-08.02347,2015,0.8363821229478092
RGI60-08.02347,2016,-0.7437855322508842
RGI60-08.02347,2017,0.2972738199637941
RGI60-08.02347,2018,-2.2915930159045743
RGI60-08.02347,2019,-0.049760694044439946
RGI60-08.02347,2020,0.5853297804254527
RGI60-08.02347,2021,-1.2312711614907874
RGI60-08.02347,2022,-0.746274801824263
RGI60-08.02347,2023,-1.1274084627663954
RGI60-08.02347,2024,-2.3592264355341808
RGI60-08.02355,2000,0.7390233088235463
RGI60-08.02355,2001,-0.6886002870625714
RGI60-08.02355,2002,-0.565240916171554
RGI60-08.02355,2003,-1.46888305275553
RGI60-08.02355,2004,0.2070963053874082
RGI60-08.02355,2005,-0.8739501662744216
RGI60-08.02355,2006,-1.4820727793110913
RGI60-08.02355,2007,0.39164934714076427
RGI60-08.02355,2008,-0.3517332699798928
RGI60-08.02355,2009,-1.1159358566282385
RGI60-08.02355,2010,-0.7136507175047639
RGI60-08.02355,2011,-1.0457646027916647
RGI60-08.02355,2012,0.8239904950853931
RGI60-08.02355,2013,-2.2223066401459053
RGI60-08.02355,2014,-1.5125482999108288
RGI60-08.02355,2015,0.11964276959627218
RGI60-08.02355,2016,-1.2637439201673215
RGI60-08.02355,2017,0.2806835726326473
RGI60-08.02355,2018,-2.283229095771267
RGI60-08.02355,2019,-0.038826194190987096
RGI60-08.02355,2020,0.4783299000750785
RGI60-08.02355,2021,-0.6200714640478935
RGI60-08.02355,2022,-1.232197468927918
RGI60-08.02355,2023,-1.1715142277078416
RGI60-08.02355,2024,-2.593327386261481
RGI60-08.02357,2000,-0.03544582864916035
RGI60-08.02357,2001,-0.09837501283845906
RGI60-08.02357,2002,-0.7157474354515131
RGI60-08.02357,2003,-1.001622845124031
RGI60-08.02357,2004,-0.18384378326809536
RGI60-08.02357,2005,-0.46025432608765376
RGI60-08.02357,2006,-1.735398652463549
RGI60-08.02357,2007,0.10273095667048526
RGI60-08.02357,2008,-0.5594108129454438
RGI60-08.02357,2009,-0.626999190043471
RGI60-08.02357,2010,-0.8380448592547094
RGI60-08.02357,2011,-1.3144537050511862
RGI60-08.02357,2012,-0.05495788562262138
RGI60-08.02357,2013,-2.089103160872466
RGI60-08.02357,2014,-1.2576116417932903
RGI60-08.02357,2015,0.18580960280367476
RGI60-08.02357,2016,-0.7711491526202413
RGI60-08.02357,2017,-0.2680208181320831
RGI60-08.02357,2018,-1.6804449188577846
RGI60-08.02357,2019,-0.565756530398416
RGI60-08.02357,2020,-0.15604309515439851
RGI60-08.02357,2021,-1.0418734923003967
RGI60-08.02357,2022,-0.8610360367414323
RGI60-08.02357,2023,-1.7018993692705047
RGI60-08.02357,2024,-2.082253721504557
RGI60-08.02363,2000,0.7624984634263384
RGI60-08.02363,2001,-0.7573834934302597
RGI60-08.02363,2002,-1.1988682714650405
RGI60-08.02363,2003,-0.5011898535131161
RGI60-08.02363,2004,0.9088223959520637
RGI60-08.02363,2005,-0.002391208431908931
RGI60-08.02363,2006,-1.2713374904420975
RGI60-08.02363,2007,0.2798898390690697
RGI60-08.02363,2008,-0.27205478842986014
RGI60-08.02363,2009,-0.2008533272700287
RGI60-08.02363,2010,0.19592874412081074
RGI60-08.02363,2011,-1.03564141464879
RGI60-08.02363,2012,0.7328314023667256
RGI60-08.02363,2013,-1.637292034086431
RGI60-08.02363,2014,-1.6249410057458316
RGI60-08.02363,2015,0.2596606767488461
RGI60-08.02363,2016,0.2230924461729129
RGI60-08.02363,2017,0.23088856545427838
RGI60-08.02363,2018,-1.768718991014611
RGI60-08.02363,2019,-0.250340654833069
RGI60-08.02363,2020,-0.6860318581016358
RGI60-08.02363,2021,-0.6912083608817764
RGI60-08.02363,2022,-0.3385856825702153
RGI60-08.02363,2023,-0.3690057742320099
RGI60-08.02363,2024,-2.138922937693416
RGI60-08.02364,2000,0.46676026499344603
RGI60-08.02364,2001,-0.6226763467566432
RGI60-08.02364,2002,-1.2295976850332049
RGI60-08.02364,2003,-0.028472667806049845
RGI60-08.02364,2004,-0.867508854198602
RGI60-08.02364,2005,-0.11635544066768533
RGI60-08.02364,2006,-1.0943058127947423
RGI60-08.02364,2007,0.9476644663931001
RGI60-08.02364,2008,-0.014024072155132905
RGI60-08.02364,2009,-0.6877104693685179
RGI60-08.02364,2010,0.26101524675061083
RGI60-08.02364,2011,-1.2582094160727437
RGI60-08.02364,2012,0.5749037553999026
RGI60-08.02364,2013,-1.3574368418816718
RGI60-08.02364,2014,-1.6155926755013206
RGI60-08.02364,2015,0.5880862120058613
RGI60-08.02364,2016,0.2675037154169716
RGI60-08.02364,2017,0.6644639535401781
RGI60-08.02364,2018,-1.6027975569521673
RGI60-08.02364,2019,-0.07120977531159267
RGI60-08.02364,2020,-0.6848113295586811
RGI60-08.02364,2021,0.06516596475150599
RGI60-08.02364,2022,-0.42643962357155374
RGI60-08.02364,2023,-1.071786585018272
RGI60-08.02364,2024,-3.6138937821993804
RGI60-08.02369,2000,1.186006077880179
RGI60-08.02369,2001,-0.6098956599646491
RGI60-08.02369,2002,-0.6100343720424727
RGI60-08.02369,2003,-1.2267167765093179
RGI60-08.02369,2004,0.39455311206351884
RGI60-08.02369,2005,-0.727175325085903
RGI60-08.02369,2006,-1.3190815235304312
RGI60-08.02369,2007,0.265348621104186
RGI60-08.02369,2008,-0.1776052122837582
RGI60-08.02369,2009,-1.1990570967938114
RGI60-08.02369,2010,-0.6810177318204862
RGI60-08.02369,2011,-1.6015976506070333
RGI60-08.02369,2012,-0.017522331919487488
RGI60-08.02369,2013,-2.037319039259797
RGI60-08.02369,2014,-1.600593443624655
RGI60-08.02369,2015,0.16781462843804373
RGI60-08.02369,2016,-0.590030684734318
RGI60-08.02369,2017,0.3270378398826741
RGI60-08.02369,2018,-1.7609635749981614
RGI60-08.02369,2019,-0.3140498561943358
RGI60-08.02369,2020,-0.005633618667870932
RGI60-08.02369,2021,-0.44078162287096523
RGI60-08.02369,2022,-0.7864036262033973
RGI60-08.02369,2023,-1.1786565429245421
RGI60-08.02369,2024,-2.5186079318623102
RGI60-08.02370,2000,-0.24099418750790452
RGI60-08.02370,2001,-0.2955770250519446
RGI60-08.02370,2002,-0.16073547004928646
RGI60-08.02370,2003,-1.4907410026757324
RGI60-08.02370,2004,-1.690074198964182
RGI60-08.02370,2005,-0.6171808600272464
RGI60-08.02370,2006,-1.875924388335271
RGI60-08.02370,2007,-0.4841830230515933
RGI60-08.02370,2008,-0.799097747159365
RGI60-08.02370,2009,0.632335812632309
RGI60-08.02370,2010,-0.13861550391721522
RGI60-08.02370,2011,-0.7782125098365932
RGI60-08.02370,2012,0.4151960641874636
RGI60-08.02370,2013,-0.644408100650571
RGI60-08.02370,2014,-2.090257725874199
RGI60-08.02370,2015,-0.7065942253146704
RGI60-08.02370,2016,-0.695552927145295
RGI60-08.02370,2017,-0.5874481103693832
RGI60-08.02370,2018,-1.531667007624941
RGI60-08.02370,2019,-0.7252678632643756
RGI60-08.02370,2020,0.23701740119432468
RGI60-08.02370,2021,-1.8842319969945658
RGI60-08.02370,2022,-1.2357209474830837
RGI60-08.02370,2023,-0.613842011608982
RGI60-08.02370,2024,-0.4253431470943341
RGI60-08.02372,2000,0.06393043633850914
RGI60-08.02372,2001,-0.21074545298994066
RGI60-08.02372,2002,-0.5088049180698947
RGI60-08.02372,2003,-0.3691373253783383
RGI60-08.02372,2004,-0.7435125778103373
RGI60-08.02372,2005,-0.49181562466996204
RGI60-08.02372,2006,-0.6250433235529195
RGI60-08.02372,2007,0.24224006921903835
RGI60-08.02372,2008,-0.04603760202142915
RGI60-08.02372,2009,0.140089268959453
RGI60-08.02372,2010,0.10068135163140352
RGI60-08.02372,2011,-0.7738928979068896
RGI60-08.02372,2012,0.014155159675955153
RGI60-08.02372,2013,-0.7523739439827534
RGI60-08.02372,2014,-1.0021813780495887
RGI60-08.02372,2015,-0.21343247684690264
RGI60-08.02372,2016,-0.49431789994867287
RGI60-08.02372,2017,-0.027478086914424604
RGI60-08.02372,2018,-1.7583905735096197
RGI60-08.02372,2019,-0.9494322041726655
RGI60-08.02372,2020,-0.7777695801081408
RGI60-08.02372,2021,-0.4943983785202931
RGI60-08.02372,2022,-0.30873914737109776
RGI60-08.02372,2023,-1.319797673463575
RGI60-08.02372,2024,-2.1788129942515875
RGI60-08.02374,2000,0.4839125137175335
RGI60-08.02374,2001,-0.7891685589252231
RGI60-08.02374,2002,-0.8903461043385381
RGI60-08.02374,2003,-1.2447527639316742
RGI60-08.02374,2004,0.06392298555820519
RGI60-08.02374,2005,-0.5830449219224161
RGI60-08.02374,2006,-1.8871457026991552
RGI60-08.02374,2007,0.2684186292984496
RGI60-08.02374,2008,-0.7427770240701113
RGI60-08.02374,2009,-1.090261444917619
RGI60-08.02374,2010,-0.8376055819113257
RGI60-08.02374,2011,-1.6165333161423674
RGI60-08.02374,2012,0.004010437182324411
RGI60-08.02374,2013,-2.4517643031307808
RGI60-08.02374,2014,-1.557369812215657
RGI60-08.02374,2015,0.18063414480171747
RGI60-08.02374,2016,-0.9939645948557083
RGI60-08.02374,2017,0.07634278582723741
RGI60-08.02374,2018,-2.255799448129572
RGI60-08.02374,2019,-0.6449079191953134
RGI60-08.02374,2020,-0.0645635737200273
RGI60-08.02374,2021,-1.3996151169074604
RGI60-08.02374,2022,-1.7167723046587258
RGI60-08.02374,2023,-1.319426799679667
RGI60-08.02374,2024,-2.929175743529081
RGI60-08.02375,2000,0.9472967119987185
RGI60-08.02375,2001,-0.7703070151986144
RGI60-08.02375,2002,-0.3408643973284315
RGI60-08.02375,2003,-0.9346996746605337
RGI60-08.02375,2004,-0.3543902033893608
RGI60-08.02375,2005,-0.14855977901578915
RGI60-08.02375,2006,-1.9735313234594165
RGI60-08.02375,2007,0.5567832279813508
RGI60-08.02375,2008,-0.4143472997124002
RGI60-08.02375,2009,-0.3814323314746165
RGI60-08.02375,2010,-0.586969083971305
RGI60-08.02375,2011,-1.459207569458941
RGI60-08.02375,2012,0.46218301369470927
RGI60-08.02375,2013,-2.1621762788836496
RGI60-08.02375,2014,-1.1380146860953393
RGI60-08.02375,2015,0.22914155837756855
RGI60-08.02375,2016,-0.47704294393066893
RGI60-08.02375,2017,0.5253649043666796
RGI60-08.02375,2018,-1.505345996783137
RGI60-08.02375,2019,-0.46618083305683244
RGI60-08.02375,2020,0.30447058559815365
RGI60-08.02375,2021,-1.0950092986167603
RGI60-08.02375,2022,-0.9293872843907296
RGI60-08.02375,2023,-1.2347216559887102
RGI60-08.02375,2024,-2.3109034242700517
RGI60-08.02376,2000,0.3560042120883559
RGI60-08.02376,2001,-0.5144462346956113
RGI60-08.02376,2002,-0.863358300388047
RGI60-08.02376,2003,-0.6716791380807359
RGI60-08.02376,2004,0.21591065072324195
RGI60-08.02376,2005,-0.4704949753357164
RGI60-08.02376,2006,-1.0695276871787829
RGI60-08.02376,2007,0.3907862585239548
RGI60-08.02376,2008,-0.14261847911527822
RGI60-08.02376,2009,-0.4806046384839577
RGI60-08.02376,2010,-0.17064924283962582
RGI60-08.02376,2011,-0.8298334534150351
RGI60-08.02376,2012,0.3017220690202895
RGI60-08.02376,2013,-1.1437594676805087
RGI60-08.02376,2014,-1.051575468814548
RGI60-08.02376,2015,0.1059365252605034
RGI60-08.02376,2016,-0.10819469994090741
RGI60-08.02376,2017,0.07871181499218255
RGI60-08.02376,2018,-0.8946903063278602
RGI60-08.02376,2019,-0.49613943831190244
RGI60-08.02376,2020,-0.3244381186039248
RGI60-08.02376,2021,-0.5427630065578092
RGI60-08.02376,2022,-0.15201973555430845
RGI60-08.02376,2023,-1.0628213073925983
RGI60-08.02376,2024,-2.526743284557407
RGI60-08.02380,2000,-0.059078769020127986
RGI60-08.02380,2001,-0.839501057736467
RGI60-08.02380,2002,-0.8461736217910482
RGI60-08.02380,2003,-0.7288497059117043
RGI60-08.02380,2004,0.9358941277061648
RGI60-08.02380,2005,-0.5515881887789661
RGI60-08.02380,2006,-1.687508889343805
RGI60-08.02380,2007,0.09881492733516106
RGI60-08.02380,2008,-1.070174554928706
RGI60-08.02380,2009,-1.0506445474542125
RGI60-08.02380,2010,-0.9107875797607605
RGI60-08.02380,2011,-1.4133980279238876
RGI60-08.02380,2012,-0.04264785861228493
RGI60-08.02380,2013,-2.1534431380852572
RGI60-08.02380,2014,-1.1213592142275888
RGI60-08.02380,2015,-0.23897855337844048
RGI60-08.02380,2016,-0.8485067500169058
RGI60-08.02380,2017,-0.445901083667889
RGI60-08.02380,2018,-1.139350078202083
RGI60-08.02380,2019,-0.6223174362011903
RGI60-08.02380,2020,-0.8291249665308015
RGI60-08.02380,2021,-1.0970353797286314
RGI60-08.02380,2022,-0.8543782315395734
RGI60-08.02380,2023,-1.8392301321299518
RGI60-08.02380,2024,-2.1618717234693516
RGI60-08.02381,2000,0.6145146463397939
RGI60-08.02381,2001,-1.3113757981475764
RGI60-08.02381,2002,-0.9835983854701407
RGI60-08.02381,2003,-1.2324955792407104
RGI60-08.02381,2004,0.038156059662999176
RGI60-08.02381,2005,-0.6005040078422691
RGI60-08.02381,2006,-1.8581507340785184
RGI60-08.02381,2007,0.2454690263305106
RGI60-08.02381,2008,-0.3825358453828772
RGI60-08.02381,2009,-0.190680905471884
RGI60-08.02381,2010,-0.7829218494942491
RGI60-08.02381,2011,-2.1336157824415727
RGI60-08.02381,2012,0.3157254893825081
RGI60-08.02381,2013,-2.429376861257195
RGI60-08.02381,2014,-1.5514468315707677
RGI60-08.02381,2015,-0.1359843206432495
RGI60-08.02381,2016,-0.08653726270634132
RGI60-08.02381,2017,-0.0890023180223134
RGI60-08.02381,2018,-1.7431361195064823
RGI60-08.02381,2019,-0.6652026204396504
RGI60-08.02381,2020,-0.08761054489377995
RGI60-08.02381,2021,-1.4098649468835607
RGI60-08.02381,2022,-1.3914793174701754
RGI60-08.02381,2023,-1.757024319431548
RGI60-08.02381,2024,-2.493318949632865
RGI60-08.02382,2000,0.1002240267003831
RGI60-08.02382,2001,-0.7968919353088089
RGI60-08.02382,2002,-0.9000179100864484
RGI60-08.02382,2003,-1.2691203990926017
RGI60-08.02382,2004,-0.6334985222896887
RGI60-08.02382,2005,-0.3927958794129661
RGI60-08.02382,2006,-1.912216710262062
RGI60-08.02382,2007,-0.005836773930612216
RGI60-08.02382,2008,-0.6172081662032405
RGI60-08.02382,2009,-1.250204797087653
RGI60-08.02382,2010,-0.8535272932288993
RGI60-08.02382,2011,-1.5322735323960677
RGI60-08.02382,2012,0.15209077926660752
RGI60-08.02382,2013,-2.027665947359516
RGI60-08.02382,2014,-1.526325566312758
RGI60-08.02382,2015,-0.07630072787607667
RGI60-08.02382,2016,-1.0703693114121957
RGI60-08.02382,2017,-0.4492030854398049
RGI60-08.02382,2018,-2.2285086325568875
RGI60-08.02382,2019,-0.8011496157106894
RGI60-08.02382,2020,0.0918524055057246
RGI60-08.02382,2021,-1.1928575054200712
RGI60-08.02382,2022,-0.8365359450394151
RGI60-08.02382,2023,-2.3200469568775217
RGI60-08.02382,2024,-2.6817684969160602
RGI60-08.02383,2000,0.5363910762281829
RGI60-08.02383,2001,-0.4544552473446417
RGI60-08.02383,2002,-0.46097676827507983
RGI60-08.02383,2003,-0.42017613144888605
RGI60-08.02383,2004,-0.13201706331539897
RGI60-08.02383,2005,-0.5338119286187722
RGI60-08.02383,2006,-1.2838451234587447
RGI60-08.02383,2007,0.2954575858503537
RGI60-08.02383,2008,-0.4050143703657638
RGI60-08.02383,2009,-0.08855662543603454
RGI60-08.02383,2010,-0.19124708549567299
RGI60-08.02383,2011,-1.064357951631441
RGI60-08.02383,2012,0.6253586216491824
RGI60-08.02383,2013,-1.5741432232298116
RGI60-08.02383,2014,-1.1423445635268754
RGI60-08.02383,2015,0.10077439149200557
RGI60-08.02383,2016,-0.3341204812755242
RGI60-08.02383,2017,0.005449162760818305
RGI60-08.02383,2018,-1.4282511082116556
RGI60-08.02383,2019,-0.7538131663462455
RGI60-08.02383,2020,0.38742459503471977
RGI60-08.02383,2021,-0.4650001014186038
RGI60-08.02383,2022,-0.692057422823906
RGI60-08.02383,2023,-0.9477239957134123
RGI60-08.02383,2024,-2.274389979454696
RGI60-08.02384,2000,-0.28892094012926706
RGI60-08.02384,2001,-0.7803551806192759
RGI60-08.02384,2002,-0.8677219015902229
RGI60-08.02384,2003,-1.1617743330381174
RGI60-08.02384,2004,-0.14664034673321213
RGI60-08.02384,2005,-0.5427945930720376
RGI60-08.02384,2006,-1.377823665818554
RGI60-08.02384,2007,-0.10526647701400704
RGI60-08.02384,2008,-0.5589592418720029
RGI60-08.02384,2009,-1.1107016654458892
RGI60-08.02384,2010,-0.7437601789085521
RGI60-08.02384,2011,-1.122768254872327
RGI60-08.02384,2012,-0.4036606333332109
RGI60-08.02384,2013,-1.6706389010492417
RGI60-08.02384,2014,-1.680024039668707
RGI60-08.02384,2015,-0.4968740048274897
RGI60-08.02384,2016,-1.0749323725616875
RGI60-08.02384,2017,-0.4608284699914336
RGI60-08.02384,2018,-1.8744018052860811
RGI60-08.02384,2019,-0.7804529941686781
RGI60-08.02384,2020,-1.1345048490434062
RGI60-08.02384,2021,-1.3753322203686449
RGI60-08.02384,2022,-1.0032058077047221
RGI60-08.02384,2023,-1.6969740351692815
RGI60-08.02384,2024,-2.4232662221374444
RGI60-08.02387,2000,-1.3768267895187374
RGI60-08.02387,2001,-0.09132775881426332
RGI60-08.02387,2002,2.91019862259952
RGI60-08.02387,2003,-0.08021460278733071
RGI60-08.02387,2004,1.9734571524619087
RGI60-08.02387,2005,-0.06403188060668222
RGI60-08.02387,2006,-2.7880688673386134
RGI60-08.02387,2007,1.2986863212210915
RGI60-08.02387,2008,-0.866966165983275
RGI60-08.02387,2009,2.6641059164234293
RGI60-08.02387,2010,-0.0700587222887708
RGI60-08.02387,2011,1.5221899491879023
RGI60-08.02387,2012,-0.38647756794487087
RGI60-08.02387,2013,-3.0303203659465328
RGI60-08.02387,2014,-2.557720565160392
RGI60-08.02387,2015,0.14291910563821578
RGI60-08.02387,2016,-1.484597395452449
RGI60-08.02387,2017,1.6161290074399264
RGI60-08.02387,2018,-1.5120610044446798
RGI60-08.02387,2019,-1.355714388685395
RGI60-08.02387,2020,0.24615681830451278
RGI60-08.02387,2021,0.8857740028025004
RGI60-08.02387,2022,-1.15552664867131
RGI60-08.02387,2023,-1.8842222773864776
RGI60-08.02387,2024,1.2852627916572255
RGI60-08.02388,2000,1.3623129027261849
RGI60-08.02388,2001,1.1454793426254832
RGI60-08.02388,2002,-1.7122847128284142
RGI60-08.02388,2003,-2.059370482225722
RGI60-08.02388,2004,1.0434273529815141
RGI60-08.02388,2005,0.12846051253686033
RGI60-08.02388,2006,-2.4262013859422438
RGI60-08.02388,2007,-0.07631965692057371
RGI60-08.02388,2008,-1.0120174054097721
RGI60-08.02388,2009,0.8887803871803818
RGI60-08.02388,2010,-1.320230417443969
RGI60-08.02388,2011,-2.106457491604578
RGI60-08.02388,2012,0.42421182846836736
RGI60-08.02388,2013,0.17386532280587316
RGI60-08.02388,2014,0.3427110270891528
RGI60-08.02388,2015,0.7503024072433063
RGI60-08.02388,2016,-0.22332166300423703
RGI60-08.02388,2017,-0.7351731302339194
RGI60-08.02388,2018,1.5736184290221944
RGI60-08.02388,2019,-0.675293167065894
RGI60-08.02388,2020,1.1249286946378605
RGI60-08.02388,2021,-1.048900737192081
RGI60-08.02388,2022,-0.4974108790714028
RGI60-08.02388,2023,-1.677026755242653
RGI60-08.02388,2024,-1.5566548104057951
RGI60-08.02389,2000,0.6062556905441985
RGI60-08.02389,2001,2.237501590132164
RGI60-08.02389,2002,-1.5999590289446395
RGI60-08.02389,2003,0.20190963911466875
RGI60-08.02389,2004,1.3720296342749814
RGI60-08.02389,2005,-1.2065084711599874
RGI60-08.02389,2006,-0.7886598676009946
RGI60-08.02389,2007,0.29105613723530316
RGI60-08.02389,2008,-1.6653868389693653
RGI60-08.02389,2009,1.0809728400706842
RGI60-08.02389,2010,-0.1684008394453853
RGI60-08.02389,2011,-1.3921412565137854
RGI60-08.02389,2012,0.11838529271668638
RGI60-08.02389,2013,-1.1373909588553266
RGI60-08.02389,2014,-2.1090746292036013
RGI60-08.02389,2015,0.42328121523172796
RGI60-08.02389,2016,3.033783636760101
RGI60-08.02389,2017,-0.18535650196224507
RGI60-08.02389,2018,2.545651693766138
RGI60-08.02389,2019,-1.1925489771913174
RGI60-08.02389,2020,0.8456777902776995
RGI60-08.02389,2021,-1.0257305941103554
RGI60-08.02389,2022,-0.7769261699519701
RGI60-08.02389,2023,-1.8556729853547351
RGI60-08.02389,2024,-0.7544346760739624
RGI60-08.02390,2000,-0.7910735812517642
RGI60-08.02390,2001,-0.15022506579901296
RGI60-08.02390,2002,-1.9756103100953593
RGI60-08.02390,2003,2.613460423937435
RGI60-08.02390,2004,0.7299562618135043
RGI60-08.02390,2005,-1.6784755550638457
RGI60-08.02390,2006,-2.6557651996695615
RGI60-08.02390,2007,0.06562955012051569
RGI60-08.02390,2008,0.2633218373012451
RGI60-08.02390,2009,2.2313041744115547
RGI60-08.02390,2010,-1.8259592070841755
RGI60-08.02390,2011,-3.466505689871214
RGI60-08.02390,2012,0.45571105293919884
RGI60-08.02390,2013,-0.49605634896632655
RGI60-08.02390,2014,-0.15360907308880667
RGI60-08.02390,2015,-0.849451503131542
RGI60-08.02390,2016,-0.017497286317824323
RGI60-08.02390,2017,0.051061901110074914
RGI60-08.02390,2018,-1.6964314594579104
RGI60-08.02390,2019,0.7361150781637924
RGI60-08.02390,2020,0.16767816242926586
RGI60-08.02390,2021,-0.4064018533185624
RGI60-08.02390,2022,0.2573904938387655
RGI60-08.02390,2023,-0.49554508864934044
RGI60-08.02390,2024,-0.16486577738271974
RGI60-08.02392,2000,0.2631448035864411
RGI60-08.02392,2001,-0.43035663933552126
RGI60-08.02392,2002,-0.7021697253688962
RGI60-08.02392,2003,-0.9215470929285904
RGI60-08.02392,2004,-0.4495700189600511
RGI60-08.02392,2005,0.4069504198378302
RGI60-08.02392,2006,-1.4385934957970352
RGI60-08.02392,2007,0.5014972770849788
RGI60-08.02392,2008,-0.12224107441100246
RGI60-08.02392,2009,-0.651987013720598
RGI60-08.02392,2010,-0.5509352126252347
RGI60-08.02392,2011,-1.8646494829106304
RGI60-08.02392,2012,0.19125103651457764
RGI60-08.02392,2013,-1.6941357599792004
RGI60-08.02392,2014,-1.657762260188929
RGI60-08.02392,2015,0.14623111794549748
RGI60-08.02392,2016,-0.9024903380967262
RGI60-08.02392,2017,0.18463927383200884
RGI60-08.02392,2018,-1.4740532948146492
RGI60-08.02392,2019,-0.22022251966427714
RGI60-08.02392,2020,-0.13754315483407137
RGI60-08.02392,2021,-1.0208938229540852
RGI60-08.02392,2022,-0.5535756183804748
RGI60-08.02392,2023,-0.30322120529543817
RGI60-08.02392,2024,-1.505030481556644
RGI60-08.02396,2000,-0.48729851498826304
RGI60-08.02396,2001,-0.4795040100659116
RGI60-08.02396,2002,-1.0185956530201776
RGI60-08.02396,2003,-1.6992092661097544
RGI60-08.02396,2004,-0.5125510280623002
RGI60-08.02396,2005,-0.6411433735886827
RGI60-08.02396,2006,-2.0234629801245676
RGI60-08.02396,2007,-0.38761883197324615
RGI60-08.02396,2008,-1.0237217643741487
RGI60-08.02396,2009,0.8022597053554084
RGI60-08.02396,2010,-0.8459093517259576
RGI60-08.02396,2011,-1.530261044607319
RGI60-08.02396,2012,-0.21805151182268645
RGI60-08.02396,2013,-2.2440758787285207
RGI60-08.02396,2014,-1.626458723273325
RGI60-08.02396,2015,0.3215576155089963
RGI60-08.02396,2016,-1.4074217713406183
RGI60-08.02396,2017,-0.28704637456553816
RGI60-08.02396,2018,-0.9998714052103156
RGI60-08.02396,2019,-0.5571158372830673
RGI60-08.02396,2020,-0.40708698078473077
RGI60-08.02396,2021,-1.1989715096553775
RGI60-08.02396,2022,-1.2092752820328565
RGI60-08.02396,2023,-0.7353271006532779
RGI60-08.02396,2024,-0.9751178461918655
RGI60-08.02398,2000,0.03977572405524832
RGI60-08.02398,2001,0.1539882984555968
RGI60-08.02398,2002,-0.6051076176411823
RGI60-08.02398,2003,-1.5468910133052705
RGI60-08.02398,2004,0.10621539417473536
RGI60-08.02398,2005,0.7449280821345707
RGI60-08.02398,2006,-0.0027727250000956216
RGI60-08.02398,2007,0.28885269519012924
RGI60-08.02398,2008,-0.3784300869631461
RGI60-08.02398,2009,-0.6895050818731443
RGI60-08.02398,2010,-0.3271663335834634
RGI60-08.02398,2011,-1.07299532043931
RGI60-08.02398,2012,0.39272291948837856
RGI60-08.02398,2013,-1.8195754746727262
RGI60-08.02398,2014,-0.8326790338516293
RGI60-08.02398,2015,-0.027636432080190343
RGI60-08.02398,2016,-0.6930081296750386
RGI60-08.02398,2017,0.018834772222143803
RGI60-08.02398,2018,-0.30039451242604726
RGI60-08.02398,2019,-0.2882561242095722
RGI60-08.02398,2020,0.9943630484979615
RGI60-08.02398,2021,-0.8106401311692373
RGI60-08.02398,2022,-0.8673904475880985
RGI60-08.02398,2023,-1.5265127794372852
RGI60-08.02398,2024,-2.3909164071919107
RGI60-08.02399,2000,0.29852654459398176
RGI60-08.02399,2001,1.1355196944428485
RGI60-08.02399,2002,-0.5175770132077016
RGI60-08.02399,2003,-0.9173256032687146
RGI60-08.02399,2004,0.1317479238026871
RGI60-08.02399,2005,0.16020059308175513
RGI60-08.02399,2006,-1.1323097695727125
RGI60-08.02399,2007,0.003411718812336012
RGI60-08.02399,2008,-0.01127406411393031
RGI60-08.02399,2009,0.290181925296249
RGI60-08.02399,2010,-0.4948245991460797
RGI60-08.02399,2011,-1.0988183081281715
RGI60-08.02399,2012,0.46977005824644247
RGI60-08.02399,2013,-0.18956610379264327
RGI60-08.02399,2014,-1.2545536034239597
RGI60-08.02399,2015,0.4336340807124338
RGI60-08.02399,2016,-0.4355288694675973
RGI60-08.02399,2017,0.129912995916214
RGI60-08.02399,2018,-0.8970984521594239
RGI60-08.02399,2019,-0.02512914862401086
RGI60-08.02399,2020,0.3361066468308124
RGI60-08.02399,2021,-0.5664444564371334
RGI60-08.02399,2022,-0.17941000223002063
RGI60-08.02399,2023,-0.8593208756977626
RGI60-08.02399,2024,-1.7618122185323488
RGI60-08.02401,2000,0.017599185276009233
RGI60-08.02401,2001,0.9868931614827458
RGI60-08.02401,2002,-0.6486040122377663
RGI60-08.02401,2003,-1.0733248390766987
RGI60-08.02401,2004,1.2350539858052705
RGI60-08.02401,2005,-0.06988571343318994
RGI60-08.02401,2006,-1.3077939672824588
RGI60-08.02401,2007,0.5545765938526389
RGI60-08.02401,2008,-0.7250391792478528
RGI60-08.02401,2009,-0.010607454185509457
RGI60-08.02401,2010,-0.8176640639553414
RGI60-08.02401,2011,-1.6018924027142596
RGI60-08.02401,2012,0.02679761562858035
RGI60-08.02401,2013,-2.228512482175491
RGI60-08.02401,2014,-1.3563681531203318
RGI60-08.02401,2015,0.05117313563216275
RGI60-08.02401,2016,-0.6873448207222503
RGI60-08.02401,2017,-0.3468224495031437
RGI60-08.02401,2018,-0.9074957819852352
RGI60-08.02401,2019,-0.07083835803788296
RGI60-08.02401,2020,1.2057963065755337
RGI60-08.02401,2021,-0.9885683608465821
RGI60-08.02401,2022,-0.5562956332715151
RGI60-08.02401,2023,-2.0343481184776513
RGI60-08.02401,2024,-1.835879283275672
RGI60-08.02402,2000,0.22007097643475076
RGI60-08.02402,2001,-0.4891018074904489
RGI60-08.02402,2002,-0.6382238748332498
RGI60-08.02402,2003,-1.04288029318859
RGI60-08.02402,2004,0.020444158946497593
RGI60-08.02402,2005,0.5134059214331805
RGI60-08.02402,2006,-1.5422208181552544
RGI60-08.02402,2007,0.7553127097057215
RGI60-08.02402,2008,-0.24973884683040218
RGI60-08.02402,2009,-0.5102685925395807
RGI60-08.02402,2010,-0.8455249045201648
RGI60-08.02402,2011,-1.0515006714504653
RGI60-08.02402,2012,0.6913599760685134
RGI60-08.02402,2013,-0.9587269915980421
RGI60-08.02402,2014,-1.066884840308012
RGI60-08.02402,2015,0.11955025471479203
RGI60-08.02402,2016,-1.087694967428341
RGI60-08.02402,2017,-0.03497682168080751
RGI60-08.02402,2018,-0.6479546677919308
RGI60-08.02402,2019,0.023054100511835984
RGI60-08.02402,2020,0.30888939497132556
RGI60-08.02402,2021,-0.8859684436842441
RGI60-08.02402,2022,-0.7518778972765483
RGI60-08.02402,2023,-0.6094625580085054
RGI60-08.02402,2024,-2.7779989229606143
RGI60-08.02408,2000,0.13282273678944317
RGI60-08.02408,2001,0.3999958579805148
RGI60-08.02408,2002,-1.0792939868077918
RGI60-08.02408,2003,0.5276797128266346
RGI60-08.02408,2004,0.3417833433960065
RGI60-08.02408,2005,-0.552764150304393
RGI60-08.02408,2006,-0.7920568783799495
RGI60-08.02408,2007,-0.05352068097277099
RGI60-08.02408,2008,0.5705171724998885
RGI60-08.02408,2009,-1.2665723638974897
RGI60-08.02408,2010,0.20946740013439713
RGI60-08.02408,2011,-0.9650016652390758
RGI60-08.02408,2012,1.2126948357878502
RGI60-08.02408,2013,-0.14424460437263106
RGI60-08.02408,2014,-0.9904249280986148
RGI60-08.02408,2015,1.3726797315244068
RGI60-08.02408,2016,-1.0454073759843077
RGI60-08.02408,2017,-0.6286034884664996
RGI60-08.02408,2018,-0.5934824469952236
RGI60-08.02408,2019,-0.5246682214203895
RGI60-08.02408,2020,-1.061553166472875
RGI60-08.02408,2021,-1.0081428616845338
RGI60-08.02408,2022,-0.24202964274829827
RGI60-08.02408,2023,0.6595093323446715
RGI60-08.02408,2024,0.5697259321860695
RGI60-08.02411,2000,-0.4086506226357316
RGI60-08.02411,2001,-1.1241649613062896
RGI60-08.02411,2002,-0.6920254061273112
RGI60-08.02411,2003,-0.28447505231886716
RGI60-08.02411,2004,-1.4092722762471332
RGI60-08.02411,2005,-0.8377991933012365
RGI60-08.02411,2006,-1.0899747581227717
RGI60-08.02411,2007,-1.0006235617432224
RGI60-08.02411,2008,0.37471522346657427
RGI60-08.02411,2009,-1.9064491533533998
RGI60-08.02411,2010,-0.38143229998463035
RGI60-08.02411,2011,-1.6693223657839855
RGI60-08.02411,2012,0.5622637915720929
RGI60-08.02411,2013,-1.697767918822101
RGI60-08.02411,2014,-0.9162296910968923
RGI60-08.02411,2015,0.029154738002238
RGI60-08.02411,2016,-1.0547798155944534
RGI60-08.02411,2017,-0.49241209531094376
RGI60-08.02411,2018,-0.9821665834319921
RGI60-08.02411,2019,-0.7364879978599363
RGI60-08.02411,2020,-0.5028787911737718
RGI60-08.02411,2021,-0.515511282851641
RGI60-08.02411,2022,-0.5590148999244123
RGI60-08.02411,2023,-1.2713249893545857
RGI60-08.02411,2024,-2.2642078501188694
RGI60-08.02412,2000,-0.15449846161126396
RGI60-08.02412,2001,-0.7823107216872632
RGI60-08.02412,2002,-1.0289195132476485
RGI60-08.02412,2003,-0.7902562112068825
RGI60-08.02412,2004,-0.4241755861426315
RGI60-08.02412,2005,-0.10198699225280627
RGI60-08.02412,2006,-0.8829011704948102
RGI60-08.02412,2007,-0.08114357594015359
RGI60-08.02412,2008,0.0628551884963483
RGI60-08.02412,2009,-1.2557149324089885
RGI60-08.02412,2010,-0.537927607316224
RGI60-08.02412,2011,-1.0642034347185634
RGI60-08.02412,2012,0.5537771920735358
RGI60-08.02412,2013,-1.08764278123641
RGI60-08.02412,2014,-0.928416020862628
RGI60-08.02412,2015,0.09788773094338632
RGI60-08.02412,2016,-0.980933816612765
RGI60-08.02412,2017,-0.4104842333015355
RGI60-08.02412,2018,-1.2163922280835266
RGI60-08.02412,2019,-0.5432128243891734
RGI60-08.02412,2020,-0.17956572417455918
RGI60-08.02412,2021,-0.5265579559159399
RGI60-08.02412,2022,-0.6679148800303559
RGI60-08.02412,2023,-0.61309011060952
RGI60-08.02412,2024,-2.7661925706532333
RGI60-08.02420,2000,-0.3243932927849035
RGI60-08.02420,2001,0.21543136786646744
RGI60-08.02420,2002,-1.2958409916117422
RGI60-08.02420,2003,0.9640604347199977
RGI60-08.02420,2004,-0.42380224822938584
RGI60-08.02420,2005,-0.7398386659157358
RGI60-08.02420,2006,-1.2773396105899373
RGI60-08.02420,2007,-0.6001361939002228
RGI60-08.02420,2008,-0.4810763079483517
RGI60-08.02420,2009,-0.27328434892183256
RGI60-08.02420,2010,-0.3892684222722035
RGI60-08.02420,2011,-1.4532008680152515
RGI60-08.02420,2012,0.1778235861980061
RGI60-08.02420,2013,-1.8661979416942065
RGI60-08.02420,2014,0.15552547106970627
RGI60-08.02420,2015,0.10309725582994622
RGI60-08.02420,2016,-0.7716671407100371
RGI60-08.02420,2017,-0.3401291761137587
RGI60-08.02420,2018,-0.7492279143775289
RGI60-08.02420,2019,-0.2657349925990215
RGI60-08.02420,2020,0.039628432698464056
RGI60-08.02420,2021,-0.6414458459945952
RGI60-08.02420,2022,-1.0015062344232892
RGI60-08.02420,2023,-0.7548342027948256
RGI60-08.02420,2024,0.78988847680114
RGI60-08.02428,2000,0.17269454178185817
RGI60-08.02428,2001,-0.3527677918182956
RGI60-08.02428,2002,-1.1641692204926828
RGI60-08.02428,2003,0.8189127424740792
RGI60-08.02428,2004,-0.030107327437997933
RGI60-08.02428,2005,-0.6269298582150656
RGI60-08.02428,2006,-0.7903601681357261
RGI60-08.02428,2007,-0.36830120525808846
RGI60-08.02428,2008,-0.8108564670428959
RGI60-08.02428,2009,-1.6655773777538414
RGI60-08.02428,2010,-0.5666295760987217
RGI60-08.02428,2011,-2.6361671329405865
RGI60-08.02428,2012,-0.17128998036862775
RGI60-08.02428,2013,-1.4523258174851275
RGI60-08.02428,2014,-1.357117719971336
RGI60-08.02428,2015,-0.802604009450927
RGI60-08.02428,2016,-1.8777767926956335
RGI60-08.02428,2017,-0.5756547166933252
RGI60-08.02428,2018,-0.16716635889013587
RGI60-08.02428,2019,-0.29310576350692946
RGI60-08.02428,2020,-1.3057178434667773
RGI60-08.02428,2021,-1.2208380305747029
RGI60-08.02428,2022,-1.558073745844005
RGI60-08.02428,2023,-1.861544887430744
RGI60-08.02428,2024,-3.7185580316053617
RGI60-08.02429,2000,0.5852542613328422
RGI60-08.02429,2001,0.20281606226068422
RGI60-08.02429,2002,-0.4244871573767237
RGI60-08.02429,2003,-0.4188632023328382
RGI60-08.02429,2004,0.11932405885916192
RGI60-08.02429,2005,-0.6201299426690912
RGI60-08.02429,2006,-1.7214112092415608
RGI60-08.02429,2007,0.39185517232063033
RGI60-08.02429,2008,-0.4178279083737108
RGI60-08.02429,2009,-1.2355085086909028
RGI60-08.02429,2010,-0.5119727101235052
RGI60-08.02429,2011,-0.9586922361420127
RGI60-08.02429,2012,1.2700177256704699
RGI60-08.02429,2013,-1.0592201602410911
RGI60-08.02429,2014,-0.9660458376936167
RGI60-08.02429,2015,0.13948943488544202
RGI60-08.02429,2016,-1.008325848861342
RGI60-08.02429,2017,-0.8903150102636119
RGI60-08.02429,2018,-0.9410980608335471
RGI60-08.02429,2019,-0.7581589224856646
RGI60-08.02429,2020,-0.705952695901347
RGI60-08.02429,2021,0.9590285384087371
RGI60-08.02429,2022,-1.596127261054501
RGI60-08.02429,2023,-0.4148773927031079
RGI60-08.02429,2024,-1.6716694300809525
RGI60-08.02433,2000,0.105519072018181
RGI60-08.02433,2001,-0.9695719724777305
RGI60-08.02433,2002,-1.0435418230945714
RGI60-08.02433,2003,0.02862775775080184
RGI60-08.02433,2004,-0.058440643397421166
RGI60-08.02433,2005,-0.411202554549824
RGI60-08.02433,2006,-1.3243658980382211
RGI60-08.02433,2007,-0.2674367654940426
RGI60-08.02433,2008,-0.39571761702581437
RGI60-08.02433,2009,-0.6048975836550818
RGI60-08.02433,2010,-0.5101479061971076
RGI60-08.02433,2011,-1.0276323162864323
RGI60-08.02433,2012,0.11460675100583129
RGI60-08.02433,2013,-1.4330787665487126
RGI60-08.02433,2014,-1.0985258682928625
RGI60-08.02433,2015,-0.30155760309000673
RGI60-08.02433,2016,-0.16925013376644849
RGI60-08.02433,2017,-0.29170956939043324
RGI60-08.02433,2018,-0.5834652852723508
RGI60-08.02433,2019,-0.7207112741977486
RGI60-08.02433,2020,-0.16525773721391446
RGI60-08.02433,2021,-0.7910933544247509
RGI60-08.02433,2022,-1.0807622714340313
RGI60-08.02433,2023,-0.28416587030722235
RGI60-08.02433,2024,-2.2422556003390226
RGI60-08.02436,2000,-0.848392980250361
RGI60-08.02436,2001,-0.3979573602813087
RGI60-08.02436,2002,-2.0551862577943427
RGI60-08.02436,2003,-0.6959767858236697
RGI60-08.02436,2004,-0.7510782105226835
RGI60-08.02436,2005,-1.0718985699740626
RGI60-08.02436,2006,-2.374696816842096
RGI60-08.02436,2007,0.7282170637971915
RGI60-08.02436,2008,-1.171760004378458
RGI60-08.02436,2009,0.7861087254527398
RGI60-08.02436,2010,-0.758804618601998
RGI60-08.02436,2011,-0.6525802367411043
RGI60-08.02436,2012,-0.3276659589784826
RGI60-08.02436,2013,-2.3114519416406996
RGI60-08.02436,2014,-1.2463969401513058
RGI60-08.02436,2015,-0.35738394885834934
RGI60-08.02436,2016,-2.6179347260616135
RGI60-08.02436,2017,-0.9187244294565894
RGI60-08.02436,2018,-2.168673849555045
RGI60-08.02436,2019,-0.38826215333775305
RGI60-08.02436,2020,-0.33688929264360346
RGI60-08.02436,2021,-0.6640095828929169
RGI60-08.02436,2022,-1.537044719421833
RGI60-08.02436,2023,-0.8599025328706955
RGI60-08.02436,2024,1.0007725911190444
RGI60-08.02445,2000,0.24023217774629124
RGI60-08.02445,2001,0.24681994180181954
RGI60-08.02445,2002,-1.0443516746931205
RGI60-08.02445,2003,-0.23479584268058115
RGI60-08.02445,2004,-0.7588196322337097
RGI60-08.02445,2005,1.0060363605282516
RGI60-08.02445,2006,-1.3704547918221546
RGI60-08.02445,2007,0.454353422011754
RGI60-08.02445,2008,-0.3542187847841518
RGI60-08.02445,2009,-0.722023996070742
RGI60-08.02445,2010,-0.704034613445299
RGI60-08.02445,2011,-1.1393391870930745
RGI60-08.02445,2012,0.8326916687723875
RGI60-08.02445,2013,-1.5777116695384834
RGI60-08.02445,2014,-0.6611027116652467
RGI60-08.02445,2015,0.16030224679132488
RGI60-08.02445,2016,-0.6342829374906275
RGI60-08.02445,2017,-0.33967408935653354
RGI60-08.02445,2018,-1.222744636827677
RGI60-08.02445,2019,-0.03818124995043154
RGI60-08.02445,2020,-0.41127795044947674
RGI60-08.02445,2021,-0.4029055107169277
RGI60-08.02445,2022,-0.9795221885885328
RGI60-08.02445,2023,-1.1747277478752896
RGI60-08.02445,2024,-3.188929773113559
RGI60-08.02447,2000,-0.37724373855356014
RGI60-08.02447,2001,-1.5331853849547612
RGI60-08.02447,2002,-2.260990000957777
RGI60-08.02447,2003,-1.1615042729888625
RGI60-08.02447,2004,-1.4304327607792704
RGI60-08.02447,2005,-0.7930987858392538
RGI60-08.02447,2006,-2.0009802027110886
RGI60-08.02447,2007,-0.7780283734599485
RGI60-08.02447,2008,-1.014210975006471
RGI60-08.02447,2009,-0.9446064907196435
RGI60-08.02447,2010,-1.7782764355644938
RGI60-08.02447,2011,2.041197691656045
RGI60-08.02447,2012,-0.5496482643470038
RGI60-08.02447,2013,0.786546205883169
RGI60-08.02447,2014,-1.9249183044526195
RGI60-08.02447,2015,-0.5103019776315937
RGI60-08.02447,2016,0.8355272850780141
RGI60-08.02447,2017,-1.5976051399364553
RGI60-08.02447,2018,1.214372138745782
RGI60-08.02447,2019,-0.8813122134602048
RGI60-08.02447,2020,0.383070720845995
RGI60-08.02447,2021,-0.36259286895610043
RGI60-08.02447,2022,-2.2750881107090852
RGI60-08.02447,2023,-1.2802391867261798
RGI60-08.02447,2024,0.3095108039662583
RGI60-08.02449,2000,0.03966627803254075
RGI60-08.02449,2001,0.16916147170294737
RGI60-08.02449,2002,-1.3708640798113172
RGI60-08.02449,2003,1.3093294227388
RGI60-08.02449,2004,-0.6609877584498927
RGI60-08.02449,2005,0.35743283958791217
RGI60-08.02449,2006,-1.3144192892511342
RGI60-08.02449,2007,-1.334973576666345
RGI60-08.02449,2008,-0.3381354771400682
RGI60-08.02449,2009,-0.40006204908149445
RGI60-08.02449,2010,-0.5114768438664434
RGI60-08.02449,2011,-1.1799300683181992
RGI60-08.02449,2012,0.18035500468560162
RGI60-08.02449,2013,-1.7840218864151351
RGI60-08.02449,2014,-1.337733232726088
RGI60-08.02449,2015,-0.10576171422652064
RGI60-08.02449,2016,-1.1882977923586564
RGI60-08.02449,2017,-0.2483370536362941
RGI60-08.02449,2018,-1.2456659129995122
RGI60-08.02449,2019,0.33192171819931526
RGI60-08.02449,2020,0.12529909727645117
RGI60-08.02449,2021,-0.8419010927672923
RGI60-08.02449,2022,-0.7683790361960688
RGI60-08.02449,2023,-0.5751574124141731
RGI60-08.02449,2024,-2.1928385055337394
RGI60-08.02451,2000,-0.3557975947196334
RGI60-08.02451,2001,-0.28922528288147803
RGI60-08.02451,2002,-0.37449689860080687
RGI60-08.02451,2003,-0.6555727907934676
RGI60-08.02451,2004,-0.22314742451681446
RGI60-08.02451,2005,-0.5762268360416455
RGI60-08.02451,2006,-1.2907278891432037
RGI60-08.02451,2007,0.05857602772676146
RGI60-08.02451,2008,0.0556490868494986
RGI60-08.02451,2009,-0.11575127460743978
RGI60-08.02451,2010,-0.29120479443479375
RGI60-08.02451,2011,-0.765015740843229
RGI60-08.02451,2012,0.3189117623580985
RGI60-08.02451,2013,-1.4409378558435222
RGI60-08.02451,2014,-0.7529839442049207
RGI60-08.02451,2015,0.3347365293306993
RGI60-08.02451,2016,-0.6095014719623549
RGI60-08.02451,2017,0.12648355395856192
RGI60-08.02451,2018,-0.8282987262844266
RGI60-08.02451,2019,0.020931564654129597
RGI60-08.02451,2020,-0.06376314767695113
RGI60-08.02451,2021,-0.6283586097176125
RGI60-08.02451,2022,-0.6872895940448165
RGI60-08.02451,2023,-0.5482891559208575
RGI60-08.02451,2024,-1.6587276483503626
RGI60-08.02457,2000,1.2321345016674319
RGI60-08.02457,2001,-0.9169475227864516
RGI60-08.02457,2002,-1.390258382282063
RGI60-08.02457,2003,-0.6994031169618656
RGI60-08.02457,2004,0.11114086060990325
RGI60-08.02457,2005,-0.23309319491428226
RGI60-08.02457,2006,-1.7364856496752141
RGI60-08.02457,2007,-0.269640041401527
RGI60-08.02457,2008,-0.10966815089593296
RGI60-08.02457,2009,-0.8863428706744747
RGI60-08.02457,2010,-0.5986748375338382
RGI60-08.02457,2011,-1.0404077237187428
RGI60-08.02457,2012,-0.03811862053247467
RGI60-08.02457,2013,-1.533524262608367
RGI60-08.02457,2014,-0.9030594627035717
RGI60-08.02457,2015,0.08953373148523502
RGI60-08.02457,2016,0.026147244677519943
RGI60-08.02457,2017,0.033038648704182716
RGI60-08.02457,2018,-1.522266593444912
RGI60-08.02457,2019,0.289295442989434
RGI60-08.02457,2020,-0.24426906155240913
RGI60-08.02457,2021,-0.3933504718400506
RGI60-08.02457,2022,-1.1536909511380231
RGI60-08.02457,2023,-0.6592860064100639
RGI60-08.02457,2024,-2.0878592951112656
RGI60-08.02458,2000,-0.28184455122259183
RGI60-08.02458,2001,-1.340185285413539
RGI60-08.02458,2002,-0.9237926861637116
RGI60-08.02458,2003,-1.2925735541006453
RGI60-08.02458,2004,-0.31052207366929274
RGI60-08.02458,2005,0.33647834658096454
RGI60-08.02458,2006,-1.6928191947109847
RGI60-08.02458,2007,0.3249123334367997
RGI60-08.02458,2008,-0.31606206916571633
RGI60-08.02458,2009,-0.8009088335280709
RGI60-08.02458,2010,-0.4608830454083119
RGI60-08.02458,2011,-0.8682157172203763
RGI60-08.02458,2012,0.8480018392359389
RGI60-08.02458,2013,-1.1337793786932555
RGI60-08.02458,2014,-1.2911672154543363
RGI60-08.02458,2015,-0.1510961808456881
RGI60-08.02458,2016,-0.8766587660690689
RGI60-08.02458,2017,-0.059459307824056506
RGI60-08.02458,2018,-1.8843157653594775
RGI60-08.02458,2019,-0.8818088944045698
RGI60-08.02458,2020,-0.18104166232369134
RGI60-08.02458,2021,-0.5959674122045445
RGI60-08.02458,2022,-0.22576048503774043
RGI60-08.02458,2023,-0.5464820175212464
RGI60-08.02458,2024,-1.8783113465828793
RGI60-08.02459,2000,-0.14879764217462454
RGI60-08.02459,2001,-0.5554947431450874
RGI60-08.02459,2002,-0.4767190432751814
RGI60-08.02459,2003,-0.775882266947996
RGI60-08.02459,2004,-0.08516698620902013
RGI60-08.02459,2005,-0.47940531668696174
RGI60-08.02459,2006,-1.7940387231254638
RGI60-08.02459,2007,0.21019068364851567
RGI60-08.02459,2008,-0.659655585040725
RGI60-08.02459,2009,-0.925195671193744
RGI60-08.02459,2010,-0.7323982989099905
RGI60-08.02459,2011,-1.189474900919223
RGI60-08.02459,2012,0.7638850563053452
RGI60-08.02459,2013,-0.9233711823977729
RGI60-08.02459,2014,-1.2500660956289962
RGI60-08.02459,2015,-0.09223704170645358
RGI60-08.02459,2016,-0.8718322415468746
RGI60-08.02459,2017,0.275226331442464
RGI60-08.02459,2018,-1.3808032173722626
RGI60-08.02459,2019,0.44183688488406414
RGI60-08.02459,2020,-0.013781060849135662
RGI60-08.02459,2021,-0.8658704107456892
RGI60-08.02459,2022,-0.6177667687640968
RGI60-08.02459,2023,-0.921157181269145
RGI60-08.02459,2024,-1.266421352498521
RGI60-08.02460,2000,0.10103772042574122
RGI60-08.02460,2001,-0.5684820871922893
RGI60-08.02460,2002,-0.600701685970923
RGI60-08.02460,2003,-0.6352431212182008
RGI60-08.02460,2004,0.03734781802262299
RGI60-08.02460,2005,-0.23101195945047126
RGI60-08.02460,2006,-1.0995473909641762
RGI60-08.02460,2007,0.20436944384995043
RGI60-08.02460,2008,0.1081630800097737
RGI60-08.02460,2009,0.3371643086422695
RGI60-08.02460,2010,-0.38144733044329426
RGI60-08.02460,2011,-0.5564912721671259
RGI60-08.02460,2012,0.21842010591858246
RGI60-08.02460,2013,-1.8195150459532083
RGI60-08.02460,2014,-0.6756143250790367
RGI60-08.02460,2015,0.37616845223474854
RGI60-08.02460,2016,0.2044472874442232
RGI60-08.02460,2017,-0.06448405190419423
RGI60-08.02460,2018,-0.6559500238932612
RGI60-08.02460,2019,-0.19942992231174073
RGI60-08.02460,2020,0.04327715653135544
RGI60-08.02460,2021,-0.30972994343632126
RGI60-08.02460,2022,-0.6868517150811122
RGI60-08.02460,2023,-0.8602487357469595
RGI60-08.02460,2024,-2.2437907100006043
RGI60-08.02461,2000,-0.4645183319260672
RGI60-08.02461,2001,-1.6766416793071262
RGI60-08.02461,2002,-1.1531311108801958
RGI60-08.02461,2003,-0.6502932699200402
RGI60-08.02461,2004,-0.25481209478573313
RGI60-08.02461,2005,-0.6773528563438009
RGI60-08.02461,2006,-1.4850970095135028
RGI60-08.02461,2007,0.0661667429549927
RGI60-08.02461,2008,-0.10025139039615838
RGI60-08.02461,2009,-0.29137682958852407
RGI60-08.02461,2010,-0.25688072841562726
RGI60-08.02461,2011,-1.4243009433164564
RGI60-08.02461,2012,1.0011046868640374
RGI60-08.02461,2013,-1.1166936326807202
RGI60-08.02461,2014,-0.7237505285023074
RGI60-08.02461,2015,-0.3491829856073349
RGI60-08.02461,2016,-0.4061752631357344
RGI60-08.02461,2017,-0.78118174299317
RGI60-08.02461,2018,-1.0026826821454238
RGI60-08.02461,2019,-0.999548350361108
RGI60-08.02461,2020,-0.5963994313921812
RGI60-08.02461,2021,-1.2956846705746945
RGI60-08.02461,2022,-1.0078445835436383
RGI60-08.02461,2023,-1.1703241798541781
RGI60-08.02461,2024,-2.1753661222697036
RGI60-08.02470,2000,-0.3559646981472522
RGI60-08.02470,2001,2.492316256415705
RGI60-08.02470,2002,-1.5560599545347784
RGI60-08.02470,2003,-1.2095290821325069
RGI60-08.02470,2004,-0.21409741573888996
RGI60-08.02470,2005,-0.6913890375472294
RGI60-08.02470,2006,-1.5488479794649614
RGI60-08.02470,2007,-0.7095143756679618
RGI60-08.02470,2008,-1.01961249949874
RGI60-08.02470,2009,-0.007389793928913813
RGI60-08.02470,2010,-1.3034118477421115
RGI60-08.02470,2011,-0.6943819243776992
RGI60-08.02470,2012,0.5711839389922124
RGI60-08.02470,2013,-1.6814585715738366
RGI60-08.02470,2014,-0.7976425181901857
RGI60-08.02470,2015,-0.29951006513159456
RGI60-08.02470,2016,0.7257861967547627
RGI60-08.02470,2017,-1.2032227249676726
RGI60-08.02470,2018,-1.292302363944515
RGI60-08.02470,2019,-0.3287515395738362
RGI60-08.02470,2020,-0.6649191867764173
RGI60-08.02470,2021,-0.34451395309159066
RGI60-08.02470,2022,-2.1932912710393535
RGI60-08.02470,2023,-1.5269720789501735
RGI60-08.02470,2024,-2.9775222332616034
RGI60-08.02481,2000,0.6482868539430837
RGI60-08.02481,2001,-1.5892071361502946
RGI60-08.02481,2002,-0.14141911504632243
RGI60-08.02481,2003,-0.19395686783755894
RGI60-08.02481,2004,-1.3431051333546995
RGI60-08.02481,2005,-0.06882016485310605
RGI60-08.02481,2006,-1.155205192574432
RGI60-08.02481,2007,0.048380603902907215
RGI60-08.02481,2008,0.11022940836046258
RGI60-08.02481,2009,-0.2983779391544601
RGI60-08.02481,2010,-0.941252642541361
RGI60-08.02481,2011,-1.4902094511084125
RGI60-08.02481,2012,0.34030346832140546
RGI60-08.02481,2013,-1.6781265939887013
RGI60-08.02481,2014,-0.19691260434071856
RGI60-08.02481,2015,-0.42842394830881125
RGI60-08.02481,2016,-2.4883117141777795
RGI60-08.02481,2017,0.6524855286168874
RGI60-08.02481,2018,-0.6628943780797703
RGI60-08.02481,2019,0.23243701837167718
RGI60-08.02481,2020,0.21298839639733336
RGI60-08.02481,2021,-0.30027433847660395
RGI60-08.02481,2022,-1.495785511715695
RGI60-08.02481,2023,-0.6676566924762699
RGI60-08.02481,2024,-2.0248621545446968
RGI60-08.02483,2000,0.5910378582140343
RGI60-08.02483,2001,-1.7132120684948033
RGI60-08.02483,2002,-1.1183507181595755
RGI60-08.02483,2003,-0.7372087392216794
RGI60-08.02483,2004,-2.2725664999079687
RGI60-08.02483,2005,-1.5387077610150524
RGI60-08.02483,2006,-1.996422332862566
RGI60-08.02483,2007,-0.8135357128851818
RGI60-08.02483,2008,-0.5486663620085358
RGI60-08.02483,2009,-1.2328422864884183
RGI60-08.02483,2010,-1.4802720379948346
RGI60-08.02483,2011,-1.5864852051416913
RGI60-08.02483,2012,-0.7020565268097654
RGI60-08.02483,2013,-1.921743549055841
RGI60-08.02483,2014,-0.7642202549923922
RGI60-08.02483,2015,-1.0076267002558084
RGI60-08.02483,2016,-2.957071071476741
RGI60-08.02483,2017,-0.08788560231491438
RGI60-08.02483,2018,-1.906025474962803
RGI60-08.02483,2019,-0.48073895416547774
RGI60-08.02483,2020,-0.4762743593168183
RGI60-08.02483,2021,-1.481791960719237
RGI60-08.02483,2022,-2.0024558134092807
RGI60-08.02483,2023,-1.3356330268471437
RGI60-08.02483,2024,-2.6143042279723763
RGI60-08.02485,2000,0.6139663950845433
RGI60-08.02485,2001,-0.5661672075251643
RGI60-08.02485,2002,-0.08875799511302485
RGI60-08.02485,2003,0.4654046510476154
RGI60-08.02485,2004,-0.054112868767204225
RGI60-08.02485,2005,0.021231126776372677
RGI60-08.02485,2006,-1.145842799841232
RGI60-08.02485,2007,0.14466523893285493
RGI60-08.02485,2008,0.26357807084076035
RGI60-08.02485,2009,-0.05154929066023589
RGI60-08.02485,2010,-0.4224603702050333
RGI60-08.02485,2011,-0.8479653975462962
RGI60-08.02485,2012,-0.6828833280089945
RGI60-08.02485,2013,-1.5008892875182034
RGI60-08.02485,2014,-0.19962523365739632
RGI60-08.02485,2015,-0.16775338699700512
RGI60-08.02485,2016,-1.2876749365554754
RGI60-08.02485,2017,-0.2080131891605297
RGI60-08.02485,2018,-1.0790435682514952
RGI60-08.02485,2019,-0.12890662287485338
RGI60-08.02485,2020,0.09615511278698546
RGI60-08.02485,2021,-0.4914457371402222
RGI60-08.02485,2022,-0.3697513330704227
RGI60-08.02485,2023,-0.19606000562645157
RGI60-08.02485,2024,-1.6350428413621896
RGI60-08.02492,2000,0.45636812336144056
RGI60-08.02492,2001,-0.6873959122709317
RGI60-08.02492,2002,-0.32181649850887595
RGI60-08.02492,2003,0.26888662869238183
RGI60-08.02492,2004,-0.7121981253439432
RGI60-08.02492,2005,-0.14295990508855502
RGI60-08.02492,2006,-0.6860638980645432
RGI60-08.02492,2007,0.3700322783181876
RGI60-08.02492,2008,0.37125243180116035
RGI60-08.02492,2009,0.07398718226482914
RGI60-08.02492,2010,-0.000692507583622548
RGI60-08.02492,2011,-0.1139671686390406
RGI60-08.02492,2012,0.09965502282207911
RGI60-08.02492,2013,-1.4821903772553071
RGI60-08.02492,2014,-0.832277770536951
RGI60-08.02492,2015,-0.6366746986265415
RGI60-08.02492,2016,-0.8977153007991598
RGI60-08.02492,2017,0.22514868019395945
RGI60-08.02492,2018,-1.228175010061004
RGI60-08.02492,2019,-1.0146031746755517
RGI60-08.02492,2020,0.4807403546915732
RGI60-08.02492,2021,-0.0870994405090591
RGI60-08.02492,2022,-1.0990062534610143
RGI60-08.02492,2023,-0.7107771824672532
RGI60-08.02492,2024,-1.1023109414146641
RGI60-08.02493,2000,-0.08162160335774138
RGI60-08.02493,2001,-0.8549148173961008
RGI60-08.02493,2002,-0.5921843220479669
RGI60-08.02493,2003,-0.036682156747115835
RGI60-08.02493,2004,-0.7060732504135175
RGI60-08.02493,2005,-0.18946925874791637
RGI60-08.02493,2006,-0.2823376140395881
RGI60-08.02493,2007,0.31028679812026805
RGI60-08.02493,2008,-0.3889221960823945
RGI60-08.02493,2009,-0.6127038571161749
RGI60-08.02493,2010,-0.7032745882031378
RGI60-08.02493,2011,-1.1177216265029375
RGI60-08.02493,2012,0.2740766219513836
RGI60-08.02493,2013,-2.0722233050407053
RGI60-08.02493,2014,-1.42050356981831
RGI60-08.02493,2015,-0.8373013020375359
RGI60-08.02493,2016,-0.8101980745302341
RGI60-08.02493,2017,0.20357549599532854
RGI60-08.02493,2018,-1.5132104827092934
RGI60-08.02493,2019,-0.45549689127631726
RGI60-08.02493,2020,-0.4629783536518208
RGI60-08.02493,2021,-0.5143568325195382
RGI60-08.02493,2022,-1.2635701834177588
RGI60-08.02493,2023,-1.1271185071920855
RGI60-08.02493,2024,-1.835397562181282
RGI60-08.02499,2000,1.037976589050467
RGI60-08.02499,2001,-1.5473771125043583
RGI60-08.02499,2002,-0.3989890714027403
RGI60-08.02499,2003,0.03609096972051529
RGI60-08.02499,2004,-1.272182374501151
RGI60-08.02499,2005,0.41654618140261646
RGI60-08.02499,2006,-0.9216255076170705
RGI60-08.02499,2007,0.17167555105101828
RGI60-08.02499,2008,0.3526870211403187
RGI60-08.02499,2009,-0.24857202343464002
RGI60-08.02499,2010,-0.26450511611488287
RGI60-08.02499,2011,-1.1781617688274726
RGI60-08.02499,2012,0.2136141026093643
RGI60-08.02499,2013,-1.8472780339769654
RGI60-08.02499,2014,-0.5388860569842626
RGI60-08.02499,2015,-0.5981277977705861
RGI60-08.02499,2016,-1.6171167418571648
RGI60-08.02499,2017,-0.26383260576837064
RGI60-08.02499,2018,-1.74591927990727
RGI60-08.02499,2019,-0.7373169243073487
RGI60-08.02499,2020,0.10201052823160395
RGI60-08.02499,2021,0.1249228952814111
RGI60-08.02499,2022,-0.8758333634918261
RGI60-08.02499,2023,-1.179925166758465
RGI60-08.02499,2024,-0.7548956551962845
RGI60-08.02500,2000,0.18227252335134536
RGI60-08.02500,2001,-1.5395070689481958
RGI60-08.02500,2002,-0.3568812683539542
RGI60-08.02500,2003,0.07437358174377162
RGI60-08.02500,2004,-0.6602666275936331
RGI60-08.02500,2005,-0.33409642424219915
RGI60-08.02500,2006,-0.4688169802522747
RGI60-08.02500,2007,-0.42377783124445917
RGI60-08.02500,2008,-0.28163927834112634
RGI60-08.02500,2009,0.007555206300355666
RGI60-08.02500,2010,-0.42368648014259686
RGI60-08.02500,2011,-1.0509853343518312
RGI60-08.02500,2012,-0.1721844353854321
RGI60-08.02500,2013,-1.2706411972586973
RGI60-08.02500,2014,-0.7408986834584548
RGI60-08.02500,2015,-0.36303484497998995
RGI60-08.02500,2016,-1.3604752285250727
RGI60-08.02500,2017,-0.011064035982854659
RGI60-08.02500,2018,-2.2098646901139274
RGI60-08.02500,2019,-0.7027809022207814
RGI60-08.02500,2020,-0.1528915021065601
RGI60-08.02500,2021,-0.38967212300055676
RGI60-08.02500,2022,-1.1649582485593792
RGI60-08.02500,2023,-0.8641273544674186
RGI60-08.02500,2024,-1.9867238751081349
RGI60-08.02503,2000,0.4315541135382612
RGI60-08.02503,2001,-0.6746278241391765
RGI60-08.02503,2002,0.17721887470415426
RGI60-08.02503,2003,0.012469314541987075
RGI60-08.02503,2004,-1.3641429432217758
RGI60-08.02503,2005,0.06674334920204933
RGI60-08.02503,2006,-0.046391305843738684
RGI60-08.02503,2007,-0.43747134869232807
RGI60-08.02503,2008,0.6184516877457731
RGI60-08.02503,2009,-0.20882848261202586
RGI60-08.02503,2010,-0.03712864076492495
RGI60-08.02503,2011,-1.0562644459180106
RGI60-08.02503,2012,0.244015102790689
RGI60-08.02503,2013,-1.111142008546882
RGI60-08.02503,2014,-0.34379469390600487
RGI60-08.02503,2015,-0.317522761173356
RGI60-08.02503,2016,-1.7088939702978967
RGI60-08.02503,2017,0.07721646531709597
RGI60-08.02503,2018,-1.6105381070585068
RGI60-08.02503,2019,0.06757762433459902
RGI60-08.02503,2020,0.19530161098368942
RGI60-08.02503,2021,0.20458290857490097
RGI60-08.02503,2022,-0.8710595474962641
RGI60-08.02503,2023,-0.3635478403350339
RGI60-08.02503,2024,-2.124512244082943
RGI60-08.02504,2000,-0.19225681308583353
RGI60-08.02504,2001,-1.6701220867720799
RGI60-08.02504,2002,-0.08419608189163724
RGI60-08.02504,2003,-0.2285499863942439
RGI60-08.02504,2004,-1.0208802872017446
RGI60-08.02504,2005,0.14870927634906217
RGI60-08.02504,2006,-0.6395997942322216
RGI60-08.02504,2007,0.13285214931515865
RGI60-08.02504,2008,-0.11238117033534128
RGI60-08.02504,2009,0.0007663852548571715
RGI60-08.02504,2010,-0.19216023585981884
RGI60-08.02504,2011,-1.2259834904523723
RGI60-08.02504,2012,0.1895801940288765
RGI60-08.02504,2013,-1.674833388742583
RGI60-08.02504,2014,-0.25717979920172945
RGI60-08.02504,2015,0.03761576481495432
RGI60-08.02504,2016,-1.4877471393548973
RGI60-08.02504,2017,-0.2134586850451159
RGI60-08.02504,2018,-1.3761789251099685
RGI60-08.02504,2019,-0.4314958860833318
RGI60-08.02504,2020,0.217828362182662
RGI60-08.02504,2021,-0.20700155386574454
RGI60-08.02504,2022,-1.433878061332265
RGI60-08.02504,2023,-1.0002955168962786
RGI60-08.02504,2024,-1.1674771721390214
RGI60-08.02507,2000,0.2574593843979789
RGI60-08.02507,2001,-1.481987786057604
RGI60-08.02507,2002,-0.4878974447793749
RGI60-08.02507,2003,-0.22150007738432914
RGI60-08.02507,2004,-1.1305864253160336
RGI60-08.02507,2005,0.2781685643568882
RGI60-08.02507,2006,-0.3546217005214894
RGI60-08.02507,2007,0.24983014186721864
RGI60-08.02507,2008,-0.2663454912305896
RGI60-08.02507,2009,-0.5925704860917467
RGI60-08.02507,2010,-0.5176544918068151
RGI60-08.02507,2011,-1.1691770705509112
RGI60-08.02507,2012,-0.047539994201479474
RGI60-08.02507,2013,-1.2147270353924142
RGI60-08.02507,2014,-0.4614267626805927
RGI60-08.02507,2015,-0.44568457065954636
RGI60-08.02507,2016,-1.4988755365486708
RGI60-08.02507,2017,-0.4883755516852145
RGI60-08.02507,2018,-1.7303667669826168
RGI60-08.02507,2019,-1.3530208987326693
RGI60-08.02507,2020,-0.40267259155194696
RGI60-08.02507,2021,-0.2623329495406332
RGI60-08.02507,2022,-1.5931102665581784
RGI60-08.02507,2023,-1.201616660337129
RGI60-08.02507,2024,-2.632042612325473
RGI60-08.02508,2000,0.8331545650785311
RGI60-08.02508,2001,-0.7726018650792408
RGI60-08.02508,2002,-0.12865852281799933
RGI60-08.02508,2003,0.10690415299033049
RGI60-08.02508,2004,-0.34282553413104827
RGI60-08.02508,2005,0.19687329537414963
RGI60-08.02508,2006,-0.5917615814372073
RGI60-08.02508,2007,0.023946693651587664
RGI60-08.02508,2008,0.27254788717029466
RGI60-08.02508,2009,0.11394871582755281
RGI60-08.02508,2010,-0.09957620575376282
RGI60-08.02508,2011,-0.6565809111847428
RGI60-08.02508,2012,0.1804022884013942
RGI60-08.02508,2013,-1.3353008696016644
RGI60-08.02508,2014,-0.1990576624721901
RGI60-08.02508,2015,-0.017346545153178572
RGI60-08.02508,2016,-1.0190082850031008
RGI60-08.02508,2017,0.4769517472459064
RGI60-08.02508,2018,-1.3201787078721834
RGI60-08.02508,2019,-0.06123265523343402
RGI60-08.02508,2020,0.4394714148379032
RGI60-08.02508,2021,0.4407562093763977
RGI60-08.02508,2022,-0.753016168317276
RGI60-08.02508,2023,-0.5959433111245936
RGI60-08.02508,2024,-1.474524626045832
RGI60-08.02511,2000,0.7073676560761811
RGI60-08.02511,2001,-0.9288420717667625
RGI60-08.02511,2002,-0.4322103547695919
RGI60-08.02511,2003,-0.042396642112489336
RGI60-08.02511,2004,-0.437255175490759
RGI60-08.02511,2005,-0.1277841430066463
RGI60-08.02511,2006,-0.3404637900015922
RGI60-08.02511,2007,-0.45741148806762527
RGI60-08.02511,2008,0.045937570468862154
RGI60-08.02511,2009,-0.3491582552809685
RGI60-08.02511,2010,0.009611243201256836
RGI60-08.02511,2011,-0.8801967489579983
RGI60-08.02511,2012,-0.11228919845257218
RGI60-08.02511,2013,-1.0781112909577213
RGI60-08.02511,2014,-0.6989268071309067
RGI60-08.02511,2015,-0.23477031642909013
RGI60-08.02511,2016,-1.303666226165215
RGI60-08.02511,2017,-0.14401900791782563
RGI60-08.02511,2018,-2.0275542664710646
RGI60-08.02511,2019,-1.2162606867674675
RGI60-08.02511,2020,-0.27805939839829064
RGI60-08.02511,2021,-0.324257764416681
RGI60-08.02511,2022,-1.0700720254030212
RGI60-08.02511,2023,-0.939953433781
RGI60-08.02511,2024,-1.8007687233425598
RGI60-08.02513,2000,0.4265284914085585
RGI60-08.02513,2001,-1.0103801647555155
RGI60-08.02513,2002,-0.05539971329745291
RGI60-08.02513,2003,-0.006775349155329458
RGI60-08.02513,2004,-0.13451050479674992
RGI60-08.02513,2005,-0.11281043646004019
RGI60-08.02513,2006,-0.2370386392446179
RGI60-08.02513,2007,-0.34917680456182415
RGI60-08.02513,2008,0.13121448666346885
RGI60-08.02513,2009,-0.10424893954735887
RGI60-08.02513,2010,-0.031857250913221724
RGI60-08.02513,2011,-0.740026501259598
RGI60-08.02513,2012,-0.1355764534803363
RGI60-08.02513,2013,-0.9134913211062168
RGI60-08.02513,2014,-0.7640657083499114
RGI60-08.02513,2015,-0.13898855887593548
RGI60-08.02513,2016,-1.1191396345857425
RGI60-08.02513,2017,-0.30344900896197713
RGI60-08.02513,2018,-1.514760250679605
RGI60-08.02513,2019,-0.8502477380405914
RGI60-08.02513,2020,-0.2905920677496756
RGI60-08.02513,2021,-0.2931078958618392
RGI60-08.02513,2022,-0.7879650795927874
RGI60-08.02513,2023,-0.6498176536237519
RGI60-08.02513,2024,-1.6211443314364213
RGI60-08.02514,2000,0.8917975062428519
RGI60-08.02514,2001,-0.6005574591516893
RGI60-08.02514,2002,0.0009830561482991884
RGI60-08.02514,2003,-0.08908943306594702
RGI60-08.02514,2004,-0.9445237004119187
RGI60-08.02514,2005,-0.45904142525854286
RGI60-08.02514,2006,-0.1369516604635588
RGI60-08.02514,2007,0.29921061589437015
RGI60-08.02514,2008,0.015540550389473218
RGI60-08.02514,2009,-0.8534481723981576
RGI60-08.02514,2010,-0.04500674366216967
RGI60-08.02514,2011,-0.6915990597977966
RGI60-08.02514,2012,0.4427516712430324
RGI60-08.02514,2013,-1.0690359389778348
RGI60-08.02514,2014,-0.15809165899101846
RGI60-08.02514,2015,-0.09927693114526306
RGI60-08.02514,2016,-0.9408871218816677
RGI60-08.02514,2017,0.06770135627132229
RGI60-08.02514,2018,-1.4930731838724527
RGI60-08.02514,2019,-0.39790226711131627
RGI60-08.02514,2020,0.3400983478927285
RGI60-08.02514,2021,0.07367334177576146
RGI60-08.02514,2022,-0.5991932917551972
RGI60-08.02514,2023,-0.6055105779290162
RGI60-08.02514,2024,-1.4648667382606582
RGI60-08.02539,2000,-1.4695271371260712
RGI60-08.02539,2001,-1.49314496006815
RGI60-08.02539,2002,-2.7231898897102242
RGI60-08.02539,2003,-1.4735595880117907
RGI60-08.02539,2004,-2.6012354784868617
RGI60-08.02539,2005,-0.3911098246289053
RGI60-08.02539,2006,-2.545288915904208
RGI60-08.02539,2007,-2.246820296989263
RGI60-08.02539,2008,-2.367016279992172
RGI60-08.02539,2009,-2.5014439405072126
RGI60-08.02539,2010,-2.0038759327364493
RGI60-08.02539,2011,-2.1411481100256555
RGI60-08.02539,2012,-1.8496776880067405
RGI60-08.02539,2013,-2.0747489778344015
RGI60-08.02539,2014,-2.157332000860715
RGI60-08.02539,2015,-1.9008100993035797
RGI60-08.02539,2016,-1.6185968528142314
RGI60-08.02539,2017,-2.3258975666053594
RGI60-08.02539,2018,-2.807599071826031
RGI60-08.02539,2019,-1.9911773885619848
RGI60-08.02539,2020,-1.7789227306669901
RGI60-08.02539,2021,-2.1429167555180615
RGI60-08.02539,2022,-1.3402872712538634
RGI60-08.02539,2023,-1.8510969184041794
RGI60-08.02539,2024,-2.651803639589264
RGI60-08.02550,2000,-0.812930982368968
RGI60-08.02550,2001,-0.7827124121811413
RGI60-08.02550,2002,-0.9995265061175567
RGI60-08.02550,2003,-1.0258000430932401
RGI60-08.02550,2004,-1.2929216884050558
RGI60-08.02550,2005,-1.2254008413453688
RGI60-08.02550,2006,-0.7599903082880379
RGI60-08.02550,2007,-0.7068507088340255
RGI60-08.02550,2008,-0.7953964337402737
RGI60-08.02550,2009,-1.4858204799670118
RGI60-08.02550,2010,-1.2037600778615276
RGI60-08.02550,2011,-1.2353275744330416
RGI60-08.02550,2012,-0.3812967014187718
RGI60-08.02550,2013,-2.294629914525399
RGI60-08.02550,2014,-1.679259642913689
RGI60-08.02550,2015,-0.6718617057824634
RGI60-08.02550,2016,-0.9631512613598561
RGI60-08.02550,2017,-1.4118087010076348
RGI60-08.02550,2018,-2.0533105083792735
RGI60-08.02550,2019,-1.254943507977665
RGI60-08.02550,2020,-1.3072985891310496
RGI60-08.02550,2021,-1.3008244816718
RGI60-08.02550,2022,-1.4412802331094747
RGI60-08.02550,2023,-0.9954499719199976
RGI60-08.02550,2024,-1.6938881366762688
RGI60-08.02564,2000,-0.4305659336159293
RGI60-08.02564,2001,1.2236288916091258
RGI60-08.02564,2002,-2.2181580341883453
RGI60-08.02564,2003,0.4211260058704458
RGI60-08.02564,2004,1.6538736103832847
RGI60-08.02564,2005,-0.4412249905159573
RGI60-08.02564,2006,-0.8648969086203833
RGI60-08.02564,2007,0.8702267950790902
RGI60-08.02564,2008,-0.31338091145255786
RGI60-08.02564,2009,-0.3193587895410261
RGI60-08.02564,2010,-0.9337365043165822
RGI60-08.02564,2011,-1.2839746374875416
RGI60-08.02564,2012,0.9386292296556534
RGI60-08.02564,2014,-1.5347585013578087
RGI60-08.02564,2015,-0.14643237691510883
RGI60-08.02564,2016,-0.32478381053969846
RGI60-08.02564,2017,-2.1583033697513843
RGI60-08.02564,2018,-0.2460369952850617
RGI60-08.02564,2019,0.6889272309897806
RGI60-08.02564,2020,-1.2345062300437615
RGI60-08.02564,2021,-0.9987076882208326
RGI60-08.02564,2022,-0.9508097164694239
RGI60-08.02564,2023,0.07303206206874657
RGI60-08.02564,2024,-2.0620271177868914
RGI60-08.02567,2000,0.14899902826209466
RGI60-08.02567,2001,-0.7925384105256423
RGI60-08.02567,2002,-0.8070059215163923
RGI60-08.02567,2003,-0.7164725908187256
RGI60-08.02567,2004,-1.1865446538539253
RGI60-08.02567,2005,-0.9067798888622705
RGI60-08.02567,2006,-1.3303408857649566
RGI60-08.02567,2007,-0.4552423575338696
RGI60-08.02567,2008,-0.5362772447417374
RGI60-08.02567,2009,-0.9858145591898618
RGI60-08.02567,2010,-0.688896800804262
RGI60-08.02567,2011,-1.0815152065474365
RGI60-08.02567,2012,-0.49732655408441717
RGI60-08.02567,2013,-2.199701761830859
RGI60-08.02567,2014,-1.2322663046146771
RGI60-08.02567,2015,-0.7363944378427988
RGI60-08.02567,2016,-1.186792015608349
RGI60-08.02567,2017,-0.6433859740690864
RGI60-08.02567,2018,-1.2395314322358875
RGI60-08.02567,2019,-0.6726720278169402
RGI60-08.02567,2020,-0.4244252120511855
RGI60-08.02567,2021,-0.9773176004500723
RGI60-08.02567,2022,-1.5792804382427805
RGI60-08.02567,2023,-1.4773931862844765
RGI60-08.02567,2024,-2.607083922896394
RGI60-08.02568,2000,-0.12844171207267518
RGI60-08.02568,2001,-0.6820386444341262
RGI60-08.02568,2002,-1.158042433775106
RGI60-08.02568,2003,-1.0868857945208779
RGI60-08.02568,2004,-1.0406822043080675
RGI60-08.02568,2005,-0.856815590636528
RGI60-08.02568,2006,-1.9396444185206718
RGI60-08.02568,2007,-1.0457637596671645
RGI60-08.02568,2008,-0.7905415313917992
RGI60-08.02568,2009,-0.9064691215415589
RGI60-08.02568,2010,-0.569982192929995
RGI60-08.02568,2011,-0.6347690881896659
RGI60-08.02568,2012,-0.7234881955835046
RGI60-08.02568,2013,-1.5521732332379239
RGI60-08.02568,2014,-0.8816705745228346
RGI60-08.02568,2015,-1.0040274811876282
RGI60-08.02568,2016,0.22567759607074522
RGI60-08.02568,2017,-1.4685637353387913
RGI60-08.02568,2018,-0.4437136844463391
RGI60-08.02568,2019,-0.5616641997654792
RGI60-08.02568,2020,-0.833120862581669
RGI60-08.02568,2021,-1.320309084248923
RGI60-08.02568,2022,-0.6053015254048499
RGI60-08.02568,2023,-0.3462162254121457
RGI60-08.02568,2024,-2.238726173712752
RGI60-08.02569,2000,-0.41191144672171065
RGI60-08.02569,2001,-0.1128182523286897
RGI60-08.02569,2002,-1.7779179336428208
RGI60-08.02569,2003,-1.2799269667592676
RGI60-08.02569,2004,-0.8588232768348156
RGI60-08.02569,2005,-1.2619060743827284
RGI60-08.02569,2006,-1.2366237063267818
RGI60-08.02569,2007,-0.8763081091130697
RGI60-08.02569,2008,-1.8309414530104189
RGI60-08.02569,2009,-0.026331579227996893
RGI60-08.02569,2010,-0.35831500488473367
RGI60-08.02569,2011,-1.4149597522138864
RGI60-08.02569,2012,0.11121041500139661
RGI60-08.02569,2013,-0.7063585641841751
RGI60-08.02569,2014,-1.6476120808542185
RGI60-08.02569,2015,-1.413585852019586
RGI60-08.02569,2016,-1.058328433068698
RGI60-08.02569,2017,1.1343750722928398
RGI60-08.02569,2018,-1.8203146664453067
RGI60-08.02569,2019,-0.53900233527532
RGI60-08.02569,2020,-1.2646507128808495
RGI60-08.02569,2021,-0.9788749583639297
RGI60-08.02569,2022,-1.4265062123499659
RGI60-08.02569,2023,-1.451562592411308
RGI60-08.02569,2024,-2.858663208385738
RGI60-08.02573,2000,0.07935923901597963
RGI60-08.02573,2001,-1.4414652779795525
RGI60-08.02573,2002,-0.9082438929082843
RGI60-08.02573,2003,0.5042583041444486
RGI60-08.02573,2004,-0.6167510488324309
RGI60-08.02573,2005,-0.46572245066234225
RGI60-08.02573,2006,-0.7694178549040039
RGI60-08.02573,2007,-0.31585401475953595
RGI60-08.02573,2008,-0.6336556155433164
RGI60-08.02573,2009,-0.8456824589461571
RGI60-08.02573,2010,0.1773736861582096
RGI60-08.02573,2011,-1.34103364619546
RGI60-08.02573,2012,-1.2673032547868344
RGI60-08.02573,2013,-2.128535815079588
RGI60-08.02573,2014,-0.946558207212275
RGI60-08.02573,2015,-0.9701367277251295
RGI60-08.02573,2016,-0.4015153990327544
RGI60-08.02573,2017,-0.787499993426436
RGI60-08.02573,2018,-1.4929205346167624
RGI60-08.02573,2019,-0.44729503670776677
RGI60-08.02573,2020,-0.30535650505052875
RGI60-08.02573,2021,-0.17557284279715868
RGI60-08.02573,2022,-1.4259961095353884
RGI60-08.02573,2023,-1.0498950395350852
RGI60-08.02573,2024,-2.3313710091335524
RGI60-08.02574,2000,-0.11894692757776437
RGI60-08.02574,2001,-0.5812779609621557
RGI60-08.02574,2002,-1.4178474820822207
RGI60-08.02574,2003,0.3224379525704343
RGI60-08.02574,2004,-0.33694584001112476
RGI60-08.02574,2005,-0.7346590322936717
RGI60-08.02574,2006,-1.3828086016286947
RGI60-08.02574,2007,-0.5551670163810897
RGI60-08.02574,2008,-0.06829659730229964
RGI60-08.02574,2009,-1.746695019771006
RGI60-08.02574,2010,-0.9454470488696471
RGI60-08.02574,2011,-0.8623671481216062
RGI60-08.02574,2012,-0.3133904980762903
RGI60-08.02574,2013,-1.4826678173823629
RGI60-08.02574,2014,-1.0694135743191995
RGI60-08.02574,2015,-0.33331705599623696
RGI60-08.02574,2016,0.18894656258783116
RGI60-08.02574,2017,-0.46283308405824464
RGI60-08.02574,2018,-0.6117914082995379
RGI60-08.02574,2019,-0.7023124020251177
RGI60-08.02574,2020,-0.6941880890630366
RGI60-08.02574,2021,-0.639241800008513
RGI60-08.02574,2022,-1.6805622120810564
RGI60-08.02574,2023,-0.47310952217874
RGI60-08.02574,2024,-1.7317941398179149
RGI60-08.02577,2000,0.764891785961453
RGI60-08.02577,2001,-1.2347826733204779
RGI60-08.02577,2002,-0.011037183039743659
RGI60-08.02577,2003,-0.29168185760964505
RGI60-08.02577,2004,-0.5888187231814717
RGI60-08.02577,2005,-0.977932927326323
RGI60-08.02577,2006,-0.4400283458479376
RGI60-08.02577,2007,-0.4902969128937944
RGI60-08.02577,2008,-0.030722944965439536
RGI60-08.02577,2009,-0.6249606755173246
RGI60-08.02577,2010,-0.2919557269753422
RGI60-08.02577,2011,-1.023751275796931
RGI60-08.02577,2012,0.3664070384011578
RGI60-08.02577,2013,-1.1703411019293621
RGI60-08.02577,2014,-0.32739329333707834
RGI60-08.02577,2015,-0.5283063788865738
RGI60-08.02577,2016,-0.7283137133059499
RGI60-08.02577,2017,-0.47531880602911414
RGI60-08.02577,2018,-1.2010006872003847
RGI60-08.02577,2019,-0.6788555971997193
RGI60-08.02577,2020,-0.6596297904481581
RGI60-08.02577,2021,0.0015106733200693223
RGI60-08.02577,2022,-1.1135314539994572
RGI60-08.02577,2023,-0.6324295970492747
RGI60-08.02577,2024,-1.3438897481410268
RGI60-08.02582,2000,0.41615204540455747
RGI60-08.02582,2001,-0.6206626247950251
RGI60-08.02582,2002,-0.6551360694464224
RGI60-08.02582,2003,-0.1191201719434592
RGI60-08.02582,2004,-0.590946741216593
RGI60-08.02582,2005,-0.13238045841255675
RGI60-08.02582,2006,-0.8639902396208935
RGI60-08.02582,2007,-0.2663469868226627
RGI60-08.02582,2008,-0.2607702905529117
RGI60-08.02582,2009,-0.5304484918472413
RGI60-08.02582,2010,-0.719002951639227
RGI60-08.02582,2011,-1.1283273681958663
RGI60-08.02582,2012,-0.09372236603012468
RGI60-08.02582,2013,-1.5309465668134623
RGI60-08.02582,2014,-0.677762902974678
RGI60-08.02582,2015,-0.19335628598844712
RGI60-08.02582,2016,-0.078839516512973
RGI60-08.02582,2017,-0.35572548776081914
RGI60-08.02582,2018,-1.1681326678517476
RGI60-08.02582,2019,-0.2744338569794507
RGI60-08.02582,2020,-0.5042445486058175
RGI60-08.02582,2021,-0.20256770025312326
RGI60-08.02582,2022,-1.1337654502966168
RGI60-08.02582,2023,-0.9319717771853299
RGI60-08.02582,2024,-1.8283183716296603
RGI60-08.02584,2000,1.8460355913735131
RGI60-08.02584,2001,1.5700176535059989
RGI60-08.02584,2002,-1.3842807139384976
RGI60-08.02584,2003,-1.5023992470806804
RGI60-08.02584,2004,-0.1073570854172754
RGI60-08.02584,2005,0.29917008984975146
RGI60-08.02584,2006,-1.1841306608962934
RGI60-08.02584,2007,-1.2052167327900696
RGI60-08.02584,2008,0.22144776369422325
RGI60-08.02584,2009,-1.788925919476667
RGI60-08.02584,2010,-1.2343865702825685
RGI60-08.02584,2011,-2.2655301831080696
RGI60-08.02584,2012,1.4648153307916958
RGI60-08.02584,2013,-1.5583769653557238
RGI60-08.02584,2014,-1.205470255980732
RGI60-08.02584,2015,-0.14395580903516042
RGI60-08.02584,2016,-1.8250421760889681
RGI60-08.02584,2017,-1.2905523600164237
RGI60-08.02584,2018,-0.6886771971371424
RGI60-08.02584,2019,-0.6979845526109114
RGI60-08.02584,2020,-1.2555159826849893
RGI60-08.02584,2021,0.004538195515992993
RGI60-08.02584,2022,-1.7563305194783716
RGI60-08.02584,2023,-1.4364897621944381
RGI60-08.02584,2024,-2.2609843403007748
RGI60-08.02595,2000,0.6613987582234454
RGI60-08.02595,2001,-1.020099466858361
RGI60-08.02595,2002,-0.9734090326245921
RGI60-08.02595,2003,1.3237389008122165
RGI60-08.02595,2004,-0.2547774259644284
RGI60-08.02595,2005,-0.803049285491223
RGI60-08.02595,2006,-0.7281165996900983
RGI60-08.02595,2007,0.2342430032815842
RGI60-08.02595,2008,-0.5909696725573828
RGI60-08.02595,2009,-0.658264489212252
RGI60-08.02595,2010,-1.3852254702675104
RGI60-08.02595,2011,-1.2177969405167426
RGI60-08.02595,2012,-0.3517774178951258
RGI60-08.02595,2013,-1.6381766814285617
RGI60-08.02595,2014,-1.5886834372554328
RGI60-08.02595,2015,-0.6617744879759875
RGI60-08.02595,2016,-1.5709245759335166
RGI60-08.02595,2017,-0.9337775962297852
RGI60-08.02595,2018,-1.1310828395338262
RGI60-08.02595,2019,0.2032247571175677
RGI60-08.02595,2020,-0.3450767001488027
RGI60-08.02595,2021,-0.16129061737145556
RGI60-08.02595,2022,-1.8581743975870788
RGI60-08.02595,2023,-0.965919754457669
RGI60-08.02595,2024,-2.909882771442875
RGI60-08.02596,2000,-0.038873753734689376
RGI60-08.02596,2001,-0.7588207698287834
RGI60-08.02596,2002,-1.1146047367126255
RGI60-08.02596,2003,-0.46511141148108454
RGI60-08.02596,2004,-0.6083174918485439
RGI60-08.02596,2005,-1.1996469348781578
RGI60-08.02596,2006,-1.3694301085091383
RGI60-08.02596,2007,-0.5980786356119017
RGI60-08.02596,2008,-0.8524104076216467
RGI60-08.02596,2009,-1.1384165178476482
RGI60-08.02596,2010,-0.9898166769147785
RGI60-08.02596,2011,-1.332307368802415
RGI60-08.02596,2012,-0.5400506756998644
RGI60-08.02596,2013,-1.80389367561048
RGI60-08.02596,2014,-0.6624356087152194
RGI60-08.02596,2015,-0.357499659877455
RGI60-08.02596,2016,-0.7837535198247866
RGI60-08.02596,2017,-0.8861077528146959
RGI60-08.02596,2018,-1.797315008986649
RGI60-08.02596,2019,-0.9644092846794359
RGI60-08.02596,2020,-0.6609471427561959
RGI60-08.02596,2021,-0.7342096869810901
RGI60-08.02596,2022,-1.7246475279285067
RGI60-08.02596,2023,-1.2102968424085794
RGI60-08.02596,2024,-1.744221094193706
RGI60-08.02597,2000,0.6174717428555541
RGI60-08.02597,2001,-1.4827916038091613
RGI60-08.02597,2002,-0.7977884639505165
RGI60-08.02597,2003,-0.7181954927255023
RGI60-08.02597,2004,-0.926760302487361
RGI60-08.02597,2005,-0.641163240604009
RGI60-08.02597,2006,-1.2548337414952861
RGI60-08.02597,2007,-0.2954646328545951
RGI60-08.02597,2008,-0.6983179832297559
RGI60-08.02597,2009,-0.9213057371138031
RGI60-08.02597,2010,-0.7407710563674523
RGI60-08.02597,2011,-1.3388179926577704
RGI60-08.02597,2012,-0.6158049739871212
RGI60-08.02597,2013,-1.3567820277847984
RGI60-08.02597,2014,-1.050336291025392
RGI60-08.02597,2015,-0.7990282787201166
RGI60-08.02597,2016,-1.025529450478282
RGI60-08.02597,2017,-1.0247559574330425
RGI60-08.02597,2018,-1.2011250799638602
RGI60-08.02597,2019,-0.8624994361677423
RGI60-08.02597,2020,-0.45509503396949685
RGI60-08.02597,2021,-0.6956927469288798
RGI60-08.02597,2022,-1.3925074384023413
RGI60-08.02597,2023,-1.4298031427728812
RGI60-08.02597,2024,-2.3827336473370027
RGI60-08.02598,2000,-0.07944683193669683
RGI60-08.02598,2001,-0.7446845419535575
RGI60-08.02598,2002,-0.4714279501373386
RGI60-08.02598,2003,0.697320233182911
RGI60-08.02598,2004,-0.6507885598545098
RGI60-08.02598,2005,0.5803926796306706
RGI60-08.02598,2006,-0.9925041268005456
RGI60-08.02598,2007,-0.28024740034615375
RGI60-08.02598,2008,-0.5008194001214937
RGI60-08.02598,2009,-0.4484315670485919
RGI60-08.02598,2010,0.368336083974362
RGI60-08.02598,2011,-0.4551693248987707
RGI60-08.02598,2012,0.11193677816844033
RGI60-08.02598,2013,-1.3270230443297582
RGI60-08.02598,2014,0.11168475505212838
RGI60-08.02598,2015,-0.6686683276024243
RGI60-08.02598,2016,-0.39156376392146924
RGI60-08.02598,2017,0.1028252680132048
RGI60-08.02598,2018,-0.7519864655068014
RGI60-08.02598,2019,-0.44773449356360095
RGI60-08.02598,2020,0.34555735014037614
RGI60-08.02598,2021,-0.07995417662293955
RGI60-08.02598,2022,-0.23253583585402782
RGI60-08.02598,2023,0.26094020874643675
RGI60-08.02598,2024,-1.0280196935581714
RGI60-08.02599,2000,1.2713229844627532
RGI60-08.02599,2001,-0.5530693339128369
RGI60-08.02599,2002,-1.142902221290473
RGI60-08.02599,2003,-0.052064618543678776
RGI60-08.02599,2004,-1.220619075132704
RGI60-08.02599,2005,0.35257225837860684
RGI60-08.02599,2006,-1.7145002620134464
RGI60-08.02599,2007,-0.1910604153501692
RGI60-08.02599,2008,-0.412593996013228
RGI60-08.02599,2009,-0.7956900871577193
RGI60-08.02599,2010,-0.6151520212857313
RGI60-08.02599,2011,-1.1565630956877295
RGI60-08.02599,2012,0.10179271788298305
RGI60-08.02599,2013,-1.019768900830735
RGI60-08.02599,2014,-1.4806896790339792
RGI60-08.02599,2015,-0.5697103818855053
RGI60-08.02599,2016,0.704104927336217
RGI60-08.02599,2017,-0.12152180489824482
RGI60-08.02599,2018,-1.3180956274647386
RGI60-08.02599,2019,-0.5139913675596391
RGI60-08.02599,2020,-0.45665606524374824
RGI60-08.02599,2021,-0.004933578878397515
RGI60-08.02599,2022,-0.5821734568454394
RGI60-08.02599,2023,-0.9344576009705492
RGI60-08.02599,2024,-2.324918613521821
RGI60-08.02608,2000,-0.5881180041007817
RGI60-08.02608,2001,0.7240444034813638
RGI60-08.02608,2002,-1.2773969633873539
RGI60-08.02608,2003,-0.618660428660349
RGI60-08.02608,2004,-0.6861170962253972
RGI60-08.02608,2005,-0.6179334732332484
RGI60-08.02608,2006,-1.5916634032669885
RGI60-08.02608,2007,0.12348187734579885
RGI60-08.02608,2008,-0.6999011182291814
RGI60-08.02608,2009,-0.5138777948919329
RGI60-08.02608,2010,-0.5708221394520696
RGI60-08.02608,2011,-1.2340650964272877
RGI60-08.02608,2012,0.5198853433495436
RGI60-08.02608,2013,-1.798460800430533
RGI60-08.02608,2014,-1.2147901843429336
RGI60-08.02608,2015,-0.3499906065281793
RGI60-08.02608,2016,-0.7465391022475529
RGI60-08.02608,2017,-0.7550802931392114
RGI60-08.02608,2018,-1.1878487675900575
RGI60-08.02608,2019,-0.28464635202365746
RGI60-08.02608,2020,0.030694778916821153
RGI60-08.02608,2021,-0.503020502075033
RGI60-08.02608,2022,-0.9361507115827381
RGI60-08.02608,2023,-1.2598572412137512
RGI60-08.02608,2024,-2.0768363826868734
RGI60-08.02609,2000,-0.599845255438477
RGI60-08.02609,2001,1.0657382091516043
RGI60-08.02609,2002,-1.9651650497567397
RGI60-08.02609,2003,-1.9496204998753963
RGI60-08.02609,2004,-0.218224742329307
RGI60-08.02609,2005,-1.2649080403981765
RGI60-08.02609,2006,-2.19014831523572
RGI60-08.02609,2007,-0.47956973359696914
RGI60-08.02609,2008,-0.5044695732038542
RGI60-08.02609,2009,0.534150302554248
RGI60-08.02609,2010,-0.34993975172653435
RGI60-08.02609,2011,-1.7125701786075185
RGI60-08.02609,2012,0.41415583035338743
RGI60-08.02609,2013,-1.540621122266736
RGI60-08.02609,2014,-1.7534304336180884
RGI60-08.02609,2015,-0.031789525922355955
RGI60-08.02609,2016,-0.891640364918793
RGI60-08.02609,2017,-1.4435641648179833
RGI60-08.02609,2018,-0.20724829541890533
RGI60-08.02609,2019,-0.6414892949276756
RGI60-08.02609,2020,0.6962066905083881
RGI60-08.02609,2021,-0.3926735381153586
RGI60-08.02609,2022,-0.6035796253068401
RGI60-08.02609,2023,-1.4828062573457947
RGI60-08.02609,2024,-3.407974026223277
RGI60-08.02622,2000,0.8168876934536904
RGI60-08.02622,2001,-1.654457758118118
RGI60-08.02622,2002,-1.1941921351062745
RGI60-08.02622,2003,-0.9013975271557741
RGI60-08.02622,2004,-0.3287097608776372
RGI60-08.02622,2005,1.7524932018852402
RGI60-08.02622,2006,-0.7359530329371273
RGI60-08.02622,2007,0.7341934973509101
RGI60-08.02622,2008,-0.07914520904500366
RGI60-08.02622,2009,-0.5922902049836055
RGI60-08.02622,2010,0.07583486675147694
RGI60-08.02622,2011,-0.7624270868348841
RGI60-08.02622,2012,0.2915063194058681
RGI60-08.02622,2013,-1.6589486187713502
RGI60-08.02622,2014,-0.7990982759001235
RGI60-08.02622,2015,0.22632933191060073
RGI60-08.02622,2016,-0.5624883245794974
RGI60-08.02622,2017,-0.07166415361230383
RGI60-08.02622,2018,-0.7599720712289839
RGI60-08.02622,2019,-0.456500751607116
RGI60-08.02622,2020,0.3963601430890756
RGI60-08.02622,2021,-0.42256420920039095
RGI60-08.02622,2022,-0.16977111387155058
RGI60-08.02622,2023,-0.19969148811468376
RGI60-08.02622,2024,-2.106800727916798
RGI60-08.02632,2000,0.18213352621064066
RGI60-08.02632,2001,0.17478830818778762
RGI60-08.02632,2002,-1.353289347203706
RGI60-08.02632,2003,-0.14735154598295436
RGI60-08.02632,2004,-0.061341811909690847
RGI60-08.02632,2005,0.8334074523366546
RGI60-08.02632,2006,-0.08326733258292623
RGI60-08.02632,2007,0.4787334021040987
RGI60-08.02632,2008,-0.20158986089934608
RGI60-08.02632,2009,0.27547510376551826
RGI60-08.02632,2010,-0.43539076086953515
RGI60-08.02632,2011,-1.1603508340903463
RGI60-08.02632,2012,-0.0839755646187893
RGI60-08.02632,2013,-1.6456437183801043
RGI60-08.02632,2014,-1.1859006682974675
RGI60-08.02632,2015,0.32651227142778555
RGI60-08.02632,2016,-1.2035559757134549
RGI60-08.02632,2017,-0.3411467289999042
RGI60-08.02632,2018,-1.295229084805799
RGI60-08.02632,2019,0.04978317032153745
RGI60-08.02632,2020,0.49279730724826804
RGI60-08.02632,2021,-1.0711403836258648
RGI60-08.02632,2022,-0.1662726219555894
RGI60-08.02632,2023,2.438771181075732
RGI60-08.02632,2024,-1.4968305489253102
RGI60-08.02635,2000,0.4620450927923224
RGI60-08.02635,2001,-0.3230110431781817
RGI60-08.02635,2002,-1.2506398384567596
RGI60-08.02635,2003,-0.7393548038670199
RGI60-08.02635,2004,-0.27325489095068245
RGI60-08.02635,2005,-0.2860884292391538
RGI60-08.02635,2006,-1.2734647621122763
RGI60-08.02635,2007,0.16601852866132416
RGI60-08.02635,2008,-0.1483385621886978
RGI60-08.02635,2009,-0.6531084570032699
RGI60-08.02635,2010,-0.3547940580460711
RGI60-08.02635,2011,-1.115642199679077
RGI60-08.02635,2012,-0.048043421482516446
RGI60-08.02635,2013,-1.929185543069336
RGI60-08.02635,2014,-0.9965177439730056
RGI60-08.02635,2015,0.6092730867897356
RGI60-08.02635,2016,-1.203377620376839
RGI60-08.02635,2017,0.04438859862229394
RGI60-08.02635,2018,-0.9473589155045685
RGI60-08.02635,2019,0.1411549822617797
RGI60-08.02635,2020,0.10312712811793734
RGI60-08.02635,2021,-1.0753790914322878
RGI60-08.02635,2022,-0.7233064604710251
RGI60-08.02635,2023,-0.8280635755137206
RGI60-08.02635,2024,-2.855428141048523
RGI60-08.02636,2000,0.5231686051213927
RGI60-08.02636,2001,-1.0451522111882636
RGI60-08.02636,2002,-0.6718606424505986
RGI60-08.02636,2003,-1.0796821599799173
RGI60-08.02636,2004,-0.18529021013945712
RGI60-08.02636,2005,-0.3681478101932683
RGI60-08.02636,2006,-1.3180744271878293
RGI60-08.02636,2007,0.6316401516474769
RGI60-08.02636,2008,0.07349241404344542
RGI60-08.02636,2009,-0.4975277551563466
RGI60-08.02636,2010,-0.17962309192389891
RGI60-08.02636,2011,-1.1430189716906778
RGI60-08.02636,2012,0.3930193995302831
RGI60-08.02636,2013,-1.7446167483734754
RGI60-08.02636,2014,-0.8636610763835169
RGI60-08.02636,2015,0.08434866656500539
RGI60-08.02636,2016,-0.9684504153741283
RGI60-08.02636,2017,-0.05345420471702689
RGI60-08.02636,2018,-1.4704103714527519
RGI60-08.02636,2019,-0.31019914069644616
RGI60-08.02636,2020,-0.25249495137272776
RGI60-08.02636,2021,-0.6926146363180581
RGI60-08.02636,2022,-0.483354834468347
RGI60-08.02636,2023,-0.7545632255547312
RGI60-08.02636,2024,-2.2487016972743143
RGI60-08.02638,2000,0.9804610692067839
RGI60-08.02638,2001,0.3096095720158249
RGI60-08.02638,2002,-0.9455833021143785
RGI60-08.02638,2003,-0.41001827711895544
RGI60-08.02638,2004,-0.23320370323179526
RGI60-08.02638,2005,-0.8525947377614943
RGI60-08.02638,2006,-1.7378445053108595
RGI60-08.02638,2007,0.7594683354044143
RGI60-08.02638,2008,0.17176026489738355
RGI60-08.02638,2009,-0.42199637819196223
RGI60-08.02638,2010,-0.18842044356247467
RGI60-08.02638,2011,-1.0051491201401235
RGI60-08.02638,2012,0.13744322922161017
RGI60-08.02638,2013,-1.6338111351109035
RGI60-08.02638,2014,-0.9204230264382982
RGI60-08.02638,2015,-0.021842853173913823
RGI60-08.02638,2016,-1.1575997545935681
RGI60-08.02638,2017,-0.116562943239365
RGI60-08.02638,2018,-0.8981151096532518
RGI60-08.02638,2019,0.5256228188953138
RGI60-08.02638,2020,0.16896952894971234
RGI60-08.02638,2021,-0.2807739665054763
RGI60-08.02638,2022,-0.17292825223063296
RGI60-08.02638,2023,-0.6068516414108314
RGI60-08.02638,2024,-1.8072981593717432
RGI60-08.02639,2000,0.24749910086829718
RGI60-08.02639,2001,-1.0280845353660917
RGI60-08.02639,2002,-1.1320785666689521
RGI60-08.02639,2003,-1.2457795419584117
RGI60-08.02639,2004,-0.36667741210772775
RGI60-08.02639,2005,-0.13647410643925495
RGI60-08.02639,2006,-1.3818918845530002
RGI60-08.02639,2007,0.4644174913895447
RGI60-08.02639,2008,-0.0649399780636376
RGI60-08.02639,2009,-0.5265633568094411
RGI60-08.02639,2010,-0.09792231311636057
RGI60-08.02639,2011,-1.4447369983299911
RGI60-08.02639,2012,-0.25102662228724276
RGI60-08.02639,2013,-1.7729812415326796
RGI60-08.02639,2014,-1.1196202016439392
RGI60-08.02639,2015,0.30134850754363074
RGI60-08.02639,2016,-0.8596220124479348
RGI60-08.02639,2017,0.02357668279575198
RGI60-08.02639,2018,-1.436783050119874
RGI60-08.02639,2019,0.03654003884731882
RGI60-08.02639,2020,-0.3154514452898872
RGI60-08.02639,2021,-0.8565702924777152
RGI60-08.02639,2022,-0.618378504216286
RGI60-08.02639,2023,-1.3475036890802397
RGI60-08.02639,2024,-3.0780499972503463
RGI60-08.02640,2000,0.6387590069043411
RGI60-08.02640,2001,-1.4254425739640646
RGI60-08.02640,2002,-1.0741066597362414
RGI60-08.02640,2003,-1.3539281800767662
RGI60-08.02640,2004,-0.26244459858856456
RGI60-08.02640,2005,0.008679247976413174
RGI60-08.02640,2006,-1.7429715134367654
RGI60-08.02640,2007,0.3779149293128311
RGI60-08.02640,2008,-0.17486134039754486
RGI60-08.02640,2009,-0.5794077042890398
RGI60-08.02640,2010,-0.5880064133824869
RGI60-08.02640,2011,-1.421039840829212
RGI60-08.02640,2012,0.056395521643437196
RGI60-08.02640,2013,-2.218133817260499
RGI60-08.02640,2014,-1.1503767125978763
RGI60-08.02640,2015,0.3756075388771559
RGI60-08.02640,2016,-1.1822712762162617
RGI60-08.02640,2017,0.04138065229505905
RGI60-08.02640,2018,-1.8307409698672337
RGI60-08.02640,2019,-0.30550529636668194
RGI60-08.02640,2020,0.01105309553227396
RGI60-08.02640,2021,-1.25007512812065
RGI60-08.02640,2022,-0.8575240775509043
RGI60-08.02640,2023,-1.0536125536311136
RGI60-08.02640,2024,-2.6158320617236663
RGI60-08.02642,2000,0.21497497147817776
RGI60-08.02642,2001,0.433590446448583
RGI60-08.02642,2002,-0.7239667853462473
RGI60-08.02642,2003,-0.7186709229954442
RGI60-08.02642,2004,-0.07956050005515775
RGI60-08.02642,2005,-0.03682756666803981
RGI60-08.02642,2006,-0.18361952370041654
RGI60-08.02642,2007,0.40326640200204084
RGI60-08.02642,2008,-0.4785179584343616
RGI60-08.02642,2009,0.3093578202380277
RGI60-08.02642,2010,-0.758349100888894
RGI60-08.02642,2011,-0.5040568485095482
RGI60-08.02642,2012,1.2558555670190554
RGI60-08.02642,2013,-1.046944232103379
RGI60-08.02642,2014,-0.44262267078462
RGI60-08.02642,2015,0.5297995194820169
RGI60-08.02642,2016,-0.9118977625169726
RGI60-08.02642,2017,0.31801861777467466
RGI60-08.02642,2018,1.4961524445059133
RGI60-08.02642,2019,0.28731808305458584
RGI60-08.02642,2020,1.134258335217185
RGI60-08.02642,2021,-0.8823360872674403
RGI60-08.02642,2022,-0.856022471757555
RGI60-08.02642,2023,-0.3299601477044856
RGI60-08.02642,2024,-0.106401776909779
RGI60-08.02643,2000,-0.002758774926175267
RGI60-08.02643,2001,-0.3981723028337263
RGI60-08.02643,2002,-1.5987001382330384
RGI60-08.02643,2003,-1.7995948992819482
RGI60-08.02643,2004,-0.2723831212737734
RGI60-08.02643,2005,0.009889178013756217
RGI60-08.02643,2006,-2.1828624958467655
RGI60-08.02643,2007,0.29500000113080116
RGI60-08.02643,2008,-0.3494888748141625
RGI60-08.02643,2009,-0.43847589345421445
RGI60-08.02643,2010,-1.2338375028981052
RGI60-08.02643,2011,-2.060072912792612
RGI60-08.02643,2012,-0.012553918055276947
RGI60-08.02643,2013,-0.34346160519508995
RGI60-08.02643,2014,-0.9568105165266312
RGI60-08.02643,2015,0.09257337289251244
RGI60-08.02643,2016,-0.3989959182492993
RGI60-08.02643,2017,-0.5211053754068407
RGI60-08.02643,2018,-0.8048558080950741
RGI60-08.02643,2019,-1.5649324941543388
RGI60-08.02643,2020,-0.09982427143499895
RGI60-08.02643,2021,-1.5752670033006757
RGI60-08.02643,2022,-0.5317229492679829
RGI60-08.02643,2023,-1.3986980594111782
RGI60-08.02643,2024,-0.80918021098705
RGI60-08.02644,2000,0.34970454888468927
RGI60-08.02644,2001,-0.5310928881469512
RGI60-08.02644,2002,-0.24298150405679922
RGI60-08.02644,2003,-0.5728535192810018
RGI60-08.02644,2004,-0.1732480820871823
RGI60-08.02644,2005,-0.8268371737061003
RGI60-08.02644,2006,-1.4439463599422382
RGI60-08.02644,2007,0.4832989759557651
RGI60-08.02644,2008,-0.4203001691774261
RGI60-08.02644,2009,0.20161287756130497
RGI60-08.02644,2010,-0.320037737547003
RGI60-08.02644,2011,-0.9330118234275577
RGI60-08.02644,2012,1.0303868363250943
RGI60-08.02644,2013,-1.5885138230116886
RGI60-08.02644,2014,-0.5740222767870206
RGI60-08.02644,2015,-0.5257790211772478
RGI60-08.02644,2016,-0.2180256127095732
RGI60-08.02644,2017,-0.4554813854559074
RGI60-08.02644,2018,-1.0522680385061043
RGI60-08.02644,2019,-0.7571038237070458
RGI60-08.02644,2020,-0.7268530010675605
RGI60-08.02644,2021,-0.24689344021601375
RGI60-08.02644,2022,-0.6617982429081555
RGI60-08.02644,2023,-0.6828335374820962
RGI60-08.02644,2024,-1.397251358181468
RGI60-08.02646,2000,-1.66647558198218
RGI60-08.02646,2004,-3.103996543080017
RGI60-08.02646,2009,4.051896636256284
RGI60-08.02646,2011,-3.1770351248175794
RGI60-08.02646,2012,3.5651577142877655
RGI60-08.02646,2013,-2.677916707148987
RGI60-08.02646,2014,-3.78124104885386
RGI60-08.02646,2015,-0.6528711299273817
RGI60-08.02646,2017,3.1432410276068623
RGI60-08.02646,2018,0.4708407576590859
RGI60-08.02646,2020,-4.089374753244708
RGI60-08.02646,2022,-2.6460583908631294
RGI60-08.02646,2023,3.813014311012509
RGI60-08.02646,2024,-3.4916844608327167
RGI60-08.02647,2000,1.046324429831409
RGI60-08.02647,2001,-0.43301458335477594
RGI60-08.02647,2002,-1.6463920270274852
RGI60-08.02647,2003,-1.284843229373723
RGI60-08.02647,2004,-0.28874228380726386
RGI60-08.02647,2005,-0.09413153665276261
RGI60-08.02647,2006,-1.7525965626723714
RGI60-08.02647,2007,1.5817931878055957
RGI60-08.02647,2008,-0.36124860173509554
RGI60-08.02647,2009,0.6367429809158052
RGI60-08.02647,2010,-1.8488200706478892
RGI60-08.02647,2011,-0.9338147481336533
RGI60-08.02647,2012,0.7817827238031972
RGI60-08.02647,2013,-1.0421631747077447
RGI60-08.02647,2014,-1.3899726534245906
RGI60-08.02647,2015,1.5260689190389152
RGI60-08.02647,2016,0.9644079930490673
RGI60-08.02647,2017,1.021808645463866
RGI60-08.02647,2018,-1.3190960634703006
RGI60-08.02647,2019,-1.400193344900201
RGI60-08.02647,2020,0.9059079967400862
RGI60-08.02647,2021,-1.8300213308979183
RGI60-08.02647,2022,-0.8499214145676391
RGI60-08.02647,2023,-1.238688320844077
RGI60-08.02647,2024,-0.3473060570302361
RGI60-08.02650,2000,0.0063455944712580425
RGI60-08.02650,2001,-1.7631844885608796
RGI60-08.02650,2002,-1.4261705952408064
RGI60-08.02650,2003,-1.5501295097751195
RGI60-08.02650,2004,-0.8996360754787747
RGI60-08.02650,2005,-0.3798533943717757
RGI60-08.02650,2006,-1.830452299530883
RGI60-08.02650,2007,-0.12915314476184225
RGI60-08.02650,2008,-0.7083131124980014
RGI60-08.02650,2009,-0.39216275280008284
RGI60-08.02650,2010,-1.4559106857321826
RGI60-08.02650,2011,-1.3319742902290288
RGI60-08.02650,2012,-0.01439023944314699
RGI60-08.02650,2013,-0.9964320294322988
RGI60-08.02650,2014,-1.2800780839734864
RGI60-08.02650,2015,0.08060543607706672
RGI60-08.02650,2016,-1.1387927739810657
RGI60-08.02650,2017,-1.1177269526086404
RGI60-08.02650,2018,-1.4681232692161492
RGI60-08.02650,2019,-2.053967332914163
RGI60-08.02650,2020,-0.43617160018003187
RGI60-08.02650,2021,-1.808925307623475
RGI60-08.02650,2022,-0.8473722807149933
RGI60-08.02650,2023,-1.599573158816021
RGI60-08.02650,2024,-1.0848663961560454
RGI60-08.02654,2000,-1.1185306896042844
RGI60-08.02654,2001,-3.1101288401299625
RGI60-08.02654,2002,-0.5807087435337107
RGI60-08.02654,2003,-1.3127370040579946
RGI60-08.02654,2004,-0.8101395771672779
RGI60-08.02654,2005,-0.8623748756860404
RGI60-08.02654,2006,-0.8754405574787432
RGI60-08.02654,2007,0.015461672812064786
RGI60-08.02654,2008,-0.890097953911883
RGI60-08.02654,2009,-1.472105719809925
RGI60-08.02654,2010,-1.5499504579963852
RGI60-08.02654,2011,-1.4377562391324157
RGI60-08.02654,2012,1.0680686858693833
RGI60-08.02654,2013,0.6944607812114723
RGI60-08.02654,2014,0.17020818713291042
RGI60-08.02654,2015,0.08075349577718138
RGI60-08.02654,2016,0.45397840109468923
RGI60-08.02654,2017,-0.5807501623040925
RGI60-08.02654,2018,-1.1472239308441312
RGI60-08.02654,2019,-0.09528647224087006
RGI60-08.02654,2020,-0.7750061129995597
RGI60-08.02654,2021,1.4953931207674853
RGI60-08.02654,2022,0.8378994043847265
RGI60-08.02654,2023,0.17684787421568626
RGI60-08.02654,2024,-1.8450606904625813
RGI60-08.02656,2000,0.3171734327133102
RGI60-08.02656,2001,-1.1160481285997639
RGI60-08.02656,2002,-1.039841244689868
RGI60-08.02656,2003,-0.46092078203273734
RGI60-08.02656,2004,-0.5351214118897641
RGI60-08.02656,2005,0.15644307984836947
RGI60-08.02656,2006,-1.0273744663343263
RGI60-08.02656,2007,0.6415948218062066
RGI60-08.02656,2008,0.1573370009269447
RGI60-08.02656,2009,0.36066731036216115
RGI60-08.02656,2010,-0.6247232748696303
RGI60-08.02656,2011,-0.6649780330474647
RGI60-08.02656,2012,0.2829682490643749
RGI60-08.02656,2013,-0.5797685834673654
RGI60-08.02656,2014,-0.7017432907847168
RGI60-08.02656,2015,0.6544569502634887
RGI60-08.02656,2016,-0.17543717301367456
RGI60-08.02656,2017,-0.48245210220792056
RGI60-08.02656,2018,-0.08717208287660233
RGI60-08.02656,2019,-0.10126027117101424
RGI60-08.02656,2020,-0.32018551068947865
RGI60-08.02656,2021,-0.7579285729756704
RGI60-08.02656,2022,-0.07943084354911714
RGI60-08.02656,2023,-0.8065831218135973
RGI60-08.02656,2024,-0.5538681817924218
RGI60-08.02661,2000,0.13497393854554984
RGI60-08.02661,2001,-1.5829067426853343
RGI60-08.02661,2002,-1.3494576820981286
RGI60-08.02661,2003,-1.1223526705495082
RGI60-08.02661,2004,0.3844261607322145
RGI60-08.02661,2005,0.06859770044065605
RGI60-08.02661,2006,-1.6768631645291625
RGI60-08.02661,2007,0.5859544362037321
RGI60-08.02661,2008,-0.616330940526518
RGI60-08.02661,2009,-0.2656153560616629
RGI60-08.02661,2010,-0.6579897157841124
RGI60-08.02661,2011,-0.5860635165554774
RGI60-08.02661,2012,-0.1826243914855088
RGI60-08.02661,2013,-0.6151181282978917
RGI60-08.02661,2014,-1.1866256612532513
RGI60-08.02661,2015,-0.5908276591991991
RGI60-08.02661,2016,-0.12383196792037893
RGI60-08.02661,2017,-0.7541594478208423
RGI60-08.02661,2018,-0.5728907647401484
RGI60-08.02661,2019,0.18920557358496892
RGI60-08.02661,2020,-0.4458621269714226
RGI60-08.02661,2021,-1.1689486532736624
RGI60-08.02661,2022,-0.2140310573207735
RGI60-08.02661,2023,-0.57533387644474
RGI60-08.02661,2024,-1.3141942375697786
RGI60-08.02662,2000,0.1764256127737539
RGI60-08.02662,2001,-1.8990214729846862
RGI60-08.02662,2002,-1.1141627319673781
RGI60-08.02662,2003,-1.1780299506822385
RGI60-08.02662,2004,0.05829662058698748
RGI60-08.02662,2005,-0.4767838077160339
RGI60-08.02662,2006,-1.7909303267752819
RGI60-08.02662,2007,0.09541723469180763
RGI60-08.02662,2008,-0.192689939114297
RGI60-08.02662,2009,-0.2845798828850645
RGI60-08.02662,2010,-0.9035352949269362
RGI60-08.02662,2011,-1.2895995572655805
RGI60-08.02662,2012,0.20269592640176826
RGI60-08.02662,2013,-0.964767793611252
RGI60-08.02662,2014,-1.5232826381049347
RGI60-08.02662,2015,0.3581664068183188
RGI60-08.02662,2016,-0.8293325847403197
RGI60-08.02662,2017,-0.8742021278334116
RGI60-08.02662,2018,-0.8080030628430205
RGI60-08.02662,2019,-1.119180629822206
RGI60-08.02662,2020,-0.08135226831290088
RGI60-08.02662,2021,0.7636034705026651
RGI60-08.02662,2022,-0.4182232549808073
RGI60-08.02662,2023,-1.1744613234353558
RGI60-08.02662,2024,-1.4569555683926856
RGI60-08.02666,2000,0.26261045246412884
RGI60-08.02666,2001,-1.5024062429297274
RGI60-08.02666,2002,-0.918783972198411
RGI60-08.02666,2003,-1.5181817666143316
RGI60-08.02666,2004,-0.812201538719872
RGI60-08.02666,2005,-0.023478504508378517
RGI60-08.02666,2006,-1.3255946957856737
RGI60-08.02666,2007,0.14537844999634786
RGI60-08.02666,2008,0.05432854137751686
RGI60-08.02666,2009,0.07007118132450296
RGI60-08.02666,2010,-0.8666090876221051
RGI60-08.02666,2011,-1.3572815208313043
RGI60-08.02666,2012,0.7752500702274614
RGI60-08.02666,2013,-0.552372897905653
RGI60-08.02666,2014,-0.8980436692027423
RGI60-08.02666,2015,0.3203273364986218
RGI60-08.02666,2016,-0.931167661030629
RGI60-08.02666,2017,-1.195344264184901
RGI60-08.02666,2018,-1.0024188042853774
RGI60-08.02666,2019,-1.138381406069462
RGI60-08.02666,2020,0.06532927795606736
RGI60-08.02666,2021,-0.602281703265831
RGI60-08.02666,2022,-0.4498788875553609
RGI60-08.02666,2023,-1.253720265199632
RGI60-08.02666,2024,-0.7309639509514565
RGI60-08.02668,2000,0.9426780714089665
RGI60-08.02668,2001,-0.9585417968000396
RGI60-08.02668,2002,-0.4748548894187213
RGI60-08.02668,2003,-0.9500633842089335
RGI60-08.02668,2004,0.2638004299865393
RGI60-08.02668,2005,0.931895074646233
RGI60-08.02668,2006,-1.4767678264911752
RGI60-08.02668,2007,1.32421689894462
RGI60-08.02668,2008,-0.027694424689636843
RGI60-08.02668,2009,-0.43642154771940145
RGI60-08.02668,2010,-0.2278538296163843
RGI60-08.02668,2011,-0.8371584910331961
RGI60-08.02668,2012,-0.028199811915693457
RGI60-08.02668,2013,-0.3258317771087912
RGI60-08.02668,2014,-0.9356589597721061
RGI60-08.02668,2015,0.3572626409024533
RGI60-08.02668,2016,-1.0853690547111763
RGI60-08.02668,2017,-0.34377655352474934
RGI60-08.02668,2018,-0.7510516449013003
RGI60-08.02668,2019,-0.3785091239775104
RGI60-08.02668,2020,0.5017847019123926
RGI60-08.02668,2021,-1.119793575971459
RGI60-08.02668,2022,0.17948659250372967
RGI60-08.02668,2023,-0.7070895107777343
RGI60-08.02668,2024,-0.4286674191339014
RGI60-08.02683,2000,0.3994767659003653
RGI60-08.02683,2001,-1.9399480073589084
RGI60-08.02683,2002,-1.4260005457421168
RGI60-08.02683,2003,-1.0614776019529963
RGI60-08.02683,2004,-0.8759431966849536
RGI60-08.02683,2005,-0.2796812079548423
RGI60-08.02683,2006,-2.0995089976718266
RGI60-08.02683,2007,-0.008807277698832605
RGI60-08.02683,2008,-0.40922979544664695
RGI60-08.02683,2009,-0.7288094382358603
RGI60-08.02683,2010,-1.2384654743105556
RGI60-08.02683,2011,-1.052278898333735
RGI60-08.02683,2012,-0.04828009937978206
RGI60-08.02683,2013,-1.1845292936560132
RGI60-08.02683,2014,-1.4399633483140777
RGI60-08.02683,2015,0.32274688384944206
RGI60-08.02683,2016,-1.3064579315756049
RGI60-08.02683,2017,-1.3137181704284067
RGI60-08.02683,2018,-1.9747562823988423
RGI60-08.02683,2019,-1.7309680826058012
RGI60-08.02683,2020,-0.07635096747521009
RGI60-08.02683,2021,-1.499674603608924
RGI60-08.02683,2022,-0.7513198115098062
RGI60-08.02683,2023,-1.6421353324221468
RGI60-08.02683,2024,-1.3503401079282655
RGI60-08.02691,2000,-0.062060301547375935
RGI60-08.02691,2001,-1.0421901782515772
RGI60-08.02691,2002,-0.5037615417369004
RGI60-08.02691,2003,-0.8499610160512217
RGI60-08.02691,2004,-0.06570184610576837
RGI60-08.02691,2005,0.2869894712610425
RGI60-08.02691,2006,-1.025808422464777
RGI60-08.02691,2007,0.8156683732116794
RGI60-08.02691,2008,0.08798882612012815
RGI60-08.02691,2009,-0.735492325855412
RGI60-08.02691,2010,-0.7070331691189685
RGI60-08.02691,2011,-0.46445058952461193
RGI60-08.02691,2012,0.7534518375884345
RGI60-08.02691,2013,-0.800866649712392
RGI60-08.02691,2014,-0.7604003231478786
RGI60-08.02691,2015,0.5188973539690893
RGI60-08.02691,2016,-0.09234278870512194
RGI60-08.02691,2017,-0.512879292342693
RGI60-08.02691,2018,-0.21468994118959234
RGI60-08.02691,2019,-0.45995747639609297
RGI60-08.02691,2020,0.05243504692673573
RGI60-08.02691,2021,-0.5912760773758333
RGI60-08.02691,2022,0.35553485612433083
RGI60-08.02691,2023,-0.40434506009654503
RGI60-08.02691,2024,-0.9401430331824612
RGI60-08.02692,2000,0.014354067722569197
RGI60-08.02692,2001,-1.226850724319279
RGI60-08.02692,2002,-0.8654131058114602
RGI60-08.02692,2003,-1.5907835280430707
RGI60-08.02692,2004,-0.5095275471181798
RGI60-08.02692,2005,0.2708282188502489
RGI60-08.02692,2006,-1.4889601168340805
RGI60-08.02692,2007,0.8006151885486643
RGI60-08.02692,2008,-0.1778451612831411
RGI60-08.02692,2009,-0.48329700738949066
RGI60-08.02692,2010,-0.724447260351395
RGI60-08.02692,2011,-0.49891476994355416
RGI60-08.02692,2012,0.4742509702475879
RGI60-08.02692,2013,-0.5607512147837729
RGI60-08.02692,2014,-0.8032161873448853
RGI60-08.02692,2015,0.09861164504071496
RGI60-08.02692,2016,0.06396413236623166
RGI60-08.02692,2017,-0.5764395405452674
RGI60-08.02692,2018,-1.1777745395634396
RGI60-08.02692,2019,-1.1714035194450223
RGI60-08.02692,2020,-0.028728508819471477
RGI60-08.02692,2021,-0.8450108898547103
RGI60-08.02692,2022,-0.007957428313479564
RGI60-08.02692,2023,-0.8631093783499193
RGI60-08.02692,2024,-0.9172019699912654
RGI60-08.02693,2000,-0.09148534294368205
RGI60-08.02693,2001,-1.662684798011671
RGI60-08.02693,2002,-1.6989593507094938
RGI60-08.02693,2003,-1.3828881283154146
RGI60-08.02693,2004,-0.0037851387947094306
RGI60-08.02693,2005,0.11124642818363062
RGI60-08.02693,2006,-1.6991233449056746
RGI60-08.02693,2007,0.600482787811119
RGI60-08.02693,2008,-0.32533418704082795
RGI60-08.02693,2009,-0.7682968322122583
RGI60-08.02693,2010,-1.2903185781209157
RGI60-08.02693,2011,-0.9146722007697506
RGI60-08.02693,2012,0.3693608120105305
RGI60-08.02693,2013,-0.7385614217101207
RGI60-08.02693,2014,-1.51151156649629
RGI60-08.02693,2015,0.2131701830471211
RGI60-08.02693,2016,-0.6347148730476782
RGI60-08.02693,2017,-0.9224946746752563
RGI60-08.02693,2018,-1.3829667179461436
RGI60-08.02693,2019,-1.6508630553525214
RGI60-08.02693,2020,-0.030716748603872857
RGI60-08.02693,2021,-2.035977715657469
RGI60-08.02693,2022,-0.7273168546944413
RGI60-08.02693,2023,-1.175251383118419
RGI60-08.02693,2024,-0.6823440600030543
RGI60-08.02714,2000,0.08472594494093122
RGI60-08.02714,2001,-1.763023852305115
RGI60-08.02714,2002,-2.7964428789710607
RGI60-08.02714,2003,1.5646947946492062
RGI60-08.02714,2004,-0.9812311539648567
RGI60-08.02714,2005,0.07011387222153065
RGI60-08.02714,2006,-0.21995759329965148
RGI60-08.02714,2007,1.098476792252395
RGI60-08.02714,2008,-1.3162086832312712
RGI60-08.02714,2009,-1.3088034615274045
RGI60-08.02714,2010,-2.8016619204783946
RGI60-08.02714,2011,-2.6466325760968457
RGI60-08.02714,2012,0.9597798206083742
RGI60-08.02714,2013,-1.427334519359556
RGI60-08.02714,2014,-2.829015308398607
RGI60-08.02714,2015,-0.8062498740104586
RGI60-08.02714,2016,-0.7801639621008347
RGI60-08.02714,2017,-0.6714981892966977
RGI60-08.02714,2018,2.3956761006506646
RGI60-08.02714,2019,-2.10554335228235
RGI60-08.02714,2020,-0.28512782680159954
RGI60-08.02714,2021,-0.8082178459921807
RGI60-08.02714,2022,0.2089494288513759
RGI60-08.02714,2023,-2.401206261617741
RGI60-08.02714,2024,3.2462508032546507
RGI60-08.02723,2000,-0.19454273966150565
RGI60-08.02723,2001,-0.6555528130039153
RGI60-08.02723,2002,-1.218428900921011
RGI60-08.02723,2003,-1.4875319732286076
RGI60-08.02723,2004,-0.9554723171742404
RGI60-08.02723,2005,0.2893080148693278
RGI60-08.02723,2006,-1.8104803104646168
RGI60-08.02723,2007,0.6776066217102427
RGI60-08.02723,2008,-0.5960155476666531
RGI60-08.02723,2009,-0.5800356031844445
RGI60-08.02723,2010,-1.1696480863798138
RGI60-08.02723,2011,-1.6177600360428248
RGI60-08.02723,2012,1.659276252265311
RGI60-08.02723,2013,-1.213551158229455
RGI60-08.02723,2014,-1.1440472170408555
RGI60-08.02723,2015,0.1849473191012979
RGI60-08.02723,2016,-1.2863080086251255
RGI60-08.02723,2017,-0.9866479535159027
RGI60-08.02723,2018,-1.2137056189537008
RGI60-08.02723,2019,-0.24260992385351288
RGI60-08.02723,2020,0.060121770702183164
RGI60-08.02723,2021,-1.5952318771506282
RGI60-08.02723,2022,0.1057265250736964
RGI60-08.02723,2023,-2.0146859424648875
RGI60-08.02723,2024,-1.7823106360565584
RGI60-08.02739,2000,-0.025858163478743368
RGI60-08.02739,2001,-0.7391098305556373
RGI60-08.02739,2002,-1.0861212561573246
RGI60-08.02739,2003,-1.7345830379184761
RGI60-08.02739,2004,-0.14983202877893365
RGI60-08.02739,2005,-0.6443569764985866
RGI60-08.02739,2006,-1.3952362355307053
RGI60-08.02739,2007,-0.6208325182208285
RGI60-08.02739,2008,-0.31692466238574324
RGI60-08.02739,2009,-0.3423366215664969
RGI60-08.02739,2010,-0.5995235621953149
RGI60-08.02739,2011,-0.489297252300597
RGI60-08.02739,2012,0.7496616521204414
RGI60-08.02739,2013,-0.5329935581950145
RGI60-08.02739,2014,-1.8851029055917108
RGI60-08.02739,2015,0.18298727951994176
RGI60-08.02739,2016,-1.385337886321004
RGI60-08.02739,2017,-0.020524362543687724
RGI60-08.02739,2018,-1.41421341758677
RGI60-08.02739,2019,-0.5504646558148104
RGI60-08.02739,2020,0.39103910701300715
RGI60-08.02739,2021,-1.1973733757470537
RGI60-08.02739,2022,0.08411736030208239
RGI60-08.02739,2023,-1.3493044085536887
RGI60-08.02739,2024,-1.5288117890675066
RGI60-08.02742,2000,0.8021758356802428
RGI60-08.02742,2001,-0.14759453307138287
RGI60-08.02742,2002,-0.17813163823858055
RGI60-08.02742,2003,-1.1667235474056872
RGI60-08.02742,2004,1.1175129649933042
RGI60-08.02742,2005,0.20446710572440027
RGI60-08.02742,2006,-0.9562442971806916
RGI60-08.02742,2007,0.08661534762045311
RGI60-08.02742,2008,-0.11711827971576205
RGI60-08.02742,2009,-0.6029304333161414
RGI60-08.02742,2010,0.06937719231520076
RGI60-08.02742,2011,-0.537509448866486
RGI60-08.02742,2012,0.5639680909821827
RGI60-08.02742,2013,-0.33428731568369324
RGI60-08.02742,2014,-1.067160268922128
RGI60-08.02742,2015,0.6275316649888047
RGI60-08.02742,2016,-0.18593372578465453
RGI60-08.02742,2017,0.09415111421889036
RGI60-08.02742,2018,-0.818637342924466
RGI60-08.02742,2019,-0.36202848541379984
RGI60-08.02742,2020,0.3471278358108518
RGI60-08.02742,2021,-1.0355675442869452
RGI60-08.02742,2022,0.2991815912478921
RGI60-08.02742,2023,-0.3779353813498843
RGI60-08.02742,2024,0.28353695111046795
RGI60-08.02743,2000,0.18315564146577668
RGI60-08.02743,2001,-1.4435223478127095
RGI60-08.02743,2002,-1.4181636144039333
RGI60-08.02743,2003,-1.3005602544153705
RGI60-08.02743,2004,-0.24967075910647085
RGI60-08.02743,2005,-0.07737653503063635
RGI60-08.02743,2006,-1.4227454185680708
RGI60-08.02743,2007,0.6990642976446501
RGI60-08.02743,2008,-0.37689285185925886
RGI60-08.02743,2009,-0.1733799258496036
RGI60-08.02743,2010,-1.5518565714582766
RGI60-08.02743,2011,-1.6073549138654073
RGI60-08.02743,2012,0.6553648562719688
RGI60-08.02743,2013,-1.2360181057615958
RGI60-08.02743,2014,-1.5487548675952225
RGI60-08.02743,2015,0.40168953257426254
RGI60-08.02743,2016,-0.3796548730085667
RGI60-08.02743,2017,-0.45024956308518727
RGI60-08.02743,2018,1.5166238034609103
RGI60-08.02743,2019,-0.6044975295972629
RGI60-08.02743,2020,0.06394635650039882
RGI60-08.02743,2021,-1.5173578785448063
RGI60-08.02743,2022,-0.24751961844187653
RGI60-08.02743,2023,-0.8852852650313188
RGI60-08.02743,2024,1.4554698395799965
RGI60-08.02744,2000,0.21518765771931403
RGI60-08.02744,2001,-0.7056499737227988
RGI60-08.02744,2002,-1.098315081291961
RGI60-08.02744,2003,-1.237428071893751
RGI60-08.02744,2004,0.38082780470998556
RGI60-08.02744,2005,-0.03351981871336962
RGI60-08.02744,2006,-1.3366150963723609
RGI60-08.02744,2007,0.2970520711782131
RGI60-08.02744,2008,-0.38349805729221464
RGI60-08.02744,2009,-0.2803982619150165
RGI60-08.02744,2010,-0.7772234638711625
RGI60-08.02744,2011,-0.8473553585522211
RGI60-08.02744,2012,0.7862171393565038
RGI60-08.02744,2013,-0.6566430660751319
RGI60-08.02744,2014,-1.7811518202401053
RGI60-08.02744,2015,-0.020771850167010886
RGI60-08.02744,2016,-0.9573635792361007
RGI60-08.02744,2017,-0.2576215509041846
RGI60-08.02744,2018,-1.325928125453727
RGI60-08.02744,2019,-0.9525014972629005
RGI60-08.02744,2020,0.2485211903678839
RGI60-08.02744,2021,-1.5239835057253126
RGI60-08.02744,2022,-0.2085865714017695
RGI60-08.02744,2023,-1.2954746056427657
RGI60-08.02744,2024,-1.5612048588101923
RGI60-08.02746,2000,0.4558340419808592
RGI60-08.02746,2001,0.812609760541939
RGI60-08.02746,2002,-0.4909265864787512
RGI60-08.02746,2003,-0.9067660296346485
RGI60-08.02746,2004,0.12228380987170284
RGI60-08.02746,2005,-0.28371966517331204
RGI60-08.02746,2006,-1.2436945020033927
RGI60-08.02746,2007,-0.24766219679090004
RGI60-08.02746,2008,-0.3738561138422478
RGI60-08.02746,2009,-0.56198757057923
RGI60-08.02746,2010,-1.437552981835558
RGI60-08.02746,2011,-0.016340640555999375
RGI60-08.02746,2012,0.8497329069006144
RGI60-08.02746,2013,-1.2401606791874213
RGI60-08.02746,2014,-1.7976193473121782
RGI60-08.02746,2015,-0.05707555206648185
RGI60-08.02746,2016,-0.807027500915519
RGI60-08.02746,2017,-0.4403705826956252
RGI60-08.02746,2018,-1.6423914008249647
RGI60-08.02746,2019,-0.46930916939887973
RGI60-08.02746,2020,-0.42916743201420043
RGI60-08.02746,2021,-1.6614529943352645
RGI60-08.02746,2022,-0.23787092955723171
RGI60-08.02746,2023,-1.3416989423629277
RGI60-08.02746,2024,-1.2874152417411577
RGI60-08.02748,2000,0.2783601410295108
RGI60-08.02748,2001,-0.4341996777723142
RGI60-08.02748,2002,-1.0385638104198018
RGI60-08.02748,2003,-1.4118710805114447
RGI60-08.02748,2004,0.6808682111273191
RGI60-08.02748,2005,0.6297073050137404
RGI60-08.02748,2006,-1.2958868405889719
RGI60-08.02748,2007,-0.5095289639706242
RGI60-08.02748,2008,0.3670481999486487
RGI60-08.02748,2009,-0.7928743245077776
RGI60-08.02748,2010,-0.8254909301555393
RGI60-08.02748,2011,-1.1275382326649943
RGI60-08.02748,2012,1.8563231721238087
RGI60-08.02748,2013,0.2227341055567995
RGI60-08.02748,2014,-2.925206279240237
RGI60-08.02748,2015,0.7044914617933916
RGI60-08.02748,2016,-0.8988192185835447
RGI60-08.02748,2017,-0.024614026910970033
RGI60-08.02748,2018,-0.7391544998939515
RGI60-08.02748,2019,-0.3143847113730626
RGI60-08.02748,2020,0.7343779870821218
RGI60-08.02748,2021,-1.4439205364141134
RGI60-08.02748,2022,-0.35366489478817964
RGI60-08.02748,2023,-1.1527657878656765
RGI60-08.02748,2024,-1.4892343476867862
RGI60-08.02753,2000,-0.40376649458365865
RGI60-08.02753,2001,-0.9019132546556752
RGI60-08.02753,2002,-1.3227631620469615
RGI60-08.02753,2003,-1.2707815400371003
RGI60-08.02753,2004,-0.4221707248915263
RGI60-08.02753,2005,-0.6887267510566827
RGI60-08.02753,2006,-1.5285530014039779
RGI60-08.02753,2007,-0.008398189802864997
RGI60-08.02753,2008,-0.4096207842194588
RGI60-08.02753,2009,-0.9684372751568835
RGI60-08.02753,2010,-0.7901165791839896
RGI60-08.02753,2011,-0.9406472684017461
RGI60-08.02753,2012,-0.109789224636761
RGI60-08.02753,2013,-1.1870239071060882
RGI60-08.02753,2014,-1.2180243327710676
RGI60-08.02753,2015,0.28175071062450674
RGI60-08.02753,2016,-1.1843247669361627
RGI60-08.02753,2017,-0.2895378850116913
RGI60-08.02753,2018,-0.8479287027920552
RGI60-08.02753,2019,-1.0873268659301514
RGI60-08.02753,2020,-0.372439439664959
RGI60-08.02753,2021,-1.5926575277680408
RGI60-08.02753,2022,-0.43735334971061357
RGI60-08.02753,2023,-1.66449025021513
RGI60-08.02753,2024,-0.7358076768764642
RGI60-08.02757,2000,0.34281455857448284
RGI60-08.02757,2001,0.7027945218135636
RGI60-08.02757,2002,-1.0387994963943517
RGI60-08.02757,2003,-1.8459041051782448
RGI60-08.02757,2004,-0.02893608763363964
RGI60-08.02757,2005,-0.47255937150242555
RGI60-08.02757,2006,-1.3820725688974815
RGI60-08.02757,2007,-0.027287275970185654
RGI60-08.02757,2008,-0.4083667552162621
RGI60-08.02757,2009,-0.3037304568339762
RGI60-08.02757,2010,-1.5025601981645726
RGI60-08.02757,2011,-1.5267196762429383
RGI60-08.02757,2012,0.8365744434628164
RGI60-08.02757,2013,-0.6556544602021275
RGI60-08.02757,2014,-2.6417125934764556
RGI60-08.02757,2015,0.8163792055846597
RGI60-08.02757,2016,-1.4801550896469526
RGI60-08.02757,2017,-0.04929412289908619
RGI60-08.02757,2018,-0.8626500169759193
RGI60-08.02757,2019,-0.439360454200923
RGI60-08.02757,2020,1.0424246583727277
RGI60-08.02757,2021,-1.4557619424155757
RGI60-08.02757,2022,-0.05521801226259904
RGI60-08.02757,2023,-1.564309857919781
RGI60-08.02757,2024,-1.7371928198910898
RGI60-08.02758,2000,-0.08243523028984046
RGI60-08.02758,2001,-1.0297080323175414
RGI60-08.02758,2002,-2.0516144723284984
RGI60-08.02758,2003,-1.2147519113292249
RGI60-08.02758,2004,-0.300060964943356
RGI60-08.02758,2005,-0.46040160044347667
RGI60-08.02758,2006,-0.19818253093566074
RGI60-08.02758,2007,-0.1360869715152374
RGI60-08.02758,2008,-0.5755922151397914
RGI60-08.02758,2009,-0.5044169848423152
RGI60-08.02758,2010,-0.5265404771885231
RGI60-08.02758,2011,-0.6825507762187835
RGI60-08.02758,2012,0.5958214283581136
RGI60-08.02758,2013,-1.0053851765527804
RGI60-08.02758,2014,-2.0343625071534084
RGI60-08.02758,2015,-0.10297694673634383
RGI60-08.02758,2016,-0.8790626923395276
RGI60-08.02758,2017,-0.5283200490368061
RGI60-08.02758,2018,-2.014051250942325
RGI60-08.02758,2019,-0.29182063810468756
RGI60-08.02758,2020,0.04243320167499898
RGI60-08.02758,2021,-1.8319087638827078
RGI60-08.02758,2022,-0.9101704872389492
RGI60-08.02758,2023,-1.4806377880008679
RGI60-08.02758,2024,-1.8689030576795531
RGI60-08.02759,2000,0.36673713170943656
RGI60-08.02759,2001,-0.762432339151822
RGI60-08.02759,2002,-1.0067311481397136
RGI60-08.02759,2003,-1.1134351359444283
RGI60-08.02759,2004,-0.1181475186539983
RGI60-08.02759,2005,-0.25649039668822315
RGI60-08.02759,2006,-1.2039483398245818
RGI60-08.02759,2007,-0.4105960902137272
RGI60-08.02759,2008,-0.10756051979139614
RGI60-08.02759,2009,-1.5383430068155355
RGI60-08.02759,2010,-0.36499220052321435
RGI60-08.02759,2011,-0.24409570294286453
RGI60-08.02759,2012,0.844006884963655
RGI60-08.02759,2013,-0.29757904752315045
RGI60-08.02759,2014,-2.0190632875192494
RGI60-08.02759,2015,0.7508642720512247
RGI60-08.02759,2016,-1.1896700732421328
RGI60-08.02759,2017,0.029334008059411665
RGI60-08.02759,2018,-1.1480629344227185
RGI60-08.02759,2019,-0.4467945553869692
RGI60-08.02759,2020,0.15013496765335588
RGI60-08.02759,2021,-1.559076950051821
RGI60-08.02759,2022,0.21223993588364565
RGI60-08.02759,2023,-1.2057421734912013
RGI60-08.02759,2024,-1.6907139715377983
RGI60-08.02760,2000,-0.12638560687199651
RGI60-08.02760,2001,-0.7192198102831818
RGI60-08.02760,2002,-1.4386080724958776
RGI60-08.02760,2003,-1.0490078128070428
RGI60-08.02760,2004,0.04821958011151939
RGI60-08.02760,2005,-0.5252208379816793
RGI60-08.02760,2006,-1.0746889809322242
RGI60-08.02760,2007,-0.02560343219676453
RGI60-08.02760,2008,-0.330181103485803
RGI60-08.02760,2009,-1.3518431189163813
RGI60-08.02760,2010,-0.38772689304127156
RGI60-08.02760,2011,-0.7710167728345976
RGI60-08.02760,2012,0.3894021142447619
RGI60-08.02760,2013,-0.5104706401329661
RGI60-08.02760,2014,-1.6046069897049362
RGI60-08.02760,2015,0.08928808935611787
RGI60-08.02760,2016,-0.8011394599495957
RGI60-08.02760,2017,-0.3552376306021506
RGI60-08.02760,2018,-1.2850875095673786
RGI60-08.02760,2019,-0.9304651119085632
RGI60-08.02760,2020,-0.059554678326436905
RGI60-08.02760,2021,-1.24709710025386
RGI60-08.02760,2022,-0.20035804842052468
RGI60-08.02760,2023,-1.433924097013659
RGI60-08.02760,2024,-1.144446023303301
RGI60-08.02761,2000,-0.05145897447385184
RGI60-08.02761,2001,-0.7742858672343437
RGI60-08.02761,2002,-1.0545242848454688
RGI60-08.02761,2003,-1.3594257036092072
RGI60-08.02761,2004,-0.1419187158081754
RGI60-08.02761,2005,-0.5794028625392436
RGI60-08.02761,2006,-1.2975381955222
RGI60-08.02761,2007,-0.5222464889813602
RGI60-08.02761,2008,-0.18079342889507133
RGI60-08.02761,2009,-0.07403869390033702
RGI60-08.02761,2010,-1.5066003880878953
RGI60-08.02761,2011,-0.2443731118737642
RGI60-08.02761,2012,0.8585882723672005
RGI60-08.02761,2013,-0.883602980499938
RGI60-08.02761,2014,-0.940725769141527
RGI60-08.02761,2015,0.19867471149318017
RGI60-08.02761,2016,-1.0600591779515773
RGI60-08.02761,2017,-0.8826363976069935
RGI60-08.02761,2018,-1.6389710158215314
RGI60-08.02761,2019,-0.5867609270678913
RGI60-08.02761,2020,0.13644223333464933
RGI60-08.02761,2021,-1.1889950395316993
RGI60-08.02761,2022,-0.1535676361006335
RGI60-08.02761,2023,-1.090844161173396
RGI60-08.02761,2024,-0.9252636645974092
RGI60-08.02762,2000,0.9860302796609431
RGI60-08.02762,2001,-0.3233808646558181
RGI60-08.02762,2002,-1.7176508943909345
RGI60-08.02762,2003,-1.2182447505025706
RGI60-08.02762,2004,0.17753060143805266
RGI60-08.02762,2005,0.7569652460120991
RGI60-08.02762,2006,-1.8674575109054325
RGI60-08.02762,2007,0.9683489998199152
RGI60-08.02762,2008,-0.06475984506107418
RGI60-08.02762,2009,0.42422838530894336
RGI60-08.02762,2010,-1.843429148111201
RGI60-08.02762,2011,-0.8976195780821906
RGI60-08.02762,2012,1.1840427038176027
RGI60-08.02762,2013,-1.058002400278917
RGI60-08.02762,2014,-2.256343425036233
RGI60-08.02762,2015,0.254209706853166
RGI60-08.02762,2016,-1.132505503190928
RGI60-08.02762,2017,0.07996240687619849
RGI60-08.02762,2018,-1.4875266186835345
RGI60-08.02762,2019,-0.3327977908880858
RGI60-08.02762,2020,0.4570728347472063
RGI60-08.02762,2021,-1.6653765219605274
RGI60-08.02762,2022,0.43569494339533454
RGI60-08.02762,2023,-1.8526823685412284
RGI60-08.02762,2024,-1.6591679606974372
RGI60-08.02763,2000,-0.1848902937985516
RGI60-08.02763,2001,-0.8691381385809501
RGI60-08.02763,2002,-1.3848905416426958
RGI60-08.02763,2003,-1.2401763404887434
RGI60-08.02763,2004,-0.9710360666011806
RGI60-08.02763,2005,-0.47507567479431834
RGI60-08.02763,2006,-2.2432947101243936
RGI60-08.02763,2007,-0.05234109290040412
RGI60-08.02763,2008,-0.9370507033713295
RGI60-08.02763,2009,-1.356984253433947
RGI60-08.02763,2010,-1.3966497748358158
RGI60-08.02763,2011,-1.230372647800555
RGI60-08.02763,2012,0.2318489672027988
RGI60-08.02763,2013,-1.2492429875572455
RGI60-08.02763,2014,-1.9675446702192751
RGI60-08.02763,2015,-0.3504052225437595
RGI60-08.02763,2016,-0.8610826403279641
RGI60-08.02763,2017,-1.3198275919975737
RGI60-08.02763,2018,-1.7914824125236373
RGI60-08.02763,2019,-1.0712632036604623
RGI60-08.02763,2020,-0.09500018572816471
RGI60-08.02763,2021,-1.9457395870619743
RGI60-08.02763,2022,-0.9843561249479613
RGI60-08.02763,2023,-1.7776452570973427
RGI60-08.02763,2024,-1.7219592775384818
RGI60-08.02764,2000,0.5112963118166822
RGI60-08.02764,2001,0.3584801525939766
RGI60-08.02764,2002,-0.9708248388537356
RGI60-08.02764,2003,-1.0775483528753662
RGI60-08.02764,2004,-0.0457064942251324
RGI60-08.02764,2005,-0.04176849862350218
RGI60-08.02764,2006,-1.3413456199324498
RGI60-08.02764,2007,0.54090277182676
RGI60-08.02764,2008,-0.8093191546928078
RGI60-08.02764,2009,-0.3057736147687498
RGI60-08.02764,2010,-0.8087759719626826
RGI60-08.02764,2011,-1.8980603631874877
RGI60-08.02764,2012,-0.1711445634727316
RGI60-08.02764,2013,-1.0402200632444576
RGI60-08.02764,2014,-1.328719755508282
RGI60-08.02764,2015,0.27907728071776017
RGI60-08.02764,2016,-1.1247502640421225
RGI60-08.02764,2017,-0.9878123592633802
RGI60-08.02764,2018,-0.9172200071044955
RGI60-08.02764,2019,-0.9924665951978023
RGI60-08.02764,2020,-0.27537850196453456
RGI60-08.02764,2021,-1.5225508933013308
RGI60-08.02764,2022,-0.5445228871968026
RGI60-08.02764,2023,-1.1088221313755273
RGI60-08.02764,2024,-1.1487159895879686
RGI60-08.02766,2000,0.4755304173644334
RGI60-08.02766,2001,-0.33895261995574655
RGI60-08.02766,2002,-1.0820835729099432
RGI60-08.02766,2003,-1.283951285053014
RGI60-08.02766,2004,0.16932482596411297
RGI60-08.02766,2005,0.3474163952836076
RGI60-08.02766,2006,-1.5568059552958828
RGI60-08.02766,2007,-0.08115007781692002
RGI60-08.02766,2008,-0.06256977301872835
RGI60-08.02766,2009,-0.2288564869042354
RGI60-08.02766,2010,0.058696559888993416
RGI60-08.02766,2011,-0.7522706065373058
RGI60-08.02766,2012,0.5652292727648869
RGI60-08.02766,2013,-0.5618202586410109
RGI60-08.02766,2014,-1.5636021449715722
RGI60-08.02766,2015,0.15128115452746532
RGI60-08.02766,2016,-1.343980025837649
RGI60-08.02766,2017,-0.6096237106831901
RGI60-08.02766,2018,-1.1703904083482333
RGI60-08.02766,2019,-0.5574216998200677
RGI60-08.02766,2020,0.6192699837050382
RGI60-08.02766,2021,-1.3338932570029711
RGI60-08.02766,2022,-0.14278763866112143
RGI60-08.02766,2023,-1.5508913204939563
RGI60-08.02766,2024,-1.1209889365782675
RGI60-08.02772,2000,0.14993016153309002
RGI60-08.02772,2001,-0.6804124598260073
RGI60-08.02772,2002,-1.0634266232718816
RGI60-08.02772,2003,-1.2157302829916319
RGI60-08.02772,2004,-0.06260940322781483
RGI60-08.02772,2005,0.07684959414504433
RGI60-08.02772,2006,-1.7393995914741058
RGI60-08.02772,2007,0.4105510943510109
RGI60-08.02772,2008,-0.10253920180910958
RGI60-08.02772,2009,-0.9572853975035438
RGI60-08.02772,2010,-1.1590928619926013
RGI60-08.02772,2011,-1.3773822927371113
RGI60-08.02772,2012,0.40604206185990166
RGI60-08.02772,2013,-0.864700710296833
RGI60-08.02772,2014,-2.120411369562674
RGI60-08.02772,2015,0.1651263827874475
RGI60-08.02772,2016,-1.7539046567707224
RGI60-08.02772,2017,-0.4577402302493512
RGI60-08.02772,2018,-1.1668452317824225
RGI60-08.02772,2019,-0.8537189811806892
RGI60-08.02772,2020,0.04918522725801344
RGI60-08.02772,2021,-1.598104522659888
RGI60-08.02772,2022,-0.2557857351805854
RGI60-08.02772,2023,-1.3226267297256076
RGI60-08.02772,2024,-1.527172020521701
RGI60-08.02774,2000,-0.0020142508555940353
RGI60-08.02774,2001,-1.096453718450409
RGI60-08.02774,2002,-1.0237314138346232
RGI60-08.02774,2003,-1.0736850866279521
RGI60-08.02774,2004,-0.10370357282149378
RGI60-08.02774,2005,0.012792550130057312
RGI60-08.02774,2006,-1.5939874520119466
RGI60-08.02774,2007,0.036441576010998955
RGI60-08.02774,2008,-0.5046425830628672
RGI60-08.02774,2009,-0.8424215306216358
RGI60-08.02774,2010,-0.5829587491682946
RGI60-08.02774,2011,-1.199518191494081
RGI60-08.02774,2012,0.4591967063672231
RGI60-08.02774,2013,-1.0230518183201918
RGI60-08.02774,2014,-1.4487948414185379
RGI60-08.02774,2015,0.19064755055675808
RGI60-08.02774,2016,-1.1386899025486799
RGI60-08.02774,2017,-0.704538170701833
RGI60-08.02774,2018,-1.02454487533109
RGI60-08.02774,2019,-0.9295422257958077
RGI60-08.02774,2020,0.09922718119060636
RGI60-08.02774,2021,-1.0426040401347512
RGI60-08.02774,2022,-0.2516409784303923
RGI60-08.02774,2023,-1.138549102304448
RGI60-08.02774,2024,-1.4943138313833955
RGI60-08.02775,2000,0.06335374183010034
RGI60-08.02775,2001,-1.2244373298438733
RGI60-08.02775,2002,-1.4412028048304726
RGI60-08.02775,2003,-1.329526992958749
RGI60-08.02775,2004,-0.45407397734415045
RGI60-08.02775,2005,-0.2623769213647762
RGI60-08.02775,2006,-2.1885207567371956
RGI60-08.02775,2007,0.0676241793164053
RGI60-08.02775,2008,-0.7632929951377803
RGI60-08.02775,2009,-1.1573630614064818
RGI60-08.02775,2010,-0.9694674931447973
RGI60-08.02775,2011,-1.2438691745147608
RGI60-08.02775,2012,0.16082637341550343
RGI60-08.02775,2013,-1.3219784640381327
RGI60-08.02775,2014,-1.9178374603671642
RGI60-08.02775,2015,-0.1391300776054838
RGI60-08.02775,2016,-1.6963219745986988
RGI60-08.02775,2017,-1.2226457346230573
RGI60-08.02775,2018,-1.4966951944908686
RGI60-08.02775,2019,-1.2300638815555545
RGI60-08.02775,2020,0.018054495633971546
RGI60-08.02775,2021,-1.8086481823473606
RGI60-08.02775,2022,-0.3853005821614104
RGI60-08.02775,2023,-1.6216759628500723
RGI60-08.02775,2024,-1.4748726669308332
RGI60-08.02776,2000,-0.07608701340352364
RGI60-08.02776,2001,-0.6362676031870221
RGI60-08.02776,2002,-1.143554639704802
RGI60-08.02776,2003,-1.5186354641447255
RGI60-08.02776,2004,-0.8322833631245349
RGI60-08.02776,2005,-0.16491179066354467
RGI60-08.02776,2006,-2.058204459138765
RGI60-08.02776,2007,0.47045746331887806
RGI60-08.02776,2008,-0.4935317056329751
RGI60-08.02776,2009,-0.3442019162752744
RGI60-08.02776,2010,-1.2097309066203128
RGI60-08.02776,2011,-2.1801484405257874
RGI60-08.02776,2012,0.6334002813822983
RGI60-08.02776,2013,-1.2312947280732751
RGI60-08.02776,2014,-2.1123676385640064
RGI60-08.02776,2015,0.044730151954936126
RGI60-08.02776,2016,-1.3837455860437782
RGI60-08.02776,2017,-0.9586974900920568
RGI60-08.02776,2018,-1.5781942815777525
RGI60-08.02776,2019,-0.9153308698839739
RGI60-08.02776,2020,-0.2195797254122166
RGI60-08.02776,2021,-1.8421616066431707
RGI60-08.02776,2022,-0.4971865576152595
RGI60-08.02776,2023,-1.7341662263808433
RGI60-08.02776,2024,-2.071008561366649
RGI60-08.02777,2000,-0.23310632341592707
RGI60-08.02777,2001,-0.7162362444538041
RGI60-08.02777,2002,-1.591217500317149
RGI60-08.02777,2003,-1.808619370106245
RGI60-08.02777,2004,-0.31672057710534696
RGI60-08.02777,2005,-0.03613495534912403
RGI60-08.02777,2006,-2.3405125321591687
RGI60-08.02777,2007,0.562506152223406
RGI60-08.02777,2008,-0.5363352062071858
RGI60-08.02777,2009,-0.5477086239357501
RGI60-08.02777,2010,-1.0859608773326626
RGI60-08.02777,2011,-1.295241628039061
RGI60-08.02777,2012,0.5068702604666169
RGI60-08.02777,2013,-0.734379684982954
RGI60-08.02777,2014,-2.46322049471497
RGI60-08.02777,2015,0.10663867878623101
RGI60-08.02777,2016,-0.9884305487315879
RGI60-08.02777,2017,-0.5206943489121336
RGI60-08.02777,2018,-1.6973513747521574
RGI60-08.02777,2019,-1.0766448009610226
RGI60-08.02777,2020,-0.2863960662262267
RGI60-08.02777,2021,-1.8372962060443663
RGI60-08.02777,2022,-0.26533101328284836
RGI60-08.02777,2023,-1.7753557416696717
RGI60-08.02777,2024,-2.2159400619199188
RGI60-08.02778,2000,0.6097342637046728
RGI60-08.02778,2001,-1.7561037209984953
RGI60-08.02778,2002,-1.3774078039514606
RGI60-08.02778,2003,-1.6241518998784699
RGI60-08.02778,2004,-0.40479872683429546
RGI60-08.02778,2005,-0.2905377430247682
RGI60-08.02778,2006,-1.8707043759806425
RGI60-08.02778,2007,0.13373880182501985
RGI60-08.02778,2008,-0.2585965494336898
RGI60-08.02778,2009,-0.317702514565098
RGI60-08.02778,2010,-1.2154881227809409
RGI60-08.02778,2011,-1.0741952320201424
RGI60-08.02778,2012,0.39151333990911663
RGI60-08.02778,2013,-0.9257650292959181
RGI60-08.02778,2014,-2.46764453895139
RGI60-08.02778,2015,0.1809781476518082
RGI60-08.02778,2016,-1.232594288251879
RGI60-08.02778,2017,-0.4297967291871828
RGI60-08.02778,2018,-1.9145241552069283
RGI60-08.02778,2019,-0.965153122729314
RGI60-08.02778,2020,-0.2023174894056633
RGI60-08.02778,2021,-1.6364505393651663
RGI60-08.02778,2022,0.030637862067477983
RGI60-08.02778,2023,-1.8011475681473534
RGI60-08.02778,2024,-1.5791934942536088
RGI60-08.02779,2000,0.3568529979338313
RGI60-08.02779,2001,-0.7662035374487833
RGI60-08.02779,2002,-1.201065111209043
RGI60-08.02779,2003,-1.3947030092473756
RGI60-08.02779,2004,-0.4388276340652396
RGI60-08.02779,2005,-0.378768056542953
RGI60-08.02779,2006,-2.2350425745265214
RGI60-08.02779,2007,-0.14642154827847764
RGI60-08.02779,2008,-0.43872029391321493
RGI60-08.02779,2009,-0.616488891970908
RGI60-08.02779,2010,-1.2228168003593551
RGI60-08.02779,2011,-1.1055219123961364
RGI60-08.02779,2012,0.18080684137516
RGI60-08.02779,2013,-1.136182481990618
RGI60-08.02779,2014,-1.751337332872776
RGI60-08.02779,2015,-0.20895401035431516
RGI60-08.02779,2016,-1.6246164606163935
RGI60-08.02779,2017,-0.8143472124707977
RGI60-08.02779,2018,-1.6205014072954314
RGI60-08.02779,2019,-1.2271415637506453
RGI60-08.02779,2020,0.12495940719563858
RGI60-08.02779,2021,-1.8178297633574603
RGI60-08.02779,2022,-0.6241247712998145
RGI60-08.02779,2023,-1.476658230199385
RGI60-08.02779,2024,-1.299472740744975
RGI60-08.02780,2000,0.8842837846735376
RGI60-08.02780,2001,-0.009919793547080835
RGI60-08.02780,2002,-1.9598373230928159
RGI60-08.02780,2003,-2.614439305750701
RGI60-08.02780,2004,-0.35304547513471074
RGI60-08.02780,2005,-0.06972020348391661
RGI60-08.02780,2006,-2.349445041723832
RGI60-08.02780,2007,0.264999211299092
RGI60-08.02780,2008,-0.6522318638239929
RGI60-08.02780,2009,-0.009635402827413375
RGI60-08.02780,2010,-0.7068731991084903
RGI60-08.02780,2011,-0.6963958118674656
RGI60-08.02780,2012,0.7827480217937324
RGI60-08.02780,2013,-0.366655278146008
RGI60-08.02780,2014,-2.6779693346292586
RGI60-08.02780,2015,0.43656070374664346
RGI60-08.02780,2016,-1.8212920993185735
RGI60-08.02780,2017,-0.4228676584097853
RGI60-08.02780,2018,-1.8591934805790447
RGI60-08.02780,2019,-1.0656704500699146
RGI60-08.02780,2020,0.09218494623863782
RGI60-08.02780,2021,-2.141103956039954
RGI60-08.02780,2022,-0.3318975196387339
RGI60-08.02780,2023,-2.3971623592795774
RGI60-08.02780,2024,-1.667135566720337
RGI60-08.02781,2000,-0.13662014617810952
RGI60-08.02781,2001,-0.05527693893639313
RGI60-08.02781,2002,-0.34918966784070254
RGI60-08.02781,2003,-2.0683174509406776
RGI60-08.02781,2004,-0.06689965783982049
RGI60-08.02781,2005,-0.2601426342517874
RGI60-08.02781,2006,-1.9004960340789836
RGI60-08.02781,2007,0.3976750338101309
RGI60-08.02781,2008,-0.24073369756109986
RGI60-08.02781,2009,0.7466604781566905
RGI60-08.02781,2010,0.39232152159279343
RGI60-08.02781,2011,-0.4894328614107959
RGI60-08.02781,2012,0.24718389298873666
RGI60-08.02781,2013,-0.8375623081536655
RGI60-08.02781,2014,-1.6432311523974468
RGI60-08.02781,2015,0.38336980903657014
RGI60-08.02781,2016,-1.4562108181963296
RGI60-08.02781,2017,-1.343921041047122
RGI60-08.02781,2018,-1.5511260195095238
RGI60-08.02781,2019,-0.5718503072424682
RGI60-08.02781,2020,-0.24364653771518252
RGI60-08.02781,2021,-1.4633796345300594
RGI60-08.02781,2022,-0.29918703252745393
RGI60-08.02781,2023,0.15579539613427196
RGI60-08.02781,2024,-1.1741942350830956
RGI60-08.02784,2000,0.994285358034931
RGI60-08.02784,2001,-0.1456396993839255
RGI60-08.02784,2002,-1.9367568875817271
RGI60-08.02784,2003,-1.113940821333665
RGI60-08.02784,2004,-0.250546656010236
RGI60-08.02784,2005,0.7425385330941333
RGI60-08.02784,2006,-1.8368535042335115
RGI60-08.02784,2007,1.5992970558667428
RGI60-08.02784,2008,-0.49462954307609097
RGI60-08.02784,2009,0.11120828379002023
RGI60-08.02784,2010,-1.1859412037480639
RGI60-08.02784,2011,-2.1687316376284347
RGI60-08.02784,2012,-0.25371551533125963
RGI60-08.02784,2013,-0.9143713638616291
RGI60-08.02784,2014,-2.046514372753769
RGI60-08.02784,2015,0.45763076982623774
RGI60-08.02784,2016,-0.5343917956282103
RGI60-08.02784,2017,-0.7662916896744157
RGI60-08.02784,2018,-0.3503118695212952
RGI60-08.02784,2019,-0.6103234408458329
RGI60-08.02784,2020,-1.024801158663729
RGI60-08.02784,2021,-2.1649120996546705
RGI60-08.02784,2022,-0.27001946338716615
RGI60-08.02784,2023,-1.4314762225617748
RGI60-08.02784,2024,-1.3247023309977233
RGI60-08.02785,2000,0.05998892411955192
RGI60-08.02785,2001,-0.730644839177879
RGI60-08.02785,2002,-1.6742686118331642
RGI60-08.02785,2003,-2.0452920009688262
RGI60-08.02785,2004,0.04046572374401747
RGI60-08.02785,2005,-0.11258664785439298
RGI60-08.02785,2006,-1.469870268506865
RGI60-08.02785,2007,1.0081460143712473
RGI60-08.02785,2008,-0.28786510649377434
RGI60-08.02785,2009,-0.30072150060947056
RGI60-08.02785,2010,-0.43545737185388617
RGI60-08.02785,2011,-1.0767689786675476
RGI60-08.02785,2012,0.36047394526634446
RGI60-08.02785,2013,-1.2541903598956092
RGI60-08.02785,2014,-2.0403842643990813
RGI60-08.02785,2015,0.3091253318720958
RGI60-08.02785,2016,-0.5106494184959312
RGI60-08.02785,2017,-1.1160311134790935
RGI60-08.02785,2018,-1.2919136037832741
RGI60-08.02785,2019,-0.998355853354463
RGI60-08.02785,2020,-0.04181385773429269
RGI60-08.02785,2021,-2.309919585411325
RGI60-08.02785,2022,-0.4117497074481455
RGI60-08.02785,2023,-1.3114220573849869
RGI60-08.02785,2024,-1.7259916932390498
RGI60-08.02787,2000,0.3526005330966352
RGI60-08.02787,2001,-0.9033037588500752
RGI60-08.02787,2002,-0.8776526724378816
RGI60-08.02787,2003,-1.769436908379518
RGI60-08.02787,2004,0.609435642923195
RGI60-08.02787,2005,-0.4905096484473018
RGI60-08.02787,2006,-2.016018723343733
RGI60-08.02787,2007,0.5424737430967682
RGI60-08.02787,2008,-0.2207328382210112
RGI60-08.02787,2009,-0.6262732096095915
RGI60-08.02787,2010,-1.1134400308437415
RGI60-08.02787,2011,-0.9209746113397137
RGI60-08.02787,2012,0.40107479702182924
RGI60-08.02787,2013,-0.9277862852508837
RGI60-08.02787,2014,-1.8327131114072834
RGI60-08.02787,2015,0.016060605585152432
RGI60-08.02787,2016,-1.1867862432238105
RGI60-08.02787,2017,-1.044566481747769
RGI60-08.02787,2018,-1.775401444108057
RGI60-08.02787,2019,-0.4870493545132143
RGI60-08.02787,2020,-0.2012682142877148
RGI60-08.02787,2021,-2.0163742208103512
RGI60-08.02787,2022,-0.3235122949130075
RGI60-08.02787,2023,-1.4601781586079863
RGI60-08.02787,2024,-0.9503073470298822
RGI60-08.02797,2000,1.261831739568378
RGI60-08.02797,2001,-0.8451393289219319
RGI60-08.02797,2002,-1.0941638435623882
RGI60-08.02797,2003,-1.1111730911277589
RGI60-08.02797,2004,-0.1728241351639651
RGI60-08.02797,2005,0.20416610694122284
RGI60-08.02797,2006,-1.769520674266412
RGI60-08.02797,2007,1.0372219851527535
RGI60-08.02797,2008,-0.1600209210511777
RGI60-08.02797,2009,-1.4135505732712816
RGI60-08.02797,2010,-1.3504070922528675
RGI60-08.02797,2011,-1.6014331390624439
RGI60-08.02797,2012,0.7349752705762116
RGI60-08.02797,2013,-1.425556593052882
RGI60-08.02797,2014,-1.7218916885712507
RGI60-08.02797,2015,0.2954299855346003
RGI60-08.02797,2016,-0.6825358864509431
RGI60-08.02797,2017,-0.8264291004868433
RGI60-08.02797,2018,-1.4559996264017343
RGI60-08.02797,2019,-1.1298793941292933
RGI60-08.02797,2020,0.09663383489064004
RGI60-08.02797,2021,-2.167135717170394
RGI60-08.02797,2022,-0.4345011858903382
RGI60-08.02797,2023,-1.9368075399480131
RGI60-08.02797,2024,-1.7905533710658694
RGI60-08.02798,2000,0.7658808579814032
RGI60-08.02798,2001,-0.5685656470878242
RGI60-08.02798,2002,-0.9720464279917245
RGI60-08.02798,2003,-1.4589144493030954
RGI60-08.02798,2004,0.06383044454431197
RGI60-08.02798,2005,0.04485968486509717
RGI60-08.02798,2006,-1.7941737882767201
RGI60-08.02798,2007,0.13867823942964652
RGI60-08.02798,2008,-0.02382546451239287
RGI60-08.02798,2009,-0.4808426038669132
RGI60-08.02798,2010,-1.5775865254168935
RGI60-08.02798,2011,-1.2419330372738084
RGI60-08.02798,2012,0.6342648166986278
RGI60-08.02798,2013,-0.6834987593116
RGI60-08.02798,2014,-1.8777889370520182
RGI60-08.02798,2015,0.24727047914647193
RGI60-08.02798,2016,-1.1000609208217025
RGI60-08.02798,2017,-0.4566209558067876
RGI60-08.02798,2018,-1.7408259580889716
RGI60-08.02798,2019,-0.5903010478551148
RGI60-08.02798,2020,0.1408923689520416
RGI60-08.02798,2021,-1.3802625217961362
RGI60-08.02798,2022,-0.24948236432519866
RGI60-08.02798,2023,-1.9764968007340222
RGI60-08.02798,2024,-0.9392676180463083
RGI60-08.02799,2000,1.5435230218968328
RGI60-08.02799,2001,-0.6789914437378604
RGI60-08.02799,2002,-1.9170844578297905
RGI60-08.02799,2003,-1.6483738931326757
RGI60-08.02799,2004,-0.07039320828414619
RGI60-08.02799,2005,-0.34772471578505193
RGI60-08.02799,2006,-1.5947475988768702
RGI60-08.02799,2007,1.0058181327140265
RGI60-08.02799,2008,-0.11094484258385262
RGI60-08.02799,2009,-0.029146663844529463
RGI60-08.02799,2010,-0.6602098802930835
RGI60-08.02799,2011,-1.3724935538633258
RGI60-08.02799,2012,0.21220193947772903
RGI60-08.02799,2013,-1.1767192672192153
RGI60-08.02799,2014,-1.9456248372528226
RGI60-08.02799,2015,-0.09012772978197758
RGI60-08.02799,2016,-0.6777014482381638
RGI60-08.02799,2017,-1.0104016656850405
RGI60-08.02799,2018,-0.15788719594693718
RGI60-08.02799,2019,-1.252870691733246
RGI60-08.02799,2020,-0.8351894758696276
RGI60-08.02799,2021,-2.2780797710860283
RGI60-08.02799,2022,-0.708234150139702
RGI60-08.02799,2023,-2.2676666899990465
RGI60-08.02799,2024,-2.9157215230866815
RGI60-08.02800,2000,-0.7292468343806705
RGI60-08.02800,2001,-1.2723095699294644
RGI60-08.02800,2002,-1.1179121455701084
RGI60-08.02800,2003,-1.752769095120179
RGI60-08.02800,2004,-0.6057946738027481
RGI60-08.02800,2005,-1.3132518877941788
RGI60-08.02800,2006,-2.8669747825648706
RGI60-08.02800,2007,0.7458550556223793
RGI60-08.02800,2008,-2.0358776304076778
RGI60-08.02800,2009,1.6383023303157143
RGI60-08.02800,2010,-2.32538065956432
RGI60-08.02800,2011,-2.26047254582668
RGI60-08.02800,2012,-0.36252316029141773
RGI60-08.02800,2013,-2.486979684815819
RGI60-08.02800,2014,-3.7296794376572557
RGI60-08.02800,2015,-1.2715180645809876
RGI60-08.02800,2016,-3.2691124747880784
RGI60-08.02800,2017,2.0000213554819113
RGI60-08.02800,2018,-0.11319550258034217
RGI60-08.02800,2019,-1.7205805917452146
RGI60-08.02800,2020,-1.0160802024658555
RGI60-08.02800,2021,-1.8462749925986568
RGI60-08.02800,2022,-1.6070672112800204
RGI60-08.02800,2023,-1.5037047365432634
RGI60-08.02800,2024,-2.863159397361424
RGI60-08.02809,2000,0.1499441589690167
RGI60-08.02809,2001,-0.5901468852477528
RGI60-08.02809,2002,-1.0083862165203108
RGI60-08.02809,2003,-1.8010249524820938
RGI60-08.02809,2004,0.2283543258071632
RGI60-08.02809,2005,-0.21117585780959236
RGI60-08.02809,2006,-1.5205990868855102
RGI60-08.02809,2007,1.6019054783734057
RGI60-08.02809,2008,-0.9565560250938289
RGI60-08.02809,2009,-1.0039551492183323
RGI60-08.02809,2010,-1.0113907477551247
RGI60-08.02809,2011,-1.3484945783164362
RGI60-08.02809,2012,-0.25070238027812664
RGI60-08.02809,2013,-1.4571478781362197
RGI60-08.02809,2014,-2.1804050540094546
RGI60-08.02809,2015,-0.8793081232251824
RGI60-08.02809,2016,-1.3565078487067264
RGI60-08.02809,2017,-0.170814269105378
RGI60-08.02809,2018,-1.2334448085533363
RGI60-08.02809,2019,-1.0713441018061856
RGI60-08.02809,2020,-0.19892345361907804
RGI60-08.02809,2021,-1.9363028865510747
RGI60-08.02809,2022,-0.7242004607166579
RGI60-08.02809,2023,-1.423960437883231
RGI60-08.02809,2024,-1.2673659260099752
RGI60-08.02811,2000,0.7765272307004119
RGI60-08.02811,2001,-1.141531425076143
RGI60-08.02811,2002,-1.2218814070182
RGI60-08.02811,2003,-1.0361466259290681
RGI60-08.02811,2004,0.22650891763574954
RGI60-08.02811,2005,0.011572442801475402
RGI60-08.02811,2006,-1.3364146299909976
RGI60-08.02811,2007,1.2350698476637019
RGI60-08.02811,2008,-0.45638542676999716
RGI60-08.02811,2009,-0.6176399666668031
RGI60-08.02811,2010,-1.509613185574487
RGI60-08.02811,2011,-1.0468414074683927
RGI60-08.02811,2012,-0.50803351065629
RGI60-08.02811,2013,-1.613127737596641
RGI60-08.02811,2014,-2.434032180064416
RGI60-08.02811,2015,-0.30223502302018335
RGI60-08.02811,2016,-1.2212953809262852
RGI60-08.02811,2017,-0.24842364372572434
RGI60-08.02811,2018,0.12496646430071823
RGI60-08.02811,2019,-1.1275433526184204
RGI60-08.02811,2020,-0.7953622063530915
RGI60-08.02811,2021,-2.328243713572242
RGI60-08.02811,2022,-0.26442895028820923
RGI60-08.02811,2023,-1.605616164816448
RGI60-08.02811,2024,-1.4338797253282993
RGI60-08.02814,2000,0.14257544881327022
RGI60-08.02814,2001,0.6177158558861746
RGI60-08.02814,2002,-1.0537586678727622
RGI60-08.02814,2003,-1.5378447286019254
RGI60-08.02814,2004,-0.5021599203739645
RGI60-08.02814,2005,-0.10196211271764466
RGI60-08.02814,2006,-0.6353803648611323
RGI60-08.02814,2007,1.0071910693638864
RGI60-08.02814,2008,-1.4171227506974347
RGI60-08.02814,2009,-1.5901978989856125
RGI60-08.02814,2010,-1.4869074388174024
RGI60-08.02814,2011,-1.7904253116408184
RGI60-08.02814,2012,-0.29636527886496145
RGI60-08.02814,2013,-2.92487299886958
RGI60-08.02814,2014,-3.0285093979145143
RGI60-08.02814,2015,-0.564941937300379
RGI60-08.02814,2016,-2.0557568811881435
RGI60-08.02814,2017,-0.9848221017102544
RGI60-08.02814,2018,-1.418245669087562
RGI60-08.02814,2019,-1.3103089145592461
RGI60-08.02814,2020,-0.48548668196951683
RGI60-08.02814,2021,-1.5982008315459029
RGI60-08.02814,2022,-0.992882578170806
RGI60-08.02814,2023,-1.87474726860695
RGI60-08.02814,2024,-2.6362989312523073
RGI60-08.02816,2000,-1.3747277214227878
RGI60-08.02816,2001,-0.9274954646036291
RGI60-08.02816,2002,-1.6122151486748846
RGI60-08.02816,2003,-1.9918569016047463
RGI60-08.02816,2004,-0.5638153353956916
RGI60-08.02816,2005,-0.2302953803016088
RGI60-08.02816,2006,0.18775442193254632
RGI60-08.02816,2007,0.7794590263442601
RGI60-08.02816,2008,-1.3764737711406854
RGI60-08.02816,2009,2.3446429444192214
RGI60-08.02816,2010,-1.426475928247327
RGI60-08.02816,2011,-1.9374644568669797
RGI60-08.02816,2012,0.0462214014438912
RGI60-08.02816,2013,-1.7243134081548646
RGI60-08.02816,2014,-2.8222987679349707
RGI60-08.02816,2015,-1.5178985896234338
RGI60-08.02816,2016,-1.9976122736560327
RGI60-08.02816,2017,-1.5898922710923693
RGI60-08.02816,2018,0.0162985071685241
RGI60-08.02816,2019,-0.8183408825884263
RGI60-08.02816,2020,-0.9827058695031436
RGI60-08.02816,2021,-2.4882646806563926
RGI60-08.02816,2022,-0.24185609134430697
RGI60-08.02816,2023,-1.6474177893197222
RGI60-08.02816,2024,-3.3573552854825657
RGI60-08.02817,2000,0.18401148020863123
RGI60-08.02817,2001,-0.7350293525905236
RGI60-08.02817,2002,-1.500836542408221
RGI60-08.02817,2003,-1.9500601497680914
RGI60-08.02817,2004,-0.4482618308992773
RGI60-08.02817,2005,-0.03424598584476557
RGI60-08.02817,2006,-1.3726349809268634
RGI60-08.02817,2007,1.3182805137404192
RGI60-08.02817,2008,-0.9467741059371458
RGI60-08.02817,2009,-0.4380810015812886
RGI60-08.02817,2010,1.4851402873610007
RGI60-08.02817,2011,-1.1665248569134947
RGI60-08.02817,2012,0.48958458944216254
RGI60-08.02817,2013,-0.4914386984704151
RGI60-08.02817,2014,-1.6435848601412628
RGI60-08.02817,2015,-0.13466467669577742
RGI60-08.02817,2016,-0.033328276702010995
RGI60-08.02817,2017,-0.8114554625289533
RGI60-08.02817,2018,-1.298286824547447
RGI60-08.02817,2019,-1.2132092647966735
RGI60-08.02817,2020,-0.2708230664184844
RGI60-08.02817,2021,-1.5305259123372656
RGI60-08.02817,2022,-0.95490297922955
RGI60-08.02817,2023,-1.498685497476587
RGI60-08.02817,2024,-1.79653030578646
RGI60-08.02839,2000,0.3133207436737794
RGI60-08.02839,2001,-1.054475164734512
RGI60-08.02839,2002,-0.8123578459482637
RGI60-08.02839,2003,-1.218833917843931
RGI60-08.02839,2004,-0.3562752796203091
RGI60-08.02839,2005,0.020872060543751014
RGI60-08.02839,2006,-1.311109383208282
RGI60-08.02839,2007,0.2888715337816562
RGI60-08.02839,2008,-0.6417121064615868
RGI60-08.02839,2009,-1.0479570001194016
RGI60-08.02839,2010,-0.7097294033935732
RGI60-08.02839,2011,-1.231569991071119
RGI60-08.02839,2012,-0.6811149081438055
RGI60-08.02839,2013,-2.0059636610640883
RGI60-08.02839,2014,-2.1430135191373783
RGI60-08.02839,2015,0.06370028466703914
RGI60-08.02839,2016,-1.2082892808523016
RGI60-08.02839,2017,-0.38756320585427
RGI60-08.02839,2018,-1.4335347206967328
RGI60-08.02839,2019,-1.084865234516665
RGI60-08.02839,2020,-0.14683203345126572
RGI60-08.02839,2021,-1.704360930737372
RGI60-08.02839,2022,-0.17766882827691144
RGI60-08.02839,2023,-1.4935135958083448
RGI60-08.02839,2024,-1.405683331761432
RGI60-08.02845,2000,-0.5066439027748879
RGI60-08.02845,2001,-1.6112449417925316
RGI60-08.02845,2002,-1.1650683800230512
RGI60-08.02845,2003,-2.2717020679435187
RGI60-08.02845,2004,0.6060897746905856
RGI60-08.02845,2005,-0.8115272987253211
RGI60-08.02845,2006,-1.3034625263909603
RGI60-08.02845,2007,0.7768908787498265
RGI60-08.02845,2008,-1.3470655969955088
RGI60-08.02845,2009,-0.761122986535282
RGI60-08.02845,2010,-1.0987823526674094
RGI60-08.02845,2011,-2.1154850182031852
RGI60-08.02845,2012,-0.46349594280743867
RGI60-08.02845,2013,-1.4619983252731328
RGI60-08.02845,2014,-0.22832977526968345
RGI60-08.02845,2015,-1.2108683920446754
RGI60-08.02845,2016,2.0348539158971377
RGI60-08.02845,2017,-0.9593692995436728
RGI60-08.02845,2018,-2.846967005146917
RGI60-08.02845,2019,-1.477700757200373
RGI60-08.02845,2020,-1.6981703923929095
RGI60-08.02845,2021,-1.8973533805015261
RGI60-08.02845,2022,-1.1822753738655685
RGI60-08.02845,2023,-1.679624579938924
RGI60-08.02845,2024,1.7088789403010114
RGI60-08.02850,2000,-0.20064239843033443
RGI60-08.02850,2001,0.1804637114667781
RGI60-08.02850,2002,-0.9853267360666234
RGI60-08.02850,2003,-1.1555665488009499
RGI60-08.02850,2004,-0.2719519193965097
RGI60-08.02850,2005,-0.2488882942419447
RGI60-08.02850,2006,-1.0432315793919218
RGI60-08.02850,2007,0.14705811876719455
RGI60-08.02850,2008,-0.525272864421392
RGI60-08.02850,2009,-0.9541230269730947
RGI60-08.02850,2010,0.0171666600645225
RGI60-08.02850,2011,-1.2395288831945686
RGI60-08.02850,2012,0.39594159637397575
RGI60-08.02850,2013,-0.4644080203526643
RGI60-08.02850,2014,-1.9991106272617594
RGI60-08.02850,2015,-0.4278778752491951
RGI60-08.02850,2016,-1.2925221245558887
RGI60-08.02850,2017,-0.09005341642928621
RGI60-08.02850,2018,-1.4567355672277864
RGI60-08.02850,2019,-0.8316902046785475
RGI60-08.02850,2020,-0.430121966144499
RGI60-08.02850,2021,-1.946604653301173
RGI60-08.02850,2022,-0.10297421008340557
RGI60-08.02850,2023,-0.4456722185490526
RGI60-08.02850,2024,-2.2525349653908258
RGI60-08.02866,2000,1.4191061428584888
RGI60-08.02866,2001,0.46082800457997897
RGI60-08.02866,2002,-1.3877776860749378
RGI60-08.02866,2003,-2.770897860564126
RGI60-08.02866,2004,0.33736799550095686
RGI60-08.02866,2005,-1.546350580763856
RGI60-08.02866,2006,-2.1839531262727983
RGI60-08.02866,2007,-0.5482784192549892
RGI60-08.02866,2008,-1.0842814260489533
RGI60-08.02866,2009,-1.3569529254746961
RGI60-08.02866,2010,0.3636435386042379
RGI60-08.02866,2011,-2.8302956797963064
RGI60-08.02866,2012,0.1309256284666519
RGI60-08.02866,2013,-1.458415153180995
RGI60-08.02866,2014,-1.7560997589413136
RGI60-08.02866,2015,-0.4472285721465386
RGI60-08.02866,2016,-1.4588016643110675
RGI60-08.02866,2017,-0.030752695264239183
RGI60-08.02866,2018,-1.8993222696757281
RGI60-08.02866,2019,-0.7359634922397544
RGI60-08.02866,2020,-0.5620021182530812
RGI60-08.02866,2021,-3.5120693318011846
RGI60-08.02866,2022,-0.0043147260997487
RGI60-08.02866,2023,-2.8704823934613644
RGI60-08.02866,2024,-3.0814515033144745
RGI60-08.02876,2000,-0.6805904093202642
RGI60-08.02876,2001,-1.0332481934246127
RGI60-08.02876,2002,-1.563835529597098
RGI60-08.02876,2003,-1.7769806159836485
RGI60-08.02876,2004,-0.5715297468702977
RGI60-08.02876,2005,-1.0116352705374854
RGI60-08.02876,2006,-1.2246403179474534
RGI60-08.02876,2007,-0.5685911984537372
RGI60-08.02876,2008,-1.0694323311873228
RGI60-08.02876,2009,-1.161028700081931
RGI60-08.02876,2010,-1.3333015521554163
RGI60-08.02876,2011,-2.0659250155239706
RGI60-08.02876,2012,-0.5091819346260682
RGI60-08.02876,2013,-0.7949547029946709
RGI60-08.02876,2014,-1.9606185789838335
RGI60-08.02876,2015,-0.9281929398217748
RGI60-08.02876,2016,-1.655701295479735
RGI60-08.02876,2017,-0.5327543664584556
RGI60-08.02876,2018,-1.3046069076648725
RGI60-08.02876,2019,-1.1791503928873475
RGI60-08.02876,2020,-0.9129117784642808
RGI60-08.02876,2021,-1.7030502144023414
RGI60-08.02876,2022,-0.7099842330375026
RGI60-08.02876,2023,-1.469616009045163
RGI60-08.02876,2024,-2.3149192661338596
RGI60-08.02901,2000,-1.6748370762259164
RGI60-08.02901,2001,-0.7229416015714877
RGI60-08.02901,2002,-0.9102598948016416
RGI60-08.02901,2003,-1.8109926293382903
RGI60-08.02901,2004,-0.9300128789296209
RGI60-08.02901,2005,-0.317895642048186
RGI60-08.02901,2006,-1.3266397482106607
RGI60-08.02901,2007,-1.113160580177491
RGI60-08.02901,2008,-1.4863972598938762
RGI60-08.02901,2009,-1.1274770456310261
RGI60-08.02901,2010,-0.3679929442963322
RGI60-08.02901,2011,-2.696990353088908
RGI60-08.02901,2012,-0.05266000266252491
RGI60-08.02901,2013,-1.2029875614340395
RGI60-08.02901,2014,-0.8964734362059171
RGI60-08.02901,2015,0.10856111434007931
RGI60-08.02901,2016,-1.1488786670387257
RGI60-08.02901,2017,-0.3179648047074526
RGI60-08.02901,2018,-0.5533696640901702
RGI60-08.02901,2019,-2.011029323987808
RGI60-08.02901,2020,-0.48385177466175266
RGI60-08.02901,2021,-1.433028643843986
RGI60-08.02901,2022,-1.3473944958532722
RGI60-08.02901,2023,-1.393709191269045
RGI60-08.02901,2024,-1.685148547536266
RGI60-08.02906,2000,-0.6390487450134518
RGI60-08.02906,2001,-0.7238534925764954
RGI60-08.02906,2002,-2.00878531731407
RGI60-08.02906,2003,-0.6257454766913474
RGI60-08.02906,2004,-1.1417684129581254
RGI60-08.02906,2005,-0.7892005678977796
RGI60-08.02906,2006,-1.8427784446100663
RGI60-08.02906,2007,-1.2001122392660908
RGI60-08.02906,2008,-1.641191329871753
RGI60-08.02906,2009,-0.7533950181294498
RGI60-08.02906,2010,-0.5551972003334638
RGI60-08.02906,2011,-2.7808685524731853
RGI60-08.02906,2012,1.019077911782799
RGI60-08.02906,2013,-1.2114057118466781
RGI60-08.02906,2014,-1.2219383507369477
RGI60-08.02906,2015,-0.06047049877404498
RGI60-08.02906,2016,-1.3121469662576262
RGI60-08.02906,2017,-0.12645519564072027
RGI60-08.02906,2018,-1.3179284116622765
RGI60-08.02906,2019,-1.8502879797292275
RGI60-08.02906,2020,-1.175440480241521
RGI60-08.02906,2021,-1.404919332121865
RGI60-08.02906,2022,-1.0496147504911912
RGI60-08.02906,2023,-0.48470312970065144
RGI60-08.02906,2024,-1.354824626862771
RGI60-08.02907,2000,-1.6602906527467916
RGI60-08.02907,2001,0.5095916622036242
RGI60-08.02907,2002,-1.2041093408303993
RGI60-08.02907,2003,-0.7407094636658017
RGI60-08.02907,2004,-0.6386071391660623
RGI60-08.02907,2005,-0.9376230019823604
RGI60-08.02907,2006,-0.8558720448799786
RGI60-08.02907,2007,-2.2874522631945453
RGI60-08.02907,2008,-0.17728399366136638
RGI60-08.02907,2009,1.0759149070730354
RGI60-08.02907,2010,0.6188443085776038
RGI60-08.02907,2011,-2.877630648744175
RGI60-08.02907,2012,1.225999276139739
RGI60-08.02907,2013,-0.6436031909927593
RGI60-08.02907,2014,-0.35558664607359314
RGI60-08.02907,2015,-1.8152364436607638
RGI60-08.02907,2016,-0.3202440569950384
RGI60-08.02907,2017,0.5468094991821965
RGI60-08.02907,2018,-1.0757951900756484
RGI60-08.02907,2019,-1.837015576506916
RGI60-08.02907,2020,-0.7741639568284032
RGI60-08.02907,2021,-2.3345147249202602
RGI60-08.02907,2022,-0.21241553418801984
RGI60-08.02907,2023,0.5913586228188222
RGI60-08.02907,2024,-2.5726120231640466
RGI60-08.02908,2000,-0.4064208553543905
RGI60-08.02908,2001,-0.5576448123789852
RGI60-08.02908,2002,-1.2550978600769995
RGI60-08.02908,2003,-1.7864765165654353
RGI60-08.02908,2004,-0.3415322668754942
RGI60-08.02908,2005,-0.039500275927837114
RGI60-08.02908,2006,-1.700114141669642
RGI60-08.02908,2007,0.0656523976626543
RGI60-08.02908,2008,-0.5036999136047617
RGI60-08.02908,2009,-0.5546286428330547
RGI60-08.02908,2010,-1.232813638896245
RGI60-08.02908,2011,-2.1430927958312243
RGI60-08.02908,2012,0.7257672975165483
RGI60-08.02908,2013,-1.1830432044767774
RGI60-08.02908,2014,-0.9307618102540388
RGI60-08.02908,2015,-0.005664212846520744
RGI60-08.02908,2016,-0.5901477794955612
RGI60-08.02908,2017,-0.5534817538205259
RGI60-08.02908,2018,-1.5137480676403645
RGI60-08.02908,2019,-1.7388511466313457
RGI60-08.02908,2020,-0.45659368024377806
RGI60-08.02908,2021,-1.8122958574416828
RGI60-08.02908,2022,-1.1855833999319418
RGI60-08.02908,2023,-1.1961697305887342
RGI60-08.02908,2024,-1.0351239753347417
RGI60-08.02916,2000,-0.4288100587005546
RGI60-08.02916,2001,-0.5594167337833151
RGI60-08.02916,2002,-1.162191773130652
RGI60-08.02916,2003,-1.384271245297314
RGI60-08.02916,2004,-0.3740864158829021
RGI60-08.02916,2005,-0.36801731962560824
RGI60-08.02916,2006,-1.4051725166497322
RGI60-08.02916,2007,0.1467251466223568
RGI60-08.02916,2008,-0.41071670142042627
RGI60-08.02916,2009,-0.6145793478200139
RGI60-08.02916,2010,-0.6993478528626642
RGI60-08.02916,2011,-1.8691631673750542
RGI60-08.02916,2012,0.5021599390046695
RGI60-08.02916,2013,-0.5585668387141469
RGI60-08.02916,2014,-0.5840794973094928
RGI60-08.02916,2015,0.15550620312550112
RGI60-08.02916,2016,-1.0603127537487285
RGI60-08.02916,2017,-0.5902001727678973
RGI60-08.02916,2018,-1.1929602350026127
RGI60-08.02916,2019,-1.4690986586614292
RGI60-08.02916,2020,-0.19523337494948212
RGI60-08.02916,2021,-1.1552065579273436
RGI60-08.02916,2022,-0.7376964697243993
RGI60-08.02916,2023,-0.7715766796562266
RGI60-08.02916,2024,-0.924327135101932
RGI60-08.02918,2000,-0.1725493982301206
RGI60-08.02918,2001,-0.5335553840683773
RGI60-08.02918,2002,-1.2425316961872126
RGI60-08.02918,2003,-1.016938752477206
RGI60-08.02918,2004,-0.19240239177190577
RGI60-08.02918,2005,-0.09166179595222695
RGI60-08.02918,2006,-1.3302580766202914
RGI60-08.02918,2007,0.302421574100289
RGI60-08.02918,2008,-0.325619029307744
RGI60-08.02918,2009,-0.5529169530677808
RGI60-08.02918,2010,-0.9815338946265075
RGI60-08.02918,2011,-2.146807535671625
RGI60-08.02918,2012,0.9210783813366609
RGI60-08.02918,2013,-0.6112303399404109
RGI60-08.02918,2014,-0.6236386809806049
RGI60-08.02918,2015,0.6511305538571676
RGI60-08.02918,2016,-0.3279251364709158
RGI60-08.02918,2017,-0.25901813387569156
RGI60-08.02918,2018,-1.3421607931748754
RGI60-08.02918,2019,-1.242082516870612
RGI60-08.02918,2020,-0.25582518671030985
RGI60-08.02918,2021,-1.5393655812936804
RGI60-08.02918,2022,-0.7146061994711164
RGI60-08.02918,2023,-0.8976174227884965
RGI60-08.02918,2024,-0.754023770549149
RGI60-08.02920,2000,-0.5262559094597592
RGI60-08.02920,2001,-1.17670975350562
RGI60-08.02920,2002,-1.5528333480181407
RGI60-08.02920,2003,-1.0950945401438126
RGI60-08.02920,2004,-0.27775546491722714
RGI60-08.02920,2005,-0.39052042170938367
RGI60-08.02920,2006,-1.8022932361460582
RGI60-08.02920,2007,0.011664875322585422
RGI60-08.02920,2008,-0.5495761633252085
RGI60-08.02920,2009,-0.6123374718284647
RGI60-08.02920,2010,-1.4674166123790955
RGI60-08.02920,2011,-2.0835085456973816
RGI60-08.02920,2012,0.6647189287808497
RGI60-08.02920,2013,-0.8755311612248723
RGI60-08.02920,2014,-0.9187062450090029
RGI60-08.02920,2015,0.1259613801885019
RGI60-08.02920,2016,-0.5717950185794946
RGI60-08.02920,2017,-0.8760865194633795
RGI60-08.02920,2018,-1.4663061706482474
RGI60-08.02920,2019,-1.711018602236798
RGI60-08.02920,2020,-0.6146508949558045
RGI60-08.02920,2021,-1.7952801944830328
RGI60-08.02920,2022,-0.9612305142753408
RGI60-08.02920,2023,-1.1626255060120587
RGI60-08.02920,2024,-0.9416248136173505
RGI60-08.02922,2000,-0.2750951761765794
RGI60-08.02922,2001,-0.9151168713399055
RGI60-08.02922,2002,-1.3001600309768588
RGI60-08.02922,2003,-1.50155578010777
RGI60-08.02922,2004,-1.1401104818080996
RGI60-08.02922,2005,-0.687240280771784
RGI60-08.02922,2006,-1.845350213075261
RGI60-08.02922,2007,-0.12395804686780243
RGI60-08.02922,2008,-0.7064898503551056
RGI60-08.02922,2009,-1.1260547925378948
RGI60-08.02922,2010,-1.473713560466344
RGI60-08.02922,2011,-2.4010294977747626
RGI60-08.02922,2012,0.596297074127496
RGI60-08.02922,2013,-0.9147930409474232
RGI60-08.02922,2014,-0.8368301324793247
RGI60-08.02922,2015,0.48607874775843163
RGI60-08.02922,2016,-0.6895109631689152
RGI60-08.02922,2017,-0.7503926498082791
RGI60-08.02922,2018,-1.4958824795319479
RGI60-08.02922,2019,-1.2426919736918822
RGI60-08.02922,2020,-0.25913237091454766
RGI60-08.02922,2021,-1.4175119268806604
RGI60-08.02922,2022,-0.8589219746483723
RGI60-08.02922,2023,-1.1156013943493872
RGI60-08.02922,2024,-0.5957920679651078
RGI60-08.02924,2000,-0.14379667867406348
RGI60-08.02924,2001,-0.18228895009114138
RGI60-08.02924,2002,-0.7154864580077018
RGI60-08.02924,2003,-0.839248534324881
RGI60-08.02924,2004,-0.25041259930435233
RGI60-08.02924,2005,-0.20979892769554692
RGI60-08.02924,2006,-1.5101329227857647
RGI60-08.02924,2007,0.3315039074156988
RGI60-08.02924,2008,-0.2691405006652766
RGI60-08.02924,2009,-0.374769907242217
RGI60-08.02924,2010,-0.820728649656856
RGI60-08.02924,2011,-1.5632512549046296
RGI60-08.02924,2012,0.7276540841391416
RGI60-08.02924,2013,-0.44375903325192523
RGI60-08.02924,2014,-0.2934777606452854
RGI60-08.02924,2015,0.4946544067868599
RGI60-08.02924,2016,-0.4921876376382708
RGI60-08.02924,2017,-0.335982067456307
RGI60-08.02924,2018,-1.0861346673065075
RGI60-08.02924,2019,-0.9384158486909802
RGI60-08.02924,2020,-0.25117470272282305
RGI60-08.02924,2021,-1.2728287151389575
RGI60-08.02924,2022,-0.5135061618497873
RGI60-08.02924,2023,-0.5679551363159039
RGI60-08.02924,2024,-0.4249455359436049
RGI60-08.02926,2000,0.5457125648068345
RGI60-08.02926,2001,0.03499323346728134
RGI60-08.02926,2002,-1.5870855492887692
RGI60-08.02926,2003,-0.882425895412777
RGI60-08.02926,2004,-0.7080428860683856
RGI60-08.02926,2005,-0.279432583561082
RGI60-08.02926,2006,-1.7704358597127157
RGI60-08.02926,2007,0.8091601188196827
RGI60-08.02926,2008,-0.1309740193387432
RGI60-08.02926,2009,-0.5773936936058409
RGI60-08.02926,2010,-1.6569907570867835
RGI60-08.02926,2011,-1.779096542348709
RGI60-08.02926,2012,0.6250628646155362
RGI60-08.02926,2013,-0.9896890450991005
RGI60-08.02926,2014,-1.2478443353056166
RGI60-08.02926,2015,1.0048316626381881
RGI60-08.02926,2016,-0.1476514573640273
RGI60-08.02926,2017,-0.04830432035950205
RGI60-08.02926,2018,-1.6506288769957589
RGI60-08.02926,2019,-0.7795646227997146
RGI60-08.02926,2020,-0.37544410429736197
RGI60-08.02926,2021,-1.8942068590585985
RGI60-08.02926,2022,-0.9977779442726215
RGI60-08.02926,2023,-1.5920085408076732
RGI60-08.02926,2024,-2.146984490864737
RGI60-08.02928,2000,-0.08778430917293101
RGI60-08.02928,2001,-0.5030560552532676
RGI60-08.02928,2002,-1.1164263192129522
RGI60-08.02928,2003,-1.1210734411376233
RGI60-08.02928,2004,-0.12648020447463681
RGI60-08.02928,2005,-0.6682062784794349
RGI60-08.02928,2006,-1.680265966358752
RGI60-08.02928,2007,0.17720121796530564
RGI60-08.02928,2008,-0.4040108512778825
RGI60-08.02928,2009,-0.7156860204632933
RGI60-08.02928,2010,-0.5717884888295203
RGI60-08.02928,2011,-1.894477670537207
RGI60-08.02928,2012,0.6849763344133695
RGI60-08.02928,2013,-0.6020858667022317
RGI60-08.02928,2014,-0.9766177096671177
RGI60-08.02928,2015,0.4679779498960208
RGI60-08.02928,2016,-0.5663922520489109
RGI60-08.02928,2017,-0.05710090423166514
RGI60-08.02928,2018,-1.2567216729916324
RGI60-08.02928,2019,-1.4926814914356297
RGI60-08.02928,2020,-0.22015858255401477
RGI60-08.02928,2021,-1.5197877026220135
RGI60-08.02928,2022,-0.7132927581236868
RGI60-08.02928,2023,-1.1407178667630125
RGI60-08.02928,2024,-0.9951541184907855
RGI60-08.02930,2000,-0.46489705538194337
RGI60-08.02930,2001,-0.5749722131003308
RGI60-08.02930,2002,-0.9044830928909681
RGI60-08.02930,2003,-1.2512275656759724
RGI60-08.02930,2004,-0.09525089693860961
RGI60-08.02930,2005,-0.12414499274976704
RGI60-08.02930,2006,-1.2322347704350898
RGI60-08.02930,2007,0.5773564225255459
RGI60-08.02930,2008,-0.37118892398676606
RGI60-08.02930,2009,-0.7524586047896403
RGI60-08.02930,2010,-0.5917181515309718
RGI60-08.02930,2011,-2.123291620199013
RGI60-08.02930,2012,0.8635869501611764
RGI60-08.02930,2013,-0.3392351810711285
RGI60-08.02930,2014,-0.8618929234443735
RGI60-08.02930,2015,0.6324583352644391
RGI60-08.02930,2016,-0.21117877406665886
RGI60-08.02930,2017,0.026628605642607273
RGI60-08.02930,2018,-1.2364711051821822
RGI60-08.02930,2019,-1.0668844421503558
RGI60-08.02930,2020,-0.11020913233766438
RGI60-08.02930,2021,-0.983858019178566
RGI60-08.02930,2022,-0.40545870360681674
RGI60-08.02930,2023,-0.5535744573189547
RGI60-08.02930,2024,-0.4325259825214227
RGI60-08.02931,2000,1.9205261074905544
RGI60-08.02931,2001,-2.2316957510545503
RGI60-08.02931,2002,-1.5405710885028292
RGI60-08.02931,2003,-1.099114824827867
RGI60-08.02931,2004,-1.0783512455545865
RGI60-08.02931,2005,-0.5403087836379432
RGI60-08.02931,2006,-1.7038223491118272
RGI60-08.02931,2007,-0.08729384075490099
RGI60-08.02931,2008,-0.8325688744233275
RGI60-08.02931,2009,-1.1125504535002095
RGI60-08.02931,2010,-1.24513133974282
RGI60-08.02931,2011,-1.8957443730759915
RGI60-08.02931,2012,0.6545435331944046
RGI60-08.02931,2013,-1.309311078313116
RGI60-08.02931,2014,-1.1148205646954124
RGI60-08.02931,2015,0.2525973635773885
RGI60-08.02931,2016,-0.7705534722109795
RGI60-08.02931,2017,-0.9912771994571101
RGI60-08.02931,2018,-1.0174360959746518
RGI60-08.02931,2019,-1.1210156694242244
RGI60-08.02931,2020,-0.9391044122351992
RGI60-08.02931,2021,-1.6638518823035033
RGI60-08.02931,2022,-2.1143176953651426
RGI60-08.02931,2023,-2.472455637207545
RGI60-08.02931,2024,-0.4479730276992134
RGI60-08.02940,2000,0.03320574660607889
RGI60-08.02940,2001,-0.6225112095424747
RGI60-08.02940,2002,-1.2202005309877906
RGI60-08.02940,2003,-1.625286308356148
RGI60-08.02940,2004,-0.3761498563429356
RGI60-08.02940,2005,-0.09827807459464744
RGI60-08.02940,2006,-1.4855325422476087
RGI60-08.02940,2007,0.16570524537790243
RGI60-08.02940,2008,-0.6050316180978933
RGI60-08.02940,2009,-0.8430572461039095
RGI60-08.02940,2010,-0.727728700433118
RGI60-08.02940,2011,-2.0652418736577323
RGI60-08.02940,2012,0.32509530896818817
RGI60-08.02940,2013,-0.7431694772814154
RGI60-08.02940,2014,-1.5110645672332896
RGI60-08.02940,2015,0.4214396005996749
RGI60-08.02940,2016,-0.8067647258527751
RGI60-08.02940,2017,-0.5323870413729763
RGI60-08.02940,2018,-1.137207829060337
RGI60-08.02940,2019,-1.1413343003867757
RGI60-08.02940,2020,-0.30843212084848837
RGI60-08.02940,2021,-1.1877572066619815
RGI60-08.02940,2022,-0.9408784470176562
RGI60-08.02940,2023,-1.2381813706679994
RGI60-08.02940,2024,-1.0783028106409964
RGI60-08.02942,2000,-0.7841592717120581
RGI60-08.02942,2001,0.5840762398324874
RGI60-08.02942,2002,-2.087213973805281
RGI60-08.02942,2003,-1.6124164565754033
RGI60-08.02942,2004,-0.6079299353881097
RGI60-08.02942,2005,-0.5710656679823931
RGI60-08.02942,2006,-1.3285774675597342
RGI60-08.02942,2007,0.8471751938188042
RGI60-08.02942,2008,-0.4101824596728044
RGI60-08.02942,2009,-1.4036493835180974
RGI60-08.02942,2010,-1.01107954646175
RGI60-08.02942,2011,-1.0710252740141115
RGI60-08.02942,2012,0.26334174704404656
RGI60-08.02942,2013,-1.2708210567484
RGI60-08.02942,2014,-1.4218673524876406
RGI60-08.02942,2015,0.3430382060569549
RGI60-08.02942,2016,-0.9434035753474224
RGI60-08.02942,2017,0.37493754419589165
RGI60-08.02942,2018,-0.3278599995881665
RGI60-08.02942,2019,0.33918248991318467
RGI60-08.02942,2020,0.10619994574992098
RGI60-08.02942,2021,-0.6164638394815608
RGI60-08.02942,2022,-1.03425909374252
RGI60-08.02942,2023,-1.871098535172501
RGI60-08.02942,2024,-0.5629748903206564
RGI60-08.02945,2000,-0.7569307209916074
RGI60-08.02945,2001,-1.592838680366271
RGI60-08.02945,2002,-2.3419399051990872
RGI60-08.02945,2003,-1.2383976806053663
RGI60-08.02945,2004,-1.2129537898419267
RGI60-08.02945,2005,-1.0513807422489847
RGI60-08.02945,2006,-2.8934358393043746
RGI60-08.02945,2007,-0.1293268071674365
RGI60-08.02945,2008,-1.3990617562103194
RGI60-08.02945,2009,0.4284365897689504
RGI60-08.02945,2010,-2.300567849506247
RGI60-08.02945,2011,-0.562523187919453
RGI60-08.02945,2012,1.1517450662336932
RGI60-08.02945,2013,-1.3617353201745515
RGI60-08.02945,2014,-2.00211092549468
RGI60-08.02945,2015,-0.4245329368622637
RGI60-08.02945,2016,-0.7946618115259456
RGI60-08.02945,2017,-1.9850956249761054
RGI60-08.02945,2018,-2.6033555641410375
RGI60-08.02945,2019,-0.23343251346698746
RGI60-08.02945,2020,-0.9754554749769284
RGI60-08.02945,2021,-2.296093071838029
RGI60-08.02945,2022,-1.829915001696354
RGI60-08.02945,2023,-2.027747089600606
RGI60-08.02945,2024,-2.2796489207666655
RGI60-08.02953,2000,-0.3980195875947189
RGI60-08.02953,2001,-0.2948514460641292
RGI60-08.02953,2002,-1.964225651560169
RGI60-08.02953,2003,-1.1156313510119547
RGI60-08.02953,2004,-1.3549835134455503
RGI60-08.02953,2005,-0.7632399327278775
RGI60-08.02953,2006,-2.0284319250441616
RGI60-08.02953,2007,0.18046235455139048
RGI60-08.02953,2008,-0.3484356868939139
RGI60-08.02953,2009,1.3059971049394858
RGI60-08.02953,2010,-1.4664727765923464
RGI60-08.02953,2011,-1.136037407521978
RGI60-08.02953,2012,1.3318556545912597
RGI60-08.02953,2013,-1.7154539569556126
RGI60-08.02953,2014,-1.7677984693934878
RGI60-08.02953,2015,0.6176938770226288
RGI60-08.02953,2016,-0.6166740945216985
RGI60-08.02953,2017,-0.6817341495526219
RGI60-08.02953,2018,-1.5862860982696363
RGI60-08.02953,2019,-1.5544329439549172
RGI60-08.02953,2020,-0.40577902098728713
RGI60-08.02953,2021,-1.4161157469583479
RGI60-08.02953,2022,-0.9685091452109631
RGI60-08.02953,2023,-2.231176624542086
RGI60-08.02953,2024,-2.581432383201718
RGI60-08.02957,2000,0.6014916965281015
RGI60-08.02957,2001,-0.5312097528217026
RGI60-08.02957,2002,-1.3963924748147503
RGI60-08.02957,2003,-0.35453932150232237
RGI60-08.02957,2004,-0.3446183505645927
RGI60-08.02957,2005,-0.6162641564648887
RGI60-08.02957,2006,-2.035698015217934
RGI60-08.02957,2007,1.73245931911768
RGI60-08.02957,2008,-0.296184954459707
RGI60-08.02957,2009,-0.21680449860352996
RGI60-08.02957,2010,-1.2497667740666314
RGI60-08.02957,2011,-0.25015906238955027
RGI60-08.02957,2012,3.335094364455138
RGI60-08.02957,2013,-1.3201561279536616
RGI60-08.02957,2014,-0.9662067751221773
RGI60-08.02957,2015,0.9620906610741307
RGI60-08.02957,2016,-0.036778493087159164
RGI60-08.02957,2017,-0.8159159094109144
RGI60-08.02957,2018,-0.9533301688436111
RGI60-08.02957,2019,-0.6735112058519201
RGI60-08.02957,2020,0.4538056749357732
RGI60-08.02957,2021,-0.7608323063720437
RGI60-08.02957,2022,-1.5348124757213426
RGI60-08.02957,2023,-1.769305061354173
RGI60-08.02957,2024,-0.08922838164262434
RGI60-08.02960,2000,-0.4316897508487006
RGI60-08.02960,2001,-0.6921899038024389
RGI60-08.02960,2002,-1.2115399457190459
RGI60-08.02960,2003,-1.040198987763579
RGI60-08.02960,2004,-0.15439177197714626
RGI60-08.02960,2005,-0.32193611266082117
RGI60-08.02960,2006,-1.3770208498219292
RGI60-08.02960,2007,0.12277098092244765
RGI60-08.02960,2008,-0.3448569491423132
RGI60-08.02960,2009,-0.48492066613672025
RGI60-08.02960,2010,-0.9642410579750551
RGI60-08.02960,2011,-2.4595768930474518
RGI60-08.02960,2012,0.661750238164457
RGI60-08.02960,2013,-0.6644084466126866
RGI60-08.02960,2014,-0.7946873680590189
RGI60-08.02960,2015,0.18204918474444032
RGI60-08.02960,2016,-0.7068964422751328
RGI60-08.02960,2017,-0.5153000290359316
RGI60-08.02960,2018,-1.3878792252625107
RGI60-08.02960,2019,-1.4451360036908598
RGI60-08.02960,2020,-0.4604309488521651
RGI60-08.02960,2021,-1.4616150192094182
RGI60-08.02960,2022,-0.8224202268038432
RGI60-08.02960,2023,-1.0618029167249459
RGI60-08.02960,2024,-0.916280739986407
RGI60-08.02961,2000,-0.38876157254144184
RGI60-08.02961,2001,-0.2572834052887224
RGI60-08.02961,2002,-1.0625025533114725
RGI60-08.02961,2003,-1.7758131847867167
RGI60-08.02961,2004,-0.3146992106876434
RGI60-08.02961,2005,-0.08004929968724295
RGI60-08.02961,2006,-1.9014590168260426
RGI60-08.02961,2007,-0.09540069308615551
RGI60-08.02961,2008,-0.5217707349219425
RGI60-08.02961,2009,-0.40719415806134857
RGI60-08.02961,2010,-0.9030858691768469
RGI60-08.02961,2011,-1.8461922452766257
RGI60-08.02961,2012,0.7908414757172046
RGI60-08.02961,2013,-1.0323245622186306
RGI60-08.02961,2014,-0.6073074870259102
RGI60-08.02961,2015,0.0883904899538066
RGI60-08.02961,2016,-0.6173150558734116
RGI60-08.02961,2017,-0.46780988584463656
RGI60-08.02961,2018,-1.3726486859412477
RGI60-08.02961,2019,-0.9986143451149745
RGI60-08.02961,2020,-0.1602449784022556
RGI60-08.02961,2021,-1.662488515129894
RGI60-08.02961,2022,-0.540082357995026
RGI60-08.02961,2023,-1.0393060245694832
RGI60-08.02961,2024,-0.5609663346659561
RGI60-08.02962,2000,-0.6178457262833519
RGI60-08.02962,2001,-1.1384129353279513
RGI60-08.02962,2002,-1.7194115638930234
RGI60-08.02962,2003,-1.8527425760527132
RGI60-08.02962,2004,-0.9617620699484981
RGI60-08.02962,2005,-0.5116998672166425
RGI60-08.02962,2006,-2.209053307975123
RGI60-08.02962,2007,-0.2743919226922248
RGI60-08.02962,2008,-0.7436727524086826
RGI60-08.02962,2009,-1.5422610466254745
RGI60-08.02962,2010,-1.3147872572573842
RGI60-08.02962,2011,-2.414712017210686
RGI60-08.02962,2012,-0.45059608035659937
RGI60-08.02962,2013,-1.2052522887029322
RGI60-08.02962,2014,-1.404905573700229
RGI60-08.02962,2015,-0.023214382181779847
RGI60-08.02962,2016,-1.0254293911148198
RGI60-08.02962,2017,-0.7700616601088568
RGI60-08.02962,2018,-1.8015222290181894
RGI60-08.02962,2019,-2.0580653519248275
RGI60-08.02962,2020,-0.5490241466811377
RGI60-08.02962,2021,-2.2136150462498456
RGI60-08.02962,2022,-1.4581808238115546
RGI60-08.02962,2023,-1.8105137749358489
RGI60-08.02962,2024,-2.0043905476488884
RGI60-08.02963,2000,-0.46883290776741204
RGI60-08.02963,2001,-0.8271031358004393
RGI60-08.02963,2002,-1.792020725068629
RGI60-08.02963,2003,-1.7823516037947025
RGI60-08.02963,2004,-0.7059434610490145
RGI60-08.02963,2005,-0.289202379195299
RGI60-08.02963,2006,-2.4416001411421746
RGI60-08.02963,2007,-0.015651979364968316
RGI60-08.02963,2008,-0.6212317802004539
RGI60-08.02963,2009,-1.0897922341837503
RGI60-08.02963,2010,-1.1049509571215936
RGI60-08.02963,2011,-2.4969697138744245
RGI60-08.02963,2012,-0.3703701372767956
RGI60-08.02963,2013,-0.8193887572661194
RGI60-08.02963,2014,-1.376400215848485
RGI60-08.02963,2015,0.024780361056502498
RGI60-08.02963,2016,-1.170464466713224
RGI60-08.02963,2017,-1.1320099325114554
RGI60-08.02963,2018,-1.3757106614126284
RGI60-08.02963,2019,-1.8312851714649394
RGI60-08.02963,2020,-0.4077628458870248
RGI60-08.02963,2021,-2.134655996941267
RGI60-08.02963,2022,-1.093570783655468
RGI60-08.02963,2023,-1.6549445183777558
RGI60-08.02963,2024,-1.5280671186105586
RGI60-08.02964,2000,-0.33534223430524157
RGI60-08.02964,2001,-1.0887925391871587
RGI60-08.02964,2002,-1.9518689649092402
RGI60-08.02964,2003,-1.2263787869523786
RGI60-08.02964,2004,-0.8095591980547883
RGI60-08.02964,2005,-0.8418258768669475
RGI60-08.02964,2006,-1.9108617818330744
RGI60-08.02964,2007,0.6030795456618706
RGI60-08.02964,2008,-1.098173383018509
RGI60-08.02964,2009,-1.2741005047069045
RGI60-08.02964,2010,-1.2746033490696438
RGI60-08.02964,2011,-1.7982791543220658
RGI60-08.02964,2012,-0.23048729817096947
RGI60-08.02964,2013,-0.8774785796439482
RGI60-08.02964,2014,-1.3941328129921329
RGI60-08.02964,2015,0.34960158719341006
RGI60-08.02964,2016,-0.459826250922598
RGI60-08.02964,2017,-0.4967101941274505
RGI60-08.02964,2018,-0.9474957212379357
RGI60-08.02964,2019,-0.8987645025342922
RGI60-08.02964,2020,0.005155155384841903
RGI60-08.02964,2021,-1.664347405836263
RGI60-08.02964,2022,-1.2517094786395828
RGI60-08.02964,2023,-1.7413511851581414
RGI60-08.02964,2024,-1.3124888301158215
RGI60-08.02965,2000,0.030084793803848542
RGI60-08.02965,2001,-0.6287683357095953
RGI60-08.02965,2002,-1.972795411901263
RGI60-08.02965,2003,-1.5233926767650012
RGI60-08.02965,2004,-0.7725764134779088
RGI60-08.02965,2005,-0.46257439067051737
RGI60-08.02965,2006,-2.1443194414745985
RGI60-08.02965,2007,0.6269482342967106
RGI60-08.02965,2008,-0.6254044802233727
RGI60-08.02965,2009,-0.8469231432021118
RGI60-08.02965,2010,-1.3113442894332132
RGI60-08.02965,2011,-2.1723179879950756
RGI60-08.02965,2012,-0.3965122877792974
RGI60-08.02965,2013,-1.0746186247739486
RGI60-08.02965,2014,-1.4488024464812201
RGI60-08.02965,2015,0.2504369794410176
RGI60-08.02965,2016,-0.4401236145567745
RGI60-08.02965,2017,-0.19208122343429224
RGI60-08.02965,2018,-0.9660961748562079
RGI60-08.02965,2019,-1.2436190648071848
RGI60-08.02965,2020,-0.1111412693751308
RGI60-08.02965,2021,-1.6952832931153814
RGI60-08.02965,2022,-0.8283895767668498
RGI60-08.02965,2023,-1.6287589244653624
RGI60-08.02965,2024,-1.2228792651501545
RGI60-08.02966,2000,-0.4011734731320642
RGI60-08.02966,2001,-0.9044576719905765
RGI60-08.02966,2002,-2.034412802586124
RGI60-08.02966,2003,-1.7553349265587634
RGI60-08.02966,2004,-0.8267573368054941
RGI60-08.02966,2005,-0.24071374033923099
RGI60-08.02966,2006,-2.5293898886695185
RGI60-08.02966,2007,0.11359668910074516
RGI60-08.02966,2008,-0.6113280616508516
RGI60-08.02966,2009,-0.6980799254712173
RGI60-08.02966,2010,-1.1663996570102255
RGI60-08.02966,2011,-2.3864811183054666
RGI60-08.02966,2012,-0.09334448033605935
RGI60-08.02966,2013,-0.6001279345532453
RGI60-08.02966,2014,-1.2387014063638013
RGI60-08.02966,2015,0.011412745218888354
RGI60-08.02966,2016,-0.8368671193291394
RGI60-08.02966,2017,-0.4908413921709107
RGI60-08.02966,2018,-1.174694843627356
RGI60-08.02966,2019,-1.9783036554195959
RGI60-08.02966,2020,-0.22955151741801394
RGI60-08.02966,2021,-1.9558118857458955
RGI60-08.02966,2022,-0.900915361567815
RGI60-08.02966,2023,-1.4433279476162257
RGI60-08.02966,2024,-1.4496546792642193
RGI60-08.02967,2000,-0.36041223078724194
RGI60-08.02967,2001,-0.45713238471657613
RGI60-08.02967,2002,-1.0998211521244032
RGI60-08.02967,2003,-1.1479708639636403
RGI60-08.02967,2004,0.12492555260003879
RGI60-08.02967,2005,-0.21783735702843526
RGI60-08.02967,2006,-1.5757741291360392
RGI60-08.02967,2007,0.16510397013830724
RGI60-08.02967,2008,-0.5017054415880055
RGI60-08.02967,2009,-0.8045038522640766
RGI60-08.02967,2010,-1.1816194330853649
RGI60-08.02967,2011,-1.8902500124005075
RGI60-08.02967,2012,0.28931542511319264
RGI60-08.02967,2013,-0.3867850866356207
RGI60-08.02967,2014,-0.5613044042112177
RGI60-08.02967,2015,0.3028607279493791
RGI60-08.02967,2016,-0.378244423384785
RGI60-08.02967,2017,-0.23339844993628484
RGI60-08.02967,2018,-0.9102142391995907
RGI60-08.02967,2019,-1.1722322153391262
RGI60-08.02967,2020,-0.10736518674555817
RGI60-08.02967,2021,-1.4366970473343297
RGI60-08.02967,2022,-0.5958555971922709
RGI60-08.02967,2023,-0.8588821608769316
RGI60-08.02967,2024,-0.566274497269308
RGI60-08.02968,2000,-0.017431110558464025
RGI60-08.02968,2001,-0.6670642284212823
RGI60-08.02968,2002,-1.392121202559283
RGI60-08.02968,2003,-1.3475165809349772
RGI60-08.02968,2004,-0.3711216488541216
RGI60-08.02968,2005,-0.7296741279123933
RGI60-08.02968,2006,-1.9264337807608507
RGI60-08.02968,2007,0.17133022603498638
RGI60-08.02968,2008,-0.19646561731919
RGI60-08.02968,2009,-0.9554125595717571
RGI60-08.02968,2010,-1.5088643982993308
RGI60-08.02968,2011,-2.0499905891646533
RGI60-08.02968,2012,0.60426044148708
RGI60-08.02968,2013,-0.49635191701828735
RGI60-08.02968,2014,-0.6994033679946576
RGI60-08.02968,2015,0.41340424280728905
RGI60-08.02968,2016,-0.2719363075605406
RGI60-08.02968,2017,-0.28483702455311627
RGI60-08.02968,2018,-1.0191022663844278
RGI60-08.02968,2019,-1.1942681824620254
RGI60-08.02968,2020,-0.17108734486142174
RGI60-08.02968,2021,-1.244870960512454
RGI60-08.02968,2022,-0.7932701950857494
RGI60-08.02968,2023,-0.938632639763149
RGI60-08.02968,2024,-0.5116894709212068
RGI60-08.02969,2000,-0.08151016380389836
RGI60-08.02969,2001,-0.39190305858202007
RGI60-08.02969,2002,-0.8288221168890038
RGI60-08.02969,2003,-0.8354920694163441
RGI60-08.02969,2004,-0.24220681159013058
RGI60-08.02969,2005,-0.16528821999211446
RGI60-08.02969,2006,-1.4059509437576916
RGI60-08.02969,2007,0.20734996281505774
RGI60-08.02969,2008,-0.3532294851096
RGI60-08.02969,2009,-0.5049985290388808
RGI60-08.02969,2010,-1.0331224472366107
RGI60-08.02969,2011,-2.036221288903224
RGI60-08.02969,2012,0.7590304040674651
RGI60-08.02969,2013,-0.6612437221903048
RGI60-08.02969,2014,-0.5833834520507453
RGI60-08.02969,2015,0.5858385432969091
RGI60-08.02969,2016,-0.26695645851839434
RGI60-08.02969,2017,-0.2097288436924083
RGI60-08.02969,2018,-0.6475850336954699
RGI60-08.02969,2019,-0.9199762657125684
RGI60-08.02969,2020,-0.15238599680607684
RGI60-08.02969,2021,-1.332978298421697
RGI60-08.02969,2022,-0.49234525971177195
RGI60-08.02969,2023,-0.6537989755443903
RGI60-08.02969,2024,-0.5794486917806246
RGI60-08.02970,2000,0.12383843920027748
RGI60-08.02970,2001,-0.9378811841944953
RGI60-08.02970,2002,-1.4632818842494957
RGI60-08.02970,2003,-1.10931591820098
RGI60-08.02970,2004,-0.4538977295592674
RGI60-08.02970,2005,-0.09576481457722419
RGI60-08.02970,2006,-1.8179003004892482
RGI60-08.02970,2007,0.39247426452637657
RGI60-08.02970,2008,-1.2420296297604185
RGI60-08.02970,2009,-1.0236880423403119
RGI60-08.02970,2010,-0.49200554056847734
RGI60-08.02970,2011,-2.1958700945907506
RGI60-08.02970,2012,1.5572202602905796
RGI60-08.02970,2013,-0.8969743549575149
RGI60-08.02970,2014,-1.5355076170750421
RGI60-08.02970,2015,0.27018044073147185
RGI60-08.02970,2016,-0.08238366734212743
RGI60-08.02970,2017,-0.1192466744727041
RGI60-08.02970,2018,-0.47099079680816835
RGI60-08.02970,2019,-0.916275155562476
RGI60-08.02970,2020,-0.11633516334971361
RGI60-08.02970,2021,-1.4993582674892219
RGI60-08.02970,2022,-0.734430089649788
RGI60-08.02970,2023,-0.42651003697758894
RGI60-08.02970,2024,-0.9382863172312106
RGI60-08.02971,2000,-0.0736490384917402
RGI60-08.02971,2001,-1.0697271669619357
RGI60-08.02971,2002,-2.092146804693607
RGI60-08.02971,2003,-1.444092858911985
RGI60-08.02971,2004,-0.843542303820574
RGI60-08.02971,2005,-0.3232458890513259
RGI60-08.02971,2006,-2.189120437992131
RGI60-08.02971,2007,0.30171077020944637
RGI60-08.02971,2008,-0.5009563646768744
RGI60-08.02971,2009,-1.5837513071804432
RGI60-08.02971,2010,-1.1410680798478354
RGI60-08.02971,2011,-2.3582793231726376
RGI60-08.02971,2012,1.101488555727159
RGI60-08.02971,2013,-1.1612409326475628
RGI60-08.02971,2014,-1.3160864272851236
RGI60-08.02971,2015,0.2698183816317732
RGI60-08.02971,2016,-0.5558794301677892
RGI60-08.02971,2017,-0.010147716368443471
RGI60-08.02971,2018,-1.342366671960642
RGI60-08.02971,2019,-0.9435169543377183
RGI60-08.02971,2020,-0.21887163741452897
RGI60-08.02971,2021,-1.2013166417398466
RGI60-08.02971,2022,-1.3333196649274937
RGI60-08.02971,2023,-0.39860641159363647
RGI60-08.02971,2024,-1.4115229955171256
RGI60-08.02972,2000,-0.1887320617620034
RGI60-08.02972,2001,-0.2946430169242382
RGI60-08.02972,2002,-1.3740851031986252
RGI60-08.02972,2003,-1.6074599737126825
RGI60-08.02972,2004,-0.34776564992603365
RGI60-08.02972,2005,0.1494765747824347
RGI60-08.02972,2006,-2.0582938933163035
RGI60-08.02972,2007,0.2221668951754462
RGI60-08.02972,2008,-0.2174283467517807
RGI60-08.02972,2009,-0.7969567639563011
RGI60-08.02972,2010,-0.760612438023966
RGI60-08.02972,2011,-2.3599001485196416
RGI60-08.02972,2012,0.9241551185360237
RGI60-08.02972,2013,-0.6713576049109373
RGI60-08.02972,2014,-1.8868473887121284
RGI60-08.02972,2015,0.5681244284272771
RGI60-08.02972,2016,-0.16590807643664718
RGI60-08.02972,2017,-0.2283054932393963
RGI60-08.02972,2018,-0.7915646664605325
RGI60-08.02972,2019,-1.544162391069948
RGI60-08.02972,2020,-0.09951077493998084
RGI60-08.02972,2021,-1.6429086434641051
RGI60-08.02972,2022,-0.8016436098865175
RGI60-08.02972,2023,-1.4871850300884135
RGI60-08.02972,2024,-1.379190660861762
RGI60-08.02973,2000,-0.4027282044891695
RGI60-08.02973,2001,-0.6237376901310016
RGI60-08.02973,2002,-0.9009913995950312
RGI60-08.02973,2003,-1.1506500561246007
RGI60-08.02973,2004,-0.49044786898983295
RGI60-08.02973,2005,-0.09617911906621063
RGI60-08.02973,2006,-1.4942709048340128
RGI60-08.02973,2007,0.46882187380797025
RGI60-08.02973,2008,-0.40356302564009383
RGI60-08.02973,2009,-0.3522395963169618
RGI60-08.02973,2010,-0.7786665063946626
RGI60-08.02973,2011,-1.9721034781715283
RGI60-08.02973,2012,0.8537486430362594
RGI60-08.02973,2013,-0.6427837917718986
RGI60-08.02973,2014,-0.5699548952088619
RGI60-08.02973,2015,0.5062466931570312
RGI60-08.02973,2016,-0.7383850747200623
RGI60-08.02973,2017,-0.1749743615726676
RGI60-08.02973,2018,-0.9173090527948442
RGI60-08.02973,2019,-1.2896321841798093
RGI60-08.02973,2020,-0.010921258545765977
RGI60-08.02973,2021,-1.0393401221918914
RGI60-08.02973,2022,-0.37401716911627136
RGI60-08.02973,2023,-0.5248270568870228
RGI60-08.02973,2024,-0.6498948667048305
RGI60-08.02981,2000,0.7415504330911098
RGI60-08.02981,2001,-1.0191067261741085
RGI60-08.02981,2002,-1.2672681799917935
RGI60-08.02981,2003,-1.270443896134655
RGI60-08.02981,2004,-0.16662899613537904
RGI60-08.02981,2005,-0.1764000775077577
RGI60-08.02981,2006,-1.331729728804644
RGI60-08.02981,2007,1.5622250590002957
RGI60-08.02981,2008,-0.32636416549668046
RGI60-08.02981,2009,-0.06996475707939892
RGI60-08.02981,2010,-0.9793844509559637
RGI60-08.02981,2011,-1.07635599167418
RGI60-08.02981,2012,1.7561518253799093
RGI60-08.02981,2013,-0.8960826182644392
RGI60-08.02981,2014,-1.4475056172225433
RGI60-08.02981,2015,0.6602114248852393
RGI60-08.02981,2016,0.6898923600895224
RGI60-08.02981,2017,0.05399954265983603
RGI60-08.02981,2018,-0.7602115724805756
RGI60-08.02981,2019,-0.4505838671837946
RGI60-08.02981,2020,-0.025576417934949747
RGI60-08.02981,2021,-2.3758096426539526
RGI60-08.02981,2022,-0.1474071407113139
RGI60-08.02981,2023,-1.2206938094079949
RGI60-08.02981,2024,-0.862066233854021
RGI60-08.02982,2000,0.09583164257665389
RGI60-08.02982,2001,-0.8825542250504633
RGI60-08.02982,2002,-1.7251572592816795
RGI60-08.02982,2003,-2.2879083887448513
RGI60-08.02982,2004,-0.5221953534946249
RGI60-08.02982,2005,-0.17650795638000716
RGI60-08.02982,2006,-2.615347273417403
RGI60-08.02982,2007,0.7222479399980956
RGI60-08.02982,2008,-0.48947739634575715
RGI60-08.02982,2009,-0.8635174172335492
RGI60-08.02982,2010,-1.5826019312476673
RGI60-08.02982,2011,-1.3248869108596641
RGI60-08.02982,2012,0.5026115433050119
RGI60-08.02982,2013,-0.7148063356297126
RGI60-08.02982,2014,-2.0615068837965698
RGI60-08.02982,2015,0.45147152877087937
RGI60-08.02982,2016,-1.2088487286262737
RGI60-08.02982,2017,-0.6981891153879136
RGI60-08.02982,2018,-1.1864211506438176
RGI60-08.02982,2019,-1.4640363285106806
RGI60-08.02982,2020,-0.3357323975206379
RGI60-08.02982,2021,-2.415581112494074
RGI60-08.02982,2022,-1.0375337989637354
RGI60-08.02982,2023,-2.871276044272235
RGI60-08.02982,2024,-2.173574801161051
RGI60-08.02983,2000,-0.15000802998427004
RGI60-08.02983,2001,-0.3069574001118344
RGI60-08.02983,2002,-1.3200582466934676
RGI60-08.02983,2003,-1.6008783309318981
RGI60-08.02983,2004,-0.24345156980852534
RGI60-08.02983,2005,-0.09920784022837925
RGI60-08.02983,2006,-1.8948341262047064
RGI60-08.02983,2007,1.43099909768169
RGI60-08.02983,2008,-0.6906933359615792
RGI60-08.02983,2009,-0.6003755591796497
RGI60-08.02983,2010,-0.029223908472976512
RGI60-08.02983,2011,-0.8889399420784732
RGI60-08.02983,2012,0.7481701333222723
RGI60-08.02983,2013,-1.2267918353596774
RGI60-08.02983,2014,-1.3189989699665627
RGI60-08.02983,2015,0.43288771808663795
RGI60-08.02983,2016,-0.7622321076629008
RGI60-08.02983,2017,0.34153936351374514
RGI60-08.02983,2018,-1.8796029067265387
RGI60-08.02983,2019,-1.3101422032328984
RGI60-08.02983,2020,0.003765707321992773
RGI60-08.02983,2021,-2.3675239511940727
RGI60-08.02983,2022,-1.2205779725309247
RGI60-08.02983,2023,-2.0827899649019157
RGI60-08.02983,2024,-1.620582640614143
RGI60-08.02984,2000,0.11224976798564124
RGI60-08.02984,2001,-0.9933732840516346
RGI60-08.02984,2002,-1.0391006764044126
RGI60-08.02984,2003,-1.687651663408611
RGI60-08.02984,2004,-0.2562767934935217
RGI60-08.02984,2005,-0.15565225213558503
RGI60-08.02984,2006,-1.8674220233946004
RGI60-08.02984,2007,0.33325478590032676
RGI60-08.02984,2008,-0.36106382992815517
RGI60-08.02984,2009,-0.8744638857437466
RGI60-08.02984,2010,-0.997930529373021
RGI60-08.02984,2011,-0.3392399522284775
RGI60-08.02984,2012,0.6018065550101962
RGI60-08.02984,2013,-0.40966559123829005
RGI60-08.02984,2014,-1.1123546614780793
RGI60-08.02984,2015,0.5148530902965981
RGI60-08.02984,2016,-0.42714466467350665
RGI60-08.02984,2017,-0.9243721743180833
RGI60-08.02984,2018,-1.2451991002428553
RGI60-08.02984,2019,-1.2591531170801908
RGI60-08.02984,2020,0.02109297852535319
RGI60-08.02984,2021,-1.4851301033575246
RGI60-08.02984,2022,-0.5395582991180058
RGI60-08.02984,2023,-1.016088475675136
RGI60-08.02984,2024,-1.0978813079968162
RGI60-08.02985,2000,0.08938348821316189
RGI60-08.02985,2001,-1.0172938447620599
RGI60-08.02985,2002,-1.9169516625784238
RGI60-08.02985,2003,-1.7785761857389515
RGI60-08.02985,2004,-0.7234354401744797
RGI60-08.02985,2005,-0.5298362299487369
RGI60-08.02985,2006,-2.4018911991094547
RGI60-08.02985,2007,0.46054429455031076
RGI60-08.02985,2008,-0.6953096274082053
RGI60-08.02985,2009,-1.7325328075760953
RGI60-08.02985,2010,-1.5317625793359748
RGI60-08.02985,2011,-0.9726150493905322
RGI60-08.02985,2012,0.33016608474868214
RGI60-08.02985,2013,-0.48711955586087474
RGI60-08.02985,2014,-1.3821158894320116
RGI60-08.02985,2015,0.599249862674149
RGI60-08.02985,2016,-0.07360474084487734
RGI60-08.02985,2017,-1.1772804802236543
RGI60-08.02985,2018,-0.9900096110645807
RGI60-08.02985,2019,-1.0672088267373891
RGI60-08.02985,2020,-0.12604276584585916
RGI60-08.02985,2021,-1.993688286108311
RGI60-08.02985,2022,-0.8950290501344957
RGI60-08.02985,2023,-2.164062846183029
RGI60-08.02985,2024,-1.8365368452470292
RGI60-08.02987,2000,0.4020134999100078
RGI60-08.02987,2001,-1.2693299965761475
RGI60-08.02987,2002,-1.3664768700368692
RGI60-08.02987,2003,-1.7420203554964324
RGI60-08.02987,2004,-0.9695808273266885
RGI60-08.02987,2005,-0.6269536017514774
RGI60-08.02987,2006,-2.121975760131903
RGI60-08.02987,2007,0.9774890876235309
RGI60-08.02987,2008,-0.5419166689157782
RGI60-08.02987,2009,-1.3705381672657873
RGI60-08.02987,2010,-1.1621317225351888
RGI60-08.02987,2011,-1.9709183030383008
RGI60-08.02987,2012,0.3889975287439873
RGI60-08.02987,2013,-0.9108527120358834
RGI60-08.02987,2014,-1.7113022827337594
RGI60-08.02987,2015,0.3911769295137797
RGI60-08.02987,2016,-0.9403418626444968
RGI60-08.02987,2017,-1.9204722756278878
RGI60-08.02987,2018,-1.5786006595632465
RGI60-08.02987,2019,-1.4367649801114524
RGI60-08.02987,2020,-0.6723335223925814
RGI60-08.02987,2021,-2.35065477127738
RGI60-08.02987,2022,-1.409152884643738
RGI60-08.02987,2023,-2.386587813112545
RGI60-08.02987,2024,-2.538781733898805
RGI60-08.02988,2000,0.42318144380877687
RGI60-08.02988,2001,-0.8465640967444663
RGI60-08.02988,2002,-1.6067790891274658
RGI60-08.02988,2003,-1.3915262283504677
RGI60-08.02988,2004,-0.9228361672620877
RGI60-08.02988,2005,-0.050806366440929285
RGI60-08.02988,2006,-2.5126969646452957
RGI60-08.02988,2007,0.9323962304112663
RGI60-08.02988,2008,-0.20645811746121345
RGI60-08.02988,2009,-0.888609675045526
RGI60-08.02988,2010,-1.2415459519820082
RGI60-08.02988,2011,-1.3547002379414497
RGI60-08.02988,2012,0.6413784016285708
RGI60-08.02988,2013,-1.2087322167666537
RGI60-08.02988,2014,-1.547329220737224
RGI60-08.02988,2015,0.6559120514564771
RGI60-08.02988,2016,-0.8678532697370593
RGI60-08.02988,2017,-1.5334283218175935
RGI60-08.02988,2018,-0.8944958423256322
RGI60-08.02988,2019,-0.9594063609200213
RGI60-08.02988,2020,-0.1348806027105549
RGI60-08.02988,2021,-2.1186022959357085
RGI60-08.02988,2022,-0.43475595118729854
RGI60-08.02988,2023,-2.8119622671854625
RGI60-08.02988,2024,-1.489525352032771
RGI60-08.02989,2000,0.715686163897874
RGI60-08.02989,2001,-1.0535882594534862
RGI60-08.02989,2002,-1.7083262850224359
RGI60-08.02989,2003,-1.3920720967746572
RGI60-08.02989,2004,0.3333403414313386
RGI60-08.02989,2005,-0.5723324344037812
RGI60-08.02989,2006,-1.8067826823977626
RGI60-08.02989,2007,2.5044195292297355
RGI60-08.02989,2008,-0.4343494009621153
RGI60-08.02989,2009,-0.09522979780798041
RGI60-08.02989,2010,-1.0332274183200094
RGI60-08.02989,2011,-1.2302318681741125
RGI60-08.02989,2012,0.6948308011462256
RGI60-08.02989,2013,-0.6231775508836667
RGI60-08.02989,2014,-1.7997703078944784
RGI60-08.02989,2015,1.4478230361785611
RGI60-08.02989,2016,0.003822653186179803
RGI60-08.02989,2017,-0.10373191333571208
RGI60-08.02989,2018,-0.7378271457162793
RGI60-08.02989,2019,-0.339475363923445
RGI60-08.02989,2020,0.9080756195097062
RGI60-08.02989,2021,-1.374657740234695
RGI60-08.02989,2022,-0.4418321752486863
RGI60-08.02989,2023,-1.2936614055655333
RGI60-08.02989,2024,-0.8052975114614399
RGI60-08.02993,2000,-1.070511686957671
RGI60-08.02993,2001,0.5821867023387505
RGI60-08.02993,2002,-0.2744185921582664
RGI60-08.02993,2003,-1.8337030139995893
RGI60-08.02993,2004,-1.3093983573022487
RGI60-08.02993,2005,-1.1595728837583823
RGI60-08.02993,2006,0.3691821184626285
RGI60-08.02993,2007,-0.2567501130193624
RGI60-08.02993,2008,-1.1151589617224373
RGI60-08.02993,2009,-1.5287272374043153
RGI60-08.02993,2010,-1.2029891794323753
RGI60-08.02993,2011,-0.054503929318262756
RGI60-08.02993,2012,0.5646741526386417
RGI60-08.02993,2013,-0.4907975504190014
RGI60-08.02993,2014,-0.6797658587231248
RGI60-08.02993,2015,-0.15434217620499247
RGI60-08.02993,2016,-1.103987383475038
RGI60-08.02993,2017,-1.0726114925535142
RGI60-08.02993,2018,-1.2093257680896548
RGI60-08.02993,2019,0.6195212110982186
RGI60-08.02993,2020,-0.7261353809825518
RGI60-08.02993,2021,0.9915948229000692
RGI60-08.02993,2022,-0.8908083060190073
RGI60-08.02993,2023,-1.3897619526902094
RGI60-08.02993,2024,-1.5569915558938658
RGI60-08.02995,2000,0.1805098851036271
RGI60-08.02995,2001,-1.5040514246316823
RGI60-08.02995,2002,-1.0014266117812893
RGI60-08.02995,2003,-1.8278355809724582
RGI60-08.02995,2004,-0.3801741761105837
RGI60-08.02995,2005,-0.2553909104047198
RGI60-08.02995,2006,-1.8833071454885424
RGI60-08.02995,2007,0.18507933908970509
RGI60-08.02995,2008,-0.6588566743535731
RGI60-08.02995,2009,-0.5398562379086161
RGI60-08.02995,2010,-1.5988199904849
RGI60-08.02995,2011,-0.6949496175409327
RGI60-08.02995,2012,0.46922819279186045
RGI60-08.02995,2013,-0.11635039640994255
RGI60-08.02995,2014,-1.0711278888708469
RGI60-08.02995,2015,0.7473217409217965
RGI60-08.02995,2016,0.2914937171968762
RGI60-08.02995,2017,-0.7912376287982048
RGI60-08.02995,2018,0.20416808118124163
RGI60-08.02995,2019,-0.7576166725288161
RGI60-08.02995,2020,0.26026160326766234
RGI60-08.02995,2021,-1.3703438876262668
RGI60-08.02995,2022,-0.4708579593727801
RGI60-08.02995,2023,-1.2741649178923875
RGI60-08.02995,2024,-1.7033554403886444
RGI60-08.02997,2000,0.41989762510078665
RGI60-08.02997,2001,-0.7301088219177757
RGI60-08.02997,2002,-1.7579244306427526
RGI60-08.02997,2003,-0.8312447032001209
RGI60-08.02997,2004,-0.9168130236288826
RGI60-08.02997,2005,-0.9546996791215976
RGI60-08.02997,2006,-2.444823099838304
RGI60-08.02997,2007,-0.3377098981201484
RGI60-08.02997,2008,-1.01347002180171
RGI60-08.02997,2009,-1.0226865203192976
RGI60-08.02997,2010,-1.6001958310602955
RGI60-08.02997,2011,-0.625773357653403
RGI60-08.02997,2012,-0.3319319855755688
RGI60-08.02997,2013,-2.3325216456888453
RGI60-08.02997,2014,-0.9566405652863056
RGI60-08.02997,2015,-0.06367092134541352
RGI60-08.02997,2016,-1.5897144512210777
RGI60-08.02997,2017,-0.43910396801516816
RGI60-08.02997,2018,-1.0353844476808791
RGI60-08.02997,2019,-1.4603802529832375
RGI60-08.02997,2020,-0.5413367109479781
RGI60-08.02997,2021,-1.5276074041995191
RGI60-08.02997,2022,-1.5771884321274459
RGI60-08.02997,2023,-2.0940277151315967
RGI60-08.02997,2024,0.37653509197784074
RGI60-08.02999,2000,0.5990630723733706
RGI60-08.02999,2001,-0.6183578631950498
RGI60-08.02999,2002,-0.8170191932007566
RGI60-08.02999,2003,-1.4895570171233867
RGI60-08.02999,2004,-0.3495206006291779
RGI60-08.02999,2005,-0.39213794367163035
RGI60-08.02999,2006,-1.7340889349081596
RGI60-08.02999,2007,0.5329122184638727
RGI60-08.02999,2008,-0.6162129705302388
RGI60-08.02999,2009,-0.7548417342024862
RGI60-08.02999,2010,-1.1516707946099096
RGI60-08.02999,2011,-1.1636886397623019
RGI60-08.02999,2012,0.6178759913098487
RGI60-08.02999,2013,-0.6011869680296154
RGI60-08.02999,2014,-1.9195842125774396
RGI60-08.02999,2015,0.5224924927101159
RGI60-08.02999,2016,0.12394766684371328
RGI60-08.02999,2017,-1.0116786725970215
RGI60-08.02999,2018,-0.44650642186050327
RGI60-08.02999,2019,-0.8028394748032414
RGI60-08.02999,2020,-0.043630140937100825
RGI60-08.02999,2021,-0.9577863861322462
RGI60-08.02999,2022,-0.1515915612439787
RGI60-08.02999,2023,-0.9479456802243935
RGI60-08.02999,2024,-0.9188800875794272
RGI60-08.03005,2000,-0.5120176072192314
RGI60-08.03005,2001,-0.582072174714879
RGI60-08.03005,2002,-1.355614388746598
RGI60-08.03005,2003,0.22249797968160623
RGI60-08.03005,2004,-0.8335182182919545
RGI60-08.03005,2005,-0.43527315559203494
RGI60-08.03005,2006,-1.9483666576463166
RGI60-08.03005,2007,-0.45284337207582326
RGI60-08.03005,2008,-0.8677584300870993
RGI60-08.03005,2009,-0.07381289035060801
RGI60-08.03005,2010,-1.4786313632918646
RGI60-08.03005,2011,-1.0527712271658833
RGI60-08.03005,2012,0.7482109952208745
RGI60-08.03005,2013,-1.5836916398718324
RGI60-08.03005,2014,-1.1703735444427714
RGI60-08.03005,2015,-0.21024731919329281
RGI60-08.03005,2016,-1.313129851117147
RGI60-08.03005,2017,-0.66626053460314
RGI60-08.03005,2018,1.0248088966707916
RGI60-08.03005,2019,0.689064502837199
RGI60-08.03005,2020,0.042781683503581025
RGI60-08.03005,2021,-1.4757062312808544
RGI60-08.03005,2022,-0.6920233333462088
RGI60-08.03005,2023,-1.3058722102316174
RGI60-08.03005,2024,-2.0699308877215112
RGI60-08.03008,2000,0.3263140938846857
RGI60-08.03008,2001,-0.8362300668350102
RGI60-08.03008,2002,-3.0106533869940506
RGI60-08.03008,2003,-0.7791073033843503
RGI60-08.03008,2004,-0.12844116510554687
RGI60-08.03008,2005,-0.03303768669407292
RGI60-08.03008,2006,-1.814558030514786
RGI60-08.03008,2007,0.15323237804070267
RGI60-08.03008,2008,-0.7567278731007054
RGI60-08.03008,2009,-0.2365314425095525
RGI60-08.03008,2010,-0.8030796654297132
RGI60-08.03008,2011,-0.8512320254912864
RGI60-08.03008,2012,0.8007973053351649
RGI60-08.03008,2013,-0.5404082038566835
RGI60-08.03008,2014,-1.6435866771139582
RGI60-08.03008,2015,0.5887926814161382
RGI60-08.03008,2016,-0.037781711606860946
RGI60-08.03008,2017,-0.26023378472302444
RGI60-08.03008,2018,-1.0482121423253195
RGI60-08.03008,2019,-0.5886152929917781
RGI60-08.03008,2020,0.3743336817539553
RGI60-08.03008,2021,-1.3882093025445528
RGI60-08.03008,2022,-0.23367553059163126
RGI60-08.03008,2023,-1.479185767611873
RGI60-08.03008,2024,-1.1640077206549047
RGI60-08.03009,2000,0.23008454109185128
RGI60-08.03009,2001,-1.8402990898855638
RGI60-08.03009,2002,-1.2193257146945071
RGI60-08.03009,2003,-1.385434032065103
RGI60-08.03009,2004,-0.3165391498718092
RGI60-08.03009,2005,-0.34085051543800005
RGI60-08.03009,2006,-2.150229165934314
RGI60-08.03009,2007,0.5562663614201191
RGI60-08.03009,2008,-1.0210930048023292
RGI60-08.03009,2009,-0.3634814495276204
RGI60-08.03009,2010,-1.5840291527891948
RGI60-08.03009,2011,-1.0845451186522066
RGI60-08.03009,2012,0.4039349470871083
RGI60-08.03009,2013,-0.15797839138339992
RGI60-08.03009,2014,-1.3811826917587342
RGI60-08.03009,2015,0.4543994841216168
RGI60-08.03009,2016,-0.04058767298288679
RGI60-08.03009,2017,-1.1585720176821845
RGI60-08.03009,2018,0.5494925378856144
RGI60-08.03009,2019,-0.26143070413844555
RGI60-08.03009,2020,0.3734268584772059
RGI60-08.03009,2021,-1.4931371800430773
RGI60-08.03009,2022,-0.3282258963087102
RGI60-08.03009,2023,-1.830693910899312
RGI60-08.03009,2024,-1.5767806144972611
RGI60-08.03010,2000,-0.28676149926287653
RGI60-08.03010,2001,-1.357027548233256
RGI60-08.03010,2002,-0.8065469496551921
RGI60-08.03010,2003,-1.37251138150806
RGI60-08.03010,2004,-0.6932866797242109
RGI60-08.03010,2005,-0.09966915350330707
RGI60-08.03010,2006,-1.7385648008309853
RGI60-08.03010,2007,0.16661886309670781
RGI60-08.03010,2008,-0.8119367446909863
RGI60-08.03010,2009,-0.14224822196849962
RGI60-08.03010,2010,-1.293878812157416
RGI60-08.03010,2011,-1.2252740289006774
RGI60-08.03010,2012,0.5422161598680111
RGI60-08.03010,2013,-0.8877828050076157
RGI60-08.03010,2014,-1.0180171102308282
RGI60-08.03010,2015,0.2695397482971992
RGI60-08.03010,2016,-0.4754906026374702
RGI60-08.03010,2017,-1.0634800828601938
RGI60-08.03010,2018,-1.1425625740215302
RGI60-08.03010,2019,-0.7303357760688189
RGI60-08.03010,2020,-0.021610705572698397
RGI60-08.03010,2021,-0.9526593633569574
RGI60-08.03010,2022,-0.46981882865850055
RGI60-08.03010,2023,-0.9686559386343931
RGI60-08.03010,2024,-1.223890058401775
RGI60-08.03014,2000,-0.05511664875439459
RGI60-08.03014,2001,-0.4975146492397458
RGI60-08.03014,2002,-1.722068948362797
RGI60-08.03014,2003,-1.715071018802428
RGI60-08.03014,2004,-0.6518888200125043
RGI60-08.03014,2005,-0.1452199027998689
RGI60-08.03014,2006,1.2047875923196236
RGI60-08.03014,2007,-0.010250108165341443
RGI60-08.03014,2008,-1.5716985043073746
RGI60-08.03014,2009,-1.0551106985816427
RGI60-08.03014,2010,-2.391816593801452
RGI60-08.03014,2011,-1.2387675960371234
RGI60-08.03014,2012,-0.07841636052231127
RGI60-08.03014,2013,-0.506396064626577
RGI60-08.03014,2014,0.42095807849882083
RGI60-08.03014,2015,0.4272145946594549
RGI60-08.03014,2016,-0.6454654164807291
RGI60-08.03014,2017,-0.9470920482523626
RGI60-08.03014,2018,0.10464033665547623
RGI60-08.03014,2019,-1.1869072233867302
RGI60-08.03014,2020,-0.11511800672645828
RGI60-08.03014,2021,-2.3235535339461415
RGI60-08.03014,2022,-0.9966802593222139
RGI60-08.03014,2023,-1.9959998554890719
RGI60-08.03014,2024,-1.6591950397536763
RGI60-08.03017,2000,0.7037881831995639
RGI60-08.03017,2001,-0.08225768493948586
RGI60-08.03017,2002,-0.9003560219131304
RGI60-08.03017,2003,-0.5310750290814006
RGI60-08.03017,2004,-0.4965534038978391
RGI60-08.03017,2005,-0.18298429065083785
RGI60-08.03017,2006,-0.31135874434672295
RGI60-08.03017,2007,-0.03263024021056474
RGI60-08.03017,2008,-0.020079038115517478
RGI60-08.03017,2009,0.440116073247823
RGI60-08.03017,2010,0.5365338215275075
RGI60-08.03017,2011,-0.8495277772529325
RGI60-08.03017,2012,0.9865376532542889
RGI60-08.03017,2013,-0.14578398612757507
RGI60-08.03017,2014,-1.2641679254706855
RGI60-08.03017,2015,1.1521557523612553
RGI60-08.03017,2016,0.06099047143709424
RGI60-08.03017,2017,-0.3636922078361251
RGI60-08.03017,2018,-1.2780378467625826
RGI60-08.03017,2019,-0.3541177584221368
RGI60-08.03017,2020,0.46981413197353195
RGI60-08.03017,2021,-0.9343553240715192
RGI60-08.03017,2022,0.3164368101608387
RGI60-08.03017,2023,-0.9053604696120303
RGI60-08.03017,2024,-0.15694937892094943
RGI60-08.03018,2000,0.2803994375502409
RGI60-08.03018,2001,2.2721336072315372
RGI60-08.03018,2002,-1.1241134253961937
RGI60-08.03018,2003,-1.282824079394413
RGI60-08.03018,2004,0.1339352435771093
RGI60-08.03018,2005,-1.5243183186530733
RGI60-08.03018,2006,-2.0897603245811753
RGI60-08.03018,2007,0.8291164715260165
RGI60-08.03018,2008,-1.1511910294197418
RGI60-08.03018,2009,2.259672386328418
RGI60-08.03018,2010,-1.7459351195380548
RGI60-08.03018,2011,-1.8296694423110393
RGI60-08.03018,2012,0.5203825661110111
RGI60-08.03018,2013,-0.25910278688743676
RGI60-08.03018,2014,-1.8492564609399933
RGI60-08.03018,2015,0.6167307337479931
RGI60-08.03018,2016,-0.4682178349268502
RGI60-08.03018,2017,0.3546572726803654
RGI60-08.03018,2018,-0.8090760894252675
RGI60-08.03018,2019,-1.159362807279444
RGI60-08.03018,2020,0.11466363692288373
RGI60-08.03018,2021,-2.2007847010535118
RGI60-08.03018,2022,-0.6768564965049051
RGI60-08.03018,2023,-1.6602181998879875
RGI60-08.03018,2024,-1.8321556393476657
RGI60-08.03020,2000,-0.12162902457245267
RGI60-08.03020,2001,-1.1703598686118073
RGI60-08.03020,2002,0.5681151089139963
RGI60-08.03020,2003,-2.244732329394367
RGI60-08.03020,2004,-0.6945014875458488
RGI60-08.03020,2005,-0.7783050703246204
RGI60-08.03020,2006,-0.3815546826724643
RGI60-08.03020,2007,0.6246064567943493
RGI60-08.03020,2008,-0.9572066595220643
RGI60-08.03020,2009,-0.1450020455173453
RGI60-08.03020,2010,-1.4083997125450916
RGI60-08.03020,2011,2.3678133615050756
RGI60-08.03020,2012,1.0176389550175742
RGI60-08.03020,2013,-1.6214286725168447
RGI60-08.03020,2014,-1.7185878272989235
RGI60-08.03020,2015,-0.04619146560175125
RGI60-08.03020,2016,1.6752128052444974
RGI60-08.03020,2017,0.32570759790933235
RGI60-08.03020,2018,-2.0559147347571347
RGI60-08.03020,2019,-2.310480704504114
RGI60-08.03020,2020,-0.36032610780143304
RGI60-08.03020,2021,-1.5736689979032321
RGI60-08.03020,2022,0.6892812073781905
RGI60-08.03020,2023,0.017214334470992076
RGI60-08.03020,2024,-1.529287137465559
RGI60-08.03028,2000,0.07242853349972189
RGI60-08.03028,2001,-1.198890860245892
RGI60-08.03028,2002,-1.801496226175224
RGI60-08.03028,2003,-0.9936434909974357
RGI60-08.03028,2004,-0.1503912730473942
RGI60-08.03028,2005,-0.08848913267091257
RGI60-08.03028,2006,-1.7794103396250067
RGI60-08.03028,2007,-0.14365792469350042
RGI60-08.03028,2008,-0.1084797277310246
RGI60-08.03028,2009,-0.030410575854335153
RGI60-08.03028,2010,0.25227263793853216
RGI60-08.03028,2011,-0.4312333151094377
RGI60-08.03028,2012,0.47748770323519163
RGI60-08.03028,2013,0.08345340302440285
RGI60-08.03028,2014,-1.3103883060608785
RGI60-08.03028,2015,0.46393286895178765
RGI60-08.03028,2016,-0.9776987670252696
RGI60-08.03028,2017,-0.4422976604954022
RGI60-08.03028,2018,-1.3206323062453293
RGI60-08.03028,2019,-1.2118552406726013
RGI60-08.03028,2020,0.1851589199575655
RGI60-08.03028,2021,-1.6709487370477125
RGI60-08.03028,2022,-0.42719158361334675
RGI60-08.03028,2023,0.01763091903984315
RGI60-08.03028,2024,-1.3343453564725043
RGI60-08.03031,2000,0.3376036930039753
RGI60-08.03031,2001,-0.3554203519407532
RGI60-08.03031,2002,-1.4698356895344227
RGI60-08.03031,2003,-1.52456842501977
RGI60-08.03031,2004,0.21989560960770316
RGI60-08.03031,2005,-0.2916095269171512
RGI60-08.03031,2006,-1.9839714401117803
RGI60-08.03031,2007,0.03771601892865484
RGI60-08.03031,2008,-0.46436343532787505
RGI60-08.03031,2009,-0.697954181776924
RGI60-08.03031,2010,-1.3024268608643443
RGI60-08.03031,2011,-1.1137884486353054
RGI60-08.03031,2012,0.46954622604648366
RGI60-08.03031,2013,-0.3096361596010377
RGI60-08.03031,2014,-1.611017885693311
RGI60-08.03031,2015,0.5305582388056983
RGI60-08.03031,2016,-0.5570263331193746
RGI60-08.03031,2017,-0.6321219667557064
RGI60-08.03031,2018,-1.474115138207273
RGI60-08.03031,2019,-0.7911639428874842
RGI60-08.03031,2020,0.10632273238375223
RGI60-08.03031,2021,-1.1793428799605756
RGI60-08.03031,2022,-0.7337405283318648
RGI60-08.03031,2023,-1.6443705295119542
RGI60-08.03031,2024,-0.6830369204953222
RGI60-08.03038,2000,0.09525496088200641
RGI60-08.03038,2001,-0.21518098819064654
RGI60-08.03038,2002,-0.1634659912550034
RGI60-08.03038,2003,-0.4477861261913497
RGI60-08.03038,2004,-0.15142857554499456
RGI60-08.03038,2005,-0.2291354074711256
RGI60-08.03038,2006,-0.9467594568330853
RGI60-08.03038,2007,-0.46043471600223485
RGI60-08.03038,2008,-0.21010253068218737
RGI60-08.03038,2009,0.16252528545414813
RGI60-08.03038,2010,-0.2635785978314221
RGI60-08.03038,2011,-0.6962609622547733
RGI60-08.03038,2012,0.8229701292177081
RGI60-08.03038,2013,-0.4045788663983788
RGI60-08.03038,2014,-1.428991658953672
RGI60-08.03038,2015,0.6424470897106981
RGI60-08.03038,2016,-0.03869059793672325
RGI60-08.03038,2017,-0.32670539627049217
RGI60-08.03038,2018,-1.3150332426020575
RGI60-08.03038,2019,-0.8404643508464149
RGI60-08.03038,2020,-0.013379709867411826
RGI60-08.03038,2021,-0.8298992783579848
RGI60-08.03038,2022,-0.18540967576207584
RGI60-08.03038,2023,-0.6499654849010754
RGI60-08.03038,2024,-0.4018487198406522
RGI60-08.03039,2000,0.06415902532496626
RGI60-08.03039,2001,-1.0150012640238966
RGI60-08.03039,2002,-1.9622536551721956
RGI60-08.03039,2003,1.3574486375239931
RGI60-08.03039,2004,-0.16223625509195394
RGI60-08.03039,2005,-0.6971564575185125
RGI60-08.03039,2006,0.44711863502211885
RGI60-08.03039,2007,-0.6234508868259182
RGI60-08.03039,2008,-0.8843487856108436
RGI60-08.03039,2009,1.2721060092219854
RGI60-08.03039,2010,-0.8367394642771848
RGI60-08.03039,2011,0.7324118568455444
RGI60-08.03039,2012,0.14245784120063942
RGI60-08.03039,2013,-1.0309549265883684
RGI60-08.03039,2014,-0.7278183762266947
RGI60-08.03039,2015,0.3007080758634186
RGI60-08.03039,2016,1.2947253896674582
RGI60-08.03039,2017,0.07288438794948982
RGI60-08.03039,2018,-1.584205467628095
RGI60-08.03039,2019,-1.6365543196559644
RGI60-08.03039,2020,-0.642949704004494
RGI60-08.03039,2021,-1.972606975202706
RGI60-08.03039,2022,-0.06854982271535476
RGI60-08.03039,2023,-0.1673880873271116
RGI60-08.03039,2024,-0.27828558155896843
RGI60-08.03042,2000,0.1195989743653525
RGI60-08.03042,2001,0.3238817531451187
RGI60-08.03042,2002,-1.2992753173690956
RGI60-08.03042,2003,-0.7201326132118367
RGI60-08.03042,2004,-0.39424978337780114
RGI60-08.03042,2005,-0.2345152071248135
RGI60-08.03042,2006,-1.8262667048248442
RGI60-08.03042,2007,-0.5037065615694708
RGI60-08.03042,2008,-1.073257848309789
RGI60-08.03042,2009,-0.5377547457405556
RGI60-08.03042,2010,-0.7755605452288992
RGI60-08.03042,2011,1.692098026156577
RGI60-08.03042,2012,0.752390997677542
RGI60-08.03042,2013,-0.617584305565506
RGI60-08.03042,2014,-1.259249237551614
RGI60-08.03042,2015,0.6766355408407918
RGI60-08.03042,2016,-0.9327592298234902
RGI60-08.03042,2017,-0.729686856004385
RGI60-08.03042,2018,-2.0108046056297533
RGI60-08.03042,2019,-1.680901730853526
RGI60-08.03042,2020,-0.7451081828259635
RGI60-08.03042,2021,-1.6859920861393336
RGI60-08.03042,2022,-0.7097028269060732
RGI60-08.03042,2023,-1.5024313003349756
RGI60-08.03042,2024,-1.0348416042271293
RGI60-08.03043,2000,0.2872858210199442
RGI60-08.03043,2001,-0.7970758309603689
RGI60-08.03043,2002,-1.3327360504891406
RGI60-08.03043,2003,-0.5780589998718833
RGI60-08.03043,2004,0.1604196534981071
RGI60-08.03043,2005,0.47877872148764405
RGI60-08.03043,2006,-0.7508090262281488
RGI60-08.03043,2007,0.20832349231000075
RGI60-08.03043,2008,-0.6887556851410255
RGI60-08.03043,2009,-0.6567632330362455
RGI60-08.03043,2010,-0.15896401617210426
RGI60-08.03043,2011,-0.42812593951722144
RGI60-08.03043,2012,1.298022943597927
RGI60-08.03043,2013,0.5455603774251456
RGI60-08.03043,2014,-1.6400270899343516
RGI60-08.03043,2015,0.5464608202311638
RGI60-08.03043,2016,-0.3178215882487168
RGI60-08.03043,2017,0.056881840786877746
RGI60-08.03043,2018,-0.82835230173115
RGI60-08.03043,2019,0.2734560909735532
RGI60-08.03043,2020,0.6052412942751906
RGI60-08.03043,2021,-1.0297636265245163
RGI60-08.03043,2022,0.2892164869223382
RGI60-08.03043,2023,-1.196933021742773
RGI60-08.03043,2024,-0.3329951851585492
RGI60-08.03045,2000,-0.7125215696468884
RGI60-08.03045,2001,-1.3070979618348637
RGI60-08.03045,2002,-1.5927808194808106
RGI60-08.03045,2003,-1.1086631533724853
RGI60-08.03045,2004,-0.40536986406341735
RGI60-08.03045,2005,-0.5685271892575456
RGI60-08.03045,2006,-1.9431952291705006
RGI60-08.03045,2007,-0.44873931247162413
RGI60-08.03045,2008,-1.0936429517976738
RGI60-08.03045,2009,-0.9145223707070271
RGI60-08.03045,2010,-1.7135066029651944
RGI60-08.03045,2011,-1.1265307218794063
RGI60-08.03045,2012,0.22455118557618248
RGI60-08.03045,2013,-1.7915049374850867
RGI60-08.03045,2014,0.8229725549348405
RGI60-08.03045,2015,0.41020417317205615
RGI60-08.03045,2016,-0.2903223480466437
RGI60-08.03045,2017,-0.40831720355264595
RGI60-08.03045,2018,-1.6295282781314975
RGI60-08.03045,2019,-1.2307573998197774
RGI60-08.03045,2020,-0.31902438478757367
RGI60-08.03045,2021,-2.523802854123931
RGI60-08.03045,2022,-1.280434679222353
RGI60-08.03045,2023,-0.6289671712266968
RGI60-08.03045,2024,-1.8153373041108873
RGI60-08.03046,2000,-0.09859745510477796
RGI60-08.03046,2001,-0.9290047933332192
RGI60-08.03046,2002,-0.8315914905432463
RGI60-08.03046,2003,-0.8824947090661455
RGI60-08.03046,2004,-0.9361383214783904
RGI60-08.03046,2005,0.3894535161802912
RGI60-08.03046,2006,-1.1119171805380184
RGI60-08.03046,2007,0.07253005685850966
RGI60-08.03046,2008,-0.17059103513373505
RGI60-08.03046,2009,0.25548727057715925
RGI60-08.03046,2010,-0.47727803866628016
RGI60-08.03046,2011,-0.2970445068762033
RGI60-08.03046,2012,0.4000661366704481
RGI60-08.03046,2013,-1.1340256975043181
RGI60-08.03046,2014,-1.053239840179541
RGI60-08.03046,2015,0.4119463755518207
RGI60-08.03046,2016,-0.153671363761801
RGI60-08.03046,2017,0.34009783241402136
RGI60-08.03046,2018,-0.5195564328155436
RGI60-08.03046,2019,-0.9178303232510238
RGI60-08.03046,2020,0.017417866056900988
RGI60-08.03046,2021,-1.54931962138842
RGI60-08.03046,2022,-0.4072604862798254
RGI60-08.03046,2023,-0.4890413378949307
RGI60-08.03046,2024,-1.037402265355758
RGI60-08.03049,2000,-0.15890639445141108
RGI60-08.03049,2001,-1.4674997117508721
RGI60-08.03049,2002,-1.9951391988047706
RGI60-08.03049,2003,-1.7852217131413424
RGI60-08.03049,2004,-0.9470010867785603
RGI60-08.03049,2005,-0.2532205558598596
RGI60-08.03049,2006,-2.525189091210491
RGI60-08.03049,2007,0.009546222337136978
RGI60-08.03049,2008,-0.9656027359922201
RGI60-08.03049,2009,-0.3734290441507546
RGI60-08.03049,2010,-1.3592146082554377
RGI60-08.03049,2011,-1.1899703174549197
RGI60-08.03049,2012,0.3578084102814574
RGI60-08.03049,2013,-0.9619849322772446
RGI60-08.03049,2014,-2.4360204789459123
RGI60-08.03049,2015,0.6671143286023233
RGI60-08.03049,2016,-1.1132131027291816
RGI60-08.03049,2017,-0.061208528383420835
RGI60-08.03049,2018,-1.1420261960671105
RGI60-08.03049,2019,-1.7342212649674085
RGI60-08.03049,2020,-0.31411737588154187
RGI60-08.03049,2021,-2.4222394434375873
RGI60-08.03049,2022,-1.2735033928443942
RGI60-08.03049,2023,-0.2768223378089021
RGI60-08.03049,2024,-1.600913766659235
RGI60-08.03051,2000,-0.2250729484916273
RGI60-08.03051,2001,-0.5867930051658079
RGI60-08.03051,2002,-1.8989010445582937
RGI60-08.03051,2003,-1.292441411690072
RGI60-08.03051,2004,-0.6599262628297388
RGI60-08.03051,2005,-0.861795882728483
RGI60-08.03051,2006,-1.1061658184616676
RGI60-08.03051,2007,-0.1177176979163066
RGI60-08.03051,2008,-1.108084558412372
RGI60-08.03051,2009,-1.2506132524198605
RGI60-08.03051,2010,-0.8276774379930979
RGI60-08.03051,2011,0.006377516997409627
RGI60-08.03051,2012,0.25420100344213936
RGI60-08.03051,2013,-0.517160425319739
RGI60-08.03051,2014,-2.0924451614361343
RGI60-08.03051,2015,0.8701394880773667
RGI60-08.03051,2016,-1.2654289290234253
RGI60-08.03051,2017,-0.8176863071020722
RGI60-08.03051,2018,-0.9547209471609454
RGI60-08.03051,2019,-1.4094869178072627
RGI60-08.03051,2020,-1.0413491756399564
RGI60-08.03051,2021,-1.270974714225425
RGI60-08.03051,2022,-1.0836915060675187
RGI60-08.03051,2023,-2.168367332021056
RGI60-08.03051,2024,-1.7167009354308929
RGI60-08.03054,2000,-0.20666896746864705
RGI60-08.03054,2001,-1.7941341246145883
RGI60-08.03054,2002,-0.7961789718949489
RGI60-08.03054,2003,-1.9819077865232133
RGI60-08.03054,2004,-1.3568895709850273
RGI60-08.03054,2005,-0.979392950706134
RGI60-08.03054,2006,-2.168912230668204
RGI60-08.03054,2007,-0.19916797709814604
RGI60-08.03054,2008,-1.4742423207330402
RGI60-08.03054,2009,-1.1559497128823308
RGI60-08.03054,2010,-1.6163958286100155
RGI60-08.03054,2011,0.30933546187133154
RGI60-08.03054,2012,-0.2863704830352144
RGI60-08.03054,2013,-1.5893193481748717
RGI60-08.03054,2014,-1.4540658652078355
RGI60-08.03054,2015,-0.5239455502218527
RGI60-08.03054,2016,-1.5414309136726394
RGI60-08.03054,2017,-0.5979098798811613
RGI60-08.03054,2018,-1.1547607121476986
RGI60-08.03054,2019,-2.371492267345764
RGI60-08.03054,2020,-1.332949960683021
RGI60-08.03054,2021,-2.445565225157398
RGI60-08.03054,2022,-1.7770852487890465
RGI60-08.03054,2023,-1.2478255256450983
RGI60-08.03054,2024,-2.1389165986382985
RGI60-08.03055,2000,-0.07783434206240913
RGI60-08.03055,2001,-1.0599935207709665
RGI60-08.03055,2002,-1.4473193083017444
RGI60-08.03055,2003,-1.1382883460885251
RGI60-08.03055,2004,-0.40826232743302693
RGI60-08.03055,2005,-0.31781446059102936
RGI60-08.03055,2006,-1.6215034324627566
RGI60-08.03055,2007,-0.11076540388816719
RGI60-08.03055,2008,-0.6292346274720555
RGI60-08.03055,2009,-0.3475813850691718
RGI60-08.03055,2010,-0.5186933703092012
RGI60-08.03055,2011,-1.153909570451412
RGI60-08.03055,2012,-0.008744510621796042
RGI60-08.03055,2013,-0.6211451970482041
RGI60-08.03055,2014,-1.3075370789503105
RGI60-08.03055,2015,0.31392728100180145
RGI60-08.03055,2016,-0.5296862719971808
RGI60-08.03055,2017,0.0100681951739936
RGI60-08.03055,2018,0.03042187043206157
RGI60-08.03055,2019,-1.0893041930899008
RGI60-08.03055,2020,-0.15053786891824128
RGI60-08.03055,2021,-1.3023105779173345
RGI60-08.03055,2022,-0.8825654234203386
RGI60-08.03055,2023,-0.6499052224397552
RGI60-08.03055,2024,-0.6658445016638541
RGI60-08.03056,2000,-0.011238762556266768
RGI60-08.03056,2001,-1.0582568730485824
RGI60-08.03056,2002,-2.0770675078129126
RGI60-08.03056,2003,-1.801888557865417
RGI60-08.03056,2004,-1.465753906855078
RGI60-08.03056,2005,-0.21720149201191508
RGI60-08.03056,2006,-2.083246075598153
RGI60-08.03056,2007,1.146600844600028
RGI60-08.03056,2008,-1.0642495441286992
RGI60-08.03056,2009,-0.733089419186095
RGI60-08.03056,2010,-0.9693979049498924
RGI60-08.03056,2011,-1.8053345289954321
RGI60-08.03056,2012,1.3737265555791902
RGI60-08.03056,2013,-0.9145422171998582
RGI60-08.03056,2014,-2.323672004511851
RGI60-08.03056,2015,0.19937325520590854
RGI60-08.03056,2016,-0.8719481257735856
RGI60-08.03056,2017,-0.6421120623830943
RGI60-08.03056,2018,-1.3048839309208091
RGI60-08.03056,2019,-1.6737177415874882
RGI60-08.03056,2020,-0.24189600815422896
RGI60-08.03056,2021,-2.0800437880254194
RGI60-08.03056,2022,-0.4494925773352451
RGI60-08.03056,2023,-0.4709184870753105
RGI60-08.03056,2024,-0.5292221836165436
RGI60-08.03058,2000,0.06731003249889789
RGI60-08.03058,2001,-1.3785761635851568
RGI60-08.03058,2002,-1.4815001546708901
RGI60-08.03058,2003,-1.3242808828204247
RGI60-08.03058,2004,-0.6261551252391868
RGI60-08.03058,2005,0.07276777839146853
RGI60-08.03058,2006,-2.165269569435905
RGI60-08.03058,2007,0.3555228749459991
RGI60-08.03058,2008,-0.6081356053109535
RGI60-08.03058,2009,-1.31161056472409
RGI60-08.03058,2010,-0.7492930703195649
RGI60-08.03058,2011,-1.7070849742739647
RGI60-08.03058,2012,0.41130561334641635
RGI60-08.03058,2013,-0.6469114378563496
RGI60-08.03058,2014,-1.5327913844200416
RGI60-08.03058,2015,0.5836189153666582
RGI60-08.03058,2016,-0.4313151145086424
RGI60-08.03058,2017,-0.43830859952813506
RGI60-08.03058,2018,-1.595579384392301
RGI60-08.03058,2019,-1.2001131834638277
RGI60-08.03058,2020,0.14445325569309597
RGI60-08.03058,2021,-1.9176122937357463
RGI60-08.03058,2022,-0.8579449324171808
RGI60-08.03058,2023,-2.1494854671830477
RGI60-08.03058,2024,-1.5158724961958394
RGI60-08.03059,2000,-0.19423640037842194
RGI60-08.03059,2001,-0.7919009882307464
RGI60-08.03059,2002,-1.4676330123038412
RGI60-08.03059,2003,-1.5014925197922815
RGI60-08.03059,2004,-1.8035683894674184
RGI60-08.03059,2005,-0.4080822286437932
RGI60-08.03059,2006,-1.9533819275852433
RGI60-08.03059,2007,0.6831497076170485
RGI60-08.03059,2008,-0.5366159067081784
RGI60-08.03059,2009,-0.330625896362074
RGI60-08.03059,2010,-0.3027370925363725
RGI60-08.03059,2011,0.3817118493473135
RGI60-08.03059,2012,0.19741034223197518
RGI60-08.03059,2013,-1.1614704569462788
RGI60-08.03059,2014,-2.59914496577815
RGI60-08.03059,2015,-0.05548182913881139
RGI60-08.03059,2016,0.5010258819843885
RGI60-08.03059,2017,-0.23225533208910576
RGI60-08.03059,2018,-1.0621263463898951
RGI60-08.03059,2019,-1.0149444888301182
RGI60-08.03059,2020,-0.5171497368179434
RGI60-08.03059,2021,-2.0629078435264936
RGI60-08.03059,2022,-0.6369620863743631
RGI60-08.03059,2023,-0.037349042331718096
RGI60-08.03059,2024,-1.5683933404618768
RGI60-08.03060,2000,-0.32534345645818474
RGI60-08.03060,2001,-0.04267977804408729
RGI60-08.03060,2002,-1.3331079517256132
RGI60-08.03060,2003,-1.8980356890454475
RGI60-08.03060,2004,-0.6652238454885757
RGI60-08.03060,2005,-0.4962920035135315
RGI60-08.03060,2006,-2.206150879671377
RGI60-08.03060,2007,-0.05213786266645126
RGI60-08.03060,2008,-0.8536120544425585
RGI60-08.03060,2009,-0.7393212487883554
RGI60-08.03060,2010,-0.7618343759445309
RGI60-08.03060,2011,0.11468979435968729
RGI60-08.03060,2012,0.33108425300101885
RGI60-08.03060,2013,-0.7105886769246136
RGI60-08.03060,2014,-1.8593990940661942
RGI60-08.03060,2015,0.1649038904612088
RGI60-08.03060,2016,0.17061023006124143
RGI60-08.03060,2017,-0.901364408633959
RGI60-08.03060,2018,-0.9397749330465454
RGI60-08.03060,2019,-0.8146219094231185
RGI60-08.03060,2020,0.35036121282936794
RGI60-08.03060,2021,-2.743679039914118
RGI60-08.03060,2022,-1.3014559000635986
RGI60-08.03060,2023,-1.9123779809139352
RGI60-08.03060,2024,-2.0138641215619537
RGI60-08.03064,2000,-0.18648939313134155
RGI60-08.03064,2001,-0.10078015948434382
RGI60-08.03064,2002,-0.4946930107620279
RGI60-08.03064,2003,-1.128776970201236
RGI60-08.03064,2004,-0.009124950793488351
RGI60-08.03064,2005,-0.09687963467972599
RGI60-08.03064,2006,-0.5595092556767267
RGI60-08.03064,2007,0.7231214619667763
RGI60-08.03064,2008,-0.3587145052175974
RGI60-08.03064,2009,-0.5298965664552077
RGI60-08.03064,2010,-0.978580877302744
RGI60-08.03064,2011,-1.26346724285676
RGI60-08.03064,2012,2.409298375156784
RGI60-08.03064,2013,-1.322097682056531
RGI60-08.03064,2014,0.09189880741147033
RGI60-08.03064,2015,0.25097844906800565
RGI60-08.03064,2016,-0.48804688481765707
RGI60-08.03064,2017,0.6084615287723545
RGI60-08.03064,2018,-1.3208548334510117
RGI60-08.03064,2019,-1.2512466554889825
RGI60-08.03064,2020,-0.1575265853978306
RGI60-08.03064,2021,-2.251877424878136
RGI60-08.03064,2022,-0.4064184785795682
RGI60-08.03064,2023,-1.4482063078205651
RGI60-08.03064,2024,-0.3764984279847212
RGI60-08.03074,2000,-0.9045228865143261
RGI60-08.03074,2001,-1.4341243132406074
RGI60-08.03074,2002,-0.8811277157214535
RGI60-08.03074,2003,1.2601476285274387
RGI60-08.03074,2004,-1.0239906131607144
RGI60-08.03074,2005,-1.3439309411179765
RGI60-08.03074,2006,-1.585869478479267
RGI60-08.03074,2007,1.2086860737469618
RGI60-08.03074,2008,0.2646306839238423
RGI60-08.03074,2009,0.8021850112571041
RGI60-08.03074,2010,-1.988346954547159
RGI60-08.03074,2011,-0.935572081138971
RGI60-08.03074,2012,0.17466811851400293
RGI60-08.03074,2013,-2.66564633309779
RGI60-08.03074,2014,-0.5131443843661312
RGI60-08.03074,2015,0.41722586435937065
RGI60-08.03074,2016,0.543438127969136
RGI60-08.03074,2017,-2.021739479137178
RGI60-08.03074,2018,1.3026150613941878
RGI60-08.03074,2019,-0.1752813891704601
RGI60-08.03074,2020,-1.0052736054732463
RGI60-08.03074,2021,-1.9337025933143879
RGI60-08.03074,2022,-1.5588262311240182
RGI60-08.03074,2023,-2.674291727290607
RGI60-08.03074,2024,0.5414856154696144
RGI60-08.03084,2000,0.5739882823614918
RGI60-08.03084,2001,-0.5324095674863821
RGI60-08.03084,2002,-0.8622890511385914
RGI60-08.03084,2003,0.11297678353277896
RGI60-08.03084,2004,0.47839931613256104
RGI60-08.03084,2005,-0.3063074405398222
RGI60-08.03084,2006,-0.15815531947219735
RGI60-08.03084,2007,0.47273238124157035
RGI60-08.03084,2008,-0.748881696942248
RGI60-08.03084,2009,-0.7354608611254054
RGI60-08.03084,2010,0.15371897521901556
RGI60-08.03084,2011,-1.2088270141117488
RGI60-08.03084,2012,-0.5980931150180753
RGI60-08.03084,2013,-1.6716526032407848
RGI60-08.03084,2014,-0.4548538912386004
RGI60-08.03084,2015,-0.4016250566461672
RGI60-08.03084,2016,-1.316360403107468
RGI60-08.03084,2017,-0.494095439398407
RGI60-08.03084,2018,-1.807083430870268
RGI60-08.03084,2019,-0.2649208481512555
RGI60-08.03084,2020,-0.2405907268281033
RGI60-08.03084,2021,-0.7623913711806097
RGI60-08.03084,2022,-0.34869797743331177
RGI60-08.03084,2023,-0.8937426557746915
RGI60-08.03084,2024,-0.3858784565596007
RGI60-08.03088,2000,1.6224182674356906
RGI60-08.03088,2001,-0.9082565568980685
RGI60-08.03088,2002,-0.9847601561823581
RGI60-08.03088,2003,-0.6149804725386181
RGI60-08.03088,2004,0.08390412580579021
RGI60-08.03088,2005,0.6573679303115462
RGI60-08.03088,2006,-1.2292174669789342
RGI60-08.03088,2007,0.38873356137137915
RGI60-08.03088,2008,-0.24218685845758742
RGI60-08.03088,2009,-0.15792277750766442
RGI60-08.03088,2010,0.10434342825202192
RGI60-08.03088,2011,-2.138262150204949
RGI60-08.03088,2012,0.39579711296764863
RGI60-08.03088,2013,-1.7267563607616503
RGI60-08.03088,2014,-1.5383780163902592
RGI60-08.03088,2015,0.0724224420825722
RGI60-08.03088,2016,-2.182783132613131
RGI60-08.03088,2017,-0.07086772894510451
RGI60-08.03088,2018,-1.197336310912685
RGI60-08.03088,2019,-0.7857788798356193
RGI60-08.03088,2020,-0.09664153607255643
RGI60-08.03088,2021,-0.5029034423501118
RGI60-08.03088,2022,-0.5309398961579153
RGI60-08.03088,2023,0.5859545229897155
RGI60-08.03088,2024,1.076956255905476
RGI60-08.03089,2000,0.9332999778081059
RGI60-08.03089,2001,0.600007840739293
RGI60-08.03089,2002,-1.0958299970650978
RGI60-08.03089,2003,-0.18403434609766864
RGI60-08.03089,2004,-0.796317596905268
RGI60-08.03089,2005,0.43693934359852205
RGI60-08.03089,2006,-0.7007103999335033
RGI60-08.03089,2007,-0.10186201944855033
RGI60-08.03089,2008,-0.11718352058252532
RGI60-08.03089,2009,2.5003765480000855
RGI60-08.03089,2010,-0.4318212112268468
RGI60-08.03089,2011,-1.5738131307708534
RGI60-08.03089,2012,0.15839366718878894
RGI60-08.03089,2013,-1.7614512455550253
RGI60-08.03089,2014,-0.5762650350065017
RGI60-08.03089,2015,0.4272578064284932
RGI60-08.03089,2016,0.0730838633110445
RGI60-08.03089,2017,-0.06980987427667751
RGI60-08.03089,2018,-1.7985827734906068
RGI60-08.03089,2019,-0.5881778967152128
RGI60-08.03089,2020,-0.2792062092438732
RGI60-08.03089,2021,0.5900440080306953
RGI60-08.03089,2022,-1.0060435946451394
RGI60-08.03089,2023,0.6314684426502558
RGI60-08.03089,2024,-1.5240963936614693
RGI60-08.03094,2000,-0.43516303002066015
RGI60-08.03094,2001,-0.2537457900308549
RGI60-08.03094,2002,-1.435073788209933
RGI60-08.03094,2003,0.5205205439252072
RGI60-08.03094,2004,-0.2105843449445627
RGI60-08.03094,2005,-0.013478646361554547
RGI60-08.03094,2006,-1.9232230678198643
RGI60-08.03094,2007,-0.06260138625957684
RGI60-08.03094,2008,-1.700494806605886
RGI60-08.03094,2009,2.1186525655706188
RGI60-08.03094,2010,-0.06892644157972266
RGI60-08.03094,2011,1.0956748219122798
RGI60-08.03094,2012,0.6910495874011744
RGI60-08.03094,2013,-0.20806705456204466
RGI60-08.03094,2014,-1.929769135374454
RGI60-08.03094,2015,0.14580824914774898
RGI60-08.03094,2016,-1.056782528644449
RGI60-08.03094,2017,-1.0624509109125104
RGI60-08.03094,2018,-1.4715282552699465
RGI60-08.03094,2019,-0.09121658136100586
RGI60-08.03094,2020,-0.09321473774840278
RGI60-08.03094,2021,-2.468987395565982
RGI60-08.03094,2022,-0.6268610209627878
RGI60-08.03094,2023,0.2978986888789798
RGI60-08.03094,2024,-0.9597374019187552
RGI60-08.03105,2000,-0.06493758079658901
RGI60-08.03105,2001,-0.23428123423245506
RGI60-08.03105,2002,-1.0574659773669715
RGI60-08.03105,2003,-0.66804330705045
RGI60-08.03105,2004,1.2698208020208495
RGI60-08.03105,2005,-0.6884979464002992
RGI60-08.03105,2006,-1.7223544700748377
RGI60-08.03105,2007,0.17354307650318695
RGI60-08.03105,2008,-0.3466865605236132
RGI60-08.03105,2009,0.6356831988765639
RGI60-08.03105,2010,-1.0269823324048681
RGI60-08.03105,2011,-1.2626771826342738
RGI60-08.03105,2012,1.6933167266485647
RGI60-08.03105,2013,-0.47991429722818857
RGI60-08.03105,2014,-2.1022588811182974
RGI60-08.03105,2015,0.8062579255280116
RGI60-08.03105,2016,0.023126866894987275
RGI60-08.03105,2017,1.4803113963261356
RGI60-08.03105,2018,-2.2553500359044345
RGI60-08.03105,2019,-1.7148101870630235
RGI60-08.03105,2020,-0.1549020800138946
RGI60-08.03105,2021,-1.9862724742628768
RGI60-08.03105,2022,-1.9305479944303237
RGI60-08.03105,2023,-1.8926955929159097
RGI60-08.03105,2024,-1.8063396236621685
RGI60-08.03127,2000,0.1171953574143163
RGI60-08.03127,2001,-0.162656822751798
RGI60-08.03127,2002,-1.6422046403010577
RGI60-08.03127,2003,-0.9716839641208854
RGI60-08.03127,2004,-0.9899660365416738
RGI60-08.03127,2005,-0.32583224619398365
RGI60-08.03127,2006,-0.9866742001433513
RGI60-08.03127,2007,-0.24914143111855303
RGI60-08.03127,2008,-0.42276666694546183
RGI60-08.03127,2009,-0.6697999422484174
RGI60-08.03127,2010,-1.4834472350261692
RGI60-08.03127,2011,-0.09907967530994455
RGI60-08.03127,2012,1.26923873187697
RGI60-08.03127,2013,-0.4483061668572622
RGI60-08.03127,2014,-1.8785496878644796
RGI60-08.03127,2015,0.5131813571634247
RGI60-08.03127,2016,-0.2134124404505779
RGI60-08.03127,2017,-0.6632601344936233
RGI60-08.03127,2018,-1.7748347673444183
RGI60-08.03127,2019,-2.1610993887430556
RGI60-08.03127,2020,-0.25964773127231217
RGI60-08.03127,2021,-1.8529867867058232
RGI60-08.03127,2022,-0.9250502286814043
RGI60-08.03127,2023,-1.1072709632090807
RGI60-08.03127,2024,-0.012922351496384987
RGI60-08.03133,2000,-0.971859506462967
RGI60-08.03133,2001,2.709747961631096
RGI60-08.03133,2002,0.013529510769736852
RGI60-08.03133,2003,0.7390370144909458
RGI60-08.03133,2004,-3.068742515306454
RGI60-08.03133,2005,-1.6501015849580463
RGI60-08.03133,2006,-1.466551426965353
RGI60-08.03133,2007,-0.9317219463767777
RGI60-08.03133,2008,-1.3337698906978805
RGI60-08.03133,2009,-1.339023939950951
RGI60-08.03133,2010,-1.4603057191671516
RGI60-08.03133,2011,-0.5370315559109728
RGI60-08.03133,2012,1.136274088280854
RGI60-08.03133,2013,-1.76599227262796
RGI60-08.03133,2014,-2.3414633702633303
RGI60-08.03133,2015,-1.474700923504664
RGI60-08.03133,2016,-0.3017189067519642
RGI60-08.03133,2017,-0.8695264861255965
RGI60-08.03133,2018,2.3086920585304234
RGI60-08.03133,2019,-1.5620705886330062
RGI60-08.03133,2020,-0.8752421607864989
RGI60-08.03133,2021,-3.588279752074648
RGI60-08.03133,2022,-1.1894512133075927
RGI60-08.03133,2023,-2.4309888341220094
RGI60-08.03133,2024,-0.6715305418974251
RGI60-08.03156,2000,-0.04249707646571682
RGI60-08.03156,2001,-0.9662092447505009
RGI60-08.03156,2002,-0.41863286053628823
RGI60-08.03156,2003,-1.1284195991615165
RGI60-08.03156,2004,-0.5391593282127687
RGI60-08.03156,2005,0.27145325907219686
RGI60-08.03156,2006,-1.86514488555708
RGI60-08.03156,2007,-0.23630683560795385
RGI60-08.03156,2008,-0.17173757990302518
RGI60-08.03156,2009,-0.04803097754299568
RGI60-08.03156,2010,-0.2623885088522967
RGI60-08.03156,2011,-1.3371864299370173
RGI60-08.03156,2012,-0.18353897068861147
RGI60-08.03156,2013,-1.1006829542948164
RGI60-08.03156,2014,-1.0611329062294086
RGI60-08.03156,2015,0.12177127787150899
RGI60-08.03156,2016,0.12745127890073038
RGI60-08.03156,2017,-0.1026024768981364
RGI60-08.03156,2018,-0.9751280475004539
RGI60-08.03156,2019,-0.3026771337058476
RGI60-08.03156,2020,0.346429469320666
RGI60-08.03156,2021,-0.614268147414659
RGI60-08.03156,2022,-0.9103120814418129
RGI60-08.03156,2023,-0.31085331445791015
RGI60-08.03156,2024,1.8401784375229537
RGI60-08.03161,2000,0.682107733018724
RGI60-08.03161,2001,-1.3366063176232363
RGI60-08.03161,2002,-0.2631663454340518
RGI60-08.03161,2003,-1.1929166340694985
RGI60-08.03161,2004,0.8108694722498497
RGI60-08.03161,2005,-1.2532197655215933
RGI60-08.03161,2006,-1.9837499027045917
RGI60-08.03161,2007,0.40168800698768736
RGI60-08.03161,2008,-0.5191121991853272
RGI60-08.03161,2009,-0.2092574536158338
RGI60-08.03161,2010,-0.7067837082810213
RGI60-08.03161,2011,-1.4487560854732378
RGI60-08.03161,2012,1.0176269579143316
RGI60-08.03161,2013,-2.4545410566702652
RGI60-08.03161,2014,-1.6742887732390193
RGI60-08.03161,2015,-0.3238892784460256
RGI60-08.03161,2016,-1.477695543572544
RGI60-08.03161,2017,-0.059941453848875725
RGI60-08.03161,2018,-2.7510568258548824
RGI60-08.03161,2019,0.06918917336940633
RGI60-08.03161,2020,-0.5162987625979194
RGI60-08.03161,2021,-1.7058563147686925
RGI60-08.03161,2022,-0.9051658922040169
RGI60-08.03161,2023,-1.2885562431004947
RGI60-08.03161,2024,-1.4295356056892106
RGI60-08.03175,2000,0.20949893104829198
RGI60-08.03175,2001,-0.8400121282491756
RGI60-08.03175,2002,-0.8971342594814908
RGI60-08.03175,2003,0.007653026655257911
RGI60-08.03175,2004,-0.26333558686803393
RGI60-08.03175,2005,-1.2948099814493483
RGI60-08.03175,2006,1.3858761145249017
RGI60-08.03175,2007,0.47278880359373054
RGI60-08.03175,2008,-1.9156217699161733
RGI60-08.03175,2009,-1.81793737295783
RGI60-08.03175,2010,-1.7575210458571382
RGI60-08.03175,2011,-2.2259730272115457
RGI60-08.03175,2012,-0.4996132614963996
RGI60-08.03175,2013,1.1120465395413643
RGI60-08.03175,2014,-1.9511519391590593
RGI60-08.03175,2015,-0.3981640113640814
RGI60-08.03175,2016,3.1138415538464996
RGI60-08.03175,2017,-1.6370785774947643
RGI60-08.03175,2018,-0.9031622683550633
RGI60-08.03175,2019,-1.123389739349936
RGI60-08.03175,2020,1.770794085061206
RGI60-08.03175,2021,-0.45966060024200994
RGI60-08.03175,2022,0.4524897286206223
RGI60-08.03175,2023,-1.832179518806861
RGI60-08.03175,2024,-1.8771636223869481
RGI60-08.03176,2000,0.5001298699852308
RGI60-08.03176,2001,-1.6872273446422676
RGI60-08.03176,2002,-2.97007830029015
RGI60-08.03176,2003,1.3875888574383757
RGI60-08.03176,2004,-0.5581432681965102
RGI60-08.03176,2005,-0.5129874793940432
RGI60-08.03176,2006,-1.5673467805254178
RGI60-08.03176,2007,0.2314753660981812
RGI60-08.03176,2008,-0.8041169673906832
RGI60-08.03176,2009,-1.0814416697968163
RGI60-08.03176,2010,0.09926476986077815
RGI60-08.03176,2011,-2.6180672756802323
RGI60-08.03176,2012,-0.04002273625072217
RGI60-08.03176,2013,-2.20231333269443
RGI60-08.03176,2014,-0.6302042338774988
RGI60-08.03176,2015,-1.2058669652894258
RGI60-08.03176,2016,1.7733232205099652
RGI60-08.03176,2017,-1.5341513120169525
RGI60-08.03176,2018,-0.9908381859611218
RGI60-08.03176,2019,-2.0579762318862445
RGI60-08.03176,2020,-0.3989127390864951
RGI60-08.03176,2021,0.6881155298739028
RGI60-08.03176,2022,-2.246056221240269
RGI60-08.03176,2023,-1.1527262081713585
RGI60-08.03176,2024,-3.175890000267872
RGI60-08.03178,2000,0.15148621841236853
RGI60-08.03178,2001,-1.6582666502599528
RGI60-08.03178,2002,-1.1644618007264065
RGI60-08.03178,2003,2.8493104289252553
RGI60-08.03178,2004,-1.0454462585559692
RGI60-08.03178,2005,-1.7048831415356651
RGI60-08.03178,2006,-1.5708365066129364
RGI60-08.03178,2007,-0.18402456818715562
RGI60-08.03178,2008,-1.4936275176485858
RGI60-08.03178,2009,-1.5161838124325073
RGI60-08.03178,2010,-1.3927588186176134
RGI60-08.03178,2011,-1.6579327322622164
RGI60-08.03178,2012,-0.3653771077950536
RGI60-08.03178,2013,-2.3789747944017163
RGI60-08.03178,2014,-1.1484863118763187
RGI60-08.03178,2015,3.54078895815519
RGI60-08.03178,2016,-1.1516169504963873
RGI60-08.03178,2017,-2.213060304343008
RGI60-08.03178,2018,1.9966328430277758
RGI60-08.03178,2019,-1.541781172769094
RGI60-08.03178,2020,1.1355449646694264
RGI60-08.03178,2021,-0.6950244064995713
RGI60-08.03178,2022,-1.858234876358626
RGI60-08.03178,2023,-1.9521083883962531
RGI60-08.03178,2024,-2.102133370367594
RGI60-08.03180,2000,0.2940410189152698
RGI60-08.03180,2001,0.2365712987655657
RGI60-08.03180,2002,-0.9669734992344723
RGI60-08.03180,2003,0.9650338184767958
RGI60-08.03180,2004,-0.32305443187149685
RGI60-08.03180,2005,-0.29521935541776384
RGI60-08.03180,2006,-1.0171893610043639
RGI60-08.03180,2007,-0.6523666460118681
RGI60-08.03180,2008,-0.4717453084787869
RGI60-08.03180,2009,-1.1705479102577157
RGI60-08.03180,2010,-1.2033167320592701
RGI60-08.03180,2011,-2.4859682560344307
RGI60-08.03180,2012,-0.05648310536565926
RGI60-08.03180,2013,0.1318244006189404
RGI60-08.03180,2014,-1.031636584304123
RGI60-08.03180,2015,0.8419488135441374
RGI60-08.03180,2016,-1.8074218747807418
RGI60-08.03180,2017,-0.15181602657393878
RGI60-08.03180,2018,-0.6201552753846293
RGI60-08.03180,2019,-1.6530249835414592
RGI60-08.03180,2020,-0.4428192259994722
RGI60-08.03180,2021,-1.2973162737377824
RGI60-08.03180,2022,-1.9550196407695015
RGI60-08.03180,2023,-0.7489052872566283
RGI60-08.03180,2024,-1.0615252733161757
RGI60-08.03188,2000,0.6488657039175147
RGI60-08.03188,2001,0.17707537000085846
RGI60-08.03188,2002,-0.08601586569898069
RGI60-08.03188,2003,-0.03612858789896734
RGI60-08.03188,2004,0.29111117418705357
RGI60-08.03188,2005,-1.410426002453155
RGI60-08.03188,2006,0.6925909635328473
RGI60-08.03188,2007,0.4193498745447001
RGI60-08.03188,2008,0.4004383544074448
RGI60-08.03188,2009,0.23646495009777854
RGI60-08.03188,2010,0.24467328988594303
RGI60-08.03188,2011,-0.7460836074073895
RGI60-08.03188,2012,1.0754956307245152
RGI60-08.03188,2013,-1.0563531978208232
RGI60-08.03188,2014,-0.6980879406115219
RGI60-08.03188,2015,0.21907277185881122
RGI60-08.03188,2016,-0.5475936610198893
RGI60-08.03188,2017,0.1944716390657211
RGI60-08.03188,2018,-0.8810705591132542
RGI60-08.03188,2019,-0.5223503001992046
RGI60-08.03188,2020,0.36651637916114554
RGI60-08.03188,2021,0.040449553805918026
RGI60-08.03188,2022,0.17965240646804911
RGI60-08.03188,2023,-0.40344641538943116
RGI60-08.03188,2024,-2.4337241786850625
RGI60-08.03192,2000,1.2207002062914252
RGI60-08.03192,2001,-1.2929807082862608
RGI60-08.03192,2002,-1.2445889381972672
RGI60-08.03192,2003,-0.4753079528715166
RGI60-08.03192,2004,0.8075814644905309
RGI60-08.03192,2005,-0.6559969181721138
RGI60-08.03192,2006,-0.1720495917816906
RGI60-08.03192,2007,1.3586150999326105
RGI60-08.03192,2008,-0.06484044610926687
RGI60-08.03192,2009,-1.5414083232339928
RGI60-08.03192,2010,-0.3411806326490426
RGI60-08.03192,2011,-0.9196421463668057
RGI60-08.03192,2012,-0.3748506123012747
RGI60-08.03192,2013,-1.466055951761891
RGI60-08.03192,2014,-1.9376672575772749
RGI60-08.03192,2015,-1.5703697444824445
RGI60-08.03192,2016,-2.4184896568624437
RGI60-08.03192,2017,-0.4726421868094349
RGI60-08.03192,2018,-1.361637974117857
RGI60-08.03192,2019,0.07791227086599661
RGI60-08.03192,2020,-1.2255354336831004
RGI60-08.03192,2021,1.4310259252897497
RGI60-08.03192,2022,-0.9667153099508616
RGI60-08.03192,2023,-1.049395780647836
RGI60-08.03192,2024,-2.8157961510570098
RGI60-08.03195,2000,-0.6857008114885654
RGI60-08.03195,2001,-1.026677107244227
RGI60-08.03195,2002,-1.8422044650214482
RGI60-08.03195,2003,-0.7815481517895188
RGI60-08.03195,2004,-0.9214052020679084
RGI60-08.03195,2005,-1.8819446130421627
RGI60-08.03195,2006,-1.658816726271413
RGI60-08.03195,2007,-1.1825079439403743
RGI60-08.03195,2008,-0.9742434349806817
RGI60-08.03195,2009,-2.1369966188124363
RGI60-08.03195,2010,-1.6017654320015666
RGI60-08.03195,2011,-1.3682407268676045
RGI60-08.03195,2012,-1.2717757880763556
RGI60-08.03195,2013,-1.5104936638566901
RGI60-08.03195,2014,-1.0896201592357733
RGI60-08.03195,2015,-1.4951088985878678
RGI60-08.03195,2016,-1.4936631906761035
RGI60-08.03195,2017,-1.0624045940650355
RGI60-08.03195,2018,-2.0898788078129384
RGI60-08.03195,2019,-1.4848036641613318
RGI60-08.03195,2020,-1.2828225698168196
RGI60-08.03195,2021,-1.8673290301987173
RGI60-08.03195,2022,-1.4942180322452139
RGI60-08.03195,2023,-1.7687202937406852
RGI60-08.03195,2024,-1.8921175026837926
RGI60-08.03199,2000,-0.12875501882097895
RGI60-08.03199,2001,-1.2766376545630636
RGI60-08.03199,2002,1.437864846077683
RGI60-08.03199,2003,-0.4829991681622157
RGI60-08.03199,2004,-1.500535796180554
RGI60-08.03199,2005,-1.11862234728485
RGI60-08.03199,2006,-1.415252116191421
RGI60-08.03199,2007,-1.273086993690959
RGI60-08.03199,2008,-0.9495379169128471
RGI60-08.03199,2009,-1.6822196224996513
RGI60-08.03199,2010,-1.023355272866674
RGI60-08.03199,2011,-1.5197759923294434
RGI60-08.03199,2012,-1.3153785926164068
RGI60-08.03199,2013,0.18559668096822612
RGI60-08.03199,2014,-0.3193823461162849
RGI60-08.03199,2015,-1.0347809691359255
RGI60-08.03199,2016,-2.0666679523089013
RGI60-08.03199,2017,1.8972644304290422
RGI60-08.03199,2018,-1.4827013789986503
RGI60-08.03199,2019,-1.6020368187961214
RGI60-08.03199,2020,-0.015916825547710123
RGI60-08.03199,2021,-1.5114941761960274
RGI60-08.03199,2022,-0.8195206447380258
RGI60-08.03199,2023,-1.4334941538304449
RGI60-08.03199,2024,-1.7572332091502396
RGI60-08.03200,2000,0.15737825610089426
RGI60-08.03200,2001,-0.01617456832642339
RGI60-08.03200,2002,-0.38383087918411707
RGI60-08.03200,2003,-0.3694307499580822
RGI60-08.03200,2004,0.0012999401578217273
RGI60-08.03200,2005,0.10868273339206072
RGI60-08.03200,2006,-0.7223280919229152
RGI60-08.03200,2007,0.3561320191779418
RGI60-08.03200,2008,0.0034177403526687578
RGI60-08.03200,2009,-0.19907767453608302
RGI60-08.03200,2010,0.27129108292630366
RGI60-08.03200,2011,-0.7342639257285947
RGI60-08.03200,2012,0.5347328032442072
RGI60-08.03200,2013,-0.9658227042445132
RGI60-08.03200,2014,-0.6779752983329914
RGI60-08.03200,2015,0.0058873972377672945
RGI60-08.03200,2016,-0.5300511453879001
RGI60-08.03200,2017,-0.5200147361853384
RGI60-08.03200,2018,-0.5200112115522095
RGI60-08.03200,2019,-0.29504098723050587
RGI60-08.03200,2020,-0.00789162879815311
RGI60-08.03200,2021,-0.03791262115023228
RGI60-08.03200,2022,-0.19073895589351192
RGI60-08.03200,2023,-0.7804419152085058
RGI60-08.03200,2024,-1.8279427968389392
RGI60-08.03205,2000,-0.11967184217373986
RGI60-08.03205,2001,-0.5065524056445727
RGI60-08.03205,2002,-0.4205596225441448
RGI60-08.03205,2003,0.11000950768209825
RGI60-08.03205,2004,0.48909655186573264
RGI60-08.03205,2005,-1.1012146226441357
RGI60-08.03205,2006,-1.0473967304192127
RGI60-08.03205,2007,0.16182303629096187
RGI60-08.03205,2008,0.615757721760595
RGI60-08.03205,2009,-0.5840038299667869
RGI60-08.03205,2010,0.2179961009865636
RGI60-08.03205,2011,-0.4211176701163726
RGI60-08.03205,2012,0.07834079640966543
RGI60-08.03205,2013,-0.3766676696566046
RGI60-08.03205,2014,-0.13553554133036375
RGI60-08.03205,2015,0.08376855071929651
RGI60-08.03205,2016,0.07304586998980594
RGI60-08.03205,2017,0.5794382161933618
RGI60-08.03205,2018,-0.021891734582012948
RGI60-08.03205,2019,-0.2706646828201416
RGI60-08.03205,2020,-0.0538390857163205
RGI60-08.03205,2021,-0.08791271761615467
RGI60-08.03205,2022,0.33044060644552886
RGI60-08.03205,2023,-0.7649902716399588
RGI60-08.03205,2024,-1.635628380959383
RGI60-08.03206,2000,0.1738229897806367
RGI60-08.03206,2001,0.20429447325961747
RGI60-08.03206,2002,-0.23344856403180472
RGI60-08.03206,2003,-0.2647668919242583
RGI60-08.03206,2004,0.26292203142594783
RGI60-08.03206,2005,-0.12731698289324045
RGI60-08.03206,2006,-0.8609269501831861
RGI60-08.03206,2007,0.25943512333792723
RGI60-08.03206,2008,0.3520515431413458
RGI60-08.03206,2009,0.11973508053170917
RGI60-08.03206,2010,-0.2539463250347571
RGI60-08.03206,2011,-0.35387714146977073
RGI60-08.03206,2012,0.061864018083320094
RGI60-08.03206,2013,-0.672839048906952
RGI60-08.03206,2014,-0.36211853075229117
RGI60-08.03206,2015,0.2925078664338941
RGI60-08.03206,2016,-0.24429022359863586
RGI60-08.03206,2017,-0.029259663132958205
RGI60-08.03206,2018,-0.021360077211324588
RGI60-08.03206,2019,-0.42048272685521393
RGI60-08.03206,2020,-0.02021580535197083
RGI60-08.03206,2021,-0.016907801975283757
RGI60-08.03206,2022,-0.33002077053772394
RGI60-08.03206,2023,-0.4971065658949388
RGI60-08.03206,2024,-1.5159855833062248
RGI60-08.03209,2000,0.45566250442205813
RGI60-08.03209,2001,-0.6623741648948474
RGI60-08.03209,2002,-0.8086495488994471
RGI60-08.03209,2003,-0.27278730139569074
RGI60-08.03209,2004,-0.6505082894958587
RGI60-08.03209,2005,-0.6526792908668384
RGI60-08.03209,2006,-1.6596171327655975
RGI60-08.03209,2007,-0.5934110174412615
RGI60-08.03209,2008,-0.41453109087369855
RGI60-08.03209,2009,-1.0643000489278098
RGI60-08.03209,2010,-1.2010946636584374
RGI60-08.03209,2011,-1.2691828577617144
RGI60-08.03209,2012,-0.7279428006216722
RGI60-08.03209,2013,-1.9122685355281306
RGI60-08.03209,2014,-0.49162070343968994
RGI60-08.03209,2015,-0.7095816105233059
RGI60-08.03209,2016,-0.43305741317886626
RGI60-08.03209,2017,-0.2561294781671986
RGI60-08.03209,2018,-1.2574804977222178
RGI60-08.03209,2019,-0.08584605825977587
RGI60-08.03209,2020,-0.45634633900132787
RGI60-08.03209,2021,-0.9974854536270432
RGI60-08.03209,2022,-1.0313406891367627
RGI60-08.03209,2023,-1.5070447320355398
RGI60-08.03209,2024,-1.9094070059866015
RGI60-08.03215,2000,2.4925097289992166
RGI60-08.03215,2001,0.11918094905841894
RGI60-08.03215,2002,-2.494951820601369
RGI60-08.03215,2003,-0.3131925595777757
RGI60-08.03215,2004,-0.2588064795738634
RGI60-08.03215,2005,-0.020895957444495086
RGI60-08.03215,2006,0.24485066473513126
RGI60-08.03215,2007,0.49584067589277325
RGI60-08.03215,2008,0.19609408298007183
RGI60-08.03215,2009,0.3528216345796601
RGI60-08.03215,2010,-0.03150951291518715
RGI60-08.03215,2011,-0.8267640506899719
RGI60-08.03215,2012,0.4188088413576869
RGI60-08.03215,2013,-1.0358030312262017
RGI60-08.03215,2014,-0.6043260165345864
RGI60-08.03215,2015,1.0659507008381015
RGI60-08.03215,2016,-0.809929331848471
RGI60-08.03215,2017,0.23238119813655453
RGI60-08.03215,2018,-0.4618177461560271
RGI60-08.03215,2019,-0.7275419700096726
RGI60-08.03215,2020,-0.5629919758940595
RGI60-08.03215,2021,-0.5048776916833808
RGI60-08.03215,2022,2.180670261265571
RGI60-08.03215,2023,-0.5418307216671276
RGI60-08.03215,2024,-0.028087867872574945
RGI60-08.03217,2000,-0.2915423899601157
RGI60-08.03217,2001,-1.3338580462588627
RGI60-08.03217,2002,-0.8575483178976402
RGI60-08.03217,2003,-0.17916829095507097
RGI60-08.03217,2004,-0.702540857486412
RGI60-08.03217,2005,-0.3633245509552705
RGI60-08.03217,2006,-0.08408597362690606
RGI60-08.03217,2007,-0.8319917437549803
RGI60-08.03217,2008,-0.24765922591476508
RGI60-08.03217,2009,-0.851997205262256
RGI60-08.03217,2010,-0.49243867139487485
RGI60-08.03217,2011,-0.9983215778133909
RGI60-08.03217,2012,0.017296052558665287
RGI60-08.03217,2013,-0.9170900254962516
RGI60-08.03217,2014,-0.8622245924959351
RGI60-08.03217,2015,-0.26820615616604965
RGI60-08.03217,2016,-0.35841411750725827
RGI60-08.03217,2017,-0.6670040647623365
RGI60-08.03217,2018,0.3328320281840986
RGI60-08.03217,2019,-0.094212273034391
RGI60-08.03217,2020,-0.43169243176285454
RGI60-08.03217,2021,0.8707219660817767
RGI60-08.03217,2022,-0.6522737460452344
RGI60-08.03217,2023,-0.8860525822259049
RGI60-08.03217,2024,-2.4434594752132366
RGI60-08.03218,2000,-0.04238216322704025
RGI60-08.03218,2001,-1.0071941030157139
RGI60-08.03218,2002,-1.072556125057568
RGI60-08.03218,2003,-0.5696852685026462
RGI60-08.03218,2004,-0.00931305420226114
RGI60-08.03218,2005,-1.555483721924399
RGI60-08.03218,2006,-0.39942125850188037
RGI60-08.03218,2007,-0.662979032266527
RGI60-08.03218,2008,-0.3924039548065993
RGI60-08.03218,2009,-1.1481593106357304
RGI60-08.03218,2010,-0.11662181690665885
RGI60-08.03218,2011,-1.3932130161751093
RGI60-08.03218,2012,0.6441711170325796
RGI60-08.03218,2013,-0.9621520074352397
RGI60-08.03218,2014,-1.4399699419310463
RGI60-08.03218,2015,-0.30058860560805495
RGI60-08.03218,2016,-0.6275386103141048
RGI60-08.03218,2017,-0.38639519568221153
RGI60-08.03218,2018,-0.2659002411609482
RGI60-08.03218,2019,-0.06401368967882826
RGI60-08.03218,2020,-0.6702745231466571
RGI60-08.03218,2021,-0.4533751688146066
RGI60-08.03218,2022,-0.8789543508055466
RGI60-08.03218,2023,-1.436556551039476
RGI60-08.03218,2024,-3.129450279691475
RGI60-08.03232,2000,-0.31531368262477916
RGI60-08.03232,2001,0.015845579185870373
RGI60-08.03232,2002,2.0300253704415527
RGI60-08.03232,2003,-1.5122954471419006
RGI60-08.03232,2004,-2.008325686454656
RGI60-08.03232,2005,-0.14743818424725041
RGI60-08.03232,2006,1.116775972997169
RGI60-08.03232,2007,1.3966661799920677
RGI60-08.03232,2008,-0.697068215638841
RGI60-08.03232,2009,0.4254019970449297
RGI60-08.03232,2010,-0.5166042647218037
RGI60-08.03232,2011,0.3129218935565508
RGI60-08.03232,2012,0.3117317520056833
RGI60-08.03232,2013,-1.9177688344688142
RGI60-08.03232,2014,-1.376214229838472
RGI60-08.03232,2015,0.9671210224491609
RGI60-08.03232,2016,-0.48161315159847196
RGI60-08.03232,2017,-0.9245590233117233
RGI60-08.03232,2018,-1.2175606933589507
RGI60-08.03232,2019,0.8473716457326843
RGI60-08.03232,2020,-0.2155915891533954
RGI60-08.03232,2021,0.33356399022053446
RGI60-08.03232,2022,-1.4179921475944957
RGI60-08.03232,2023,0.4284017987038305
RGI60-08.03232,2024,-0.3995453502582693
RGI60-08.03247,2000,0.804467938269315
RGI60-08.03247,2001,-1.1321124850404778
RGI60-08.03247,2002,-0.6771256200809118
RGI60-08.03247,2003,-1.4309637671658901
RGI60-08.03247,2004,0.15012272429931184
RGI60-08.03247,2005,0.09261430886749333
RGI60-08.03247,2006,-1.1797616700207707
RGI60-08.03247,2007,-0.09336735472094054
RGI60-08.03247,2008,-0.4668106180714319
RGI60-08.03247,2009,-0.21870781539084483
RGI60-08.03247,2010,-0.2105815443375344
RGI60-08.03247,2011,-1.6035681505875288
RGI60-08.03247,2012,0.3764276156147456
RGI60-08.03247,2013,-2.465908996949623
RGI60-08.03247,2014,-0.8948002251846466
RGI60-08.03247,2015,-0.058504315054538014
RGI60-08.03247,2016,-0.3304047948939295
RGI60-08.03247,2017,0.11411240691180946
RGI60-08.03247,2018,-1.6811393202702443
RGI60-08.03247,2019,-0.782588316193357
RGI60-08.03247,2020,0.17345801008545358
RGI60-08.03247,2021,-0.7013511159663726
RGI60-08.03247,2022,-1.1412320127459312
RGI60-08.03247,2023,0.11441878255315963
RGI60-08.03247,2024,-2.628265194075217
RGI60-08.03266,2000,-0.6138334976555487
RGI60-08.03266,2001,2.5385901411139598
RGI60-08.03266,2002,1.456461083256395
RGI60-08.03266,2003,0.8681998686583831
RGI60-08.03266,2004,-0.08298748524471997
RGI60-08.03266,2005,-0.09213175987437121
RGI60-08.03266,2006,-1.7429195722431245
RGI60-08.03266,2007,0.09515459603113166
RGI60-08.03266,2008,1.826544769896736
RGI60-08.03266,2009,1.2009938025636033
RGI60-08.03266,2010,-1.7335750212648444
RGI60-08.03266,2011,-1.4128811490294235
RGI60-08.03266,2012,-2.2945195827708367
RGI60-08.03266,2013,0.1304426369024709
RGI60-08.03266,2014,0.3659300583533168
RGI60-08.03266,2015,0.987043518085798
RGI60-08.03266,2016,-1.260194341219874
RGI60-08.03266,2017,-0.46963887589280695
RGI60-08.03266,2018,-2.3103247507885074
RGI60-08.03266,2019,-0.6359544388777255
RGI60-08.03266,2020,-1.6370299298562838
RGI60-08.03266,2021,-0.5400282596272215
RGI60-08.03266,2022,-2.8204705394198273
RGI60-08.03266,2023,-0.8113882134078383
RGI60-08.03266,2024,1.7100279635615254
RGI60-08.03278,2000,0.8779876753807611
RGI60-08.03278,2001,-0.04045939511167995
RGI60-08.03278,2002,-0.01245762332670125
RGI60-08.03278,2003,-0.6962889004981793
RGI60-08.03278,2004,-0.2472192180516582
RGI60-08.03278,2005,0.40224942716130063
RGI60-08.03278,2006,-1.1685442293681945
RGI60-08.03278,2007,0.5320156925925905
RGI60-08.03278,2008,-0.21788237361431967
RGI60-08.03278,2009,-0.5874525535880449
RGI60-08.03278,2010,-0.03984019170019717
RGI60-08.03278,2011,0.124694085407053
RGI60-08.03278,2012,-0.6781729093180242
RGI60-08.03278,2013,-1.310714422954287
RGI60-08.03278,2014,-0.1054887384746789
RGI60-08.03278,2015,0.41316580045271745
RGI60-08.03278,2016,0.4555140288685767
RGI60-08.03278,2017,0.811048235808888
RGI60-08.03278,2018,-0.9547610261808553
RGI60-08.03278,2019,0.6266066365149401
RGI60-08.03278,2020,0.4700043849643891
RGI60-08.03278,2021,0.9722799504376081
RGI60-08.03278,2022,-0.9449943204758304
RGI60-08.03278,2023,1.3497283534741693
RGI60-08.03278,2024,-0.21299441322789472
RGI60-08.03299,2000,0.5318344434221633
RGI60-08.03299,2001,-0.2190299755172486
RGI60-08.03299,2002,-2.072346122536914
RGI60-08.03299,2003,-1.0884804610374312
RGI60-08.03299,2004,0.9877101117986216
RGI60-08.03299,2005,0.23774666745300072
RGI60-08.03299,2006,-1.8898310986347158
RGI60-08.03299,2007,0.6378024154808419
RGI60-08.03299,2008,0.03910335914195756
RGI60-08.03299,2009,-0.4992995882602685
RGI60-08.03299,2010,-1.0736419209712442
RGI60-08.03299,2011,-1.1059892746272941
RGI60-08.03299,2012,1.142061817905375
RGI60-08.03299,2013,-0.9785204162209826
RGI60-08.03299,2014,-1.0021220179284833
RGI60-08.03299,2015,1.311735276160978
RGI60-08.03299,2016,0.16771963985979194
RGI60-08.03299,2017,-1.0655021558968323
RGI60-08.03299,2018,-1.3370459673818147
RGI60-08.03299,2019,-0.9060047322095045
RGI60-08.03299,2020,0.28108156825120784
RGI60-08.03299,2021,-2.0072681035556386
RGI60-08.03299,2022,-1.0025801236154397
RGI60-08.03299,2023,-1.5781576055317257
RGI60-08.03299,2024,0.27490484859779146
RGI60-08.03302,2000,-0.15131307268353855
RGI60-08.03302,2001,-0.004631761856530581
RGI60-08.03302,2002,-0.910020426988293
RGI60-08.03302,2003,-1.41565107492303
RGI60-08.03302,2004,-0.7973212399489571
RGI60-08.03302,2005,-1.6209234425326988
RGI60-08.03302,2006,-2.9093985964649733
RGI60-08.03302,2007,-0.5094444929883627
RGI60-08.03302,2008,-1.076258556118505
RGI60-08.03302,2009,-0.8915631002018296
RGI60-08.03302,2010,-1.3480002987369424
RGI60-08.03302,2011,-1.954628440111101
RGI60-08.03302,2012,0.2754301766033518
RGI60-08.03302,2013,-0.9376323115735223
RGI60-08.03302,2014,-2.0053008146767004
RGI60-08.03302,2015,-0.1677370436294191
RGI60-08.03302,2016,-1.4853223236844337
RGI60-08.03302,2017,-1.2900617920851398
RGI60-08.03302,2018,-1.4173920068544543
RGI60-08.03302,2019,-1.2782293805449187
RGI60-08.03302,2020,-0.9523702699953539
RGI60-08.03302,2021,-1.8760154956310733
RGI60-08.03302,2022,-1.5577097237694377
RGI60-08.03302,2023,-2.3259034906391918
RGI60-08.03302,2024,-2.2646808120563238
RGI60-08.03316,2000,0.6609387956939485
RGI60-08.03316,2001,0.052948339374151665
RGI60-08.03316,2002,-0.851800485100467
RGI60-08.03316,2003,-1.711668005770225
RGI60-08.03316,2004,0.1180434614534257
RGI60-08.03316,2005,0.1862255561233337
RGI60-08.03316,2006,-1.3396308441688105
RGI60-08.03316,2007,1.3733382163766137
RGI60-08.03316,2008,-0.5651453845655516
RGI60-08.03316,2009,-0.35686361185886406
RGI60-08.03316,2010,-0.5233404854753981
RGI60-08.03316,2011,-1.3458635574867914
RGI60-08.03316,2012,0.31991783765154347
RGI60-08.03316,2013,-1.8644780301028345
RGI60-08.03316,2014,-2.19689512214392
RGI60-08.03316,2015,0.3459272461774199
RGI60-08.03316,2016,-1.2077722229848562
RGI60-08.03316,2017,-0.6506922187601175
RGI60-08.03316,2018,-0.4293347497823755
RGI60-08.03316,2019,-0.8856547346502328
RGI60-08.03316,2020,-0.22315236008422312
RGI60-08.03316,2021,-1.4645075865053117
RGI60-08.03316,2022,-0.20776155859300505
RGI60-08.03316,2023,-1.0055677889574666
RGI60-08.03316,2024,0.5319489322468911
RGI60-08.03321,2000,1.7840665840730523
RGI60-08.03321,2001,-1.6748311923860864
RGI60-08.03321,2002,-0.9413098971078919
RGI60-08.03321,2003,-0.8729345939889737
RGI60-08.03321,2004,0.42545647576444534
RGI60-08.03321,2005,0.10731342902696506
RGI60-08.03321,2006,-1.2122541693099664
RGI60-08.03321,2007,0.7045664555749218
RGI60-08.03321,2008,-0.7899457296028701
RGI60-08.03321,2009,-0.6826610847701515
RGI60-08.03321,2010,-0.2587016550006527
RGI60-08.03321,2011,-1.4955850094519878
RGI60-08.03321,2012,0.789310591752006
RGI60-08.03321,2013,-1.6200833801901737
RGI60-08.03321,2014,-0.6987985878342615
RGI60-08.03321,2015,-0.16979803222786083
RGI60-08.03321,2016,-0.8529320854550513
RGI60-08.03321,2017,0.6171732339293374
RGI60-08.03321,2018,-2.109697796409713
RGI60-08.03321,2019,0.11204644361491689
RGI60-08.03321,2020,-0.16638087282666697
RGI60-08.03321,2021,-0.2581490844978823
RGI60-08.03321,2022,-1.05879980314442
RGI60-08.03321,2023,-0.9447927195600642
RGI60-08.03321,2024,-2.5919991833305254
RGI60-08.03362,2000,-0.11397105202865532
RGI60-08.03362,2001,-0.022147176766298182
RGI60-08.03362,2002,-0.4911705600955281
RGI60-08.03362,2003,-0.4198323684296617
RGI60-08.03362,2004,-0.9979325955733351
RGI60-08.03362,2005,-0.884822597220434
RGI60-08.03362,2006,-0.935664860850488
RGI60-08.03362,2007,-0.06832867264862952
RGI60-08.03362,2008,-0.1622386651650763
RGI60-08.03362,2009,-0.6403627521372085
RGI60-08.03362,2010,-0.8301246204392654
RGI60-08.03362,2011,-0.8466989029235873
RGI60-08.03362,2012,0.08300481075090094
RGI60-08.03362,2013,-1.8999116714113684
RGI60-08.03362,2014,-0.7209300458821873
RGI60-08.03362,2015,-0.3565284366821848
RGI60-08.03362,2016,-0.35065761130772344
RGI60-08.03362,2017,-0.5866335960686255
RGI60-08.03362,2018,-0.7000622525585826
RGI60-08.03362,2019,-0.6723863725620612
RGI60-08.03362,2020,-0.14052957757597384
RGI60-08.03362,2021,-0.42812209913374893
RGI60-08.03362,2022,-0.7841955507362196
RGI60-08.03362,2023,-0.6589188827703087
RGI60-08.03362,2024,-1.1612261836359372
RGI60-08.03383,2000,-0.2609711094052414
RGI60-08.03383,2001,-0.37722058279024484
RGI60-08.03383,2002,-1.0276057655983257
RGI60-08.03383,2003,-1.6405693041703895
RGI60-08.03383,2004,0.9216506196157326
RGI60-08.03383,2005,-1.4509665969872434
RGI60-08.03383,2006,-0.9755574306185593
RGI60-08.03383,2007,-0.48766441254270076
RGI60-08.03383,2008,-1.2737639826874656
RGI60-08.03383,2009,0.8052904980385698
RGI60-08.03383,2010,-2.1096489663342677
RGI60-08.03383,2011,-2.515835366099118
RGI60-08.03383,2012,-1.9334976138352935
RGI60-08.03383,2013,-2.747008210066907
RGI60-08.03383,2014,-1.13376406160861
RGI60-08.03383,2015,-0.333529569147631
RGI60-08.03383,2016,-0.9832227020859757
RGI60-08.03383,2017,-0.8235330239304832
RGI60-08.03383,2018,-1.6659520278766133
RGI60-08.03383,2019,-0.3184303918692436
RGI60-08.03383,2020,-0.4135537745776794
RGI60-08.03383,2021,-1.2955622919563616
RGI60-08.03383,2022,-1.8386302910466203
RGI60-08.03383,2023,-1.2445215533543408
RGI60-08.03383,2024,-2.7410939021948453
RGI60-08.03397,2000,-0.21157315580903424
RGI60-08.03397,2001,-0.5218103907741821
RGI60-08.03397,2002,-0.5530608528379031
RGI60-08.03397,2003,-1.470413284739306
RGI60-08.03397,2004,-0.7313716187790148
RGI60-08.03397,2005,-0.423245021264159
RGI60-08.03397,2006,-0.8047462659860303
RGI60-08.03397,2007,-0.38181901046249905
RGI60-08.03397,2008,-0.6563414542606543
RGI60-08.03397,2009,-0.7448750433429223
RGI60-08.03397,2010,-0.3586290021340823
RGI60-08.03397,2011,-0.7665590246280827
RGI60-08.03397,2012,-0.5225714043891798
RGI60-08.03397,2013,-0.45326242743919265
RGI60-08.03397,2014,-1.284789161575369
RGI60-08.03397,2015,0.7439780112941677
RGI60-08.03397,2016,-1.4110459431738716
RGI60-08.03397,2017,-1.2088825714620737
RGI60-08.03397,2018,-1.127241182482445
RGI60-08.03397,2019,-1.6624411957541692
RGI60-08.03397,2020,-0.8475839781012604
RGI60-08.03397,2021,-0.9719604530212743
RGI60-08.03397,2022,-0.8368273672775821
RGI60-08.03397,2023,-1.0009352910714027
RGI60-08.03397,2024,-0.23872743383431838
RGI60-08.03402,2000,-1.5140354021108662
RGI60-08.03402,2001,-0.20156592824334396
RGI60-08.03402,2002,-1.1580310548397108
RGI60-08.03402,2003,2.554386388749384
RGI60-08.03402,2004,-1.4975485448448072
RGI60-08.03402,2005,-1.6030111380748784
RGI60-08.03402,2006,1.0735918050701256
RGI60-08.03402,2007,-0.8245703977567092
RGI60-08.03402,2008,-1.6397600336270663
RGI60-08.03402,2009,-2.216383642132258
RGI60-08.03402,2010,-1.0768437376328048
RGI60-08.03402,2011,0.5873764210890353
RGI60-08.03402,2012,-0.38234811182850154
RGI60-08.03402,2013,-2.7222471751632757
RGI60-08.03402,2014,-0.8900790814215473
RGI60-08.03402,2015,0.7425635989950103
RGI60-08.03402,2016,1.2375473675504827
RGI60-08.03402,2017,-1.318735137176949
RGI60-08.03402,2018,0.43784248078472365
RGI60-08.03402,2019,-1.3282486773860556
RGI60-08.03402,2020,-2.0531750552036523
RGI60-08.03402,2021,-0.9619519133563069
RGI60-08.03402,2022,1.4241927143276625
RGI60-08.03402,2023,-0.5546398290958218
RGI60-08.03402,2024,-1.5798190256214264
RGI60-08.03404,2000,0.06616761339146082
RGI60-08.03404,2001,0.23962129501126977
RGI60-08.03404,2002,-1.3536356777680816
RGI60-08.03404,2003,-0.9573614404538762
RGI60-08.03404,2004,-0.587118020688615
RGI60-08.03404,2005,-0.1896313654029828
RGI60-08.03404,2006,-1.667134260492225
RGI60-08.03404,2007,0.72826660553336
RGI60-08.03404,2008,0.051377254658023716
RGI60-08.03404,2009,-0.7816950755935554
RGI60-08.03404,2010,-0.23221991884327742
RGI60-08.03404,2011,-1.2179957761468325
RGI60-08.03404,2012,1.75751118943476
RGI60-08.03404,2013,-0.5809352571438577
RGI60-08.03404,2014,0.6780891340046363
RGI60-08.03404,2015,0.8894963697039663
RGI60-08.03404,2016,1.8379620149185296
RGI60-08.03404,2017,1.1687324765868152
RGI60-08.03404,2018,-0.7212560172097167
RGI60-08.03404,2019,0.07105885650019363
RGI60-08.03404,2020,-0.542460660853124
RGI60-08.03404,2021,-2.113289618874469
RGI60-08.03404,2022,-1.3235840287377867
RGI60-08.03404,2023,1.6802518764715126
RGI60-08.03404,2024,-1.5827296583608979
RGI60-08.03412,2000,-0.4268692728441091
RGI60-08.03412,2001,-0.5249315535244814
RGI60-08.03412,2002,-1.284054073481658
RGI60-08.03412,2003,-1.523603275694133
RGI60-08.03412,2004,-0.10504815481101781
RGI60-08.03412,2005,-0.3717622681764213
RGI60-08.03412,2006,-1.8879284246767276
RGI60-08.03412,2007,-0.03712193088305216
RGI60-08.03412,2008,-0.7142133068734688
RGI60-08.03412,2009,-0.9832621502742201
RGI60-08.03412,2010,-1.1392983451947973
RGI60-08.03412,2011,-2.0689853368807696
RGI60-08.03412,2012,0.18712393303698327
RGI60-08.03412,2013,-0.7368549686198025
RGI60-08.03412,2014,-1.1025012535799106
RGI60-08.03412,2015,-0.06482803695207495
RGI60-08.03412,2016,-0.9771165555071382
RGI60-08.03412,2017,-0.09283354784448605
RGI60-08.03412,2018,-1.4051024080153136
RGI60-08.03412,2019,-1.682609069203409
RGI60-08.03412,2020,-0.2820872451979525
RGI60-08.03412,2021,-1.529054812529572
RGI60-08.03412,2022,-0.9537958267707816
RGI60-08.03412,2023,-1.189879115358666
RGI60-08.03412,2024,-1.0851749585836572
RGI60-08.03416,2000,0.2757537242595449
RGI60-08.03416,2001,-0.5178083878017451
RGI60-08.03416,2002,-1.0141550273502906
RGI60-08.03416,2003,-1.2648322838332846
RGI60-08.03416,2004,-0.4219634912106119
RGI60-08.03416,2005,-0.6362554511503069
RGI60-08.03416,2006,-1.4192298938096095
RGI60-08.03416,2007,0.20559846794193026
RGI60-08.03416,2008,-0.5569905970130729
RGI60-08.03416,2009,-0.510143749556594
RGI60-08.03416,2010,-0.8516695064795391
RGI60-08.03416,2011,-1.2962110580710682
RGI60-08.03416,2012,0.15481868195425352
RGI60-08.03416,2013,-1.2400065899903663
RGI60-08.03416,2014,-1.1347699572568384
RGI60-08.03416,2015,-0.29397423911379833
RGI60-08.03416,2016,-0.9338270386428512
RGI60-08.03416,2017,-0.3484655707534974
RGI60-08.03416,2018,-1.5038109387216174
RGI60-08.03416,2019,-0.5595570934006315
RGI60-08.03416,2020,-0.6509649250205483
RGI60-08.03416,2021,-1.4160327644714963
RGI60-08.03416,2022,-0.6418876869156107
RGI60-08.03416,2023,-1.0117807162545915
RGI60-08.03416,2024,-2.0459350263001657
